time_s,valid,tx_mm,ty_mm,tz_mm,qx,qy,qz,qw,err
0.0,False,,,,,,,,
0.013892,False,,,,,,,,
0.027784,False,,,,,,,,
0.083373,True,618.5932589557353,-121.33717194700546,1038.2938873572768,0.10981023863671055,0.05884346612149853,0.007613836811369017,0.9921800176754048,1.487518982725786
0.09725,True,606.8287059151222,-121.85833797556546,1022.8119584672218,0.10736561081028914,0.04169264539065518,0.006735168011657759,0.9933221966952703,1.2571259738742524
0.111146,True,599.3402524911328,-123.43895148947891,1016.7777775395963,0.1042246470782998,0.03558492494221586,0.006723515374772567,0.993894224955184,1.1372064619456623
0.16671799999999998,True,572.6421838450298,-127.97461535102458,998.6659978199058,0.09416267177201428,0.016035512768709563,0.0060225609443843265,0.9954094546138648,0.7660153913137339
0.180611,True,568.0231388714463,-129.11515405152699,998.7707455668349,0.09249630605495013,0.015321501946105301,0.0038126854107492034,0.9955878406118985,0.7522514203195363
0.194506,True,561.1088841271492,-128.8795965431582,993.7811682690508,0.09321759380715204,0.007471502302412628,0.0002648198808153672,0.9956176910484167,0.6631077176341676
0.25008,True,539.6411622974621,-129.83487619674375,990.3767019053722,0.08718320362149,-0.006297308617742337,-0.020000737717584156,0.995971587647569,0.8201939832033458
0.26398,True,534.6959108098566,-129.73186689503083,990.7666187456992,0.08781095145782741,-0.007885154943808885,-0.02477515783354629,0.9957977970903059,0.8356936588495927
0.27786500000000003,True,528.970236558911,-128.6542377971707,989.1821223168569,0.09059716237446885,-0.012896531899185404,-0.0284215857472361,0.9953984363551511,0.9290294252684511
0.33344,True,508.2398067830488,-123.41708008919257,990.4449701519009,0.10517816235549869,-0.02784007173169383,-0.03485538937402824,0.9934523573886568,1.2349350894835274
0.347331,True,502.32348522017537,-121.48147349211068,989.2147871908217,0.11298292295879173,-0.03332053324321694,-0.034696667954446606,0.9924317318672021,1.4004556925764262
0.361226,True,496.024992430896,-119.16254223808417,987.505525403212,0.1191319589045481,-0.038742316070987826,-0.033747614483893705,0.9915481369200727,1.443788174266062
0.4168,True,474.037398281179,-111.37462167134642,986.3658809009012,0.1475749208058776,-0.05405094870560139,-0.03071096557831961,0.9870952204759228,1.942089676932399
0.430692,True,467.5827567627878,-109.39595982062932,984.5387072368239,0.15323976051440444,-0.06144568532534251,-0.029260443117019756,0.9858427004451484,2.1209229208786615
0.44458499999999995,True,465.55469247757486,-109.52063824620183,992.043333140587,0.25937680866389584,-0.039770057267160625,-0.02528372177309828,0.9646257031022966,2.0679965940785094
0.500161,True,443.70216027341274,-101.14703916073742,991.5616039789522,0.2859414828124408,-0.05414871396601377,-0.009338569591172177,0.9566703592674126,1.806393111608533
0.5140520000000001,True,438.3865551536842,-98.83690887021851,991.8576749155428,0.29303958843588557,-0.05533087299764194,-0.005200947023962366,0.9544837579826592,1.704080221916612
0.527945,True,434.28599278597864,-96.7263411351387,995.1591268322462,0.30095847328684705,-0.05633771328803109,-0.0013644439877701794,0.9519706916239229,1.6113358053327294
0.5835199999999999,True,411.820979486928,-85.50963364842332,993.042645791939,0.33200699257240157,-0.0751257318436616,0.015933846946826067,0.9401455173639125,1.0695070714140789
0.597412,True,406.8065199696891,-82.17663662691463,994.8440046897342,0.3445399973515239,-0.07875189321141908,0.021704618551425428,0.9352107992715687,0.9262388601738917
0.611306,True,402.3656600164875,-79.09052610766948,997.1839426430016,0.35463178758135583,-0.08014009970677162,0.025072150465495283,0.9312278168777371,0.7921924765087447
0.66688,True,382.6621675189259,-64.46162647573856,999.3381163183144,0.39113359171398254,-0.09194132869949254,0.04660252528921692,0.9145433342092432,0.44086981686285404
0.6807730000000001,True,378.8928064380253,-60.820908294148005,1002.8029380512347,0.397207883016261,-0.09252798933775264,0.05118046658046829,0.911616711507341,0.38202761157093923
0.694666,True,373.6021875769442,-56.68874470851636,1000.0434292064941,0.40346754197119156,-0.09568497047763724,0.05672524558522147,0.9082073416977616,0.3079830459796976
0.7502409999999999,True,356.7649016285908,-40.21916829630733,1004.8172214044769,0.4251320471876032,-0.1073396957570212,0.07738552023702441,0.8954062839999017,0.2552973088052578
0.7641330000000001,True,352.6804337049631,-35.7821862815745,1005.2278160682419,0.43193532516859934,-0.1106947371932983,0.08271200174786511,0.8912560096830002,0.2103467820010981
0.778026,True,348.1534282761983,-31.149865706972065,1005.8003322942484,0.43955397079934694,-0.11367168750608247,0.08848422130907188,0.8865898695526436,0.2727113021506134
0.833601,True,331.23205270150504,-10.722316526787116,1005.8839940139165,0.4610509651559171,-0.1264938018034245,0.1058995160279496,0.8719040188800367,0.2848225883590534
0.847493,True,326.51019018078813,-5.070908038676934,1002.9314561541152,0.4606015155059809,-0.131866266738293,0.10863291850822894,0.8710088522090252,0.3330576204557872
0.8613869999999999,True,322.8525865651428,0.5419269518549912,1003.9091084099821,0.45847648306801386,-0.13465786636544896,0.10972983140250689,0.8715652228031288,0.3377934222066232
0.9169619999999999,True,308.95389833507073,20.739694451734742,1002.5413789164318,0.4323038597545095,-0.15793266813930437,0.1073440690660003,0.8812762881254138,0.2890263551068388
0.9308540000000001,True,306.49088204836954,25.536096250405755,1002.8417827559371,0.4252292412126106,-0.16367784932681986,0.10491252280403565,0.883958718841772,0.29674585161929384
0.944748,True,304.1190759437416,30.658243511065955,1003.1320116228779,0.4198769251531536,-0.16933453659287656,0.10357787873896156,0.8856075911354564,0.26980802480088184
1.000322,True,292.7906631444741,47.67335191732678,1001.1085952626192,0.4060960672241068,-0.2011118135873522,0.09751004522105552,0.8860766409863808,0.28015678311047043
1.014214,True,290.1625184127249,51.74382442240199,1001.1059137617568,0.4048713652401489,-0.21214076820749808,0.09889592228622383,0.8839089707815323,0.1942354308881557
1.028108,True,287.9530086559177,55.4718280961164,1001.5311338299246,0.4013050706775833,-0.2225364135253656,0.09878674955235499,0.8829909189887558,0.21651090017369823
1.083683,True,279.1925026562333,69.58428964407128,1001.0549207318247,0.3887297575024187,-0.2715591394141332,0.10354524038498626,0.8743129832196143,0.18346165817617238
1.097574,True,277.41041706398016,72.5116887279612,1002.5137045970117,0.38710868826336714,-0.2833735488157254,0.1048195561394128,0.8711252240368967,0.0844003189389972
1.1114680000000001,True,275.51379620692103,75.56893668522494,1001.8454150110141,0.38546783139498164,-0.2959708643627336,0.1074226098619056,0.8673385620958423,0.1243899394910179
1.1670429999999998,True,267.4384677352645,86.62872969742763,997.8568919057134,0.3755379515456884,-0.3409640179612567,0.11675199266621424,0.8538640158790228,0.08468155480818106
1.180937,True,266.0087939708967,88.73155493109884,996.9745756870758,0.3712087910766041,-0.3521564943808088,0.11964252032615323,0.8508087353940788,0.010208448232698905
1.194828,True,265.08314728682825,91.20026173770756,998.067351272244,0.3646552426452397,-0.36315756703278995,0.12239473919794205,0.8486239823000724,0.11055806686041539
1.250405,True,260.49453014242096,98.29730008885983,995.702807076805,0.33580003249080104,-0.410398806631491,0.13299971633305133,0.8373304205329895,0.11942786830099847
1.2642950000000002,True,259.4283740305324,99.34995117249382,994.2942181074586,0.3308827830602675,-0.42145946304710313,0.13546587850265038,0.833389165182656,0.08861896600577766
1.278191,True,258.11307916866957,100.51168351230949,991.3753424617793,0.32763467508451943,-0.4326571453865228,0.13931765093940382,0.8282837112758967,0.2466132767725533
1.333766,True,254.9509052878296,102.37988392927846,981.7403620100002,0.2992537294773816,-0.47629846422518146,0.14713051051544182,0.8135967006115974,1.3082929186452328
1.347656,False,,,,,,,,
1.361549,False,,,,,,,,
1.417124,False,,,,,,,,
1.431016,False,,,,,,,,
1.444909,True,246.26725999879076,107.11742404550048,1012.0381866833073,0.32190630345734833,-0.560256798270254,0.22314866256522287,0.7298584288625718,0.05884150474105217
1.5004849999999998,True,238.89836924558216,109.82101933872674,1011.2214653183986,0.31983431788657,-0.5894958427431819,0.24569160522650682,0.6998830585260374,0.07950543911845702
1.514376,True,237.31791465688633,111.12918918903402,1013.6870668552568,0.31864046434837884,-0.5972670993520948,0.2504172584076636,0.692120988847307,0.12166359111169334
1.52827,True,235.07587904682507,111.51780881496643,1010.9534422772998,0.31655579162934755,-0.6047600402237542,0.25327537515511506,0.6854993135478081,0.013828837936405053
1.583846,True,228.01504740908007,115.16205788758198,1012.6253308635495,0.3135334541713331,-0.6361786489963003,0.26944153861316616,0.651440524488924,0.14734353567240624
1.5977370000000002,True,225.94827073305768,116.03620915896612,1011.7238710293391,0.3135082567367719,-0.6432821529497859,0.27651790624601946,0.6414347138871391,0.10346032700628047
1.6116300000000001,True,224.28843898679224,116.72224839328773,1010.7873871173286,0.31148928309679386,-0.650955031104343,0.28118670663295636,0.6325867608547471,0.08250953452528212
1.667204,True,218.90958398281805,119.29967273144092,1012.4374135328974,0.30152633775277726,-0.6813125972048503,0.302857130863574,0.5942832412381015,0.1573104861296863
1.681097,True,217.7590960754341,119.74376655499329,1010.5295368904617,0.2961770312370296,-0.6882923918541222,0.30516468121764606,0.587713592509722,0.10686051044171152
1.694991,True,216.59524801418516,120.28889148136771,1010.9954338117401,0.2929424740398382,-0.6950597122849775,0.30937179999759346,0.579107755627562,0.1723947354803117
1.7505650000000001,True,212.20670041040017,123.12105705705355,1012.012743418303,0.2801583358921193,-0.7188255449241726,0.3224140054263162,0.5484982697325345,0.11129004178771078
1.7644570000000002,True,210.62235985706042,123.50100068714715,1010.245823817251,0.27821031686115816,-0.7236990069585201,0.3232848860643797,0.54253631156044,0.1439884814591292
1.778351,True,210.08255374154263,124.72319014910725,1011.9510929880374,0.2769141291294596,-0.7274829968360185,0.32605620580463784,0.5364460877471678,0.07678058292267523
1.833926,True,205.43386132303814,127.68653228299769,1012.6425212430617,0.27140755720791565,-0.7408283119367128,0.32331841439225434,0.5224715810819868,0.13149578955808416
1.847818,True,204.16723505182918,128.22518725555759,1010.5617481991346,0.271579860667956,-0.740898883234736,0.3233303614399256,0.5222745460696147,0.09987282696402808
1.8617110000000001,True,202.6567811656539,128.90929284603487,1010.1469106620036,0.27151744512129206,-0.7419657744757239,0.3227763856889617,0.5211338324682212,0.1642911347357799
1.917287,True,196.2889189956478,130.63980469670074,1005.2943330675179,0.27800252503253614,-0.7333528495018229,0.32905495990511285,0.5259572487996867,0.13393226792940646
1.931178,True,194.6303995619879,131.13319652149576,1006.4547486916953,0.28199358135136354,-0.7293097657857145,0.33430331777716693,0.5261446353707283,0.11883353456486663
1.945072,True,192.32090160026635,131.32213995799506,1003.1777121314897,0.28761562412385444,-0.7220700401612841,0.3413372463213639,0.5285650330234455,0.14016734039989365
2.000647,True,183.6789922526304,132.13129612550642,1000.3090448313887,0.31336717093887456,-0.6917544222915635,0.3759527454377991,0.5309768060994875,0.16737401745136818
2.014539,True,181.72821413829877,132.27285505868272,1000.6755908513717,0.3178065803657772,-0.6847335832723824,0.3857261548774804,0.5304283465828425,0.136188745846969
2.028432,True,179.86175639448737,132.26198902381103,999.8706031338396,0.32078173015490397,-0.6777772561919296,0.3955329219335399,0.5303496773398491,0.15068621685891626
2.084009,True,173.7166610177466,132.8928864540688,1002.6971607276477,0.3290161100296695,-0.6465660882331267,0.43952425067283374,0.5296405629843141,0.15818578520712068
2.0979,True,172.14134753441897,133.3651075825069,1002.923492425289,0.33224372258641616,-0.6370751058940961,0.4516652446892622,0.5289120200862669,0.12604358870359217
2.111792,True,170.88789896574036,133.85681503804864,1002.3155456608444,0.3343311147853578,-0.628729023926591,0.46238711162771606,0.5283187287606548,0.10505765724243986
2.167367,True,166.04110814819413,137.04014636390914,1008.1332363858327,0.33381791025462204,-0.606355498709257,0.5074382157426787,0.5132300353468922,0.13296749876258307
2.1812600000000004,True,164.6581423401104,138.06562025239973,1008.1332462603814,0.33572134642648593,-0.6001232070192526,0.5201939132942718,0.5064993647795685,0.059343147006402974
2.195153,True,163.73234054324632,139.36952871748232,1011.2132650450454,0.3382769619824671,-0.594289039230942,0.5330038880470703,0.4982931769235683,0.06276045246365872
2.250727,True,161.79823637309485,143.96131491665963,1020.660252613919,0.3541421003053461,-0.5813878412490436,0.5709987717821519,0.4588376112116019,0.010343832755563376
2.26462,True,161.69883880658662,144.96100995966378,1022.9868530536073,0.3597255556816568,-0.5821712815496378,0.5756313291477461,0.4475742356659675,0.05635808239150522
2.278513,True,161.19277051168018,146.06859378839496,1023.7157823144303,0.36601611232475345,-0.581576423989217,0.5819887941853702,0.43484492870590824,0.07340675800569375
2.3340880000000004,False,,,,,,,,
2.34798,False,,,,,,,,
2.361874,False,,,,,,,,
2.417449,False,,,,,,,,
2.4313409999999998,False,,,,,,,,
2.445234,False,,,,,,,,
2.5008090000000003,False,,,,,,,,
2.514701,False,,,,,,,,
2.528594,False,,,,,,,,
2.5841689999999997,False,,,,,,,,
2.598061,False,,,,,,,,
2.611957,False,,,,,,,,
2.667529,False,,,,,,,,
2.681422,True,147.49831446311256,184.24570883293688,1012.8565209523812,0.45190289615371093,-0.48967221387217696,0.7280877490894949,0.1609134085003539,0.27400054368897386
2.695315,True,146.86373345192592,185.38396689199186,1010.7633753039494,0.44917246781350395,-0.4844561689019936,0.7321640183074738,0.16577745584663475,0.3169917126038066
2.750889,True,143.61814570271548,190.03753798718208,1012.2822117327444,0.4268514641514318,-0.4772903277346027,0.7473194085310704,0.17749780910069232,0.3973067296673654
2.7647820000000003,True,143.3353833150226,191.18074273748007,1013.3724756284803,0.42240945663242596,-0.47818901383065926,0.7479316560437318,0.18304031219062294,0.38780333885945745
2.7786750000000002,True,142.68041720415746,192.2633195646037,1014.4000347828966,0.4187025585260106,-0.47688399034909434,0.7500226229664618,0.18637567510543346,0.3668370825417827
2.83425,True,140.7870810746597,196.26522896731154,1018.5885302447398,0.4097639908224329,-0.4682152759811415,0.7591275208784002,0.19129384257782753,0.4547589194337729
2.8481419999999997,True,139.98199161404054,196.81606586211507,1017.1569377380837,0.40968440745888,-0.46466710482364815,0.7613935229548012,0.19111010225090555,0.5030380105087843
2.8620360000000002,True,139.42358776726368,197.50744350147846,1017.8243713910103,0.4083385647931373,-0.46282758274588565,0.763867895543845,0.18856320773072,0.49324236926278586
2.917611,True,137.1004134357381,200.4543486081568,1016.7528057777253,0.4089478222454574,-0.45356939954232395,0.7732271133411872,0.17075218790272698,0.5786729520930834
2.931503,True,136.62087467907725,201.07281098858522,1016.128462993073,0.40970370743411283,-0.4509293565325022,0.775493811099616,0.16557456470762422,0.6238574522112618
2.945396,True,136.16944617694529,201.83395275080906,1014.525322983342,0.4111697056570634,-0.44820127577936164,0.7770185559721293,0.16216427847902706,0.649974284942713
3.000973,True,133.79171511659504,204.5601567165721,1010.9056140971121,0.4160581682970146,-0.43803413858585616,0.7824175799700765,0.15114372160446715,0.7256302364353797
3.014865,True,133.21609364843036,205.30301641742324,1010.7648762718306,0.41686515575221067,-0.4350301238729072,0.7836895127765471,0.15100655882068972,0.7383413970527046
3.028758,True,132.86165880707205,205.87120658271556,1012.7108552801251,0.4163194094891375,-0.43312817767676043,0.785311416316446,0.1495463486283835,0.7249110591214705
3.084332,True,131.02533474508476,208.28082702691728,1017.6128984786229,0.411583038022271,-0.4186732183376238,0.7949478779045652,0.1528725301491504,0.9403174357316832
3.098231,True,130.44275260144974,208.605952430809,1015.8168664413391,0.4112605668982418,-0.4150682557600885,0.7959345583294261,0.1583390919253867,0.9403320030275422
3.1121190000000003,True,130.06634797311995,209.1803538585142,1017.3943320990082,0.40758456231787216,-0.4137046230378229,0.7978397594749697,0.1617869822890704,0.9834025060382521
3.167696,True,115.96152864420128,212.44541921155974,973.5759641872289,0.4070950135659972,-0.3054847335137453,0.8424552771001014,0.17669701074417796,1.312090146447156
3.181586,True,115.65661310099092,213.19424034644854,976.1208898399592,0.40078106216372494,-0.301707995090225,0.8459926827832934,0.18067431081002855,1.3303158462642775
3.1954789999999997,True,115.67885012063603,213.96395352616656,977.4468977917031,0.39500797071634774,-0.3028585952928969,0.846683699675423,0.18807468471781214,1.199294936455638
3.2510529999999997,True,116.17333066501483,217.8350541200404,980.3799091161824,0.3744948461809648,-0.3048637011212027,0.8492002424993363,0.21370700049751745,1.12502884654155
3.264946,True,116.28991916067024,218.61916681206955,981.0551886575331,0.37062291423034444,-0.3045678751193235,0.8500855042101362,0.21732855409380908,1.0510431137283522
3.27884,True,116.46949242837603,219.46472926116013,981.1798450192027,0.36778772865652504,-0.30158579144781694,0.8516493877429437,0.22016247955439047,0.9931393545125604
3.334416,True,117.31489651824543,221.7624600071164,987.7901069532866,0.35806653369744584,-0.2944658009427408,0.8582138070610136,0.22033454311770384,0.9206349754646019
3.348305,True,117.08460213286955,222.25981834891138,990.4775383574641,0.35502621518915967,-0.2922628216216909,0.8605580191497574,0.2190404649904537,0.9164566451158123
3.3621999999999996,True,116.67594684240086,222.4454155688899,991.0058064121102,0.3546650382381831,-0.2891846468686419,0.861539898788849,0.2198498429880416,0.9249728034077215
3.4177750000000002,True,116.02853239664367,223.8470612528642,998.6586973834288,0.35082079563176755,-0.2794879774745514,0.8645294645796021,0.2267157794975573,0.7697226956414919
3.43167,True,115.45927195404884,223.7550254306798,998.433655134582,0.34929363715298445,-0.27691537275200073,0.8656902037023229,0.22779882043568742,0.7366618072651414
3.44556,True,114.93334101243917,224.17396204785362,999.8105644217358,0.3458381300611508,-0.2735814831096069,0.8680621417121409,0.2280729664416316,0.7632773414758732
3.501135,True,113.90561643503177,225.55366226488363,1006.9501730361424,0.33231955835053933,-0.2601230511596882,0.8773838211598799,0.22824841677427837,0.6515185687707898
3.515027,True,113.75771254126704,225.6453382849123,1007.1103148097217,0.32985772415698905,-0.25810293103922566,0.878734844814921,0.22891446286993108,0.6459642038773165
3.5289200000000003,True,113.90282986448457,226.03516215509157,1009.156812568127,0.3262677180414114,-0.25681308774269146,0.8804981534255698,0.2287343785754041,0.7107406960536391
3.5844940000000003,True,113.89144705285388,227.0176294232351,1012.7873467113777,0.31666929143319794,-0.2472844803956555,0.8880859919562748,0.2233253602027462,0.6300165595492259
3.598388,True,114.73701359925641,227.45993438299777,1014.3783895747729,0.3145440980975869,-0.24531034266619553,0.8903361232995647,0.21951408538148956,0.659261196078309
3.612281,True,115.68903393838364,227.57531802978812,1015.9167404978829,0.3129506161074032,-0.2443650623133538,0.8925514518553432,0.21377449330896847,0.6023286242495921
3.6678580000000003,True,121.1461565533679,227.57256176967334,1014.8114993405733,0.3182027608597888,-0.23869721670176322,0.899557265348284,0.18046431248076802,0.606444839037886
3.681749,True,122.46252532644857,227.68145293357767,1014.1978808189988,0.32039800245234595,-0.23619123098943523,0.9015671618745688,0.16951541244876997,0.634171305545655
3.695641,True,124.0631211016186,227.71703373921207,1013.9060188192589,0.32328440893938565,-0.23688595015722316,0.902027702163513,0.16036914318045772,0.678047202421823
3.751219,True,130.15584327522146,227.62206971246138,1010.2533843731417,0.3325098086154936,-0.23697436556358817,0.9040830105354184,0.1261518422435322,0.7562006809685388
3.765108,True,131.16729863575634,227.65271285691156,1009.431209651903,0.3325466654840849,-0.23642920024588485,0.9054609032560225,0.1168524763164874,0.8570004423839955
3.779001,True,131.92683053962378,227.40531565138,1006.614560881685,0.3353010875257685,-0.2353647533385863,0.9057655250219081,0.10846855429888702,0.8990613602520565
3.834579,True,134.921422621988,227.93342836900607,1005.1327796541892,0.3396399274498113,-0.2373267193401008,0.9063035256253146,0.0832746504542448,0.972969540037889
3.848469,True,134.77101329044513,227.77891318387918,1002.7292820605041,0.3408131341886637,-0.23864048550702,0.9058502011375656,0.07957725391407772,1.0729283700579095
3.862362,True,135.5649052206594,228.308252090738,1004.689234551048,0.3399115333278398,-0.2390635428755832,0.9066212429753722,0.07312108973669616,0.9803984210382142
3.917938,True,134.55493317623507,228.36481028168652,1001.3884701062857,0.33637028928364177,-0.2446603259134597,0.9073304125983936,0.06121989697138933,1.1207079374368538
3.931829,True,133.86157958146822,227.95665274109714,1000.3687559493625,0.33415610158582065,-0.24451376857311535,0.9082912109116918,0.05966400029927757,1.1615033612496453
3.9457220000000004,True,133.40888079916857,228.01466875539467,1000.1339200879492,0.3324622826612723,-0.24639387781751967,0.9083971406533746,0.05977894641489528,1.19170385968936
4.001297,True,130.4890718510432,228.00293458987505,1001.3021606870358,0.32011840855244045,-0.2504646487647074,0.911785963496445,0.0586346398972836,1.2069382410274416
4.0151900000000005,True,129.60355561563574,228.2266713640105,1002.3171277932082,0.31555110698840183,-0.2484312988076787,0.9139757520649248,0.057945778866791635,1.2308315678047148
4.029081,True,128.64061003480026,227.9175186247118,1001.0016007533513,0.31550702833650995,-0.24916600872671021,0.9136747809875175,0.059749558599854,1.1802180502819803
4.084657,True,125.43523304309169,227.9731690602391,1002.395738672006,0.30653146574800144,-0.24904207886992163,0.9165161156796108,0.06336176416489658,1.2127160945656261
4.09855,True,124.2373800746711,227.58650654097573,1001.2116299173757,0.30652866490628994,-0.24750003633767162,0.9168028829973713,0.06524096359900647,1.20226747950762
4.112444,True,123.31525783166092,227.05346092730593,1000.3994577760594,0.3089396039519107,-0.2484884297150209,0.9154899848320631,0.06846830712080301,1.2169351926936687
4.16802,True,120.95390401843186,226.58646682485428,998.8575607042454,0.31172710425899663,-0.25590460468534165,0.9115599488130143,0.0799844078002368,1.1639733796989669
4.18191,True,120.74259196235822,226.02471854735373,996.4841391544835,0.3170839143575224,-0.25708346657660835,0.9090379776742534,0.08376059702848859,1.1816843141128417
4.195803,True,120.65543275129058,225.8931613932606,995.3665238372423,0.3193478319001607,-0.25686394149523384,0.9083062357945025,0.08377147388593247,1.1660639072418884
4.25138,True,123.06882196699019,226.18343488200932,995.1157852323873,0.32934533471505556,-0.25737285524540915,0.9052730748607095,0.07597054571667758,1.1494138637283091
4.2652719999999995,True,123.78856345819771,226.25467657946297,994.2366232411704,0.3317818487865313,-0.25565194656448187,0.9050503181775874,0.0738024972492829,1.2161792681677133
4.279167999999999,True,124.15759811668705,226.24598236049067,993.9941388619018,0.3305461933949899,-0.2566598147413641,0.9054746408464117,0.07057356667387836,1.231452090602569
4.334738000000001,True,126.31143490683509,226.91677689854896,995.9408733127892,0.33146547009388605,-0.25894796718922225,0.9049772100448988,0.06397532120559893,1.2048258223579487
4.34863,True,126.23914415991813,226.89553034346753,994.5391281883786,0.33289184027806096,-0.2568438939680033,0.9050930381160798,0.06341000836968212,1.249536747599793
4.362525,True,126.74482166840374,226.68168431721912,993.6992885388393,0.3394411305766224,-0.2584275200833598,0.9019838974832782,0.0664829633613303,1.1557018758656235
4.418100000000001,True,126.6931610407512,225.97709300059083,989.0113162680271,0.36594533100566723,-0.2553049622751051,0.891311699080575,0.08041670246260099,1.0343702978042988
4.431991,True,126.82056827290656,225.8632095097245,989.0383199346534,0.3738939809357054,-0.2534693027240419,0.888220313233389,0.08379307105136276,1.0361521183829439
4.445884,True,126.64905981515868,225.59483680437873,988.0670216339166,0.3823784614989753,-0.25086517117209106,0.8849644941380219,0.08769961339429684,1.0160160930582656
4.50146,True,125.24671179816828,224.9400717666723,985.1417404987461,0.4234273719134323,-0.2425966601509736,0.8655547429020842,0.11256601724225532,0.939218955958057
4.515351,True,124.71117974380907,224.67039467459043,983.8994286607195,0.43427313205252877,-0.24135967878547168,0.8593639094821334,0.12102075571340871,0.8778565806363778
4.529243999999999,True,124.25649604951333,225.12702534929235,986.3144810776278,0.44150453510264975,-0.24078762647374094,0.8547176405799456,0.12865776036596538,0.9202016770290251
4.584819,True,121.3613093712975,224.16576950215648,982.712326695017,0.4774990529844224,-0.23238822813833127,0.8321669682919088,0.159651190742694,0.9422394090653198
4.598713,True,120.66661943168464,223.76369763804303,980.6565614126132,0.4863944350415346,-0.23115214281054836,0.8257184442865582,0.16786360892017124,0.9464451885521832
4.6126059999999995,True,119.72464989429646,222.96051597472564,975.0417525895302,0.49574421923775197,-0.23442778704883732,0.8163325152927263,0.1813353419154346,1.0424155053743667
4.668182,True,137.05660831928108,230.62477839279313,1055.9171850482498,0.5063245977452745,-0.34540657028476995,0.75229343337848,0.24162841930910522,0.9745692584679325
4.682071,True,136.39770055441048,229.12044899289901,1044.1511464316511,0.5202678793608371,-0.33912297069075426,0.7414522991523779,0.2540972895111395,0.9051024266706796
4.695965,True,137.16108045960647,229.55805120015876,1048.1721204410162,0.5317414080220659,-0.33565576417968185,0.733212602181584,0.2588156930515897,0.7625578565816793
4.751542000000001,True,139.42822003388585,228.10194368340174,1045.2612437614848,0.5964072661094689,-0.2978967966362271,0.6966273922543509,0.2650776260769787,0.3694835070212573
4.765433,True,139.33250791709585,227.16362997835736,1041.332846967547,0.6150649507069591,-0.28427078404703715,0.6877154636369965,0.2606389625970754,0.2221375913645939
4.779325,True,138.2584759301277,224.6990170654992,1028.9738387578664,0.6328050281320016,-0.2724118348064925,0.6771652395329267,0.2584508212340035,0.0637054514837914
4.834898,True,140.39320066860358,222.8191031810629,1026.0506054396383,0.6904957062802124,-0.2641508760360996,0.6208690970335772,0.26069437785779476,0.23818602305442055
4.848792,True,141.7925125938844,222.83974194471514,1029.6611935449362,0.7028563140363177,-0.26724998443620224,0.6041749444836824,0.2637102275154872,0.2269236817658914
4.862687,True,142.6244945891393,221.85625243242276,1029.098776344161,0.7137762411509555,-0.27008531293267884,0.5873603770089095,0.26941638559378944,0.1783121656573236
4.918263,True,145.60899967160807,220.33451711053794,1029.965214411967,0.747418618350395,-0.2718225275380105,0.5290504056458916,0.2959452495850402,0.23231586087901313
4.9321530000000005,True,145.86344717364068,220.93093840168507,1032.0381899070826,0.7529030961608689,-0.2742671428363273,0.5182585098765403,0.29886883258767977,0.16772986844990256
4.946046,True,145.9776088485069,221.20884358726016,1032.2330327009488,0.7564413740335406,-0.278651191659969,0.5079781027351302,0.30349334124218585,0.23367865287023976
5.001622,True,146.20696543840305,220.33836040093482,1032.0931354922338,0.7722107491083534,-0.2837111126038786,0.4804252624233009,0.30395744894982824,0.20782569963383282
5.0155140000000005,True,146.27273566356504,220.4503348858333,1031.9874095955572,0.7756343381829289,-0.285693939227648,0.47336690502647294,0.30445709015520894,0.2435012126682196
5.029406,True,146.35303014953746,220.52623678835883,1032.150645826323,0.7790937953397665,-0.2887079371395087,0.4654696420160698,0.3049567140712913,0.19996975520470214
5.084982,True,146.94312833133344,217.56852043158744,1029.7557681529909,0.7878589406743518,-0.29125799186259504,0.44080565516893094,0.31644501283279297,0.3247099300004771
5.098875,True,147.51451874993276,217.33655972894667,1031.5847478296178,0.7911282999289935,-0.2905167092099284,0.43155001196172704,0.3216840715626558,0.3472495038503193
5.112767,True,147.45031931161043,216.9659828569467,1031.9603418365832,0.7940533318029671,-0.2891092908813724,0.4231226243958595,0.3268981017121963,0.35290969528123595
5.168341000000001,False,,,,,,,,
5.182233,False,,,,,,,,
5.196128,False,,,,,,,,
5.251704,False,,,,,,,,
5.265594,False,,,,,,,,
5.279489,False,,,,,,,,
5.335065999999999,True,134.86734843000596,201.91785841435575,1011.9281021708258,0.8619874200227674,-0.2713408170962562,0.24875642377305332,0.34852846416278593,0.3317725078884239
5.348956,True,135.56015217099477,201.98233311330222,1011.3903020526952,0.8633676067697392,-0.27346792274393517,0.24450249587368555,0.3464537491821213,0.3513375356667321
5.3628469999999995,True,136.5479566437878,202.27972383930646,1011.9751579962112,0.8647363507696375,-0.27722469856363235,0.23892858358921493,0.343934066512704,0.36639767156135544
5.418425,True,141.6206982608831,203.97723598964785,1014.6511616729248,0.8724773742094184,-0.288156218934551,0.22410588474034782,0.32484731399032263,0.4244136034914002
5.432314,True,142.8742364300159,203.95322497184017,1013.547297017407,0.8739173855204548,-0.2903366283772355,0.22051729011999566,0.32147343632991726,0.45742069080143744
5.4462079999999995,True,144.42728865114665,204.51453617450298,1014.81057094123,0.8761341566217448,-0.2909947796432224,0.2182125551421104,0.3163767668452407,0.5117366597431305
5.501785,True,149.41312047424321,206.00011240691626,1012.8800462555154,0.8794208394766667,-0.2916292292069883,0.20317841478132373,0.31668582464840606,0.7039176019703962
5.515675,True,150.26955755861866,206.11066434261514,1011.7789332214135,0.8814978173518234,-0.28984450436129955,0.19977078602143813,0.31471160504166457,0.7864055394025384
5.529568,True,151.0934826230073,206.2451518179738,1010.2085545862905,0.8829192991112309,-0.2873996111154442,0.19727157797692108,0.31454554409515945,0.8165461014926395
5.585143,True,156.2082880303831,207.79675710272872,1007.8729147057596,0.8900083844474443,-0.27801630677196637,0.1695591368801047,0.319126476310882,0.8534343879650668
5.599036,True,157.191702334933,208.49007157198048,1007.2430534617125,0.8914974242976927,-0.2753683260421845,0.16229174520069098,0.3210389648049265,0.8807996430624503
5.612928,True,158.36374237795138,209.2060300312237,1007.268627268273,0.8945004683954338,-0.27256893428961,0.15264895780092086,0.31980210096693934,0.8578541229452195
5.668502999999999,True,163.22372203615686,214.8757583627477,1008.6000609685,0.9013560458563152,-0.2633554322719473,0.12665942281104378,0.31962256726379173,0.9819617518906991
5.682398,True,164.45539782255582,215.79529570224645,1010.10883126639,0.904269137144437,-0.26337724711327404,0.1229774415548845,0.3127399913341813,1.1144957578440446
5.696289,True,165.73031411746703,216.8076200762632,1011.2369807219815,0.9063076077269422,-0.26419102070481315,0.11707914655948723,0.30838628081696196,1.163211565524791
5.751866,True,169.69110053969865,221.01908193911868,1010.0082632295243,0.9134700337748789,-0.2571129979994344,0.10699440791650136,0.29667760335027293,1.4069947361035766
5.765757,True,170.08636753297225,221.66355858767292,1007.7217655186015,0.9145344687784853,-0.25351383937896715,0.10971812773128492,0.2954985128668675,1.4288742799027119
5.779650999999999,True,170.65142273534437,222.45073717630024,1005.4298504149019,0.915408660891188,-0.2498268482758983,0.10719503435660302,0.29685476929842325,1.45414688126263
5.835228,True,172.42780923996722,226.17078463985322,995.6348560703609,0.9136477946722734,-0.2352894452932146,0.10005698999999714,0.31603035135290913,1.2798330751125322
5.849116,True,172.54382267043178,226.29707392607258,991.9789313856429,0.9133665637065886,-0.2325091332692508,0.09984335612085254,0.3189550555920452,1.288314921405389
5.863009,True,172.79484007185505,226.7350983209137,989.7635157271686,0.9143391404314377,-0.2297211810475853,0.10049879289269933,0.31798130114884565,1.3393628673212765
5.918591,True,172.00585370880913,227.91870815273677,977.8845258164347,0.9192668815402,-0.2167870328780087,0.10670150287959544,0.3107516245533413,1.335110690585477
5.932477,True,171.79808435313268,228.62291026381163,974.6864548892663,0.9202158590927816,-0.21286951112380817,0.10650890578734966,0.3107172298023176,1.345844165209197
5.94637,True,171.8121268495837,229.05423282519732,972.2877847445568,0.9218529215258582,-0.20952211302874443,0.11159734954822563,0.30632287998127206,1.3089790650571151
6.001945,True,171.680267865004,209.7656679669332,942.1832501636441,0.9597757198337672,-0.2223163359522339,0.04413045413253285,0.16570611758291745,1.8854898433176026
6.015839,True,171.96863249573727,209.6135180350508,938.5334703668715,0.9611089920953363,-0.22079667185615873,0.03832843832769449,0.16139784950888011,1.8893955197606123
6.02973,True,172.40468165231923,209.0745030877674,934.7245143506855,0.9626844583549814,-0.22028390493049715,0.03125322740461397,0.15406774693991976,1.8808661499839663
6.085304,True,173.71949818482798,208.0996172163578,922.3032622757627,0.9673396892281458,-0.2161133088287528,0.01543037558771674,0.13157076765111694,2.0055220129006677
6.099197,True,173.88612402019507,209.52160221805278,924.5395295175695,0.9677396073339987,-0.2147227619568304,0.019203772222691692,0.1304047661210552,2.107521831068882
6.113090000000001,True,174.40198492318206,208.9396058983284,919.2960944724254,0.9690895395731627,-0.21305111129957807,0.010872780920118882,0.12392122860492062,2.0035131391767296
6.168665,True,175.75209031818773,209.17294248923002,911.203571113084,0.9720353092660309,-0.20836608536602286,0.002065041153775189,0.10828973919242958,1.9785252102623385
6.182558,True,177.48526601798872,220.06146402189387,936.0686915441145,0.9697741633590133,-0.19731885546722974,0.036791055944432605,0.13874350277011888,1.7781573250665368
6.196451,True,177.7798636145475,219.51842947863483,932.6124897666272,0.970636114183693,-0.19686385824015804,0.0317188586078897,0.1345513625712971,1.7900568493775268
6.252027,True,179.42815514371227,221.61139389736513,930.0369274832119,0.9733981183282728,-0.19056630400593422,0.02913792017451196,0.12382071159704802,1.7196183699825585
6.265917,True,179.93355459886902,222.942640267279,930.4358478176393,0.973955813995351,-0.18805073771935657,0.02897264811516856,0.12331900943915078,1.6293653582973626
6.279811,True,180.20165013315713,222.72031749243877,927.267446935768,0.9750358439337514,-0.1871287396884135,0.0242704392192861,0.1170422300160334,1.6222265264964257
6.335387,True,181.2072759400939,223.75140330772348,925.1559331406015,0.9764879164971786,-0.18294722691356025,0.021591831013974605,0.11196184141528562,1.5192784776968633
6.349279,True,181.10722274479454,223.07139668712594,923.6247996655059,0.9766403850128004,-0.18379466045690224,0.01950577416650914,0.10960203430478084,1.522470148109722
6.363171,True,181.13260765311512,223.0525597846913,923.4222341099814,0.9767780521145634,-0.1839548866790526,0.0184607801132539,0.10827943559044956,1.4949233518792804
6.418747000000001,True,180.71140215427982,222.4132436190984,922.7582698894216,0.9769055009647528,-0.1855847976758926,0.01641316788202289,0.10461612197209362,1.6562751420766495
6.432638,True,180.63983444727995,222.53996493695877,923.4422265190212,0.9768930068266627,-0.18573502718664897,0.0175336989575224,0.10428385440711052,1.7176098451771136
6.446532,True,180.73511839703667,223.86904978399335,926.9391235867313,0.9764856842403066,-0.18461379374886333,0.02283955557294644,0.1089578374079744,1.7960778542208047
6.5021059999999995,True,181.07525174406283,228.73310550025946,938.2903602307591,0.9747614727446373,-0.17994390764175666,0.03997979155943068,0.12594394634989559,1.940781356015619
6.5160029999999995,True,181.2695524452233,230.9537993940981,942.4987009959409,0.9736212344772659,-0.1772322866031646,0.047504019147078476,0.13562365769014142,1.991609614074707
6.529893,True,181.40751760848815,231.30348399216845,942.7814316896404,0.9734538456653872,-0.17660710174482894,0.047491907466209085,0.1376301591141321,1.9337264352351191
6.5854669999999995,True,181.32925653459264,229.48770424641762,939.0157753999067,0.9744543705046046,-0.17854445014833167,0.040874198906323975,0.12996099026042732,1.849388945691473
6.599359000000001,True,181.2627441850511,228.736086953569,937.4637941177003,0.9748234090650928,-0.1793927718743216,0.038208140321380334,0.12679784127160948,1.827809467283354
6.613252,True,181.10451172503736,226.9914856443613,933.6877797730826,0.9755249696359124,-0.1812243428082036,0.03251187387219164,0.12021542849362436,1.7984470777863624
6.668827,True,180.29711988099234,219.65713711224976,917.0545133242329,0.9772500983468086,-0.18871369000406868,0.009417311456173744,0.09633640397657815,1.7644096247290109
6.682719,True,179.8510378339325,218.00970932310275,913.6084734476611,0.9773956918061885,-0.1908546595682747,0.005491928843750942,0.09078545741117122,1.9161169146666075
6.696612,True,179.50896806787887,217.54195681727782,913.619638031333,0.9773546409874532,-0.19224443295629662,0.00581434691993074,0.08823931724290107,2.1041216622853325
6.752191,False,,,,,,,,
6.76608,True,182.59176216576847,234.6638426840545,946.8583927561664,0.9714003914748802,-0.17167649761771464,0.051174920009144136,0.15585116993536516,1.7149862737868298
6.779974,True,182.063094060144,229.0121362917713,936.1168845364842,0.9747202527489602,-0.17776274084501867,0.03380852854729927,0.13106418368775033,1.4786936671663857
6.835552,True,183.78525815372242,225.10721808246825,917.470906362379,0.9758003833016481,-0.1750179867719485,0.002953332898748788,0.1310480601895353,0.07658614019724233
6.849441,True,183.7779723169243,225.04194894705762,917.3061974221885,0.9758197985532002,-0.17506348197843924,0.0027679099321965997,0.13084661517893306,0.07126199071739514
6.863334,True,183.79005380089268,224.92579565440425,916.8704990044465,0.9758362588900957,-0.1750555180405193,0.0021784962863425077,0.13074561404834223,0.0686991352748473
6.918912000000001,True,183.7726806347873,225.0495622391471,917.3066862601178,0.9757042102116226,-0.17505029642395262,0.002688326695219713,0.13172494371522867,0.06392349989497927
6.932802,True,183.75747685234566,225.0593706111929,917.4239057219273,0.9757772775484342,-0.17509264308850248,0.002758063160651336,0.1311246126554813,0.06151737921116457
6.946696,True,183.76739821409492,225.17460294308904,917.7178502888024,0.9757121061790557,-0.17512182657732808,0.0031128664246824894,0.1315619313269354,0.06697272627645896
7.0022709999999995,True,183.75983138132023,225.166714564173,917.7523100968127,0.9757930470246291,-0.17506544467415264,0.0031505355498397452,0.13103470374362852,0.07504421610352272
7.0161620000000005,True,183.70026295773562,225.0913076142423,917.9062801746405,0.9758720041312415,-0.17528711572249928,0.0035038643289954405,0.13013831699128886,0.06560580841373168
7.030055999999999,True,183.70429053251632,225.09521647032392,917.8651428658518,0.9758105688776183,-0.17525862522181837,0.003375507545505191,0.13063978682203728,0.0627514140325917
7.085628,True,183.67365055315275,225.03102583747554,917.6036856831665,0.9758342271993135,-0.17517554501958701,0.0033501199541499022,0.13057513603172047,0.06161967587305244
7.099522,True,183.704976936761,225.06868226564373,917.546360277304,0.975804436339624,-0.17505434233736325,0.0031775290672887793,0.13096405063133987,0.06434680497139027
7.113415,True,183.64471205464903,225.01647688809012,917.6296146146204,0.9758951932154213,-0.17531781396068527,0.0031466695249547936,0.1299320377658369,0.07540818333575397
7.168989,True,183.62712007360986,224.96880265766058,917.6170274407593,0.975939825781299,-0.17537479859874286,0.0031465014816222385,0.12951924953011512,0.06164836014992876
7.182884,True,183.62712007360986,224.96880265766058,917.6170274407593,0.975939825781299,-0.17537479859874286,0.0031465014816222385,0.12951924953011512,0.06164836014992876
7.196777,True,183.6350127688019,225.0383112744007,917.7917047699215,0.9759193458916727,-0.1753257345567936,0.003342117268489738,0.1297349119113811,0.06805030799508305
7.252350000000001,True,183.61495425181573,224.9843669283995,917.7273753432271,0.9759915057337587,-0.17539332375676947,0.00322236912895327,0.12910220390953941,0.056462285015810916
7.2662439999999995,True,183.6147668052526,224.93937114605802,917.6173632001576,0.9759386006577253,-0.17538748925858236,0.0032898105304474193,0.12950773530753087,0.04624134023844925
7.280136000000001,True,183.52714357583307,225.0101487707321,917.8885652708004,0.976020432063584,-0.17529990636801146,0.004281262344612716,0.12897957130692275,0.0583811513771707
7.335715,True,183.5421016833172,225.09318527684977,918.0696660721562,0.976012901542654,-0.1751901234140156,0.004413545327333578,0.1291811027128792,0.05030450343447964
7.3496049999999995,True,183.5421016833172,225.09318527684977,918.0696660721562,0.976012901542654,-0.1751901234140156,0.004413545327333578,0.1291811027128792,0.05030450343447964
7.363497000000001,True,183.58896811126561,225.15700015273615,918.120125434067,0.9759492365318703,-0.17523742776595677,0.0040968982395527655,0.1296076658521604,0.05331183313249496
7.419074999999999,True,183.58896811126561,225.15700015273615,918.120125434067,0.9759492365318703,-0.17523742776595677,0.0040968982395527655,0.1296076658521604,0.05331183313249496
7.432963,True,183.58896811126561,225.15700015273615,918.120125434067,0.9759492365318703,-0.17523742776595677,0.0040968982395527655,0.1296076658521604,0.05331183313249496
7.44686,True,183.58750170980514,225.1585967427789,918.1478159404049,0.9759819709806474,-0.17514520973410772,0.004120989390489465,0.12948500019063766,0.05910035192019393
7.502434,True,183.6265942409272,225.26616684931446,918.2673989026686,0.975932553265406,-0.17497521124916118,0.004149390670009811,0.1300850086760364,0.06172360037753718
7.516323000000001,True,183.589314756309,225.20518706689222,918.3193173726994,0.9759815997620602,-0.1751212444723837,0.004320357098179494,0.1295137103741419,0.05867750417912193
7.5302169999999995,True,183.57047871717108,225.24509075446352,918.2890340332326,0.9759601654678927,-0.17498125357861927,0.004578434650609831,0.1298551279391327,0.06389064044354431
7.585794,True,183.55040885386094,225.20324310226152,918.2694960790856,0.9759824560303687,-0.1750641078512415,0.0046169853542743396,0.1295742532659049,0.06414341595250557
7.599685,True,183.5447332835316,225.17912822988436,918.0771591763836,0.9758736189568626,-0.17508834196037615,0.003968845194857349,0.1303802155291268,0.0635915293904681
7.613578,True,183.55298585976178,225.21867578832465,918.1248345250615,0.9758017338193606,-0.1750339132796668,0.003942480551344335,0.1309906955636088,0.06464170733760438
7.6691530000000006,True,183.55298585976178,225.21867578832465,918.1248345250615,0.9758017338193606,-0.1750339132796668,0.003942480551344335,0.1309906955636088,0.06464170733760438
7.683045,True,183.55298585976178,225.21867578832465,918.1248345250615,0.9758017338193606,-0.1750339132796668,0.003942480551344335,0.1309906955636088,0.06464170733760438
7.696938,True,183.55298585976178,225.21867578832465,918.1248345250615,0.9758017338193606,-0.1750339132796668,0.003942480551344335,0.1309906955636088,0.06464170733760438
7.752511999999999,True,183.59064982590948,225.24361726046087,918.2530756995277,0.975796345009508,-0.17508743316558184,0.003749154518422428,0.1309649863664727,0.06295198980387655
7.766406,True,183.59064982590948,225.24361726046087,918.2530756995277,0.975796345009508,-0.17508743316558184,0.003749154518422428,0.1309649863664727,0.06295198980387655
7.780299,True,183.60641130927553,225.1710434756303,917.9372648035592,0.9758019303309978,-0.17505553530613185,0.003297344880188945,0.130978165499915,0.04820813642479389
7.835877,True,183.60641130927553,225.1710434756303,917.9372648035592,0.9758019303309978,-0.17505553530613185,0.003297344880188945,0.130978165499915,0.04820813642479389
7.849767,True,183.564303426904,225.0541606062437,917.8053246027873,0.975856182029665,-0.17523903854416922,0.0032635796410808893,0.13032781902773846,0.04530724151902044
7.863658999999999,True,183.564303426904,225.0541606062437,917.8053246027873,0.975856182029665,-0.17523903854416922,0.0032635796410808893,0.13032781902773846,0.04530724151902044
7.919237,True,183.59066142594386,225.16511957801944,918.0068039374682,0.9758139554334638,-0.1751123127532167,0.003435859055910288,0.13080901030152967,0.051833700665882665
7.933126000000001,True,183.59066142594386,225.16511957801944,918.0068039374682,0.9758139554334638,-0.1751123127532167,0.003435859055910288,0.13080901030152967,0.051833700665882665
7.947019,True,183.59066142594386,225.16511957801944,918.0068039374682,0.9758139554334638,-0.1751123127532167,0.003435859055910288,0.13080901030152967,0.051833700665882665
8.002595999999999,True,183.59066142594386,225.16511957801944,918.0068039374682,0.9758139554334638,-0.1751123127532167,0.003435859055910288,0.13080901030152967,0.051833700665882665
8.016487,True,183.61190647552445,225.22163894072818,918.0654328151114,0.9757869093627347,-0.17502048515704152,0.0034427350879458717,0.13113308074940755,0.05335306282415451
8.030379,True,183.61190647552445,225.22163894072818,918.0654328151114,0.9757869093627347,-0.17502048515704152,0.0034427350879458717,0.13113308074940755,0.05335306282415451
8.085955,True,183.60787877496367,225.21777318316535,918.106172164143,0.9758481812619219,-0.17504895045675486,0.003568844349711404,0.13063481703510582,0.05613785264590219
8.099847,True,183.61360985269542,225.19232403612435,917.9544454019475,0.9758274878980728,-0.17505566620602356,0.003399047984514195,0.13078483881742853,0.06511524862341549
8.113738999999999,True,183.61360985269542,225.19232403612435,917.9544454019475,0.9758274878980728,-0.17505566620602356,0.003399047984514195,0.13078483881742853,0.06511524862341549
8.169317,True,183.61360985269542,225.19232403612435,917.9544454019475,0.9758274878980728,-0.17505566620602356,0.003399047984514195,0.13078483881742853,0.06511524862341549
8.183208,True,183.60787877496367,225.21777318316535,918.106172164143,0.9758481812619219,-0.17504895045675486,0.003568844349711404,0.13063481703510582,0.05613785264590219
8.1971,True,183.60787877496367,225.21777318316535,918.106172164143,0.9758481812619219,-0.17504895045675486,0.003568844349711404,0.13063481703510582,0.05613785264590219
8.252675,True,183.60935661090386,225.21608697807577,918.0780057478405,0.9758151637805987,-0.1751412166147018,0.00354349506491864,0.13075841854844558,0.05075908838685945
8.266571,True,183.5971072831148,225.1699990502677,918.0122608994234,0.9758456072831349,-0.17513254587158453,0.003535799642801623,0.13054286745599417,0.06859897545431111
8.280462,True,183.60787877496367,225.21777318316535,918.106172164143,0.9758481812619219,-0.17504895045675486,0.003568844349711404,0.13063481703510582,0.05613785264590219
8.336038,True,183.52794751270986,225.05571334131136,917.8341386068954,0.9758673962378108,-0.1751655224466765,0.004002854361594795,0.13032206974637314,0.06283413212965358
8.349929,True,183.52794751270986,225.05571334131136,917.8341386068954,0.9758673962378108,-0.1751655224466765,0.004002854361594795,0.13032206974637314,0.06283413212965358
8.363822,True,183.52794751270986,225.05571334131136,917.8341386068954,0.9758673962378108,-0.1751655224466765,0.004002854361594795,0.13032206974637314,0.06283413212965358
8.419398,True,183.5501219966033,225.15216854603204,918.0124609212423,0.9758307908569287,-0.17505765191299666,0.004159210344536964,0.1307355616944327,0.0695385190993672
8.433289,True,183.5885506914446,225.22551214383117,918.0276241049784,0.9757882395479179,-0.1749009528895107,0.004055907791366146,0.13126506713632718,0.07113277405373704
8.447183,True,183.5501219966033,225.15216854603204,918.0124609212423,0.9758307908569287,-0.17505765191299666,0.004159210344536964,0.1307355616944327,0.0695385190993672
8.502756999999999,True,183.5501219966033,225.15216854603204,918.0124609212423,0.9758307908569287,-0.17505765191299666,0.004159210344536964,0.1307355616944327,0.0695385190993672
8.516648,True,183.5501219966033,225.15216854603204,918.0124609212423,0.9758307908569287,-0.17505765191299666,0.004159210344536964,0.1307355616944327,0.0695385190993672
8.530543,True,183.5501219966033,225.15216854603204,918.0124609212423,0.9758307908569287,-0.17505765191299666,0.004159210344536964,0.1307355616944327,0.0695385190993672
8.586118,True,183.5501219966033,225.15216854603204,918.0124609212423,0.9758307908569287,-0.17505765191299666,0.004159210344536964,0.1307355616944327,0.0695385190993672
8.600007999999999,True,183.566550526424,225.17605766365776,917.844925013257,0.9757714652472192,-0.17497936445642717,0.004031870169153217,0.13128599943123703,0.0653540422247517
8.613902,True,183.566550526424,225.17605766365776,917.844925013257,0.9757714652472192,-0.17497936445642717,0.004031870169153217,0.13128599943123703,0.0653540422247517
8.669478999999999,True,183.55475167523247,225.10218699680294,917.6797140222095,0.9757963666315471,-0.1750438957854704,0.003859659733306413,0.13101980172347769,0.058973261436445254
8.683371999999999,True,183.5484144022911,225.12870569651952,917.8018668077727,0.9758152402316232,-0.17502623544589138,0.003982639526499611,0.1308990925092338,0.05106009973547365
8.697262,True,183.5682658824639,225.14162377427252,917.866051511187,0.9758089474920197,-0.17506366140303956,0.003879210275228273,0.13089906102917276,0.048716429224250325
8.752837,True,183.5484144022911,225.12870569651952,917.8018668077727,0.9758152402316232,-0.17502623544589138,0.003982639526499611,0.1308990925092338,0.05106009973547365
8.766729,True,183.5669845965099,225.1434966657505,917.8953006496862,0.9758422169820968,-0.17497087622359828,0.003904006864722287,0.13077430466040701,0.05273849763755428
8.780622,True,183.58170434247427,225.22409901991102,918.11889673296,0.9758614540999708,-0.17498468100375036,0.004178883625091517,0.130603678154768,0.05631695712794423
8.836200000000002,True,183.5322398950232,225.1495246425383,917.9811421297362,0.9758797019364222,-0.1750840688195625,0.0043191009459682544,0.1303292812881474,0.055035779806467164
8.850091,True,183.53399041854948,225.14223387765185,917.8442163027071,0.9757602284263585,-0.17506451347722254,0.003870456570091492,0.13126085596347145,0.05154188278805015
8.863999,True,183.53399041854948,225.14223387765185,917.8442163027071,0.9757602284263585,-0.17506451347722254,0.003870456570091492,0.13126085596347145,0.05154188278805015
8.919564000000001,True,183.53399041854948,225.14223387765185,917.8442163027071,0.9757602284263585,-0.17506451347722254,0.003870456570091492,0.13126085596347145,0.05154188278805015
8.933451,True,183.54140638202594,225.16485842660106,917.9207773061967,0.9757809924598667,-0.17501927886335486,0.0037900757935189003,0.1311691354918084,0.05707150259084354
8.947343,True,183.543779664426,225.17610563148557,918.0166156679205,0.9758390867635004,-0.17501066508196875,0.004110798193989682,0.13073807857832623,0.057558280622754684
9.002922,True,183.5411975376866,225.11935385852917,917.8671199594041,0.9758101784852823,-0.17501833485634316,0.0040068341122578245,0.13094664298496303,0.047285411395879245
9.016811,True,183.553217162005,225.15871215013718,917.9096867875498,0.9758367957208808,-0.17498360230791674,0.0039446713016950625,0.13079650839709192,0.052494185175538256
9.030702999999999,True,183.51480878635027,225.08611283683345,917.729017455139,0.9758031285420269,-0.17522309890535523,0.00399324809368578,0.13072556715218,0.04126135114984766
9.086281000000001,True,183.54505013291663,225.17423346411323,917.9875574749933,0.9758059341262211,-0.1751034974829216,0.004086502770031816,0.13086192948452222,0.051831776312636746
9.100171,True,183.55084571058742,225.14885954368847,917.836036644194,0.975785225807174,-0.17511022871321527,0.003916597433031465,0.1310124465880826,0.06146211164651298
9.114064,True,183.54957370025127,225.15072542058238,917.8650581199644,0.9758183974581539,-0.17501742442745458,0.003940867308311884,0.1308886010844298,0.06727317965166242
9.169641,True,183.5392359891385,225.0755201680661,917.6710437673756,0.9758095741371188,-0.1751739897038529,0.0037434409065336253,0.13075065966850222,0.05509869868550578
9.183531,True,183.54505013291663,225.17423346411323,917.9875574749933,0.9758059341262211,-0.1751034974829216,0.004086502770031816,0.13086192948452222,0.051831776312636746
9.197424999999999,True,183.54505013291663,225.17423346411323,917.9875574749933,0.9758059341262211,-0.1751034974829216,0.004086502770031816,0.13086192948452222,0.051831776312636746
9.252998999999999,True,183.54505013291663,225.17423346411323,917.9875574749933,0.9758059341262211,-0.1751034974829216,0.004086502770031816,0.13086192948452222,0.051831776312636746
9.266893,True,183.54505013291663,225.17423346411323,917.9875574749933,0.9758059341262211,-0.1751034974829216,0.004086502770031816,0.13086192948452222,0.051831776312636746
9.280786,True,183.54505013291663,225.17423346411323,917.9875574749933,0.9758059341262211,-0.1751034974829216,0.004086502770031816,0.13086192948452222,0.051831776312636746
9.33636,True,183.55449193082953,225.15683571912217,917.8805469851357,0.9758035924157397,-0.17507641361494503,0.0039201420227639415,0.13092070466808026,0.046987162398354355
9.35026,True,183.55449193082953,225.15683571912217,917.8805469851357,0.9758035924157397,-0.17507641361494503,0.0039201420227639415,0.13092070466808026,0.046987162398354355
9.364145,True,183.543779664426,225.17610563148557,918.0166156679205,0.9758390867635004,-0.17501066508196875,0.004110798193989682,0.13073807857832623,0.057558280622754684
9.419723,True,183.52519887095494,225.1613482349584,917.9233864103209,0.9758121612712878,-0.17506597896715262,0.00419007017499914,0.1308624171993589,0.053478778050235265
9.433614,True,183.55147390480738,225.24624437457263,918.1928959120922,0.9758178727176404,-0.1749612757856183,0.004310838707846228,0.13095590070677574,0.0648142502790243
9.447505999999999,True,183.5334551278049,225.10092584776967,917.8226909518784,0.9758302688956639,-0.17516721153760886,0.003913689069002965,0.13060021955198234,0.04535044243508303
9.503082000000001,True,183.5334551278049,225.10092584776967,917.8226909518784,0.9758302688956639,-0.17516721153760886,0.003913689069002965,0.13060021955198234,0.04535044243508303
9.516974,True,183.5334551278049,225.10092584776967,917.8226909518784,0.9758302688956639,-0.17516721153760886,0.003913689069002965,0.13060021955198234,0.04535044243508303
9.530866,True,183.55147390480738,225.24624437457263,918.1928959120922,0.9758178727176404,-0.1749612757856183,0.004310838707846228,0.13095590070677574,0.0648142502790243
9.586443,True,183.53218640913698,225.10277939985403,917.85172618908,0.9758634136537782,-0.17507443784129315,0.003937901410277268,0.1304761742197916,0.05110452502401318
9.600333000000001,True,183.53218640913698,225.10277939985403,917.85172618908,0.9758634136537782,-0.17507443784129315,0.003937901410277268,0.1304761742197916,0.05110452502401318
9.614227999999999,True,183.5379656558392,225.07736623190246,917.7000383788145,0.9758427379278076,-0.17508124616488074,0.003767616246236184,0.13062661728274816,0.060928541301334196
9.669801999999999,True,183.55855669663848,225.21900879864938,918.0124229663194,0.9757640155335932,-0.17506086693238546,0.004116910846116751,0.13123006478595053,0.06873276211133546
9.683695,True,183.54957370025127,225.15072542058238,917.8650581199644,0.9758183974581539,-0.17501742442745458,0.003940867308311884,0.1308886010844298,0.06727317965166242
9.697587,True,183.55084571058742,225.14885954368847,917.836036644194,0.975785225807174,-0.17511022871321527,0.003916597433031465,0.1310124465880826,0.06146211164651298
9.753162,True,183.5879268694145,225.2835320598513,918.0903110688907,0.9757520370487395,-0.17491991495082382,0.004080024439875466,0.13150794253352982,0.055918253843211876
9.767055000000001,True,183.58582745978418,225.18752397226686,917.7619404044835,0.9757527833395029,-0.17497649183792258,0.0037105687508897766,0.13143806445946896,0.05689479361856141
9.780949,True,183.58582745978418,225.18752397226686,917.7619404044835,0.9757527833395029,-0.17497649183792258,0.0037105687508897766,0.13143806445946896,0.05689479361856141
9.836522,True,183.5919074755308,225.16367353776914,917.7147983027995,0.9757409242680549,-0.1750106581098225,0.0036947488252464006,0.13148105219995435,0.06829392066435638
9.850415000000002,True,183.58582745978418,225.18752397226686,917.7619404044835,0.9757527833395029,-0.17497649183792258,0.0037105687508897766,0.13143806445946896,0.05689479361856141
9.864308000000001,True,183.5839641049413,225.24557952760165,917.9994593939301,0.9757624535001249,-0.17494988708057943,0.003982262179944957,0.1313937324907061,0.05351209801886376
9.919885,True,183.59183138066544,225.31628696983162,918.1764989909512,0.9757408245024153,-0.17489984846123918,0.0041826213541469245,0.13161455879267184,0.06024877276027342
9.933774999999999,True,183.59183138066544,225.31628696983162,918.1764989909512,0.9757408245024153,-0.17489984846123918,0.0041826213541469245,0.13161455879267184,0.06024877276027342
9.947668,True,183.578131668617,225.27084044842977,918.1507091302645,0.9757833084723722,-0.17494331139221497,0.004151733551335099,0.13124227906569141,0.04712021631064718
10.003245999999999,True,183.55037224283842,225.0983802266767,917.5398394531137,0.9757250013778138,-0.1752085162377332,0.0035384008483516417,0.13133993011827633,0.0793396014077429
10.017136,True,183.50663149284873,225.0985983177528,917.5617316652433,0.9757514370381302,-0.17514722379857248,0.0039013426305230005,0.1312149482313508,0.07435353102082863
10.031029,True,183.5253299373848,225.11344981025564,917.6557198062092,0.975778622443536,-0.1750917848553114,0.003821962854349484,0.1310890516340576,0.07734504243065285
10.086606,True,183.50663149284873,225.0985983177528,917.5617316652433,0.9757514370381302,-0.17514722379857248,0.0039013426305230005,0.1312149482313508,0.07435353102082863
10.100495,True,183.50663149284873,225.0985983177528,917.5617316652433,0.9757514370381302,-0.17514722379857248,0.0039013426305230005,0.1312149482313508,0.07435353102082863
10.114392,True,183.5253299373848,225.11344981025564,917.6557198062092,0.975778622443536,-0.1750917848553114,0.003821962854349484,0.1310890516340576,0.07734504243065285
10.169965,True,183.5253299373848,225.11344981025564,917.6557198062092,0.975778622443536,-0.1750917848553114,0.003821962854349484,0.1310890516340576,0.07734504243065285
10.183856,True,183.5253299373848,225.11344981025564,917.6557198062092,0.975778622443536,-0.1750917848553114,0.003821962854349484,0.1310890516340576,0.07734504243065285
10.197753,True,183.5565411932701,225.18807602994897,917.7148447064073,0.9757402459978145,-0.1749595510767796,0.003797438993423994,0.13155115842981924,0.081963682334656
10.253324000000001,True,183.5253299373848,225.11344981025564,917.6557198062092,0.975778622443536,-0.1750917848553114,0.003821962854349484,0.1310890516340576,0.07734504243065285
10.267217,True,183.5253299373848,225.11344981025564,917.6557198062092,0.975778622443536,-0.1750917848553114,0.003821962854349484,0.1310890516340576,0.07734504243065285
10.281109,True,183.53110797025957,225.0880692119425,917.5046207576592,0.9757578939864772,-0.17509849840556171,0.0036534435017794823,0.1312390968033982,0.08544558747002404
10.336684,True,183.53110797025957,225.0880692119425,917.5046207576592,0.9757578939864772,-0.17509849840556171,0.0036534435017794823,0.1312390968033982,0.08544558747002404
10.350577999999999,True,183.53110797025957,225.0880692119425,917.5046207576592,0.9757578939864772,-0.17509849840556171,0.0036534435017794823,0.1312390968033982,0.08544558747002404
10.364472,True,183.5253299373848,225.11344981025564,917.6557198062092,0.975778622443536,-0.1750917848553114,0.003821962854349484,0.1310890516340576,0.07734504243065285
10.420048000000001,True,183.5253299373848,225.11344981025564,917.6557198062092,0.975778622443536,-0.1750917848553114,0.003821962854349484,0.1310890516340576,0.07734504243065285
10.433938,True,183.4882315054849,225.08781596565203,917.5167252973439,0.9757716069241724,-0.17507291313282222,0.004004935376275689,0.13116099534708123,0.07838470445616573
10.44783,True,183.48452800861412,225.10523673501046,917.6784671564416,0.9757906798506429,-0.1750851871218256,0.00420790197136842,0.13099625921427996,0.07703535562389141
10.503408,True,183.48452800861412,225.10523673501046,917.6784671564416,0.9757906798506429,-0.1750851871218256,0.00420790197136842,0.13099625921427996,0.07703535562389141
10.517297000000001,True,183.48452800861412,225.10523673501046,917.6784671564416,0.9757906798506429,-0.1750851871218256,0.00420790197136842,0.13099625921427996,0.07703535562389141
10.53119,True,183.52215132491003,225.13024634566062,917.8067154925578,0.9757851399015282,-0.1751389959153035,0.004015813612193279,0.1309716232554461,0.07363844817990094
10.586768,True,183.52215132491003,225.13024634566062,917.8067154925578,0.9757851399015282,-0.1751389959153035,0.004015813612193279,0.1309716232554461,0.07363844817990094
10.600657,True,183.52215132491003,225.13024634566062,917.8067154925578,0.9757851399015282,-0.1751389959153035,0.004015813612193279,0.1309716232554461,0.07363844817990094
10.614550999999999,True,183.52215132491003,225.13024634566062,917.8067154925578,0.9757851399015282,-0.1751389959153035,0.004015813612193279,0.1309716232554461,0.07363844817990094
10.670128,True,183.52215132491003,225.13024634566062,917.8067154925578,0.9757851399015282,-0.1751389959153035,0.004015813612193279,0.1309716232554461,0.07363844817990094
10.68402,True,183.51042672948432,225.05662191416016,917.6417489835233,0.9758098338571755,-0.17520314469401918,0.003843884878074447,0.1307067358096062,0.06727054591968039
10.697911,True,183.52798250439983,225.10490063111394,917.6556776327068,0.9757643347275649,-0.17514575768425403,0.0038470736573138187,0.1311225635165687,0.0804461155817027
10.753486,True,183.5160480722084,225.1624948708982,917.7681449138089,0.9757489499380109,-0.17505873401309335,0.00414925721621429,0.13134386169576415,0.08918563333937976
10.767379,True,183.5160480722084,225.1624948708982,917.7681449138089,0.9757489499380109,-0.17505873401309335,0.00414925721621429,0.13134386169576415,0.08918563333937976
10.781272000000001,True,183.51176931019566,225.18366435673585,917.8862119529551,0.9757354309166961,-0.17514837675238165,0.0042949616527532455,0.13132009853490162,0.07864384176964066
10.836846,True,183.4980821083831,225.13854722976586,917.8608485937984,0.9757778926911095,-0.17519126913573477,0.004264899096781724,0.13094782926647672,0.06786362166386425
10.85074,True,183.50757164525095,225.1211126530782,917.7534276489545,0.9757754921285837,-0.17516403270387598,0.004097953761293053,0.13100747071486368,0.06856509027943372
10.864632,True,183.5065226466007,225.12315379295535,917.7837079172917,0.9758089517075967,-0.1750711221066015,0.004121726226078938,0.13088163868386518,0.07153810814927954
10.920209999999999,True,183.49703728249497,225.1405815114934,917.8910399961777,0.9758113021666601,-0.1750983418343138,0.004288415177733071,0.13082233274920646,0.07152210132660797
10.934099,True,183.51569235811039,225.1554205231228,917.9847400893647,0.9758382321285267,-0.17504331574019416,0.004209365502187476,0.13069760354734616,0.0732062753355749
10.948,True,183.51569235811039,225.1554205231228,917.9847400893647,0.9758382321285267,-0.17504331574019416,0.004209365502187476,0.13069760354734616,0.0732062753355749
11.00357,True,183.51569235811039,225.1554205231228,917.9847400893647,0.9758382321285267,-0.17504331574019416,0.004209365502187476,0.13069760354734616,0.0732062753355749
11.017459,True,183.51569235811039,225.1554205231228,917.9847400893647,0.9758382321285267,-0.17504331574019416,0.004209365502187476,0.13069760354734616,0.0732062753355749
11.031355,True,183.51569235811039,225.1554205231228,917.9847400893647,0.9758382321285267,-0.17504331574019416,0.004209365502187476,0.13069760354734616,0.0732062753355749
11.086931,True,183.51569235811039,225.1554205231228,917.9847400893647,0.9758382321285267,-0.17504331574019416,0.004209365502187476,0.13069760354734616,0.0732062753355749
11.100821,True,183.55427999906135,225.17941665875176,918.0954905152072,0.9758120315043882,-0.1751547753873,0.004001199124956715,0.13075042728750702,0.06705134244899985
11.114713,True,183.54126174942485,225.10759036076416,917.9595027472213,0.9758698746257326,-0.17512621310788426,0.0038537654124266973,0.1303608291343481,0.06501447445865965
11.170290000000001,True,183.5608186791156,225.25170620698395,918.3012076289375,0.9758238603176258,-0.17501228902831117,0.004224837670722039,0.13084587525227448,0.07762415963579002
11.184181,True,183.58221185219108,225.30879746699352,918.3602231009933,0.9757962766549589,-0.1749198401506363,0.004231332251210979,0.13117458524948622,0.08218613400947954
11.198073,True,183.58221185219108,225.30879746699352,918.3602231009933,0.9757962766549589,-0.1749198401506363,0.004231332251210979,0.13117458524948622,0.08218613400947954
11.253651,True,183.58221185219108,225.30879746699352,918.3602231009933,0.9757962766549589,-0.1749198401506363,0.004231332251210979,0.13117458524948622,0.08218613400947954
11.267541,True,183.58221185219108,225.30879746699352,918.3602231009933,0.9757962766549589,-0.1749198401506363,0.004231332251210979,0.13117458524948622,0.08218613400947954
11.281435,True,183.58350175597715,225.30692570292257,918.3309910254758,0.9757629616590094,-0.17501269194422614,0.00420653407728073,0.13129929696662723,0.07803214024875471
11.337007999999999,True,183.5700716124314,225.13543702034946,917.8661422778798,0.9757907679792388,-0.1751452102326273,0.0037122335189406458,0.13093033178510072,0.07388792986230172
11.350906,True,183.56845208885562,225.223308662156,918.1501294178555,0.9757717446128021,-0.175122857274592,0.004077960173497008,0.13109102759569205,0.08191678857490622
11.364794,True,183.5700716124314,225.13543702034946,917.8661422778798,0.9757907679792388,-0.1751452102326273,0.0037122335189406458,0.13093033178510072,0.07388792986230172
11.420369,True,183.56845208885562,225.223308662156,918.1501294178555,0.9757717446128021,-0.175122857274592,0.004077960173497008,0.13109102759569205,0.08191678857490622
11.434263000000001,True,183.56845208885562,225.223308662156,918.1501294178555,0.9757717446128021,-0.175122857274592,0.004077960173497008,0.13109102759569205,0.08191678857490622
11.448155,True,183.56845208885562,225.223308662156,918.1501294178555,0.9757717446128021,-0.175122857274592,0.004077960173497008,0.13109102759569205,0.08191678857490622
11.50373,True,183.56845208885562,225.223308662156,918.1501294178555,0.9757717446128021,-0.175122857274592,0.004077960173497008,0.13109102759569205,0.08191678857490622
11.517624,True,183.56210238895963,225.24985868965302,918.2720851875124,0.9757906055851538,-0.17510510098741564,0.004200372197915621,0.13097043381368503,0.07308119754904857
11.531523,True,183.56210238895963,225.24985868965302,918.2720851875124,0.9757906055851538,-0.17510510098741564,0.004200372197915621,0.13097043381368503,0.07308119754904857
11.587093000000001,True,183.56957513606685,225.13663454662867,917.836908645305,0.9757887551342284,-0.17513423351795432,0.0036655635457410922,0.13096132729765475,0.0712331058866444
11.600982,True,183.54931311801897,225.20965767241847,918.0269239300534,0.9757424203435315,-0.17516782916510926,0.004110283974060717,0.1312481098278482,0.07701608997507564
11.614876,True,183.56210238895963,225.24985868965302,918.2720851875124,0.9757906055851538,-0.17510510098741564,0.004200372197915621,0.13097043381368503,0.07308119754904857
11.670453,True,183.51748332009208,225.01324697692752,917.3542727501874,0.975815464670178,-0.17525135003179593,0.002809279065614023,0.13062638008338703,0.07423168906987639
11.684343,True,183.51128898079185,225.03991544391826,917.4767823520863,0.9758341060055109,-0.1752337575703063,0.0029319312771127694,0.13050797501763214,0.06443416561175055
11.698235,True,183.51005534527724,225.04169256699984,917.5056772345515,0.9758671150442837,-0.17514218848243296,0.002955802485355187,0.13038347602514014,0.06952963039221936
11.753812,True,183.51128898079185,225.03991544391826,917.4767823520863,0.9758341060055109,-0.1752337575703063,0.0029319312771127694,0.13050797501763214,0.06443416561175055
11.767704,True,183.51128898079185,225.03991544391826,917.4767823520863,0.9758341060055109,-0.1752337575703063,0.0029319312771127694,0.13050797501763214,0.06443416561175055
11.781597,True,183.51128898079185,225.03991544391826,917.4767823520863,0.9758341060055109,-0.1752337575703063,0.0029319312771127694,0.13050797501763214,0.06443416561175055
11.837172,True,183.51128898079185,225.03991544391826,917.4767823520863,0.9758341060055109,-0.1752337575703063,0.0029319312771127694,0.13050797501763214,0.06443416561175055
11.851064000000001,True,183.51128898079185,225.03991544391826,917.4767823520863,0.9758341060055109,-0.1752337575703063,0.0029319312771127694,0.13050797501763214,0.06443416561175055
11.864957,True,183.51916467688238,225.1099351302988,917.6530059374975,0.9758133236302456,-0.17518454163712507,0.003130138493003828,0.13072465731490154,0.0712334391546758
11.920531,True,183.51128898079185,225.03991544391826,917.4767823520863,0.9758341060055109,-0.1752337575703063,0.0029319312771127694,0.13050797501763214,0.06443416561175055
11.934427,True,183.54443771949641,225.17045558153063,917.7015577970695,0.975782550308464,-0.17507728396457137,0.0031114708500075477,0.13109797062597306,0.07462137456533498
11.948316,True,183.54443771949641,225.17045558153063,917.7015577970695,0.975782550308464,-0.17507728396457137,0.0031114708500075477,0.13109797062597306,0.07462137456533498
12.003894,True,183.54443771949641,225.17045558153063,917.7015577970695,0.975782550308464,-0.17507728396457137,0.0031114708500075477,0.13109797062597306,0.07462137456533498
12.017786,True,183.54443771949641,225.17045558153063,917.7015577970695,0.975782550308464,-0.17507728396457137,0.0031114708500075477,0.13109797062597306,0.07462137456533498
12.031678,True,183.54443771949641,225.17045558153063,917.7015577970695,0.975782550308464,-0.17507728396457137,0.0031114708500075477,0.13109797062597306,0.07462137456533498
12.087254000000001,True,183.54443771949641,225.17045558153063,917.7015577970695,0.975782550308464,-0.17507728396457137,0.0031114708500075477,0.13109797062597306,0.07462137456533498
12.101145,True,183.53251033690574,225.09628120688433,917.535155820198,0.9758071847129388,-0.17514198442836362,0.0029385482126142027,0.1308319092863263,0.06810916529187494
12.115037000000001,True,183.53251033690574,225.09628120688433,917.535155820198,0.9758071847129388,-0.17514198442836362,0.0029385482126142027,0.1308319092863263,0.06810916529187494
12.170617,True,183.53251033690574,225.09628120688433,917.535155820198,0.9758071847129388,-0.17514198442836362,0.0029385482126142027,0.1308319092863263,0.06810916529187494
12.184505,True,183.53251033690574,225.09628120688433,917.535155820198,0.9758071847129388,-0.17514198442836362,0.0029385482126142027,0.1308319092863263,0.06810916529187494
12.198398,True,183.51405119359094,225.08165440219275,917.4422166799206,0.9757801630254139,-0.17519710879022554,0.0030171356529401917,0.1309577924756466,0.06574899129724535
12.253974,True,183.53251033690574,225.09628120688433,917.535155820198,0.9758071847129388,-0.17514198442836362,0.0029385482126142027,0.1308319092863263,0.06810916529187494
12.267866,True,183.53251033690574,225.09628120688433,917.535155820198,0.9758071847129388,-0.17514198442836362,0.0029385482126142027,0.1308319092863263,0.06810916529187494
12.281759,True,183.53251033690574,225.09628120688433,917.535155820198,0.9758071847129388,-0.17514198442836362,0.0029385482126142027,0.1308319092863263,0.06810916529187494
12.337333000000001,True,183.53251033690574,225.09628120688433,917.535155820198,0.9758071847129388,-0.17514198442836362,0.0029385482126142027,0.1308319092863263,0.06810916529187494
12.351226,True,183.53251033690574,225.09628120688433,917.535155820198,0.9758071847129388,-0.17514198442836362,0.0029385482126142027,0.1308319092863263,0.06810916529187494
12.365119,True,183.53251033690574,225.09628120688433,917.535155820198,0.9758071847129388,-0.17514198442836362,0.0029385482126142027,0.1308319092863263,0.06810916529187494
12.420693,True,183.53251033690574,225.09628120688433,917.535155820198,0.9758071847129388,-0.17514198442836362,0.0029385482126142027,0.1308319092863263,0.06810916529187494
12.434588,True,183.53251033690574,225.09628120688433,917.535155820198,0.9758071847129388,-0.17514198442836362,0.0029385482126142027,0.1308319092863263,0.06810916529187494
12.44848,True,183.53251033690574,225.09628120688433,917.535155820198,0.9758071847129388,-0.17514198442836362,0.0029385482126142027,0.1308319092863263,0.06810916529187494
12.504057000000001,True,183.53251033690574,225.09628120688433,917.535155820198,0.9758071847129388,-0.17514198442836362,0.0029385482126142027,0.1308319092863263,0.06810916529187494
12.517948,True,183.5385345787117,225.0723969049717,917.4878699472373,0.975795527396388,-0.17517608762457526,0.0029228540612254946,0.1308735418711091,0.07959166695521606
12.531839,True,183.5385345787117,225.0723969049717,917.4878699472373,0.975795527396388,-0.17517608762457526,0.0029228540612254946,0.1308735418711091,0.07959166695521606
12.587416,True,183.5385345787117,225.0723969049717,917.4878699472373,0.975795527396388,-0.17517608762457526,0.0029228540612254946,0.1308735418711091,0.07959166695521606
12.601308000000001,True,183.5385345787117,225.0723969049717,917.4878699472373,0.975795527396388,-0.17517608762457526,0.0029228540612254946,0.1308735418711091,0.07959166695521606
12.615199,True,183.5370641808436,225.16028739558422,917.7724037551969,0.9757769602820293,-0.17515402284403836,0.0032880205985345618,0.13103274775740809,0.08929240043012987
12.670777,True,183.5370641808436,225.16028739558422,917.7724037551969,0.9757769602820293,-0.17515402284403836,0.0032880205985345618,0.13103274775740809,0.08929240043012987
12.684668,True,183.5308342821769,225.18094330279288,917.7797714129221,0.9757582069616861,-0.17511796189396175,0.003172046227552621,0.13122331763734174,0.07726122490294314
12.698559999999999,True,183.5323034820479,225.09302487126075,917.4948799433656,0.9757766255845489,-0.17513995302512467,0.002806116985192886,0.13106524911147743,0.06748408350450796
12.754138000000001,True,183.5323034820479,225.09302487126075,917.4948799433656,0.9757766255845489,-0.17513995302512467,0.002806116985192886,0.13106524911147743,0.06748408350450796
12.768028000000001,True,183.5323034820479,225.09302487126075,917.4948799433656,0.9757766255845489,-0.17513995302512467,0.002806116985192886,0.13106524911147743,0.06748408350450796
12.781921,True,183.54423694108334,225.16719948672326,917.6613123256112,0.9757519498744128,-0.17507527797195013,0.0029791029749354652,0.13133127694799349,0.07399133621589203
12.837496,True,183.5611535502227,225.2543445274682,917.8532186475895,0.9756769021626212,-0.17496997982992107,0.0032430897198428054,0.13202110101698597,0.0758253243506791
12.851388,True,183.54125893406126,225.1092563520843,917.5089639802068,0.9757232723089412,-0.17508466551254115,0.0028690841038707922,0.1315341177546651,0.06264222921117164
12.865281000000001,True,183.54125893406126,225.1092563520843,917.5089639802068,0.9757232723089412,-0.17508466551254115,0.0028690841038707922,0.1315341177546651,0.06264222921117164
12.920855,True,183.5323034820479,225.09302487126075,917.4948799433656,0.9757766255845489,-0.17513995302512467,0.002806116985192886,0.13106524911147743,0.06748408350450796
12.934749,True,183.5323034820479,225.09302487126075,917.4948799433656,0.9757766255845489,-0.17513995302512467,0.002806116985192886,0.13106524911147743,0.06748408350450796
12.948641,True,183.5522533832414,225.23815589863432,917.8393161385541,0.9757305355131215,-0.17502519754363627,0.0031794881152616724,0.13155224493490514,0.08058123960125663
13.004252000000001,True,183.53832930760993,225.06917171798005,917.4476904794258,0.9757649533900309,-0.17517399731638933,0.0027907042977408807,0.13110697300094662,0.07896678855035766
13.01811,True,183.54631191009358,225.13962397023224,917.6245760434581,0.9757438028628281,-0.17512433115149328,0.0029895180302008,0.1313261687382815,0.08546516858870115
13.032002,True,183.54631191009358,225.13962397023224,917.6245760434581,0.9757438028628281,-0.17512433115149328,0.0029895180302008,0.1313261687382815,0.08546516858870115
13.087579999999999,True,183.54631191009358,225.13962397023224,917.6245760434581,0.9757438028628281,-0.17512433115149328,0.0029895180302008,0.1313261687382815,0.08546516858870115
13.101469,True,183.54631191009358,225.13962397023224,917.6245760434581,0.9757438028628281,-0.17512433115149328,0.0029895180302008,0.1313261687382815,0.08546516858870115
13.115362,True,183.54631191009358,225.13962397023224,917.6245760434581,0.9757438028628281,-0.17512433115149328,0.0029895180302008,0.1313261687382815,0.08546516858870115
13.17094,True,183.5552550461619,225.1559037326131,917.6387172433823,0.9756902516284324,-0.17506897246391578,0.0030531225178347357,0.13179554696789275,0.08069002039539366
13.18483,True,183.5552550461619,225.1559037326131,917.6387172433823,0.9756902516284324,-0.17506897246391578,0.0030531225178347357,0.13179554696789275,0.08069002039539366
13.198723,True,183.5552550461619,225.1559037326131,917.6387172433823,0.9756902516284324,-0.17506897246391578,0.0030531225178347357,0.13179554696789275,0.08069002039539366
13.254296,True,183.5554758431182,225.1592148160399,917.67909627314,0.9757209318779517,-0.17507089142975568,0.003185864358934772,0.13156251874108618,0.08131699871639407
13.268191,True,183.5554758431182,225.1592148160399,917.67909627314,0.9757209318779517,-0.17507089142975568,0.003185864358934772,0.13156251874108618,0.08131699871639407
13.282084000000001,True,183.5554758431182,225.1592148160399,917.67909627314,0.9757209318779517,-0.17507089142975568,0.003185864358934772,0.13156251874108618,0.08131699871639407
13.337658,True,183.5307719376049,225.0479965350804,917.2669094558041,0.9758278610790996,-0.17505312749038204,0.0026200505822787704,0.1308033769922326,0.0748612293245409
13.351550999999999,True,183.5307719376049,225.0479965350804,917.2669094558041,0.9758278610790996,-0.17505312749038204,0.0026200505822787704,0.1308033769922326,0.0748612293245409
13.365442,True,183.5320111333135,225.04620455936808,917.2379817247406,0.9757947932559351,-0.17514468726419627,0.002595951648065444,0.13092792296823022,0.06940325043374548
13.421016999999999,True,183.5320111333135,225.04620455936808,917.2379817247406,0.9757947932559351,-0.17514468726419627,0.002595951648065444,0.13092792296823022,0.06940325043374548
13.434909,True,183.5320111333135,225.04620455936808,917.2379817247406,0.9757947932559351,-0.17514468726419627,0.002595951648065444,0.13092792296823022,0.06940325043374548
13.448804,True,183.5320111333135,225.04620455936808,917.2379817247406,0.9757947932559351,-0.17514468726419627,0.002595951648065444,0.13092792296823022,0.06940325043374548
13.504375,True,183.5320111333135,225.04620455936808,917.2379817247406,0.9757947932559351,-0.17514468726419627,0.002595951648065444,0.13092792296823022,0.06940325043374548
13.518270000000001,True,183.5320111333135,225.04620455936808,917.2379817247406,0.9757947932559351,-0.17514468726419627,0.002595951648065444,0.13092792296823022,0.06940325043374548
13.532165,True,183.5320111333135,225.04620455936808,917.2379817247406,0.9757947932559351,-0.17514468726419627,0.002595951648065444,0.13092792296823022,0.06940325043374548
13.587735,True,183.5320111333135,225.04620455936808,917.2379817247406,0.9757947932559351,-0.17514468726419627,0.002595951648065444,0.13092792296823022,0.06940325043374548
13.601629999999998,True,183.5320111333135,225.04620455936808,917.2379817247406,0.9757947932559351,-0.17514468726419627,0.002595951648065444,0.13092792296823022,0.06940325043374548
13.615522,True,183.5320111333135,225.04620455936808,917.2379817247406,0.9757947932559351,-0.17514468726419627,0.002595951648065444,0.13092792296823022,0.06940325043374548
13.671096,True,183.5320111333135,225.04620455936808,917.2379817247406,0.9757947932559351,-0.17514468726419627,0.002595951648065444,0.13092792296823022,0.06940325043374548
13.684991,True,183.5307719376049,225.0479965350804,917.2669094558041,0.9758278610790996,-0.17505312749038204,0.0026200505822787704,0.1308033769922326,0.0748612293245409
13.698885,True,183.5320111333135,225.04620455936808,917.2379817247406,0.9757947932559351,-0.17514468726419627,0.002595951648065444,0.13092792296823022,0.06940325043374548
13.754461,True,183.5320111333135,225.04620455936808,917.2379817247406,0.9757947932559351,-0.17514468726419627,0.002595951648065444,0.13092792296823022,0.06940325043374548
13.768361,True,183.5320111333135,225.04620455936808,917.2379817247406,0.9757947932559351,-0.17514468726419627,0.002595951648065444,0.13092792296823022,0.06940325043374548
13.782243000000001,True,183.53811878689103,225.09858118940926,917.4850498960043,0.9758067676797431,-0.17507193982661493,0.0030993072852867534,0.13092502560667718,0.05651715994666441
13.837819999999999,True,183.53688660681522,225.1004163743054,917.5140493355019,0.9758397685379816,-0.17498026184091928,0.0031234953117628608,0.13080098578703067,0.061850057579175804
13.851711,True,183.5425453128403,225.07498367830397,917.3624594481058,0.9758191363929946,-0.17498682630117995,0.002954282319070335,0.13094997474703934,0.07073239345434874
13.865605,True,183.53688660681522,225.1004163743054,917.5140493355019,0.9758397685379816,-0.17498026184091928,0.0031234953117628608,0.13080098578703067,0.061850057579175804
13.92118,True,183.5425453128403,225.07498367830397,917.3624594481058,0.9758191363929946,-0.17498682630117995,0.002954282319070335,0.13094997474703934,0.07073239345434874
13.935071,True,183.53688660681522,225.1004163743054,917.5140493355019,0.9758397685379816,-0.17498026184091928,0.0031234953117628608,0.13080098578703067,0.061850057579175804
13.948966,True,183.53688660681522,225.1004163743054,917.5140493355019,0.9758397685379816,-0.17498026184091928,0.0031234953117628608,0.13080098578703067,0.061850057579175804
14.00454,True,183.53688660681522,225.1004163743054,917.5140493355019,0.9758397685379816,-0.17498026184091928,0.0031234953117628608,0.13080098578703067,0.061850057579175804
14.018433000000002,True,183.53688660681522,225.1004163743054,917.5140493355019,0.9758397685379816,-0.17498026184091928,0.0031234953117628608,0.13080098578703067,0.061850057579175804
14.032326,True,183.53811878689103,225.09858118940926,917.4850498960043,0.9758067676797431,-0.17507193982661493,0.0030993072852867534,0.13092502560667718,0.05651715994666441
14.087898,True,183.53811878689103,225.09858118940926,917.4850498960043,0.9758067676797431,-0.17507193982661493,0.0030993072852867534,0.13092502560667718,0.05651715994666441
14.101792,True,183.51964565082085,225.08393168434444,917.392136487139,0.9757797882796149,-0.17512711000399503,0.0031780292761256156,0.1310503729737494,0.05323082976451426
14.115686,True,183.53811878689103,225.09858118940926,917.4850498960043,0.9758067676797431,-0.17507193982661493,0.0030993072852867534,0.13092502560667718,0.05651715994666441
14.171259,True,183.53811878689103,225.09858118940926,917.4850498960043,0.9758067676797431,-0.17507193982661493,0.0030993072852867534,0.13092502560667718,0.05651715994666441
14.185153,True,183.53811878689103,225.09858118940926,917.4850498960043,0.9758067676797431,-0.17507193982661493,0.0030993072852867534,0.13092502560667718,0.05651715994666441
14.199047,True,183.54377907776686,225.07315623324158,917.3335018714243,0.975786117070513,-0.17507847396094103,0.0029301354450528877,0.13107400960614943,0.0651871194278287
14.254618,True,183.53811878689103,225.09858118940926,917.4850498960043,0.9758067676797431,-0.17507193982661493,0.0030993072852867534,0.13092502560667718,0.05651715994666441
14.268513,True,183.57106877164486,225.12208711645056,917.6183828165417,0.9758229618795685,-0.17506095209993297,0.002941133607238349,0.13082262744477957,0.05777474424818565
14.282405,True,183.57723220742434,225.09551273745865,917.4960098491433,0.9758043532996278,-0.1750783627920273,0.0028186315254572856,0.1309407739395255,0.06813995360322798
14.337981,True,183.57860821055152,225.09376381348108,917.4673060646332,0.9757710885083738,-0.17517071348055324,0.0027935721150143178,0.13106563212656325,0.06257468160522311
14.351875,True,183.57106877164486,225.12208711645056,917.6183828165417,0.9758229618795685,-0.17506095209993297,0.002941133607238349,0.13082262744477957,0.05777474424818565
14.365765999999999,True,183.57106877164486,225.12208711645056,917.6183828165417,0.9758229618795685,-0.17506095209993297,0.002941133607238349,0.13082262744477957,0.05777474424818565
14.421342000000001,True,183.57106877164486,225.12208711645056,917.6183828165417,0.9758229618795685,-0.17506095209993297,0.002941133607238349,0.13082262744477957,0.05777474424818565
14.435234000000001,True,183.57106877164486,225.12208711645056,917.6183828165417,0.9758229618795685,-0.17506095209993297,0.002941133607238349,0.13082262744477957,0.05777474424818565
14.449126,True,183.53688660681522,225.1004163743054,917.5140493355019,0.9758397685379816,-0.17498026184091928,0.0031234953117628608,0.13080098578703067,0.061850057579175804
14.504702,True,183.53811878689103,225.09858118940926,917.4850498960043,0.9758067676797431,-0.17507193982661493,0.0030993072852867534,0.13092502560667718,0.05651715994666441
14.518593999999998,True,183.53811878689103,225.09858118940926,917.4850498960043,0.9758067676797431,-0.17507193982661493,0.0030993072852867534,0.13092502560667718,0.05651715994666441
14.532487999999999,True,183.531782436703,225.12528744489094,917.596834482405,0.9758246465842777,-0.1750510569055637,0.0032058418781544125,0.13081708287821917,0.0461568907330019
14.588066999999999,True,183.51329634083686,225.1106081588205,917.5038562530286,0.9757977019376941,-0.1751062628847594,0.00328455494812942,0.13094217536928765,0.043245223760515726
14.601954,True,183.531782436703,225.12528744489094,917.596834482405,0.9758246465842777,-0.1750510569055637,0.0032058418781544125,0.13081708287821917,0.0461568907330019
14.615849,True,183.51289639983708,225.11515639318873,917.6239074802204,0.9758090627438611,-0.17513231450944905,0.0034550351837965613,0.13081822584559605,0.048005772704487346
14.67142,True,183.53409836160955,225.1143788757903,917.5139898662183,0.9758143088975848,-0.17504867029789623,0.003106232945953194,0.1308997665947223,0.04894903790419647
14.685315000000001,True,183.55533944155493,225.17073953618356,917.5720393278405,0.9757871999452856,-0.17495684828970387,0.003112188482762621,0.13122406769461248,0.05187787793782481
14.699209000000002,True,183.52008698702377,225.0984270380023,917.5014594213635,0.9758332408370172,-0.17511727785301134,0.0028713790861221375,0.13067203318621365,0.05085944809580246
14.754783,True,183.52008698702377,225.0984270380023,917.5014594213635,0.9758332408370172,-0.17511727785301134,0.0028713790861221375,0.13067203318621365,0.05085944809580246
14.768676,True,183.52008698702377,225.0984270380023,917.5014594213635,0.9758332408370172,-0.17511727785301134,0.0028713790861221375,0.13067203318621365,0.05085944809580246
14.782571,True,183.55702225633974,225.18539322311105,917.614143376204,0.9757365035768365,-0.1749309158821951,0.0030864028451055214,0.13163557411939977,0.04679602203592647
14.838144,True,183.53578778382774,225.12909878815861,917.5564493668071,0.9757638397298097,-0.1750226716142511,0.0030811822590492846,0.1313106995360051,0.04323954592351192
14.852038,True,183.56335535417344,225.1587660375867,917.5026668913375,0.9757185442525232,-0.17495160014364933,0.002980832373565281,0.1317435943310871,0.056604470478293124
14.865929,True,183.56335535417344,225.1587660375867,917.5026668913375,0.9757185442525232,-0.17495160014364933,0.002980832373565281,0.1317435943310871,0.056604470478293124
14.921505,True,183.54488386805227,225.14403579790064,917.4094066738509,0.9756914098169935,-0.1750069127086048,0.003058749430688577,0.1318692434400475,0.05382590871803615
14.935397,True,183.5236459406646,225.08774118638578,917.3517811308653,0.9757188765247035,-0.17509868675859958,0.003053592288743027,0.13154390697755036,0.050303452979944575
14.949290999999999,True,183.5293007839319,225.06235669440483,917.2005074284498,0.9756981965012965,-0.1751050978313441,0.002885120500950588,0.13169248322242144,0.05868616783629401
15.004864,True,183.51735008854,225.0657976825022,917.3712765901969,0.9758170701432131,-0.17505774288659162,0.0036518557171968027,0.13085295649082035,0.09243182206616685
15.018758,True,183.50945362494343,225.0773424383072,917.3515231913105,0.9757722881146802,-0.17504232729133368,0.00339518485686201,0.13121394027946406,0.08232933350114939
15.03265,True,183.50945362494343,225.0773424383072,917.3515231913105,0.9757722881146802,-0.17504232729133368,0.00339518485686201,0.13121394027946406,0.08232933350114939
15.088236,True,183.50043366923288,225.0279691817217,917.2470494794063,0.9757895225389542,-0.17508936112521453,0.0032909281744633303,0.13102554375279032,0.0782349864360756
15.102118,True,183.50043366923288,225.0279691817217,917.2470494794063,0.9757895225389542,-0.17508936112521453,0.0032909281744633303,0.13102554375279032,0.0782349864360756
15.116010000000001,True,183.50945362494343,225.0773424383072,917.3515231913105,0.9757722881146802,-0.17504232729133368,0.00339518485686201,0.13121394027946406,0.08232933350114939
15.171586,True,183.50945362494343,225.0773424383072,917.3515231913105,0.9757722881146802,-0.17504232729133368,0.00339518485686201,0.13121394027946406,0.08232933350114939
15.185477,True,183.50945362494343,225.0773424383072,917.3515231913105,0.9757722881146802,-0.17504232729133368,0.00339518485686201,0.13121394027946406,0.08232933350114939
15.199371,True,183.51731632784882,225.1478529839222,917.528509868072,0.9757509326242474,-0.17499256395179286,0.0035954752840280635,0.13143360529929576,0.08951789822793134
15.254945,True,183.50945362494343,225.0773424383072,917.3515231913105,0.9757722881146802,-0.17504232729133368,0.00339518485686201,0.13121394027946406,0.08232933350114939
15.268839,True,183.50322082245845,225.10389459669955,917.4739444938879,0.9757910037275154,-0.17502489921173187,0.0035178459407931924,0.13109472323594118,0.07199153959560142
15.282732,True,183.50322082245845,225.10389459669955,917.4739444938879,0.9757910037275154,-0.17502489921173187,0.0035178459407931924,0.13109472323594118,0.07199153959560142
15.338306000000001,True,183.50322082245845,225.10389459669955,917.4739444938879,0.9757910037275154,-0.17502489921173187,0.0035178459407931924,0.13109472323594118,0.07199153959560142
15.352198,True,183.50322082245845,225.10389459669955,917.4739444938879,0.9757910037275154,-0.17502489921173187,0.0035178459407931924,0.13109472323594118,0.07199153959560142
15.366093000000001,True,183.49158236902377,225.077035611956,917.3789257743149,0.9757998844013545,-0.17509120630860014,0.003183421161039824,0.13094854296789338,0.07632089972452819
15.421666,True,183.4724315710452,225.0443151856853,917.3832686870223,0.9758201448196542,-0.17516840026192995,0.00324938336154035,0.13069245587100806,0.07687734532189927
15.435558,True,183.48407306879236,225.0712341549959,917.4784562083734,0.9758112731071993,-0.17510193854895198,0.003584219622639411,0.1308389229663822,0.07288869843110805
15.449465,True,183.48407306879236,225.0712341549959,917.4784562083734,0.9758112731071993,-0.17510193854895198,0.003584219622639411,0.1308389229663822,0.07288869843110805
15.505027,True,183.48407306879236,225.0712341549959,917.4784562083734,0.9758112731071993,-0.17510193854895198,0.003584219622639411,0.1308389229663822,0.07288869843110805
15.51892,True,183.48407306879236,225.0712341549959,917.4784562083734,0.9758112731071993,-0.17510193854895198,0.003584219622639411,0.1308389229663822,0.07288869843110805
15.532812,True,183.50214759061757,225.10582655644185,917.5032398618116,0.9758237841438504,-0.17493376823276996,0.003540922222730864,0.13097167976655358,0.07742725857678683
15.588387,True,183.50214759061757,225.10582655644185,917.5032398618116,0.9758237841438504,-0.17493376823276996,0.003540922222730864,0.13097167976655358,0.07742725857678683
15.602281000000001,True,183.50214759061757,225.10582655644185,917.5032398618116,0.9758237841438504,-0.17493376823276996,0.003540922222730864,0.13097167976655358,0.07742725857678683
15.616172,True,183.50322082245845,225.10389459669955,917.4739444938879,0.9757910037275154,-0.17502489921173187,0.0035178459407931924,0.13109472323594118,0.07199153959560142
15.671747,True,183.50214759061757,225.10582655644185,917.5032398618116,0.9758237841438504,-0.17493376823276996,0.003540922222730864,0.13097167976655358,0.07742725857678683
15.685641,True,183.50322082245845,225.10389459669955,917.4739444938879,0.9757910037275154,-0.17502489921173187,0.0035178459407931924,0.13109472323594118,0.07199153959560142
15.699532999999999,True,183.50322082245845,225.10389459669955,917.4739444938879,0.9757910037275154,-0.17502489921173187,0.0035178459407931924,0.13109472323594118,0.07199153959560142
15.755111999999999,True,183.50322082245845,225.10389459669955,917.4739444938879,0.9757910037275154,-0.17502489921173187,0.0035178459407931924,0.13109472323594118,0.07199153959560142
15.769001,True,183.50322082245845,225.10389459669955,917.4739444938879,0.9757910037275154,-0.17502489921173187,0.0035178459407931924,0.13109472323594118,0.07199153959560142
15.782893,True,183.50322082245845,225.10389459669955,917.4739444938879,0.9757910037275154,-0.17502489921173187,0.0035178459407931924,0.13109472323594118,0.07199153959560142
15.838468,True,183.50322082245845,225.10389459669955,917.4739444938879,0.9757910037275154,-0.17502489921173187,0.0035178459407931924,0.13109472323594118,0.07199153959560142
15.852362,True,183.50322082245845,225.10389459669955,917.4739444938879,0.9757910037275154,-0.17502489921173187,0.0035178459407931924,0.13109472323594118,0.07199153959560142
15.866254000000001,True,183.50322082245845,225.10389459669955,917.4739444938879,0.9757910037275154,-0.17502489921173187,0.0035178459407931924,0.13109472323594118,0.07199153959560142
15.921826,True,183.50322082245845,225.10389459669955,917.4739444938879,0.9757910037275154,-0.17502489921173187,0.0035178459407931924,0.13109472323594118,0.07199153959560142
15.935722,True,183.50322082245845,225.10389459669955,917.4739444938879,0.9757910037275154,-0.17502489921173187,0.0035178459407931924,0.13109472323594118,0.07199153959560142
15.949616,True,183.50322082245845,225.10389459669955,917.4739444938879,0.9757910037275154,-0.17502489921173187,0.0035178459407931924,0.13109472323594118,0.07199153959560142
16.005188,True,183.50322082245845,225.10389459669955,917.4739444938879,0.9757910037275154,-0.17502489921173187,0.0035178459407931924,0.13109472323594118,0.07199153959560142
16.019082,True,183.50322082245845,225.10389459669955,917.4739444938879,0.9757910037275154,-0.17502489921173187,0.0035178459407931924,0.13109472323594118,0.07199153959560142
16.032974,True,183.50214759061757,225.10582655644185,917.5032398618116,0.9758237841438504,-0.17493376823276996,0.003540922222730864,0.13097167976655358,0.07742725857678683
16.088549,True,183.50322082245845,225.10389459669955,917.4739444938879,0.9757910037275154,-0.17502489921173187,0.0035178459407931924,0.13109472323594118,0.07199153959560142
16.102442,True,183.5110688216905,225.17438512594876,917.6508892998633,0.975769676568542,-0.17497516672597724,0.003717996601620289,0.13131414935112554,0.07912542376022973
16.116335,True,183.5110688216905,225.17438512594876,917.6508892998633,0.975769676568542,-0.17497516672597724,0.003717996601620289,0.13131414935112554,0.07912542376022973
16.17191,True,183.5110688216905,225.17438512594876,917.6508892998633,0.975769676568542,-0.17497516672597724,0.003717996601620289,0.13131414935112554,0.07912542376022973
16.185804,True,183.5110688216905,225.17438512594876,917.6508892998633,0.975769676568542,-0.17497516672597724,0.003717996601620289,0.13131414935112554,0.07912542376022973
16.199695,True,183.5134061969673,225.18543388734932,917.7461830718695,0.9758280509161353,-0.17496708604353925,0.004036779667852445,0.13088100800560204,0.07961271088645827
16.255274,True,183.51743283848077,225.18939899540874,917.706157580847,0.9757670438976939,-0.1749387196004833,0.003912995556468014,0.13137659187798378,0.07686410676785164
16.269163,True,183.51743283848077,225.18939899540874,917.706157580847,0.9757670438976939,-0.1749387196004833,0.003912995556468014,0.13137659187798378,0.07686410676785164
16.283057,True,183.51743283848077,225.18939899540874,917.706157580847,0.9757670438976939,-0.1749387196004833,0.003912995556468014,0.13137659187798378,0.07686410676785164
16.338633,True,183.51636246251303,225.19136575000374,917.7354665831856,0.9757997876147687,-0.17484748148746265,0.003936105584509886,0.13125410386456962,0.08238066941905231
16.352524,True,183.50854153675982,225.12087328672519,917.5586376027211,0.9758211934320081,-0.17489729226463155,0.0037358231957494853,0.1310342673978137,0.07518284890410146
16.366417,True,183.51743283848077,225.18939899540874,917.706157580847,0.9757670438976939,-0.1749387196004833,0.003912995556468014,0.13137659187798378,0.07686410676785164
16.42199,True,183.51743283848077,225.18939899540874,917.706157580847,0.9757670438976939,-0.1749387196004833,0.003912995556468014,0.13137659187798378,0.07686410676785164
16.435883999999998,True,183.526350642576,225.20579563881233,917.7209544051827,0.9757134777654152,-0.1748830218053757,0.003980825923704664,0.13184570913042434,0.07264109295421317
16.449779,True,183.52694225751375,225.1198713635834,917.4661636882139,0.9757653071269152,-0.17481424621545846,0.0036364366944263158,0.13156299272897942,0.06622418220309174
16.50535,True,183.52694225751375,225.1198713635834,917.4661636882139,0.9757653071269152,-0.17481424621545846,0.0036364366944263158,0.13156299272897942,0.06622418220309174
16.519244,True,183.5485957807628,225.2350813502755,917.791565757897,0.9757668987188152,-0.1746949798550774,0.004244385548909329,0.13169133824748006,0.07291040266396984
16.533137,True,183.5549015576391,225.20865340043622,917.6693718355378,0.9757480439037212,-0.17471233371138867,0.004121828323424372,0.13181185757910446,0.08327929686155351
16.58871,True,183.5549015576391,225.20865340043622,917.6693718355378,0.9757480439037212,-0.17471233371138867,0.004121828323424372,0.13181185757910446,0.08327929686155351
16.602605,True,183.5485957807628,225.2350813502755,917.791565757897,0.9757668987188152,-0.1746949798550774,0.004244385548909329,0.13169133824748006,0.07291040266396984
16.616497,True,183.5485957807628,225.2350813502755,917.791565757897,0.9757668987188152,-0.1746949798550774,0.004244385548909329,0.13169133824748006,0.07291040266396984
16.672072,True,183.54847941453588,225.0732322590504,917.7255018304035,0.9758569908747825,-0.17513773150064063,0.003985116900211631,0.13043782890295125,0.07296613998119664
16.685969,True,183.5575579930963,225.08999002746117,917.7411249624232,0.975803544743446,-0.17508132989097863,0.004054424668803953,0.13091039542502816,0.06832577820544729
16.699858,True,183.55482825849495,225.08552865397672,917.6991061047719,0.9757716188960729,-0.17516642834134863,0.004050861501880985,0.13103457810885305,0.06350805458627208
16.755435000000002,True,183.5575579930963,225.08999002746117,917.7411249624232,0.975803544743446,-0.17508132989097863,0.004054424668803953,0.13091039542502816,0.06832577820544729
16.769326,True,183.5575579930963,225.08999002746117,917.7411249624232,0.975803544743446,-0.17508132989097863,0.004054424668803953,0.13091039542502816,0.06832577820544729
16.783219000000003,True,183.54847941453588,225.0732322590504,917.7255018304035,0.9758569908747825,-0.17513773150064063,0.003985116900211631,0.13043782890295125,0.07296613998119664
16.838793000000003,True,183.54847941453588,225.0732322590504,917.7255018304035,0.9758569908747825,-0.17513773150064063,0.003985116900211631,0.13043782890295125,0.07296613998119664
16.852686000000002,True,183.560198057494,225.1469082122501,917.8905986482383,0.9758323468395287,-0.17507344570368605,0.0041575699786225535,0.1307028464991069,0.07957053452186615
16.866578,True,183.54847941453588,225.0732322590504,917.7255018304035,0.9758569908747825,-0.17513773150064063,0.003985116900211631,0.13043782890295125,0.07296613998119664
16.922151999999997,True,183.560198057494,225.1469082122501,917.8905986482383,0.9758323468395287,-0.17507344570368605,0.0041575699786225535,0.1307028464991069,0.07957053452186615
16.936045,True,183.560198057494,225.1469082122501,917.8905986482383,0.9758323468395287,-0.17507344570368605,0.0041575699786225535,0.1307028464991069,0.07957053452186615
16.949939999999998,True,183.560198057494,225.1469082122501,917.8905986482383,0.9758323468395287,-0.17507344570368605,0.0041575699786225535,0.1307028464991069,0.07957053452186615
17.005512,True,183.5680035419629,225.21737668683062,918.0671079802348,0.9758108315557025,-0.17502360943761558,0.004357191656846049,0.1309235350838921,0.0864988017954754
17.019406999999998,True,183.55431138884833,225.04772684250557,917.5736467940663,0.975836191433728,-0.17514466482405117,0.0038150969692099875,0.13058912246777196,0.08129444549432475
17.033303,True,183.55431138884833,225.04772684250557,917.5736467940663,0.975836191433728,-0.17514466482405117,0.0038150969692099875,0.13058912246777196,0.08129444549432475
17.088872,True,183.57866273869706,225.16994394271464,917.8968578003187,0.9758110526785762,-0.17497273312340528,0.004194554421515244,0.13099518253302206,0.1115805687945659
17.102767,True,183.56819124564026,225.0425971026506,917.5712097002342,0.9758038625991007,-0.1750304649417768,0.0038923605744716782,0.13098094368303803,0.09345526148496434
17.116659,True,183.57595172330443,225.11259109146712,917.746648203254,0.9757824749431077,-0.17498098037512724,0.004091100030052831,0.13120015625526926,0.10054802413154285
17.172238,True,183.57595172330443,225.11259109146712,917.746648203254,0.9757824749431077,-0.17498098037512724,0.004091100030052831,0.13120015625526926,0.10054802413154285
17.186128,True,183.5893672212471,225.09889785464372,917.6292088467843,0.9757766841488331,-0.17493885224919656,0.0038990790580268877,0.13130520868473194,0.09581481701703116
17.200020000000002,True,183.5893672212471,225.09889785464372,917.6292088467843,0.9757766841488331,-0.17493885224919656,0.0038990790580268877,0.13130520868473194,0.09581481701703116
17.255597,True,183.57974004931657,225.08682865790098,917.7344193597963,0.9758418800823186,-0.1750212472962403,0.003999588088531927,0.13070650851199353,0.10305708164251752
17.269491000000002,True,183.57974004931657,225.08682865790098,917.7344193597963,0.9758418800823186,-0.1750212472962403,0.003999588088531927,0.13070650851199353,0.10305708164251752
17.28338,True,183.5722331481422,225.1999627902744,918.1678768923764,0.9758431139849252,-0.1749915763450121,0.004532046914478826,0.13071964522311644,0.1054406104358539
17.338957999999998,True,183.5722331481422,225.1999627902744,918.1678768923764,0.9758431139849252,-0.1749915763450121,0.004532046914478826,0.13071964522311644,0.1054406104358539
17.352847,True,183.5722331481422,225.1999627902744,918.1678768923764,0.9758431139849252,-0.1749915763450121,0.004532046914478826,0.13071964522311644,0.1054406104358539
17.366741,True,183.5739008881699,225.1121183336315,917.8847475355883,0.9758626043191317,-0.17501428680212014,0.0041673792524396635,0.13055577297382648,0.09614285253823739
17.422317,True,183.56047232752047,225.12577479588137,918.0019826659277,0.975868202874892,-0.17505637516960723,0.004358650951141549,0.13045121038952603,0.09882411254494608
17.436207999999997,True,183.56047232752047,225.12577479588137,918.0019826659277,0.975868202874892,-0.17505637516960723,0.004358650951141549,0.13045121038952603,0.09882411254494608
17.450105,True,183.58175635969712,225.1825047371943,918.0606374147134,0.9758409954746017,-0.1749643548826731,0.004365613043235941,0.13077754965736688,0.10254773237726474
17.505676,True,183.58175635969712,225.1825047371943,918.0606374147134,0.9758409954746017,-0.1749643548826731,0.004365613043235941,0.13077754965736688,0.10254773237726474
17.519569,True,183.56047232752047,225.12577479588137,918.0019826659277,0.975868202874892,-0.17505637516960723,0.004358650951141549,0.13045121038952603,0.09882411254494608
17.533464,True,183.58419764747296,225.09543239470437,917.7752354797718,0.9758596414009985,-0.1749838971590055,0.003995818586994136,0.13062400029696336,0.09442849837979511
17.589035,True,183.58419764747296,225.09543239470437,917.7752354797718,0.9758596414009985,-0.1749838971590055,0.003995818586994136,0.13062400029696336,0.09442849837979511
17.602929,True,183.58419764747296,225.09543239470437,917.7752354797718,0.9758596414009985,-0.1749838971590055,0.003995818586994136,0.13062400029696336,0.09442849837979511
17.616825000000002,True,183.5775395936586,225.13015651866866,917.90447780033,0.9758235157228982,-0.17509130160167907,0.004197655358010102,0.13074357328422692,0.09340355203036618
17.672396,True,183.58215139316084,225.1066740024452,917.7829822939622,0.9758356788473936,-0.17500651101609976,0.004053582526166754,0.13077085860053614,0.10491119287010493
17.68629,True,183.58215139316084,225.1066740024452,917.7829822939622,0.9758356788473936,-0.17500651101609976,0.004053582526166754,0.13077085860053614,0.10491119287010493
17.700183000000003,True,183.61219985121346,225.18260267387544,917.9223285927476,0.9758078743415225,-0.17496604228248863,0.004413820454126976,0.13102058849692472,0.101821733997045
17.75576,True,183.59683922948435,225.09117441870043,917.6363353745229,0.9757969151446715,-0.17505584122738493,0.0038376202546924684,0.13100040273638927,0.09788383550333514
17.769650000000002,True,183.60480497610078,225.1618120099268,917.812648254609,0.975775180312555,-0.17500563570637825,0.004036071482065087,0.1312232261606097,0.10412098008130904
17.783547,True,183.60480497610078,225.1618120099268,917.812648254609,0.975775180312555,-0.17500563570637825,0.004036071482065087,0.1312232261606097,0.10412098008130904
17.839116999999998,True,183.60480497610078,225.1618120099268,917.812648254609,0.975775180312555,-0.17500563570637825,0.004036071482065087,0.1312232261606097,0.10412098008130904
17.853008999999997,True,183.60480497610078,225.1618120099268,917.812648254609,0.975775180312555,-0.17500563570637825,0.004036071482065087,0.1312232261606097,0.10412098008130904
17.866902999999997,True,183.60480497610078,225.1618120099268,917.812648254609,0.975775180312555,-0.17500563570637825,0.004036071482065087,0.1312232261606097,0.10412098008130904
17.922479,True,183.57551168989636,225.03467323252184,917.578585337438,0.9758242089451632,-0.17514796060405358,0.003832154295433685,0.13067371474877143,0.09356452207496986
17.936370999999998,True,183.58103271745327,225.13510617009726,917.8653427596211,0.9758180549681312,-0.1750655048805623,0.004126001453592163,0.1308211325097442,0.0911888252345869
17.950264,True,183.57831343786106,225.07796483859624,917.7155770949482,0.9757892742432662,-0.17507373103443089,0.004022648913063563,0.13102785684428278,0.0797557643052741
18.005838,True,183.5979836619891,225.22253288690473,918.057147108705,0.9757423321265711,-0.1749589919443844,0.004394206179018541,0.13151784436364958,0.09254129673803432
18.019731,True,183.57897914083395,224.9745943284786,917.3881315302223,0.9758123953394716,-0.17510417253886246,0.003604962080839982,0.13082699304699555,0.07175258392700708
18.033631,True,183.6016655252497,225.1392143700573,917.7766390756154,0.9757592873330663,-0.17497314594141591,0.00402541608019761,0.13138495883476117,0.08499074797529249
18.089198,True,183.61864386074654,225.0463326486848,917.3905414625458,0.9757687485683324,-0.17494341152441326,0.0034804321886119957,0.13136985450768768,0.082358019236603
18.103092,True,183.61864386074654,225.0463326486848,917.3905414625458,0.9757687485683324,-0.17494341152441326,0.0034804321886119957,0.13136985450768768,0.082358019236603
18.116988000000003,True,183.61913700644192,225.04513979840527,917.4193042381931,0.9757707494096598,-0.17495425346241575,0.0035263493724442493,0.13133932637265652,0.08565661005038679
18.172558000000002,True,183.6008810450788,225.06749085815537,917.5918474372073,0.975778346152478,-0.17501082751901195,0.003804086418018104,0.13119968886232158,0.08293879346182582
18.186451,True,183.61037753245637,225.12243773328518,917.7269855385056,0.9757918186861806,-0.1748649087085292,0.003928672248811356,0.1312903493095959,0.0909221644270087
18.200344,True,183.62681150412166,224.97420914718612,917.1150971934906,0.9757588053016673,-0.17496849508630813,0.003157856610390164,0.13141844446318865,0.08655908961434755
18.255923,True,183.60857926921798,225.0240440037922,917.2979811489785,0.9757551868609705,-0.17503383924478413,0.0031973748303721016,0.1313573265080327,0.09426325028495111
18.269812,True,183.59178480457823,225.00673370764204,917.2771472295323,0.9757836291048466,-0.1750506280997624,0.003161954757745154,0.13112432579412406,0.07967256816156687
18.283704,True,183.61892453178186,225.04352904513783,917.3164161063999,0.975761653819498,-0.174927282662639,0.0033756152325912984,0.1314467418291726,0.07754532268619095
18.339282,True,183.66053882037104,225.11138183531074,917.8904964893519,0.9758062986788406,-0.17511040498262995,0.0036862238915357816,0.1308618557064731,0.0821424508899907
18.353171999999997,True,183.67480369795857,225.10823979090594,917.9318890352174,0.9758341031722555,-0.1752617162803425,0.003485002915247686,0.1304568459190595,0.08190811257133589
18.367065999999998,True,183.67480369795857,225.10823979090594,917.9318890352174,0.9758341031722555,-0.1752617162803425,0.003485002915247686,0.1304568459190595,0.08190811257133589
18.422639999999998,True,184.50842224424605,225.12870441848597,916.7218281640162,0.9750875610335001,-0.17360212464468167,0.0029966700360441185,0.13804916010352128,0.24476098318807724
18.436533,True,184.5501702554508,225.21122682041192,916.9073341024986,0.9750547050583215,-0.17349199902271648,0.003033563132892661,0.13841837274527646,0.20197721599142904
18.450426,True,184.50042403010042,225.21439854913172,916.9307176191335,0.975088685639972,-0.17338391249592477,0.003474424119970758,0.13830402163911223,0.18934343787646418
18.506003,True,184.38928263450174,224.8752547154779,915.58456673229,0.9749212683350844,-0.17396265987236295,-0.0006467932499893541,0.1387987578349844,0.18009454263893288
18.519893,True,184.3918403493141,224.8507204726701,915.5840719305002,0.9749456864779066,-0.17394964698462334,-0.0003762665737844605,0.13864446312606046,0.18502091532150097
18.533787,True,184.41120995727115,224.96168598901775,915.9241924179604,0.9749691099401672,-0.1738522146418764,0.00026507586867934713,0.13860220727454886,0.17851351949397556
18.58936,True,183.77162221882045,225.10948913723422,918.2581310949374,0.9758231620969593,-0.17548767319854555,0.002083323052194423,0.1302647021856354,0.01573671755483316
18.603254,True,183.79366348413194,225.12935859354886,918.3534867424465,0.9758819120504916,-0.1754125528433929,0.002752865529258519,0.12991286221548004,0.010814887711408757
18.617148,True,183.78226603502173,225.10533851284168,918.2883214561688,0.9759114912963756,-0.17547885136612484,0.0025202777734290114,0.12960548629920848,0.01627992744677223
18.672721000000003,True,183.89409439862408,225.223683382211,918.0702133547978,0.9757344429929996,-0.17501384716830404,0.0020624540882059317,0.1315606184981809,0.05262307218102534
18.686615000000003,True,183.9609179080132,225.08930549821744,917.4458873958183,0.9758318544865258,-0.17487366638882162,0.001510327892906239,0.13103095620033922,0.10243072094639845
18.700507,True,183.9814203851088,225.12206792662047,917.5657756647067,0.9758552542909276,-0.1748150437729634,0.001890275753115753,0.13092994310326164,0.10723717892378432
18.756081,True,184.1716254017006,224.97882980642828,916.9415598769216,0.975517874043766,-0.17508853860504586,-0.0005718568292585697,0.13307349116201636,0.1359766486550454
18.769973999999998,True,184.17322657523127,224.83176295239554,916.518452826108,0.9754691959565855,-0.17541575754888464,-0.0011257047160586247,0.13299583652226052,0.13756465150013308
18.783866999999997,True,184.49943831588445,224.53804283191914,916.6087068766133,0.9757672569384063,-0.17682472492015483,-0.005033873898182897,0.128786400902375,0.12586306730621116
18.839443,True,184.75468916700578,222.70785277786328,915.9400189859722,0.9783179176855437,-0.18706631775066718,-0.01872190782725463,0.08688921029642407,0.12637186954556856
18.853334,True,185.02459405649952,222.93304429766954,917.6549783425709,0.9788219991652587,-0.18995560232509492,-0.022486984553404827,0.07292940847923868,0.14157972675164074
18.867227,True,185.2057698430471,222.76725291557,917.901961736976,0.9790753491454735,-0.1940493943965978,-0.02793485073223497,0.05455215251986501,0.20179592942449287
18.922804,True,186.0488873579672,221.82029330162723,922.7084495177647,-0.9764425550867717,0.21117727522101823,0.04032892985507016,0.0183758663085,0.2222328136999216
18.936697,True,186.31780984949478,220.75929135145068,924.4752512763728,-0.9749623152070506,0.21678262950960006,0.043342805390295974,0.023982841572881226,0.24993242649174963
18.950588,True,186.490837893535,218.89407575792882,925.3286320733437,-0.9736569328919027,0.22209207351821547,0.04645491833218263,0.02256609125795598,0.23899773389996606
19.006164000000002,True,186.755120219373,208.9809225867058,929.0276710759815,0.970481141090902,-0.2364602372389157,-0.04564503270840886,0.01301698816411494,0.28365866107548277
19.020054000000002,True,186.81320413580312,205.784656374662,929.4507027511443,0.9701921222812396,-0.23764857515101193,-0.04518669079522443,0.014441730058919569,0.286165249074848
19.033948,True,186.9898435339632,202.93973457314692,931.2410280036175,0.9702411031977948,-0.23738930526389782,-0.04470733322616526,0.016726439180369215,0.2889002611068211
19.089523,True,186.34751158112738,188.88705592844323,935.0020822530131,0.9721470927180244,-0.23013424418067724,-0.04292791673135249,0.011200613393357818,0.3124354978212155
19.103416000000003,True,186.3529979078366,185.27362422472234,937.8472672532776,0.973059598759749,-0.2260574463930907,-0.043540952868301765,0.012539282877090463,0.3196827863202971
19.117311,True,185.60620699410183,180.57249819870017,937.0173720484609,0.9736781847510394,-0.22274161556704472,-0.046700344078552274,0.012491721156363118,0.31621897180269964
19.172886,True,183.61071666873,161.53394773878588,942.1501699906626,0.9773825821192342,-0.20378157676885644,-0.052683605424926463,0.020513284938494393,0.24568462611627734
19.186776000000002,True,182.99265729239852,156.53637259333993,944.0797782143245,0.9782580214851141,-0.1987317304414524,-0.05371898019368605,0.025123970281913603,0.2339369531717747
19.20067,True,182.2844858440239,151.24826055113218,945.055909040966,0.9790248278485415,-0.19388231681478513,-0.05603862356661733,0.027923222439820605,0.22380608229089305
19.25625,True,178.39432308069405,126.95703422058241,948.2269283032978,0.9819545400826465,-0.1747985548180889,-0.0650232841475156,0.03134834865279338,0.29081925617850674
19.270138,True,177.43396888453725,120.68080411267468,948.8121381797018,0.9824947840929308,-0.1693094296312072,-0.06808818698983461,0.03744749738737471,0.2852265629232495
19.284029999999998,True,176.418837642302,114.1354905012518,950.5189702069121,0.9830750505598203,-0.16437338320592737,-0.07095067287477003,0.03886949805260968,0.28898977010142757
19.339606,True,173.45978954861687,87.28545893240592,955.930244481916,0.9863972876867231,-0.1373314166371504,-0.07655720338471779,0.04795276278401957,0.2788370686700875
19.353496,True,172.71076913396882,80.35886756455193,956.8992718688346,0.9869695390607556,-0.13025368432659154,-0.07995144716703108,0.050327654241438396,0.3030030791433005
19.367392,True,171.898573927024,73.32117429193337,957.8341543464918,0.9876384397192854,-0.12290675413020309,-0.08255083284200491,0.05147428654312978,0.22173561039763554
19.422967,True,169.2520874933531,44.522133149919384,964.3219882790653,0.9905663127426066,-0.09265623263204367,-0.0821042452044521,0.058754536278997994,0.26428805539819183
19.436857,True,168.6439761649409,37.014552386808674,965.7924157143917,0.9909121109976875,-0.08552110357862787,-0.08151522616386503,0.06430083222053815,0.2141160048602809
19.45075,True,167.95888779112394,29.3707759728293,966.5640629572048,0.9915020423444626,-0.07909106470604578,-0.08090333269782503,0.06421023492254492,0.20935847648619432
19.506325,True,165.93770165632952,-1.4186625869420497,971.4343652551344,0.9930542745689421,-0.056987369564727615,-0.07704553497887556,0.06826150460006089,0.2810569301384229
19.520239,True,165.3479096687519,-8.959269910947837,972.5148434637732,0.9934598280122074,-0.05123345143424399,-0.07569534813571131,0.06843184821925849,0.26700634716186705
19.534111,True,164.8335052437863,-16.691634106108307,974.0156306640876,0.993801755078326,-0.04568096524562039,-0.07358070638360156,0.06969361997742286,0.29879235365356444
19.589686,True,162.65826855553638,-45.770047796641116,980.0181537062498,0.99438254112316,-0.020078554733398403,-0.07392659535450735,0.07304157753331832,0.3254829170582517
19.603577,True,162.1043274957749,-52.27432143091263,981.3151757414798,0.9941602699520008,-0.0122146373359388,-0.07686154549897946,0.07475602388586772,0.2121283949949583
19.617471000000002,True,161.67610951338926,-58.56501591583788,983.5393812272995,0.9940571019424351,-0.003603315236067325,-0.07744282962147439,0.0764205622678609,0.20606270009756913
19.673047,True,160.85132889981523,-78.89757303972264,986.6337703378803,0.9934390187010887,0.03235091696080112,-0.08511786193335208,0.06919020070724112,0.2561128454065372
19.686940999999997,True,160.87186549811042,-82.71465154858072,986.8021449871181,0.9930531933446564,0.041450004105748735,-0.08555187139961733,0.06934067815963067,0.23720850612693498
19.700833,True,161.20040753899323,-85.92125230393533,987.3286799476602,0.9925600942913582,0.05038383231691624,-0.0874905476039599,0.06805389585725324,0.23239364863941703
19.756408,True,163.70113621735945,-92.72749070168007,986.6074869764483,0.9924691873817062,0.0706278601788153,-0.08580966828790507,0.05151037073034181,0.17646614026538882
19.7703,True,164.6682662000834,-93.00584683142858,985.4118314513752,0.9929345649980518,0.07078094570315911,-0.08369178863396326,0.04546088288566331,0.16741783839434748
19.784193,True,165.63738833506437,-92.18525445006007,981.0372323459663,0.9933152781124652,0.0692951861942522,-0.08208540685725516,0.04224833037811941,0.16353673100556432
19.839771,True,172.6510560683054,-87.96957277768306,971.3406980032175,0.9967888503259402,0.03428962995159233,-0.06228901601395352,0.03682781051985966,0.15547502975989302
19.85366,True,174.38850342199837,-86.01520371662005,965.2655541437301,0.9970996930103575,0.02245288472781659,-0.06091330265106066,0.03971951316658807,0.17969803621360755
19.867553,True,176.69368306255987,-84.38855306041695,962.6713501147625,0.9977093300942322,0.008667591168763387,-0.05382368189619614,0.040049678817520314,0.1999679612860064
19.923128000000002,True,186.34773181824485,-79.12783290226739,948.0424569865899,0.9971660693842971,-0.04043431680752833,-0.045843824936777626,0.043854758101551795,0.26342850726820866
19.93702,True,188.6902569824963,-77.91434579316018,944.1810863555806,0.9967392237465607,-0.04873977586287097,-0.04534807001820218,0.045595028671613344,0.25723689414398804
19.950912,True,191.01346696643216,-76.98995864865469,941.6088561789489,0.9963952578456629,-0.05679091816232336,-0.04364409673074853,0.04545849290850012,0.2600767984587723
20.006487,True,200.07514416605986,-74.59887733981603,930.0802849839952,0.9958492343271715,-0.06920050277844507,-0.04162321007324568,0.04198929968926839,0.2698345188917188
20.020381,True,202.08669256083667,-74.41126639128706,927.8315472191634,0.995919525076961,-0.06967444972350319,-0.038504802537871384,0.0425105964169794,0.2870863975164622
20.034273000000002,True,204.1773301722274,-74.37561166245035,924.8416210298813,0.9959467153059622,-0.06947022918571569,-0.03734850317762537,0.043233283920373594,0.2811852772813488
20.089848000000003,True,212.00335960769257,-75.78966212048195,914.2474207977297,0.9960731153577039,-0.06891486412550184,-0.03096107326564553,0.046157364595492134,0.29461596420597713
20.103740000000002,True,214.001071416132,-76.05202250308228,911.6460475001251,0.9959772200655514,-0.06869035257942407,-0.028655812859515788,0.04989846653326048,0.28489451746715777
20.117633,True,215.85829072096075,-76.92071513481585,910.5229544814107,0.9962069543625329,-0.06888786102520848,-0.024805486461373382,0.047019724845141074,0.3353423311234361
20.173208,True,222.6585404211038,-80.54281689455993,901.5623914358908,0.9964146216117039,-0.06540842979727249,-0.023383893919516043,0.048299406363030546,0.314502557363358
20.187102,True,224.02955044693846,-81.71364686606954,900.4482230753645,0.9965095228960239,-0.06365076663411198,-0.021426711536771087,0.04958070912309207,0.30614185254836457
20.200993999999998,True,225.41466700789707,-82.9286321434663,897.0120686296406,0.9965102299483993,-0.061087460673474404,-0.02424863654993726,0.05145568367171555,0.3281516562696494
20.256569,True,230.3049487248294,-89.35026752210342,891.6807258071383,0.9966137847320264,-0.05243025512136403,-0.02878707723569748,0.056421065341245406,0.33013867491436794
20.270462,True,231.0105716942637,-91.06767245875567,889.9177731233833,0.9967077478412034,-0.04965457287736288,-0.027726647945479656,0.05778686511128848,0.2643312599682111
20.284354999999998,True,232.05725276062452,-92.77250464036513,889.3714072549717,0.9967053236991459,-0.046543331926177996,-0.0304976019300857,0.059009425005709513,0.32277809701300636
20.339929,True,234.5284078339049,-98.8074869051511,883.1254785845852,0.9974070044583984,-0.02964633348711768,-0.039610953097446604,0.05226217334561352,0.35261983881326053
20.353822,True,235.13247703368322,-100.15652477844966,882.0531455143868,0.9976400071645145,-0.024615085701493445,-0.041213879660070736,0.049091035679242744,0.3099384266892864
20.367714,True,235.82517341830447,-101.62004065006907,881.6240726815498,0.9978294873111904,-0.019361199111635013,-0.04277506491327288,0.04617090039096114,0.26893710274999605
20.42329,True,237.2476988681465,-106.59261881335874,876.2764798517723,0.9979512731635107,-0.0038053267128889527,-0.045999683329288915,0.04430355531490984,0.2572376489847718
20.437181,True,237.2494828920469,-107.30026454146042,874.1641660533171,0.9978417674754373,-0.0018415229175309947,-0.04663574256959875,0.04619007891118655,0.2848323756217911
20.451074000000002,True,237.323049437061,-108.08594118641803,871.9242934991124,0.9976965321213983,-0.0022303165769435515,-0.046197581788749165,0.04962296764376279,0.2729576692550995
20.506646,True,237.05230462552,-108.39030540766232,860.5579512812258,0.9978258887196938,-0.01471494470777808,-0.04681105135950013,0.04399649615160935,0.30994858029333305
20.520542000000003,True,236.98252765084865,-108.11993704810934,858.0437342858811,0.9978741203737614,-0.020261709796925025,-0.046745129668500716,0.04063983091342731,0.2628483104459247
20.534433,True,236.84231958253733,-107.35521422301815,854.2742356839658,0.9976934440844873,-0.025205212545827898,-0.048273660422898705,0.04052335870492578,0.2976576600181958
20.590008,True,236.1601786619504,-106.59446372099747,839.2955794127339,0.9976199365083455,-0.03725572409421737,-0.052088263320807675,0.025559462582820207,0.30339092798924544
20.603901999999998,True,235.91947597094,-106.43688096669227,835.0956790850794,0.9976614662390152,-0.03531459323739261,-0.05237501927321226,0.02610240683206194,0.3202297746080821
20.617794,True,235.61886772478442,-106.8237222347144,832.1300864313015,0.9979715089959578,-0.03234293619066568,-0.05119520356010727,0.01964313730890755,0.3215130877805186
20.673368999999997,True,233.35794343791306,-108.85078266538413,817.2096435812422,0.9984730894559132,-0.0044351955966955275,-0.054249927651057066,0.009421466034416893,0.31703717353935645
20.687262999999998,True,232.61918246259825,-110.0137796763913,813.209794693038,0.9984808504737843,0.0038445912802432783,-0.05405999113843942,0.009936182020681859,0.31558185880665923
20.701154,True,232.10044913589778,-111.58918380087994,809.8774859164647,0.9983481670569668,0.011011413204778291,-0.05540047757680735,0.010510623078096137,0.3164278060220779
20.75673,True,229.23955156317402,-118.56776312816748,796.4454547824455,0.9979052287306825,0.031867258817901895,-0.054512300670522616,0.01407271697304338,0.28639503232653596
20.770621,True,228.60030822555115,-120.56244170298645,793.3155976638692,0.9977353128633458,0.03502712734681187,-0.0548815878803453,0.01689251689487677,0.25435005070271816
20.784515,True,227.8717363358223,-122.38637815492176,789.4635335513523,0.9975523915452889,0.0368680669867688,-0.05564890417514578,0.02081276586711433,0.2604604654782539
20.840093,True,225.2779888714035,-130.87263515692337,780.489631986717,0.9971691055413271,0.038871085212163786,-0.05565501375452719,0.03233161196603011,0.26098901837132044
20.853984,True,224.57692859587894,-132.67053573906333,778.1289773035529,0.9970356210272899,0.03864216486041323,-0.05638228562373607,0.03532409044080794,0.312329190527826
20.867877,True,224.05514569460618,-134.3736209144713,776.6264373557358,0.9969155053467766,0.03817487042858213,-0.05720629352870887,0.03780997814927874,0.2614383048680024
20.923454000000003,True,221.6279633076504,-140.2448872253634,771.2041118532558,0.9970360977907787,0.030552487540481118,-0.05526548582920312,0.043946459280446035,0.31075127263480806
20.937344,True,220.88582579243985,-141.48092429259708,769.9243782401795,0.9969355732305406,0.028947961013166743,-0.05713280448692896,0.04491459709417345,0.3565427305748016
20.951237000000003,True,220.2812330659692,-142.78978183258124,769.7837494235956,0.9968909618020428,0.0275461655157352,-0.05642818020548881,0.04759705370581952,0.313860461611643
21.006811000000003,True,216.85404996291592,-147.63075253302415,770.7147081690341,0.9966006008705021,0.02588357804299941,-0.05987626355404739,0.05032013309852007,0.28350131769296577
21.020703,True,215.93863916221616,-149.0444848954103,771.6713827277284,0.9967102286816297,0.025254946285136286,-0.06069827786025591,0.04739859485625245,0.34841766867477697
21.034597,True,214.84875871937203,-150.38141019204093,772.5990982738276,0.9968268302576544,0.024794854805277104,-0.059730502374516346,0.04640854166799884,0.33088500083848943
21.090168000000002,True,210.2275261577774,-156.70792197698754,778.4257225446254,0.9969005978812396,0.02071892449044483,-0.05628854054759073,0.05090701636325109,0.2987134835583915
21.104063999999997,True,208.79262558531707,-157.96374178781298,779.8949782315897,0.9967117345582438,0.02062697219590497,-0.05480140075639514,0.05600939820300879,0.29756963530654656
21.117957999999998,True,207.29611005813126,-159.28313315428483,781.9585452770607,0.9968039367641393,0.02070427077342115,-0.052413378600838154,0.05662227977483502,0.3189564701264425
21.173531,True,200.5582110928415,-160.34122032662756,788.8496375912882,0.9969257389761633,0.025363014452959038,-0.0467756565122765,0.05751370638843222,0.30037701756600044
21.187424999999998,True,198.50092166168372,-159.68634853805233,790.3557210906417,0.9970790688793372,0.027410805440699192,-0.044471287835679385,0.05571609018984146,0.3500516569319236
21.201318999999998,True,196.46673498642897,-158.54745432221097,791.9601937225989,0.997174852880974,0.029376989498504584,-0.041852354459184955,0.05502441000170179,0.34143019913702516
21.256892,True,187.09276873199022,-151.4280616017375,796.7888765610915,0.9974173262130422,0.03941621907755799,-0.030862323074297694,0.05150297135227393,0.33573220037643225
21.270785,True,184.51856835256467,-148.8779451555702,797.9277512307401,0.9973517260317719,0.04288989403319674,-0.029086956714143474,0.0510288204878014,0.27171659648664914
21.284678,True,181.9253126292019,-146.43338234947734,799.705668046001,0.9973736973258105,0.04535591308161236,-0.027731286291042757,0.04918866527788873,0.2709644169901068
21.340253,True,171.63561139030693,-137.01294145511883,804.4237413052365,0.9973291992882872,0.04964864562947342,-0.02620764731502624,0.04671872704124352,0.28542724896711347
21.354145,True,169.27101083077153,-134.9785675856824,806.3939463921055,0.9973344369738227,0.04927735564504164,-0.025553387870938922,0.04735807655572067,0.2716542732224449
21.368038000000002,True,166.94036357437523,-132.82049001270758,807.7803337585625,0.9973246366004361,0.047973481770457925,-0.025367704494458482,0.04897544124670171,0.27864767186830813
21.423614,True,159.03022423141476,-126.32916086374183,813.4070128343986,0.9974437736598827,0.03906314494621143,-0.024767030134412404,0.05446635027579121,0.3347431925148632
21.437506000000003,True,157.39489221418268,-125.06303675870008,815.484063467638,0.997450524062031,0.03637618637995972,-0.024211871636793697,0.05641817424087042,0.33376203629818135
21.451398,True,155.81047372605042,-123.79440159125966,816.4055705381246,0.9973626191813013,0.03402444754771279,-0.02499683734914735,0.059036437489299154,0.3502432595899623
21.506974999999997,True,149.9794605596945,-120.40779324917646,822.6546999555127,0.9970566299112619,0.028256722254282374,-0.021002754409275726,0.06810667151362489,0.33953668156024724
21.520871,True,148.66986382421112,-119.82424115806096,824.7935836092734,0.9969872978411201,0.02782312097911915,-0.019746369238496805,0.06965832889425458,0.2997408678173585
21.53476,True,147.2114435958395,-119.15952206180778,825.1726504958884,0.9968903825325803,0.028830683417524282,-0.01959516663453808,0.07067097248721418,0.31927489190405883
21.590335,True,142.33442347657214,-117.17709498384293,829.1593374786078,0.9963883233283491,0.03665439736119571,-0.01591133714539653,0.07492391900624411,0.3045615257827244
21.604228,True,141.1054953185946,-116.46364851380565,829.5295883616535,0.9962100552395307,0.03839106822525129,-0.014945342096686633,0.07660475487715185,0.32594065879037587
21.618121,True,140.05184316983753,-115.91368073257335,829.6429209851626,0.996443131610134,0.040095270598081434,-0.01328763568741793,0.07291703148438054,0.3276312522783965
21.673696,True,136.73919345646982,-116.03357673099353,831.2621790336893,0.9970449922034986,0.03962375494712658,-0.005694610499431152,0.06556533365335385,0.32088567317251077
21.687587,True,136.0718861119774,-116.55053747245888,831.143577777314,0.9968463277830045,0.03903805257306874,-0.004598537845232749,0.06893680211996368,0.3084126870199919
21.701481,True,135.44799502124985,-117.53292574593249,831.6856756728782,0.9969479271557973,0.03790677037884979,-0.002507205364810254,0.06820279481416365,0.2655107000066482
21.757054,True,133.11056339568083,-122.03615383789452,831.1967424705001,0.9968069676291375,0.03789649455817411,0.005080100609893914,0.07009934068163039,0.2126296753378623
21.770947,True,132.56659029799448,-123.40614770003012,832.5617265294321,0.9966995797792378,0.038518444253792625,0.0080017751827571,0.0710087932166321,0.2929633737292692
21.784842,True,131.93054727680513,-124.4302387512805,831.8242527892683,0.9966188270691521,0.03951684580309492,0.00877073189875434,0.07150109573315634,0.2770004360319788
21.840414,True,129.4773520177828,-129.51937003504545,830.4307939095829,0.996045304497262,0.045873634505836015,0.012334318144965469,0.07508146004227845,0.34573278952681696
21.854308,True,128.89911780009973,-130.75227544814345,829.9568912032415,0.995974256871366,0.0469049872588506,0.01278081127700483,0.07531170349207976,0.3109734923317907
21.868203,True,128.24163314021777,-131.6638506243412,828.704063225522,0.9958762412392589,0.0481398971250097,0.012137834740441422,0.07593243975911909,0.33303875269698135
21.923775000000003,True,126.19219616575347,-134.84736688700596,826.2940054546453,0.9953744497450248,0.05246635501702565,0.01688065489790692,0.07868945212819006,0.31223457211680816
21.937669000000003,True,125.57439335872678,-135.11107338390454,825.2348508067917,0.9952831081859622,0.0538250295065587,0.017404398156083883,0.07881299184228842,0.30941599233471917
21.951562000000003,True,125.06090890295133,-135.11373309817137,823.7372976805185,0.9950882456639286,0.0546888236592524,0.016698190898217207,0.08080647454863167,0.3562061522295609
22.007134999999998,True,123.33500405027307,-134.3355585584865,820.1591146061337,0.9948810147971069,0.05789341755128126,0.01864779853575792,0.08069930737175865,0.3415072541219542
22.02103,True,122.95839140470525,-133.9039012398256,819.6276707571335,0.9946900260057366,0.05945576756411735,0.019574024870373356,0.08169223597406725,0.2756209465945735
22.034923,True,122.54188107963697,-132.79917146190664,818.0062291994196,0.9946034339675343,0.061206362697693584,0.0187645410237184,0.0816436299136463,0.30662993384443143
22.090498,True,120.84165645523746,-127.38263109914749,812.9861395456015,0.994570028544746,0.06728478001045121,0.016736339394097695,0.07760870855215596,0.34942684931845536
22.104391,True,120.49646594414254,-125.97452510798284,812.8078574120676,0.9946058731735561,0.06762723831648312,0.017112812914519594,0.07676500062207056,0.34807387716863264
22.118282999999998,True,120.17619915523413,-124.43365229561059,812.4151075411611,0.9947283207143162,0.06770797327518051,0.017036662844757935,0.0751062610103693,0.2849660717997906
22.173857,True,118.64437965684546,-117.35094569908068,809.0324736989647,0.9952291893119514,0.06345486129326969,0.013642045522278913,0.07284391473346374,0.3495100674615899
22.187749,True,118.1515785344128,-115.29247480324825,807.7700168407906,0.9953931866256588,0.060765552894518494,0.013296352661451386,0.07295997948561943,0.3130781234452935
22.201642,True,117.70415253621307,-113.58757283404687,808.1183497411782,0.9956509300849864,0.057370482997356316,0.012123704895258628,0.07239384560281717,0.33908587989080374
22.257218,True,114.94661808016015,-105.09511192787491,804.4676407091272,0.9964662566960111,0.04431240157020256,0.005931437872881467,0.07110716122923941,0.32481274970613955
22.271109,True,114.02632189542231,-102.79710566289387,804.5586710565061,0.9966197855203123,0.04180834124298013,0.005746890425845068,0.0704843171378596,0.3176392175029677
22.285004,True,113.33490650263663,-100.57579068636896,804.970532874529,0.9968763442235983,0.03857701112176565,0.005348761149886628,0.06870778190617625,0.3631240758168771
22.340579,True,109.53903515799381,-91.00401830705455,804.2148764028425,0.9974757680746831,0.031784240050953184,0.0006767057976644305,0.06349327726198828,0.36275063298282556
22.354470000000003,True,108.52344920922162,-88.74870004503516,804.0741589629502,0.9975014819059297,0.031062450547111403,-0.0018678954762813063,0.0634226200024275,0.3155519031430009
22.368364,True,107.45426439908867,-86.73416733519159,805.9759350545697,0.9977323849034018,0.03051970254651723,-0.0006047980839520956,0.05998558235709562,0.30532577586578147
22.423937000000002,True,102.61844696149875,-78.548365139063,807.3433359981236,0.9980148371131998,0.030679370903780534,-0.004065986919987777,0.054850969483029026,0.3187723645010524
22.437831,True,101.16773833809303,-76.82360157128632,808.6066611056285,0.9980378192911428,0.03125217675648122,-0.003242208261569969,0.0541599556697593,0.3180053671538515
22.451725,True,99.56486716495951,-74.70263788472695,809.1599221053928,0.9980242638649717,0.03254119601621978,-0.0029573834426321536,0.05366463623084279,0.2738710958059467
22.507299,True,93.15228357562154,-67.18606344295218,811.6970640998037,0.9979732420929052,0.03683610094626272,-0.006939967449247408,0.05142321057125506,0.27521704687938425
22.521190999999998,True,91.45226549014595,-65.37341060222954,812.0686707336557,0.9980154517742569,0.03723771560700835,-0.007739303553189988,0.05018579217975034,0.24162808242386896
22.535085,True,89.72866753397992,-63.48683298849275,811.917248294692,0.9979306337906515,0.037957111391444164,-0.00915889930181258,0.05108642090209114,0.3006263825399404
22.590659,True,82.55843608018542,-58.13712403904015,815.5460220539804,0.9980303375383124,0.035774348069422035,-0.010150399412042762,0.050523368505535564,0.3147359734918217
22.604551999999998,True,80.80369487365253,-57.087057612011705,816.1263275806906,0.9980320613395584,0.03488848751556419,-0.010697786457284697,0.050993679432873674,0.25691166239910623
22.618446,True,79.03292818778073,-55.911449875029675,816.1274377499512,0.9979462015071957,0.034429457679258334,-0.012458466410131493,0.05256213424110145,0.22087771208541968
22.674018,True,71.543443533876,-52.76217764610197,820.8890960767884,0.998027447291456,0.03352537469339857,-0.014631890784215453,0.05102128454523894,0.30745353080966475
22.687912,True,69.89021863755154,-52.16792196319008,821.6703092602452,0.9978639472700526,0.03347688865630351,-0.015179003470980978,0.054004060200612325,0.2781277335911024
22.701806,True,68.12045034725408,-51.52410758308647,822.3142788396163,0.9976287069236086,0.03408564217490019,-0.01656505228915176,0.057451990062232686,0.3345923578400165
22.75738,True,61.86357159266649,-50.589109884182776,827.9467874684905,0.9975658216674076,0.03483807378915447,-0.01749486562958973,0.05781582596740933,0.2693531551745741
22.771273,True,60.3514858489913,-50.4881942536552,828.160788858993,0.9975060039885979,0.03501165356549337,-0.01869860007907674,0.05836367428797073,0.2488903143457755
22.785166,True,58.88782651830403,-50.714291493642165,830.3904793640208,0.9974500625900172,0.03536373757845332,-0.019074880909315063,0.05898243485944524,0.3308234231133459
22.84074,True,53.95041633719202,-52.823914484081016,836.8927740824466,0.9972542577817386,0.033389986626561126,-0.022399933380813312,0.062187596141084406,0.30533098118748314
22.854633999999997,True,52.82625533103513,-53.83420008103548,838.7815589988902,0.9971300603872418,0.03217647392223651,-0.021352483356504155,0.06511826665826635,0.34033200056746565
22.868526000000003,True,51.92360813925977,-55.13504566519935,840.1014605496107,0.9970292190612887,0.031048610388560795,-0.023281164286508768,0.06653350674991491,0.26719560972172246
22.924104,True,48.47482885888973,-61.81412274071759,846.7984952743814,0.9962157732702078,0.026978097830458743,-0.026146251820715206,0.07837530759633417,0.2666311181972175
22.937993,True,47.83532418761651,-63.50718217929906,847.5815402995955,0.9961439585568841,0.027212462561229535,-0.028107120223096135,0.07852824654058392,0.3370670679455424
22.951886,True,46.957460443528426,-65.55988600296966,850.4497253591014,0.995875040320785,0.026665175667437018,-0.026516360821387544,0.0825757535932287,0.2855334561355826
23.007465,True,43.758185497880476,-72.6133979850997,855.3758483706953,0.9952457400156239,0.031060040456135418,-0.027930229470378494,0.08798348225291243,0.2911237959477561
23.021352,True,42.84547880780812,-74.20356943679161,855.9152289209321,0.9951345234609987,0.03346415846044813,-0.027916324480629025,0.08836350571405202,0.31466757320362293
23.035248,True,42.05139362584934,-75.86561265956529,857.2601135849198,0.9949491436692769,0.035242984072164585,-0.027733593975736735,0.08980524122037933,0.319993399771687
23.090822,True,39.164662483294414,-82.76428752616769,860.9403246907851,0.9944238421069066,0.043197586280676485,-0.02722754762337537,0.0922705339709197,0.3306561978220703
23.104715,True,38.69846911097302,-84.54914537596188,861.104203826369,0.9941971596883049,0.04488657487751102,-0.027678041510454148,0.0937610211208177,0.29701565689809994
23.118608000000002,True,38.077611928789736,-86.35735336700151,861.689022573857,0.9939604315189883,0.04743811513426715,-0.027648012473042813,0.0950151209723215,0.3091695113116327
23.174182000000002,True,36.97518318534838,-93.93521161824017,864.1121712365456,0.9928608646965962,0.05474267404699318,-0.0277940718968766,0.10226452248704569,0.27920964116920166
23.188074,True,36.85276564222048,-95.60445609383278,864.2597688502989,0.9926344078297606,0.05620341442190081,-0.028097710775141567,0.10357908692867106,0.3287407625156885
23.201970000000003,True,36.77534063533004,-97.4596312225081,865.383943614936,0.9924500909244436,0.05757496701276428,-0.0268642655059468,0.10491068313746145,0.2619743720788395
23.257540000000002,True,37.19514262025826,-104.57822285480692,868.8815030301091,0.9913595836761178,0.061465457711655784,-0.02773427711642426,0.11251214705373104,0.347815511036383
23.271436,True,37.395855256820504,-105.90002417524425,870.3323301121721,0.990809663000199,0.06262658126212062,-0.027917024026021055,0.11659658140092241,0.32269632448323865
23.285328,True,37.82689658491229,-106.91733648315892,868.9652995723377,0.9904753325743779,0.06305443878408777,-0.02939222226689643,0.11882276962565852,0.3228745669710192
23.3409,True,39.75348573430864,-110.21689491757961,872.5225774263804,0.9898784549817765,0.06447100714919668,-0.029526423191612947,0.12293219242155137,0.34236252983812854
23.354795999999997,True,40.26018151457941,-110.73373756363449,873.3591088221781,0.9900399293269588,0.06433229970555764,-0.02991151745785949,0.12160425435087659,0.31503479660372014
23.368689,True,40.81746735260372,-110.86016092497412,872.5872809834663,0.9896306817037968,0.06487316355697678,-0.032452743133403954,0.12397340821202425,0.3614931279689803
23.424263,True,42.65661706458831,-110.57114385166192,874.2888346670952,0.9897785159300888,0.062539118653842,-0.03309917897968241,0.12382161520551395,0.30163606844917573
23.438157999999998,True,43.04054401281387,-110.38800073669219,875.3298042032839,0.989899280072958,0.061483188402528026,-0.03269267184889206,0.12349259922067979,0.3805186994185154
23.452049,True,43.24525282522559,-110.34831199322984,877.5205289031883,0.9901888133353779,0.060202760228191265,-0.03216769705850246,0.12193022952629769,0.3319828261865889
23.507625,True,43.1682414285342,-108.00948528810667,879.9877554306017,0.9905618092245041,0.05584562311028294,-0.03441365121470375,0.1203506090361566,0.3475384869139923
23.521515,True,42.986837871702306,-107.37323452840374,881.0428866304497,0.9908834033119349,0.054226434650116194,-0.0355748797093471,0.11808472703850982,0.2825110203549875
23.535409,True,42.64738173747302,-106.72160979631845,882.3815752662159,0.9911604955388823,0.05212740474888843,-0.03426683679566064,0.1170871028477624,0.3271503017966022
23.590982,True,41.298294226208654,-103.7934329074277,884.0929350244209,0.9916586052847514,0.04610464359405021,-0.03726444989719113,0.11445057089253423,0.3901130730975392
23.604875,True,40.73664505363837,-103.27547478451147,886.2379275560606,0.9918883025393379,0.044409445491932174,-0.03603038838076745,0.11352183732595617,0.3324021953041057
23.618769,True,40.466048899428095,-102.45769557743644,886.4897357110996,0.9919399503896614,0.04358598493012048,-0.036454374698995866,0.11325402996773545,0.3270000317112386
23.674345000000002,True,38.51490520124183,-99.70978580357233,889.5808958066167,0.9920312981897506,0.044436933412024975,-0.04016525159170702,0.1108422975468677,0.35492509736471517
23.688235,True,37.83971680684648,-99.69552323234795,892.2545573353098,0.9923799267978212,0.0439242501440664,-0.0396890972621213,0.10806255918009161,0.30303685485330323
23.70213,True,37.27588778713026,-98.8851366048778,893.151127955677,0.9921082249980927,0.04505207028509788,-0.04089525998958757,0.10963192310884667,0.325359773379882
23.757701,True,35.12834100498605,-97.05020805523947,898.790709536947,0.9917895766948867,0.04507239676209804,-0.04357295367060967,0.1114599135021946,0.2837594343436626
23.771595,True,34.64983341682818,-96.34300535534398,900.4096108069432,0.9920916872014952,0.044319327762052683,-0.04433151883006874,0.10874096657023782,0.2993122093037949
23.785491,True,34.19374768686797,-95.3023745467588,901.4032527703631,0.9916237186624808,0.04464377021371371,-0.045782234193341986,0.11221996880842688,0.272100622162864
23.841062,True,32.57950721779018,-90.83310514447824,908.0863973792135,0.992079124087915,0.041781026148009305,-0.04786423931991488,0.10836222587830405,0.31727509518740116
23.854957,True,32.372671921539755,-89.22654698879994,908.6449924567456,0.9920856604812149,0.041914774583571214,-0.048972203857594196,0.10775396599889159,0.33178059601514287
23.868851,True,32.25995011842828,-87.64553975936305,909.7415036334025,0.9922824528596608,0.04187778565711944,-0.049169876839986214,0.10584945926556183,0.3194375258821026
23.924422999999997,True,32.08703583839555,-80.71519068376168,913.8030684142154,0.993125828493285,0.04168396794826083,-0.052741229638741574,0.095822222327641,0.3193261828926511
23.938316999999998,True,32.31340414276863,-79.10249318420712,914.7443027306311,0.9931541870784106,0.04075916698648718,-0.05311536300038294,0.09571942962913388,0.27727211074684355
23.952213,True,32.49028080320922,-77.49245034559738,915.7624666259937,0.9931688580753687,0.03983782252897283,-0.054815944457448036,0.09499357598625498,0.2726148135079231
24.007784,True,34.466324310062,-73.08695030960558,920.2566007955758,0.9936439530426698,0.03213268482014313,-0.05382457467988093,0.09349919950735555,0.2382356660107158
24.021677,True,35.05779609314353,-72.24205645969751,920.8624830729545,0.9937014838246412,0.030635460630272032,-0.05456749093248349,0.09295815472572053,0.29832060294346435
24.03557,True,35.99010461435642,-71.4697389919518,921.6635538948201,0.9936873686832884,0.029690049610105445,-0.05446965524226366,0.09347176542261919,0.22408261115465916
24.091146000000002,True,39.009227716550576,-69.186919773647,924.3787717428054,0.9939121005202379,0.027493866946166092,-0.05314556452692541,0.09251147329336572,0.2626807205053499
24.105039,True,39.779030739292864,-68.71928846931733,923.2835190835119,0.9940193597545082,0.027692193258841112,-0.05409866872379143,0.09073030865188345,0.22679915788118554
24.118931,True,40.75203508776019,-68.36887871237242,923.8212892477612,0.9940872102050968,0.027104277975540235,-0.053023949893811505,0.09079888413262831,0.21702221406095362
24.174505,True,44.44474038404914,-68.16015667272892,923.3805762730717,0.9942349517379878,0.02589553917814319,-0.04879365219131514,0.09189919095980821,0.27304753221280664
24.188398,True,45.3352085394712,-68.43707350886082,923.9566610278812,0.9943541048566404,0.025886161899220467,-0.046711798163927926,0.09169421295354024,0.3233357546392905
24.202291000000002,True,46.275957458423534,-68.53308396310369,923.4937130064089,0.9943617194708508,0.02546371685457612,-0.04515891283355891,0.09250428404465345,0.2599088133500128
24.257865000000002,True,49.63689100836183,-69.6202080570344,920.8030835817003,0.9944829130984096,0.023794102226843947,-0.04121274337012791,0.09348307888825431,0.31076277474966735
24.271758000000002,True,50.470541815378624,-69.93575158927429,920.585033884244,0.9945580820424302,0.022370077963165192,-0.03752840599426465,0.0945802294326566,0.2634183706557671
24.285652,True,51.17840493226,-70.49349331578485,920.4610664933335,0.9947376051426309,0.020036222070896965,-0.03456971766373948,0.0943428923707477,0.33410057981366426
24.341224999999998,True,53.71133028787905,-73.33106286705419,917.4735625490703,0.9948295918771113,0.010733666175360358,-0.026734846588130252,0.0973864442002347,0.30821778179111436
24.355119,True,54.0767381839304,-74.29656124801144,917.2908572733286,0.995021467665608,0.008848972180131705,-0.024915692151019204,0.09608945238979381,0.26860163993118563
24.369013,True,54.36803265619022,-75.49192794745301,916.1697529165555,0.9950568309425561,0.006893492350284142,-0.023057003881668325,0.09634706809122295,0.2725693875209113
24.424585999999998,True,53.4482012751157,-80.7479479894677,910.9688748521744,0.9944265175034273,0.0010875073886377866,-0.02014390235859832,0.1034840171787554,0.3463909906055517
24.438479,True,52.99402712208565,-81.99100886739805,908.33964440934,0.9941594712490895,-0.0007267425545265639,-0.021624791661138308,0.10572977800318303,0.33453119148847854
24.452374,True,52.129488867408284,-83.50871102996065,906.8707479299751,0.9939788054013969,-0.002820270792723579,-0.022111005946438132,0.10728133062888541,0.363824409282233
24.507948,True,47.91002407220547,-90.00996937410581,901.0200387272731,0.9933929898981203,-0.007690786341992288,-0.021247135721884736,0.11251568179738844,0.27914227658992125
24.52184,True,46.398496149642156,-91.75174609550207,899.7381580794396,0.9932511362001917,-0.00847485083238803,-0.020361424739983817,0.1138673338712862,0.33732112046626916
24.535733,True,44.7620268791001,-93.44098015891566,897.8480955766353,0.9932121574979746,-0.00899703704333967,-0.02054006222167101,0.11413487357766303,0.39039069491965384
24.591309000000003,True,36.11684776981114,-102.51358449678695,889.8811232807723,0.9921218095164571,-0.010729999465684618,-0.018820752454507598,0.12338947066222208,0.3335285236558664
24.605201,True,33.34380799068229,-105.38440902339596,888.2799836161462,0.9919817354319189,-0.011179301153663113,-0.01949059794710607,0.12436790738312806,0.3654757860231327
24.619094,True,30.50485957141638,-108.73189153264033,887.1869434596873,0.9914505117315493,-0.011477188230523527,-0.02078705042714459,0.12830454189976934,0.3245423661208637
24.674666000000002,True,18.679439020510248,-123.18963928172884,880.073705871336,0.9895603951899389,-0.013546821776891685,-0.023225177535683626,0.1415884847708775,0.32565600041799797
24.688560000000003,True,15.853696713409317,-127.1390406556606,878.579916072935,0.9889042079186774,-0.014393474328018512,-0.023631127366784986,0.1459550111399967,0.32567507264577655
24.702455,True,12.976873152271496,-131.4912030987695,877.4928272469298,0.9884519986518676,-0.015792192888364993,-0.02449491921434265,0.14870525188300487,0.34083193620817864
24.758027,True,3.2827766174885777,-148.4604062352323,872.2583475110317,0.9874903251192395,-0.007277074780880385,-0.02542158770476296,0.15544659808790062,0.35809271110119084
24.771921,True,1.4212864747551222,-152.50250574637542,871.316428447137,0.9869087236496311,0.0025207010359005067,-0.02782093534785244,0.1588421002345233,0.35282535096926887
24.785815,True,-0.3030942815741532,-156.6149520111003,870.4495978678308,0.986801651936223,0.015169829310256391,-0.028854005812441554,0.15861848052233612,0.3366810664294711
24.841388,True,-3.7314639662279365,-170.368313537765,868.3471243268006,0.9843217635448946,0.0879388025006391,-0.023094161691807495,0.15114262311596513,0.3742769060392633
24.855280999999998,True,-4.0817805613973315,-172.74594945503296,867.2858666129918,0.9830505884628098,0.10908607138734511,-0.022620444530055097,0.14560248981889318,0.2931025218215465
24.869176,True,-4.219633516343616,-175.05638957972212,866.9089897997469,0.9813221059145756,0.12793225980950762,-0.021728225157765155,0.1420145963445616,0.33675971409265537
24.924748,True,-0.9636931935500426,-182.83253349409435,868.1802521037814,0.9782987668459184,0.1634712068501635,-0.01092998123592555,0.12684330029169333,0.2491502478622431
24.938642,True,0.5696046691972044,-184.49236395936745,869.8620520920426,0.9788012890532153,0.16203228926821545,-0.00666736194215713,0.1250964430629331,0.30915315071607385
24.952536,True,2.8263171767867674,-185.70904123253678,870.1653522173966,0.9799729311535169,0.1559000384267224,-0.0012294929370410288,0.12388188153256607,0.28826265435353016
25.008110000000002,True,12.706087050643552,-186.19506047228876,872.7358260541306,0.9848318155969784,0.1142140237295709,0.013474626838421024,0.12992261621067228,0.30132614655023693
25.022003,True,15.153588572523473,-185.12458466633223,872.000438713908,0.9862170932033115,0.10234115307102169,0.01497866311254398,0.1291424527917338,0.2816716664235912
25.035896,True,17.58712932339727,-184.13302331115148,873.8636948498707,0.9872236400248164,0.08979371747274488,0.01785279503820502,0.13041415025947342,0.25251882589850716
25.091471000000002,True,26.255557216471292,-177.2824773467164,876.4109137208269,0.9911369391336885,0.046383211508465916,0.015799030939845398,0.12347694601108966,0.33595043574139416
25.105363,True,28.02905069285004,-175.60876370535817,877.6191680762549,0.9921905549294506,0.03799805074648653,0.01663678994859334,0.11763191772840619,0.35044617121758803
25.119257,True,30.096731392726944,-173.31229879343698,876.6017180559759,0.9927757377650458,0.03079304778324648,0.015413653846809221,0.1149371218900934,0.36544474130103477
25.17483,True,37.689952840835694,-167.02272683025666,876.911510936682,0.9943513444094904,0.0224167400165939,0.01774530846489301,0.10221544729419943,0.321840313822582
25.188723000000003,True,39.62122127081695,-165.55643109538732,877.2281150284609,0.9944587692628244,0.024721925620990667,0.019227619841009548,0.10035378052225238,0.3139895173743562
25.202616000000003,True,41.58921191857216,-164.38117731718336,877.2370263633883,0.9947897436156453,0.028233630544222035,0.019231873585190188,0.09605395953220405,0.3311250988816495
25.258191,True,49.130977086863794,-156.89142701234593,875.2337762033235,0.9951653840967569,0.04179232845560358,0.02102850376495883,0.08635427961149628,0.3483029393973409
25.272085,True,50.86806508091246,-154.79205920728958,875.1519859416625,0.9953738467198532,0.044099944827417054,0.021253408856152477,0.08267038613877506,0.3229677380698568
25.285978,True,52.702110153679115,-152.33826099273583,873.2971312466983,0.9957089743209993,0.045970968406552966,0.021811890073518452,0.07729521312350567,0.3541763343099752
25.341551,True,58.8462987049007,-144.39166086458414,869.2642080947386,0.9962282099880332,0.0511796296975222,0.027999419416097855,0.06423419370105787,0.3546257047264352
25.355444,True,60.13750694959667,-142.41736126486686,867.3966352762361,0.9962775707772085,0.052102094021570185,0.02941660240442391,0.06205672620926864,0.2953939014516508
25.369336,True,61.28434100008282,-140.607746385532,866.1684749767949,0.9963173512510576,0.053902112356180996,0.029262655308712422,0.059916566022279745,0.3139589822810481
25.424911,True,63.94791965092901,-135.25288163811123,859.4721309100165,0.9965198138126844,0.06195953694319824,0.02599593102644701,0.04933039661897666,0.2885540149444143
25.438805,True,64.31497945522275,-134.39445346955233,858.4732890134856,0.9965444054380793,0.06284623122313947,0.02417159411396406,0.04863469182694889,0.29563058997201946
25.452698,True,64.78297542864536,-133.76952066461115,856.58250974905,0.996699732665261,0.062247919521466105,0.02040451382052004,0.047942624417049974,0.2871619157657788
25.508272,True,65.67770196516231,-133.79229509487797,849.8027171491883,0.9973370108435452,0.051092155247308736,0.011303980749785378,0.050800575715788165,0.2872161247225087
25.522166000000002,True,65.55625737631382,-134.25415236339862,848.145601309974,0.9974831187171602,0.046924784953441726,0.009720908069653747,0.052258935864235065,0.28709847679598727
25.536059,True,65.4156905964008,-134.3680025537584,844.568117922632,0.997599092318518,0.04299797822875525,0.0054011924903678565,0.05401899659555421,0.28090855015768357
25.591635,True,65.21643209722875,-135.8445450932265,835.6794047297549,0.9977790188621136,0.023170785413982996,-0.003557955574036251,0.06234970067282129,0.3136561198457569
25.605526,True,64.96163398952689,-135.8940091753803,831.6706743979348,0.9976976528510757,0.01828140158237719,-0.006143295366400038,0.06501879554159465,0.294173933649987
25.619419999999998,True,64.85655113882507,-136.17964697172025,828.5666531088833,0.9978005847638688,0.01283153072169658,-0.008690163473086399,0.06445018171448919,0.3416086468634852
25.674992999999997,True,64.23302836741925,-138.0112207932009,815.2363911798627,0.9974400926300941,-0.004899003120958694,-0.015322020063272856,0.0696742210840583,0.36220294029793043
25.688886,True,64.09173172630297,-138.73915364086423,812.123352213777,0.9972064907107328,-0.008863853492931506,-0.017883194845359413,0.07197804059408493,0.30251641923919614
25.702779,True,63.93809555636148,-139.76342313215216,808.8017035995739,0.9971423226090955,-0.014110035176603112,-0.01842157223273959,0.07189395694720863,0.2849794539724134
25.758354,True,63.667464407535086,-143.79506754362995,794.7116353848487,0.9965507333184307,-0.030359404807555987,-0.02143077952981071,0.07420016274223327,0.3515713116064041
25.772249,True,63.618202372918105,-145.032683263264,791.3881910673483,0.9962604214368911,-0.03301519900165381,-0.02224139037046989,0.07668435216951194,0.35749392752971193
25.786139,True,63.51685096750612,-146.20704271606598,787.0633793460423,0.9961254490899852,-0.03414142479720102,-0.02397074147456231,0.07741999962059071,0.29652975977968715
25.841714,True,63.38376211215846,-152.2828306081891,773.7573242236122,0.9960584391391316,-0.03467467356344367,-0.023608493551148697,0.07815300291883134,0.37651322675395993
25.855608,True,63.577021514974675,-153.85690474710836,770.2238810837025,0.9961541875475369,-0.0321641910473448,-0.023725157125311796,0.07797061218917976,0.37777938610820483
25.869499,True,63.79414573566249,-155.20726718573133,767.0847024899593,0.9962726981825317,-0.02631165790042829,-0.025797194995365244,0.07799302689984695,0.373656817907709
25.925075,True,64.36211649591151,-160.8752019708932,753.7126243625169,0.9973958728967824,0.023126793693798213,-0.029082696176947163,0.061812789331894304,0.3342093745107482
25.938968,True,64.60062811282448,-162.54369157030462,751.3093280542239,0.997164865677012,0.03889729773230849,-0.028239838996718655,0.057894234444463157,0.3483775206814671
25.95286,True,65.01531972315873,-164.04563491026502,748.1272563409816,0.9966645769697984,0.05354498265309204,-0.02737795263124547,0.05516433228105111,0.3602683502040207
26.008434,True,67.2986544818347,-170.58925956175767,739.3675307807029,0.9941706514004787,0.09677715419750192,-0.019658115981929694,0.043271893827541257,0.279388581056351
26.022328,True,68.18424072406944,-171.62369110148967,735.4230210701272,0.9936110988608113,0.1030514512777872,-0.019548942140254537,0.04165598962153583,0.3087569486342505
26.036238,True,68.96572702021184,-173.11036807585344,733.850721694696,0.9933068221140894,0.10729371062085778,-0.014565847216820488,0.040217569514739475,0.2608722332904141
26.091797,True,72.8998263271787,-177.71657180459934,725.7293106365873,0.992976794191569,0.11239712886030401,-0.0034410172807096072,0.03677133423018711,0.2569850255064716
26.105687000000003,True,73.9962994337741,-178.85276018909258,724.3389300201148,0.993287397265308,0.11003493645981927,-0.0004903735180866822,0.035668175254792454,0.27790478551826064
26.119581999999998,True,75.05144407271027,-179.45711050165573,722.1925536980505,0.9934656089689557,0.1081582395521036,0.0009406501971389651,0.03642793145565849,0.32633345536176406
26.175155999999998,True,79.06660113335047,-182.08277956940384,719.6748372177591,0.9946361306474342,0.09341530682028716,0.009570075992857665,0.04337005542840189,0.3507876914214354
26.189048,True,79.9654264880872,-182.97597663241314,720.6543786916216,0.9950905597757003,0.08777442386851621,0.012054102349155976,0.04410359369019276,0.28453701408777826
26.202941,True,80.74768382092161,-183.21019716392732,720.8711466804806,0.9954087626637826,0.08298123427447444,0.012399017535348226,0.046062721745469035,0.2998501561854045
26.258516,True,82.76624903780674,-182.51085092458126,725.0857821317287,0.9967131668791298,0.06305309123023739,0.01101009202511081,0.04965831782980498,0.2618621698104119
26.272408,True,82.9479401783949,-182.4872684695784,727.9263373791669,0.9969092902158359,0.058923526262213,0.010759473623617118,0.05083422923117152,0.33326035409385485
26.286302,True,83.27204198591372,-182.03832553433966,729.6396904895016,0.9970046376532079,0.056023497605215855,0.007756592786512852,0.05275372482032198,0.3171415437738837
26.341876,True,83.82052695090272,-180.0979018796637,742.220196411791,0.9972721840316433,0.04512493211940613,0.0034444443905224035,0.058310095702336834,0.3224080170661508
26.355771,True,83.78988470200476,-179.39477703203985,745.334053277357,0.9974262635651403,0.04228226298277802,0.0020144101150124556,0.057870555029538556,0.3184775301935504
26.369663,True,83.74410942222792,-178.686026352807,749.4450631622992,0.997451651448136,0.040003393048850325,0.001738941583313595,0.05905004360824169,0.3251229212306397
26.425237000000003,True,83.0590964493466,-176.02286777843457,767.950828948034,0.9976775297615829,0.03297202371321285,-0.005195817292188521,0.05937504310522662,0.33164272490358965
26.439131,True,82.69478661520394,-174.930619077054,771.9425635015311,0.9975232126396633,0.032083125643257986,-0.007258329875616782,0.06217258191052182,0.309934272651119
26.453027,True,82.33408192494993,-174.23393661750688,777.3171287583934,0.9975038032241087,0.03135905975454541,-0.009079526893651066,0.06261257155026506,0.36464402385798295
26.508597,True,80.13274389342638,-170.1984729701349,798.1308512015383,0.9974724854626182,0.03338432688322123,-0.013938984285505935,0.061154167320546106,0.321996723643454
26.52249,True,79.4681956764676,-168.9240853101127,803.2756451197966,0.9974863985568948,0.03556278346268106,-0.015189244970487315,0.05937558390120131,0.35265063332787694
26.536383,True,78.53325387866116,-168.0211570678071,809.6060072368953,0.9974347984124575,0.037724803555265064,-0.01632072492855626,0.058602867254282306,0.35233539198684766
26.59196,True,74.51593167330455,-162.74626131623864,830.7243887270297,0.9970461067314162,0.04671583886774803,-0.024273636951065915,0.05592389471215066,0.29566000961746847
26.605850999999998,True,73.34184606768058,-161.22008700742816,835.6172564223305,0.9969302721438348,0.04805758446712145,-0.026038757901535935,0.05605786425962194,0.31581814725865714
26.619743,True,72.28401490807006,-159.69113498442746,839.5550152854686,0.9969275009833455,0.04939074348132183,-0.028948552371519134,0.053461140626228226,0.32377870382623264
26.675317,True,67.93196555467071,-154.7837060395562,854.9207531700109,0.9968391223129786,0.046517408086366306,-0.03797547912304455,0.052016900682300346,0.29571821459498165
26.689211,True,66.89967484983866,-153.6709998480028,857.4635870250631,0.9967771671391586,0.04484307811761822,-0.03981374531197849,0.053284548409493954,0.3417116867960141
26.703104,True,65.96031827932974,-152.7119848590034,859.9073812456362,0.9967143448050295,0.04343656126232883,-0.04243506207372959,0.053600797684208924,0.2964858927133376
26.758677,True,63.20251231448031,-150.01795055566583,864.3201213502525,0.9966690911129749,0.0404166845750627,-0.049099171879620214,0.051053753522457994,0.31797895843044155
26.772569999999998,True,62.66051302226548,-149.72699463125736,864.6808978832441,0.9966247058636245,0.041711999149280664,-0.04912119134457575,0.05085679256602836,0.37338804744479503
26.786465,True,62.232102487872005,-149.76287473371335,864.4556360968367,0.9965307336628748,0.04445934697087427,-0.050806637581003115,0.04866773993076493,0.3547034161174792
26.842039,True,61.01963375428378,-151.50608365470183,855.3995074710567,0.9956119691337832,0.06449533977463053,-0.052293607127886756,0.043157116660635216,0.3099736903624133
26.855931,True,60.80050402978442,-152.74200263783624,852.0424582859416,0.9953444568115893,0.07151698839089277,-0.05038427856717015,0.040449439294071805,0.3046625848457911
26.869825000000002,True,60.75429728503831,-154.01711741872722,848.1685644308708,0.9948567566047504,0.0790165571545102,-0.04742878201398668,0.04203484471238248,0.22718025459906863
26.925399000000002,True,60.168802944759385,-159.5064389530683,824.1525547371147,0.9916251236172151,0.11865242277465624,-0.03436688194396227,0.03768466805342519,0.27693227601134274
26.939292000000002,True,60.15526279995658,-160.36289029491968,815.292764906652,0.9901625625155623,0.13103095496687495,-0.032116142545393495,0.0371152532133074,0.301503207137168
26.953185,True,60.01621059766405,-161.80332652929638,807.8396643260575,0.9886828987568276,0.14388087021967325,-0.0275486191090284,0.03233410700501505,0.31836220072116517
27.008758999999998,True,60.337927486134944,-166.42646515511356,773.7444002560237,0.979216745054044,0.2016625340917417,-0.009327547359881231,0.019488083787525708,0.27841500965904126
27.022651999999997,True,60.69391956705128,-166.7380263301733,763.1268651154224,0.976171300332622,0.2162168048878712,-0.005954063051242431,0.017448060757003482,0.25083554715301826
27.036544999999997,True,61.36303458188616,-167.64190557713692,755.0416213389306,0.9736520828949682,0.22781618525962505,-0.0009299501293876791,0.010027083364497954,0.20004593870429163
27.092119,True,65.83765612998559,-166.0525510403899,715.232116171989,0.9671881132638972,0.253794134021481,0.004027276091011157,0.010930331403767394,0.5467317072654999
27.106012,True,67.44432871367904,-164.61105806335365,704.0807190330144,0.9667939327164792,0.2550098733646489,0.0023581671377966343,0.016549779361063957,0.7962812292416598
27.119906,True,69.16172376199911,-163.2319104565204,693.9233516449415,0.9665683985141375,0.25542791202155746,0.003088685882460017,0.022193980572276006,1.0769217480990885
27.17548,False,,,,,,,,
27.189373,False,,,,,,,,
27.203267,False,,,,,,,,
27.258841,False,,,,,,,,
27.272734,False,,,,,,,,
27.286627,False,,,,,,,,
27.342201,False,,,,,,,,
27.356093,False,,,,,,,,
27.369987000000002,False,,,,,,,,
27.425561000000002,True,91.19828907643198,-170.7809033300584,622.2195804221622,-0.9891997040011907,-0.13969982761170632,-0.043787255303944166,0.00711196471895285,0.5804813139513292
27.439453,True,90.50843198679951,-172.49048230701194,623.754304274345,-0.9906891231409269,-0.1285303625864094,-0.04485961411753714,0.0016193223560076592,0.30196557898070814
27.453347,True,89.80731201367294,-173.7175693269068,624.7204556874506,0.9925591908358319,0.11414994383173253,0.04128195431761422,0.00958348883494205,0.23240975148403
27.508920999999997,True,87.2004110490512,-179.75591192563638,632.8079070518628,0.9968572297864935,0.03564919894945329,0.03147461230271357,0.06335729490006871,0.18585917415012287
27.522813999999997,True,86.45189133225699,-181.74469715138133,635.6307497933926,0.9962897639306911,0.010860013005336372,0.028930641891643044,0.0803230002190485,0.11855491389359776
27.536709,True,85.68344741090763,-183.54719652817283,637.2849349828538,0.9948932991508473,-0.014266319973336185,0.023752071590283308,0.09705480160368828,0.14551718730491048
27.592282,True,81.41898988905494,-195.81765117856517,659.7076200889314,0.981824324136899,-0.12979817739467742,0.033171332511415616,0.13443620188609312,0.45535615706678567
27.606173,False,,,,,,,,
27.620067,False,,,,,,,,
27.675645,False,,,,,,,,
27.689535,False,,,,,,,,
27.70343,True,77.48476410382094,-215.21464568086188,680.001013199903,0.9266266205945402,-0.326998718233293,0.036189425222610254,0.18200348837696131,0.5076376038404247
27.759003,True,76.90783303667024,-222.20249773973492,684.9730801308649,0.8928716672480961,-0.40565435029698027,0.04872098021777485,0.18934360300089137,0.37918720705385695
27.772896,True,77.1750692517927,-223.73163186800065,686.0257284932936,0.8844896922653701,-0.42228940645665075,0.04994319720889444,0.19197739065669667,0.34321515720931184
27.786789000000002,True,77.2258188374482,-225.3315698714735,686.9980456489782,0.8758464803085296,-0.4392301520159582,0.05155110023473815,0.1931639214651297,0.3477269931739434
27.842363000000002,True,77.72003001429405,-230.8240895764358,693.9506807944263,0.8462685509400653,-0.49551425723524667,0.05173339126077865,0.18872948046095847,0.3282625204725919
27.856256000000002,True,77.85845433857503,-231.65553954669733,696.106157983812,0.8425063759021271,-0.5029136979863514,0.05224027674020822,0.18582726502874378,0.2907463546022725
27.870149,True,78.01119018582665,-232.29198402957434,698.616730072963,0.8411324882814774,-0.5059860389077969,0.0523579966847148,0.18366520021760058,0.3712399980295157
27.925723,True,78.90300979954814,-231.3798219399913,709.1630704983444,0.8660176438907226,-0.463846789120623,0.03917182709943035,0.18255181361504527,0.38287883324601596
27.939616,True,79.32078726348493,-230.55626114321103,712.0857364447024,0.8774157898253577,-0.44329142215879475,0.034461347056882884,0.18012957104429622,0.2955734142320172
27.953508999999997,True,79.73243516133086,-229.39307115222454,714.7145057492354,0.8895267093249806,-0.4202708923668364,0.030502618292079457,0.1765904887132429,0.3439575738387622
28.009083999999998,True,83.14988800082773,-224.78122617853856,725.1612791158894,0.9314069368238134,-0.3264023707881379,0.01574726731012253,0.1602954583031835,0.3889531588028963
28.022976999999997,True,84.33443188026983,-223.63482919881858,727.1808053490322,0.9391085331990178,-0.30557298421937,0.012008130251286903,0.1567039214439963,0.39711481453115505
28.036870999999998,True,85.372882845403,-222.41262529778038,728.7907444042958,0.9459302416162423,-0.2864080835384285,0.008739113699569855,0.15201978677602415,0.3758657068906116
28.092444,True,88.85426120517933,-219.19495712406672,735.900142678796,0.9660568679089643,-0.22074986227971183,-0.0010889569861552981,0.13417317333242332,0.33305042055212575
28.106337,True,89.80644612046406,-218.48137568652336,737.397304404169,0.9696670546868467,-0.2062296035992268,-0.0030843722751838984,0.13117027217288976,0.30378613971483276
28.120233,True,90.70401967618453,-217.759823247637,738.4881204869232,0.973149510023899,-0.19264371103060676,-0.002966706609897949,0.12593502448680394,0.3081086871180009
28.175807,True,94.10299980245753,-214.64231988022854,741.865443479436,0.9848068631788996,-0.13648354490078016,-0.006342592906730781,0.10717954899267068,0.2740799401672251
28.189697,True,94.77295754310254,-214.05989227234556,742.7922797888361,0.9871055318405533,-0.12229340950620286,-0.0065382069843374115,0.10307396786073937,0.3211182436092094
28.20359,True,95.40884534861657,-213.29134273444805,743.3896158068254,0.9892679476512518,-0.10715882700935471,-0.006780873863021787,0.09909557655875871,0.28337082137804964
28.259166,True,97.82961047496421,-209.87515950175694,745.3970280225783,0.9952063265441915,-0.04551861090055392,-0.0047929931367626764,0.08642598500966468,0.33974325463336597
28.273057,True,98.37337386891205,-208.97918367540643,745.783378274491,0.996184516624547,-0.029528534598729127,-0.0038276924457315287,0.08203549995282623,0.32554724320753153
28.286952,True,98.86634728195875,-208.20656281423257,745.5614390486958,0.9967641530170748,-0.015019397823994396,-0.003112656056556629,0.0789047040513549,0.3239449282001256
28.342526000000003,True,100.48323456393103,-204.96062507662225,744.5159589613933,0.997148663069187,0.0344956749084423,-0.0023841269254912963,0.0670739002201844,0.3192821947080816
28.356419000000002,True,100.82013763732148,-204.1376202557558,743.657387647018,0.9970214515274618,0.04320194875579361,-0.002261516292040582,0.06384905920869634,0.36963010650091555
28.370311,True,101.00421744518377,-203.80369844917388,743.7549766805034,0.9968190722387309,0.04966586394837744,-0.0007643812166361169,0.06232539531148372,0.3407154511278284
28.425887,True,101.47868621375966,-202.73362213482008,742.4179403735895,0.9960319583919379,0.06470493757227888,-0.0007909831702273912,0.061098144499752934,0.3569262706721691
28.439778999999998,True,101.34843018307097,-202.4801458481945,741.9635366797436,0.9959329564739552,0.06721128319034224,-0.0010690268498067081,0.05999205616203667,0.3253241684022682
28.453671,True,101.07192963258076,-202.18770834999415,741.5472188382582,0.9957175715424349,0.06877783909378697,-0.002052329235675155,0.06174070388271789,0.32182479599474756
28.509245999999997,True,99.49755370900895,-201.09577082395313,740.3478528729031,0.9957117521598097,0.06890290572788298,-0.007734415838503314,0.06124275471215574,0.35508510069269084
28.523138,True,98.99562123895451,-200.44090235926328,739.1658963359348,0.9957969444865249,0.06683381442188316,-0.009312709367147603,0.061927054228058824,0.3964350451215678
28.537033,True,98.63419440133084,-200.43494056644454,740.1840748019788,0.9960135618544003,0.0637870175506666,-0.00831475555260261,0.06179859087553916,0.33637331425850925
28.592608,True,96.63302174309642,-198.46969937861724,738.6596455673152,0.9964651250866958,0.05450658366850675,-0.010801165422883188,0.06300493352310704,0.37540280173736357
28.606499,True,96.21985185155485,-198.00693805649308,738.2566359928131,0.9964399624733131,0.05413923734648127,-0.011935296841014244,0.0635129345491183,0.33658606920546696
28.620393,True,95.68458477402586,-197.65192763294098,737.7882538515744,0.9963301729843499,0.05473290223830108,-0.01332778159486871,0.06444273466658232,0.3924753624938563
28.67597,True,93.19599997942147,-196.5107169839334,738.6276704794742,0.9954838291398211,0.06915867780779197,-0.017485277832488988,0.06263615780136578,0.3595350541736937
28.68986,True,92.55623643679512,-196.18230701367838,738.6857105834528,0.9950081553777961,0.0749590916623457,-0.019817518089033006,0.06282651737620625,0.35800042822920225
28.703753,True,92.03131777437918,-195.9104350693794,738.6415533965579,0.9945156338073876,0.08164328097693663,-0.022037800830554375,0.06154156415434693,0.3539732478558633
28.759331,True,89.18782076283608,-194.917390615307,739.9718476279379,0.9917299106413768,0.11130307020244179,-0.024852688132577377,0.05887066158403083,0.3451748365033738
28.773221000000003,True,88.61321726444609,-194.77620633518035,739.5616679726645,0.9910143724341456,0.11801729445655514,-0.02605598684099083,0.05730198415284976,0.36073111932160545
28.787115,True,87.98334217770075,-194.5359017239065,739.9875755105372,0.9901146887562042,0.12492269168323517,-0.026155402948652668,0.05816458637705457,0.3425153665641861
28.842691,True,85.89638047093251,-194.4827801367708,742.6000979429542,0.9874295701121766,0.14538385163663523,-0.027434004327679555,0.05562153501952366,0.367706172734771
28.856582,True,85.36501070099698,-194.21824225825577,742.1996496880639,0.9867671313284144,0.15016890116929052,-0.028928038164124044,0.05388040700917657,0.39065726631961245
28.870473999999998,True,84.88129906316463,-194.07855076786524,742.8738288394406,0.9861778092484844,0.15407741855277943,-0.028626795151742778,0.053795764120531595,0.3616326734930525
28.926049,True,83.05567177714208,-194.15335860032604,746.4141784917246,0.984262160353284,0.16617074209647953,-0.029522740244416507,0.05238026323198697,0.31655681368883887
28.939944999999998,True,82.7873857102424,-194.07108792449856,746.4743807494397,0.9838828315431762,0.16812922290505702,-0.030617681569111033,0.052627899209983814,0.3367549968597464
28.953834,True,82.43694947657804,-193.95697642132646,746.9909735178492,0.9834489047453548,0.16982228951756848,-0.031483722409512804,0.05474867086435985,0.36272085214461225
29.00941,True,80.96966493122848,-193.84309990314142,749.9664297427436,0.9822784754768938,0.174813809359511,-0.03572931257668869,0.05738070141435091,0.31637215372594935
29.023303,True,80.59944167841746,-193.8491876437311,751.6873592448744,0.982068740308145,0.1760247057239553,-0.035603867162877965,0.05734681270494611,0.3463014202709416
29.037195,True,80.35239713572756,-194.06281728307425,753.1941794755021,0.9820614364757986,0.17659480944647193,-0.035301029774369455,0.055887794378777784,0.3060112542255772
29.09277,True,79.02932274242984,-193.7659471191374,755.6497196106944,0.9807765652129041,0.18268960756504776,-0.03920800436638048,0.0562545003578635,0.34740424552614946
29.106663,True,78.76894972193436,-193.74041829240878,756.5145861246583,0.9804189167501356,0.18436883735451162,-0.039422154538592415,0.05685748167630767,0.34230898957424616
29.120557,True,78.52963606056717,-193.92182842660736,757.6640866232934,0.9799681749250087,0.1868831747339052,-0.04011535952842469,0.05592685459982121,0.3563695736639815
29.176133,True,77.78395808061211,-194.12781373087415,761.7489933492735,0.9764353040608336,0.203311605455042,-0.042494926703665885,0.05858898595615632,0.31748878646784817
29.190022000000003,True,77.67158002241038,-194.42860285404905,763.5747428763273,0.9754337374797925,0.20861292361423214,-0.04246042892919489,0.05662847218912829,0.29920185313202363
29.203917,True,77.48685945145928,-194.23858099583794,764.1509788543277,0.9743635953172144,0.21350148383937617,-0.043376444461655166,0.05613541292946157,0.2791146941956377
29.259493,True,77.23137386982866,-195.5363308023117,769.6142380822613,0.9706627706727158,0.22926597531193837,-0.046393941712313196,0.05566417489397601,0.2684370691839231
29.273383000000003,True,77.20674352224765,-195.89410774811924,770.9410006415388,0.9697773792181789,0.23248511367852245,-0.04789742843395375,0.05646541440580709,0.28575980970382575
29.287276000000002,True,77.11626777639174,-196.09585145195544,771.9415478967635,0.9686328651947539,0.23647191282899724,-0.04954676941852625,0.05810786992984712,0.2899805650850304
29.342855,True,76.68493762730544,-198.92660500233947,778.0991642276307,0.9654745317820391,0.24734486464415403,-0.0559259292657602,0.05959644997966208,0.3005355905738798
29.356744,True,76.47404365268324,-199.85009309632892,779.9912879783266,0.964691211041561,0.2498188741758711,-0.05793233861215937,0.060043664008725725,0.2591509745428943
29.370637,True,76.32660739657808,-200.83067537622352,782.0001869426404,0.9642650943998942,0.25128580953342394,-0.05870112343448475,0.060020394505740045,0.24229327623794628
29.426212,True,75.24532194319956,-204.78916562356673,788.4675533611427,0.9610631878939324,0.25952454686638704,-0.06716330050128623,0.06703468889106855,0.29319206748435156
29.440105,True,74.74465876014335,-205.94942671453055,790.5879259563807,0.9604773614900274,0.26135554209059364,-0.06876372298754323,0.06669384592733901,0.2837442956061965
29.453997,True,74.42480270730795,-206.76624160193086,791.5342932970309,0.9598388507766408,0.26262730694709613,-0.07090583716585774,0.06861953396301981,0.2983048337914702
29.509573,True,72.87726568268465,-211.095198148516,797.8528659391301,0.9580575208433046,0.2655783701342364,-0.07805751799486724,0.07416832178837651,0.3275397627503712
29.523466,True,72.51391274280118,-211.90152687955418,799.4772310952688,0.9576426369929768,0.26598104773199704,-0.07880006117368221,0.07723478762546468,0.3458305351030181
29.537357,True,72.15408487356042,-213.37505970903717,802.4331780151863,0.9576541009926848,0.2657074661422449,-0.08015876888964049,0.07663378535775187,0.2924940432564985
29.592932,True,71.30148216666632,-217.88791482179235,810.6213005005914,0.9561723834545496,0.2671001589843994,-0.0881383926701319,0.08138489987018635,0.2574732276836296
29.606825,True,71.11938148594058,-218.82317771634027,812.4369498514161,0.9557136302001492,0.2679040881134119,-0.09043111577623733,0.0816153779703212,0.3107184841327043
29.620718,True,70.9539112942695,-220.24168362629476,816.5766280432822,0.9553405447219513,0.26878551967700715,-0.09157404807635955,0.08181064564734274,0.309205025954957
29.676293,True,70.25564762363439,-224.82912181334814,829.1997982568943,0.9525044522960391,0.2730473023189272,-0.10405076358566374,0.08575475292844803,0.24765895952856537
29.690186,True,70.20540825465766,-226.0706376645713,832.9089270389113,0.9525586262311394,0.27190427806509154,-0.10629247255688926,0.08603509423653104,0.278063266786263
29.704078000000003,True,70.24672812541168,-227.504326213795,837.6181091670047,0.9528830040701102,0.26948771260438836,-0.10934149241363628,0.08622523613383452,0.2759760769905767
29.759661,True,70.22245549907741,-230.08094441549787,851.565582681693,0.9586873346758938,0.23780347993144163,-0.12033823862135905,0.09943242725608309,0.29773683467584316
29.773545,True,70.06010874250818,-230.042275189991,853.8412348558951,0.961101771184853,0.22423565793012792,-0.12345322145129164,0.10373551586259994,0.30934301824866445
29.787439,True,69.93037187070284,-230.68699694898922,858.5123145566465,0.9638058862161312,0.20894229388881277,-0.12462203195534938,0.10904439770542494,0.27944123464727466
29.843016,True,69.02108457545702,-228.39482462319376,866.0802673092437,0.9726621832431134,0.14222636304835162,-0.12992010645401889,0.12969466018982834,0.35265270195572707
29.856907,True,68.81621083276761,-227.8969957169891,868.7716746304525,0.9746768402898485,0.12519684365985867,-0.12964734249027526,0.13237210403032504,0.3638803169127799
29.870798999999998,True,68.71173413213916,-226.76603898803896,870.1312305040265,0.976219072737509,0.10968897278871344,-0.1305922664811695,0.13382941084599648,0.3415303026735767
29.926376,True,69.31001198620959,-223.3409799380221,874.1525505476621,0.9801950894139689,0.05792487042807768,-0.12919670961164648,0.138457597480802,0.3470526266243626
29.940269,True,69.69883090012915,-222.76557491040847,874.3012478373086,0.9806574606978018,0.04895836218517887,-0.12863095625650453,0.13916932364002343,0.34652858379424106
29.954159,True,70.10760793344862,-221.70400724124272,872.3791156641175,0.9809886363662268,0.042164896929534866,-0.12907450592062422,0.13864771440092152,0.3480393223538077
30.009734,True,71.3882853433831,-220.25445586356537,865.1884938532149,0.9813832445924222,0.03822525029546455,-0.12926068695049528,0.1368116672005182,0.3308015533685732
30.023627,True,71.46809756466217,-219.51285699996274,860.4896149500303,0.9814191253450466,0.04346204397613191,-0.12995952783378653,0.13430589065859977,0.34386066514476465
30.03752,True,71.63497296682091,-219.2649195051987,855.9873696105362,0.9818947102716454,0.050182676160843556,-0.1287098286928046,0.12960808983920144,0.4312503744791749
30.093096000000003,True,70.83248845404093,-219.5986351196958,831.341788606722,0.9807474543171549,0.08799060858057241,-0.12253559400303055,0.12400448320268492,0.26752815111844164
30.106987,True,70.55015498759245,-220.09471230805988,824.8177251273223,0.9804995188095261,0.09628658161118994,-0.12154061265636493,0.12073718271947108,0.28854723207280436
30.120881,True,70.27276805071686,-219.79540750649824,815.8959474090849,0.9802239675375476,0.1040962749366536,-0.12107599021233023,0.11689971601062686,0.28317405042194654
30.176455999999998,True,68.53174746127256,-217.5953738200048,778.5292244969312,0.9795746394190548,0.12638919118114733,-0.11440934693887927,0.10662926189664652,0.2883503267931506
30.190355,True,68.13031297557251,-216.02919651859892,767.4146923874341,0.9803345047140216,0.1288896115895366,-0.10999062925384365,0.10116218842905687,0.3541095014849279
30.204241000000003,True,67.900738304223,-214.6413304682728,757.1490263617331,0.9813122844227008,0.12982148421969417,-0.10418744029303947,0.09652750883183589,0.32016275394618704
30.259819,True,67.34658205479433,-205.8828343762167,711.7610025551347,0.9850393432695621,0.13108357294085765,-0.07988067814805558,0.07831772707845455,0.28561744964229097
30.273708,True,67.36410570669129,-202.39549801428612,699.5999539741316,0.98555713151693,0.13084254574288964,-0.07551513255262508,0.07651688372640597,0.29951985468048853
30.287601,True,67.60188618796948,-199.17333673043564,689.1527911165266,0.9861215370582662,0.1308798084142552,-0.07113484018346163,0.07331182995508678,0.2484215977594936
30.343179,True,69.77056675390074,-185.68248411488491,649.3000353183313,0.9879961434776445,0.13179855003713822,-0.058351647056657276,0.055568407995775414,0.240347241914185
30.357067999999998,True,70.62613026754818,-182.4805940424171,640.3963454251971,0.988212510306662,0.13204194665493474,-0.056964501432421905,0.052497660648226245,0.22535648764980323
30.370960999999998,True,71.42924493138112,-179.2175787293316,631.5366001128941,0.9882896324374634,0.13279819531745962,-0.05640960625931044,0.04966083022583059,0.2115169166602598
30.426539000000002,True,73.33198969347617,-167.535718317506,602.1449106282785,0.9886488516650078,0.13712356948308407,-0.05563030413777323,0.025997000888906757,0.34548011710419757
30.44043,True,73.45204645400104,-165.0999617885922,596.0401072595473,0.9885529547250248,0.1381276907795431,-0.056749258302773914,0.02152483278492002,0.3525572720314402
30.454322,True,73.74192719521928,-163.39491081878805,592.1423315919409,0.9887296969405543,0.13765942303647663,-0.055645783125115124,0.019157673593017264,0.358819002266627
30.509897000000002,True,74.99264603195593,-158.72271379146034,580.307314601879,0.9904667764109875,0.12352093228446823,-0.05745901559648528,0.020410919633514393,0.5649582296998013
30.523789,True,75.33404497077547,-158.45820209108655,578.8545916635757,0.990978557220854,0.11761161833300456,-0.05878426102028762,0.025950279726138364,0.5574006466476398
30.537682,True,75.7662818614658,-158.4954888273942,578.2237083877313,0.9912891500630477,0.11221858140852538,-0.060953718452620105,0.03220955076894713,0.5771354934891391
30.593257,True,76.67727852296206,-161.12339786227744,582.4336308097138,0.9915706084988412,0.09841196949391871,-0.0638703032118304,0.05498542524337588,0.5437309373715916
30.607149,True,76.58632983846533,-162.07821416882427,584.8892173426286,0.9914597554057166,0.0979111946731674,-0.06411551859290217,0.05753391733641326,0.5193628358318505
30.621043,True,76.39859390925561,-162.7501663325688,587.1839439637779,0.9912709152630903,0.09859869425283055,-0.06502440194637071,0.058584103617181284,0.511034629588081
30.676616000000003,True,74.69712514392876,-166.37260914587247,603.1802172776553,0.9908833435691611,0.10715958773025261,-0.0648349832259257,0.04963312547861847,0.2998239786152322
30.69051,True,73.95779390002029,-167.40071519737322,608.4950010906134,0.9908092359050927,0.10932573044289931,-0.06467966064370466,0.046491764940773644,0.23850273574080347
30.704403,True,73.12122176602749,-168.2694039388993,613.0947402392154,0.9906164593998573,0.11132037843070151,-0.06642857530916813,0.04329027713621352,0.18952314913187482
30.759981,True,68.01503066510442,-171.45815396384833,635.9072826076778,0.9899356703080263,0.11834799704674903,-0.07097398644191263,0.03136580136652776,0.28899854361794
30.77387,True,66.20598653363452,-172.08786965134692,642.6798441401846,0.9896190704302616,0.12019664638857912,-0.07251320111103862,0.03080093021831884,0.26033057243672
30.787764,True,64.3324819931774,-172.80159606167078,650.1715655254753,0.989180679888714,0.12254537277856749,-0.07379971399225176,0.03252408892075649,0.31132173969249505
30.843341,True,56.490120730771025,-175.50854589076044,680.8368246070092,0.9872441722838147,0.12778799368919985,-0.08462615884225337,0.0430997238986565,0.29366299542319163
30.857232,True,54.63038500634275,-176.51070783551665,689.0451450041801,0.9868849048350077,0.12766504521883315,-0.08775639608680458,0.045372191747002806,0.30325267899505376
30.871124,True,52.7483610430356,-177.17689370090915,697.0485346310891,0.9864689887329772,0.12796000895312967,-0.09125992500138384,0.04665615142287462,0.26434392459853095
30.926699,True,45.92644439560076,-180.6758613639221,731.5761708348065,0.9847899348353264,0.1261260907699337,-0.10567095689600346,0.05580898084368631,0.2565454142819672
30.940591,True,44.440780371145244,-181.46657217712308,739.7645903303617,0.9845727040449174,0.125014930035872,-0.10837683677921219,0.056941364292906055,0.3198372213370585
30.954485000000002,True,43.07116699058563,-182.39194033015139,748.1845712190511,0.9844687291540265,0.12331769184923769,-0.1109133070293905,0.05755264128288594,0.33517307233864846
31.010059000000002,True,39.184911504953725,-184.5956445131805,774.6660315745069,0.9837728111094518,0.11601107618461479,-0.11872283450997399,0.06809827376822189,0.2808566439056453
31.023951,True,38.55862784679486,-185.20664753589267,780.1201652019281,0.9838923745161092,0.11515552664934843,-0.11794397726464062,0.06916804376416442,0.3043652317085432
31.037846000000002,True,38.16702829909331,-184.93925649107433,782.3849890731326,0.9835117841928646,0.11618103691873187,-0.11913252916025999,0.07080944506304529,0.31395377357249193
31.093419,True,37.7868158192432,-186.34818930572095,793.1256660799722,0.982178622395778,0.13907263180268087,-0.10800935724410611,0.06571100014398304,0.25760458446086787
31.107312999999998,True,38.02502772126485,-186.59100802172648,793.5488449819634,0.981025956382322,0.1506296091365821,-0.10371225223368126,0.06436274149015062,0.2354560534722949
31.121205999999997,True,38.36461942535561,-187.03136087394608,795.021329516432,0.9798097527115742,0.16285771483733422,-0.09762707296824742,0.06260325736651198,0.26953765508819344
31.176779,True,40.16464833184531,-187.9776287402584,789.4667355408864,0.9724288752970596,0.2141092344880652,-0.07732813241286647,0.05059326173482644,0.24309376302094848
31.190673,True,40.8267493986902,-188.39183741747965,787.3574497392493,0.9697674657935548,0.22774483367821818,-0.07229029996918569,0.049572830780502404,0.192612230771896
31.204566,True,41.533666244560465,-188.71691387668164,784.7530696483705,0.9664988141208537,0.2431842632574041,-0.0662879405068982,0.048449616616550506,0.25480376648508307
31.260139,True,45.70862425377718,-184.84036928640685,763.614534965826,0.9449049579234347,0.3127256650925656,-0.06334480516797562,0.07310755461890352,0.7061538112237492
31.274034,False,,,,,,,,
31.287927,False,,,,,,,,
31.343504,False,,,,,,,,
31.357393,False,,,,,,,,
31.371287,False,,,,,,,,
31.426864000000002,False,,,,,,,,
31.440754000000002,False,,,,,,,,
31.454648000000002,False,,,,,,,,
31.510221,False,,,,,,,,
31.524114,False,,,,,,,,
31.538007,True,58.66555418868088,-178.63927231648893,744.5470897912805,0.9602646348491986,0.27031379693599966,0.00398028641638356,0.06932849027652306,1.1958492564156602
31.593580999999997,True,52.57821985901695,-190.1977760414784,765.9108184447648,0.9971887130857315,0.039896506443643946,0.014656259600092597,0.061710074724874685,0.3604591773371792
31.607473000000002,True,50.930081885750454,-191.80264056825473,768.5799189959638,0.9968489722044064,-0.025404896051371785,0.012847269985967344,0.0740382706817588,0.35599681366299135
31.621368999999998,True,49.16912559152549,-192.94083877457467,770.238564734915,0.9923112036895403,-0.09022050882232652,0.010158346440317937,0.08411624586044482,0.38235005678960615
31.676942,True,41.25273200738088,-196.05117406860825,780.3501982824625,0.9347027487234657,-0.3271844627158929,-0.009524152744250579,0.13852938100133938,0.32108159553902804
31.690835,True,39.61558551555617,-196.02960905206336,782.512786569794,0.914731907115162,-0.37521710042437956,-0.015683156136252402,0.14910299885711809,0.3053696234570406
31.704727,True,38.510683401734816,-195.86848787110296,784.5316655892564,0.8945949608257003,-0.4175158476952843,-0.018866973704274283,0.15819105629520902,0.32737875283524587
31.760303,True,36.9244930499441,-194.11465387212357,791.375746846598,0.8146722549172047,-0.5491384911176959,-0.010793663749852458,0.18611698327651993,0.32487702348894915
31.774195,True,36.597635093439344,-194.00468353825917,792.1110238777031,0.7948002482697426,-0.5740558812170914,-0.007411511094832561,0.196716750923035,0.35986871717173224
31.788092,True,36.811297733613465,-194.1662169004848,793.3990808541326,0.776608935710945,-0.5951610290023195,-0.004832822156810797,0.20649105152721287,0.3426539837020387
31.843667,True,38.736385903475316,-196.9505541883757,799.5854118303434,0.7233446490049464,-0.6517773088194937,0.020754670553957917,0.2269980222691952,0.4813418538800385
31.857555,True,39.00282356406127,-198.07043054902113,800.6385076776719,0.7121960773533634,-0.6625290260086126,0.024638174105549544,0.23070543442950284,0.4431948412714931
31.87145,True,39.151684077383685,-198.56041005676337,801.2283254628987,0.7009950201653599,-0.6720475196962643,0.02919722747405859,0.23686628059159093,0.4613312848976155
31.927024000000003,True,39.142226048036825,-203.20785184376481,807.7651033598762,0.6889006157304658,-0.6814263598898023,0.01937050143008067,0.24637134851249679,0.46252456973005673
31.940916,True,38.817388201511584,-205.3194926754681,809.8269312449504,0.7003665098219926,-0.6712113837647735,0.011193277981103204,0.24256285938365882,0.450091696910321
31.954810000000002,True,38.893626244138,-206.5646422275494,810.0168062078181,0.7185177148724267,-0.6524277567385451,0.00430373700432132,0.2409393979809312,0.44182692117293276
32.010383999999995,True,38.74523663009862,-212.10683390460937,811.6446906649824,0.8363918810976173,-0.5026784602849963,-0.03439835605788748,0.21582339979717077,0.3071987646103981
32.024277,True,38.450600792252345,-213.45926020890508,810.7540420010121,0.8663345614535647,-0.45197978045159104,-0.04467798424055305,0.20780419490037272,0.22440100359999055
32.038169,True,37.833807598833296,-214.6896913571274,811.0470698416722,0.8935904046308054,-0.3993269166011112,-0.05359886468033952,0.19789230438443317,0.2953743406650962
32.093745,True,33.50731194185085,-219.59157358628502,806.9961046261794,0.9695774171197968,-0.17592805228662167,-0.0769490518665244,0.1518150060000079,0.32577635933521526
32.107637,True,32.01436226380307,-221.32644502537647,806.2733098053744,0.9793490866208665,-0.11796708206683433,-0.08154941418040096,0.14250904227572644,0.41276250228872025
32.12153,True,30.516986064632924,-223.8079327536084,806.5195581970745,0.9853723866940186,-0.06358860901287838,-0.08350190577228207,0.13425788646160633,0.3604525110977076
32.177105,True,25.66855600495965,-234.39873956671983,805.3256397290621,0.980890435777292,0.13757426088372693,-0.08610063346476299,0.10730310647831769,0.3652140742060405
32.190996999999996,True,24.96593186786778,-237.43235487410408,805.4482271402823,0.9744899148090869,0.18386753040891654,-0.08346186990819382,0.09796046890523115,0.3899860816668868
32.20489,True,24.51284689328243,-237.6010615933624,798.109953128989,0.9648373787075686,0.22594403012026334,-0.08714387870553877,0.10219624408888946,0.4404255105860205
32.260465,False,,,,,,,,
32.274358,False,,,,,,,,
32.288251,False,,,,,,,,
32.343828,False,,,,,,,,
32.357718,False,,,,,,,,
32.371611,False,,,,,,,,
32.427188,False,,,,,,,,
32.441077,False,,,,,,,,
32.454973,False,,,,,,,,
32.510546999999995,False,,,,,,,,
32.524437999999996,False,,,,,,,,
32.538333,False,,,,,,,,
32.593909,False,,,,,,,,
32.6078,False,,,,,,,,
32.621693,False,,,,,,,,
32.677273,True,88.31291201497682,-244.34469178539055,793.4692230143734,0.9839585713555131,0.10821811307311194,0.046591078126976875,0.1339538775022159,0.2933356488041846
32.691159999999996,True,89.71543393102793,-242.68403537811034,792.0410666004889,0.9858208313171987,0.07461725646397235,0.04519486234043629,0.1433421710345081,0.1460755196317793
32.705053,True,91.0939855058898,-241.424367193896,792.6640686189751,0.9867961085803107,0.04232207980760825,0.044692749128413915,0.14981601992730423,0.234076669613043
32.760627,True,94.75263581765711,-234.8714710187466,789.9909515288497,0.9815666731653312,-0.07283702575314,0.051456013417388216,0.16903819832738995,0.2439718637184554
32.774519999999995,True,95.10737249966,-233.0704931221025,787.8411216161583,0.9782717231365414,-0.09730319552529161,0.05266501564184791,0.17533659053224804,0.23471850948646888
32.788413999999996,True,95.47244010561052,-231.64327182328418,786.6532538858402,0.9744232882798511,-0.12069483694028238,0.054814650135975605,0.18145899185301223,0.1846915568078534
32.84399,True,93.3852012566855,-225.08801398839282,779.3408223410232,0.9606017307219495,-0.1867855427028155,0.05945002324954106,0.19703088769743363,0.23526107847161007
32.857879999999994,True,92.2108264178482,-223.54764530969746,778.5835672256067,0.9587256333500831,-0.1961167263818142,0.058377578835936764,0.19742200454867434,0.22739445669940056
32.871773999999995,True,90.80810513486871,-222.00249765410302,777.4543431015992,0.9579585323154838,-0.2021468846186128,0.05587935350439836,0.19577943011175492,0.2779737116784132
32.92735,True,85.10349255262882,-218.80538779224796,780.4231003637204,0.9607526335988459,-0.1993822872470611,0.03290302997859231,0.19004860216071098,0.22878385438835977
32.941241000000005,True,83.98776248321958,-219.22615126350152,784.0557209623049,0.9623271743603654,-0.19318489469076572,0.0280637043208206,0.1892575875644253,0.19328409663075094
32.955133000000004,True,83.24808094247844,-219.8486857931479,788.2125305651793,0.9642140620555985,-0.18442073687866994,0.023942888697158753,0.18896288636715536,0.21339658953820484
33.010709000000006,True,82.63265362321052,-223.05391507104767,814.9529998961675,0.9713436361558341,-0.13554156281658436,0.01986115731433511,0.1942306867591626,0.18126092359666332
33.0246,True,82.84234580941676,-223.5910074518952,823.6678426180488,0.9734496304712047,-0.12069342416845631,0.018870951882184833,0.19357892827740408,0.18952359297969895
33.038494,True,83.29056147724381,-223.56744318436913,831.4365381319701,0.9758173118550217,-0.10459953410201588,0.016171967035890158,0.19125370279257561,0.18843067452171983
33.094069000000005,True,84.19753998799327,-223.16888299115996,866.6415693828221,0.9824740237417523,-0.047281509752209426,0.0018231821440893733,0.18029400299264464,0.18872968546061958
33.107962,True,84.222516990925,-223.17956287145591,875.3198742620348,0.9829584542157496,-0.03660344247535835,-0.0019722587434621527,0.18013599162906366,0.1810239389733023
33.121854,True,84.06202186765839,-223.34595934581745,883.1290929255937,0.9836864319925586,-0.028875816352096618,-0.005150706126781668,0.177484255555655,0.2437167601504857
33.177428,True,82.81354281365877,-225.63455963188667,906.4211731954741,0.9844460931119696,-0.01522528427830774,-0.019598504277835972,0.1739252112411987,0.27165086181497966
33.191321,True,82.25881346400746,-226.182118467495,908.680768765306,0.9848614492632218,-0.01489734850921619,-0.02366780467434091,0.1710725863031198,0.21939857504136676
33.205214999999995,True,81.6508406882075,-227.0348350449649,909.4505597979271,0.985074587618185,-0.01634017973056872,-0.02715406871278802,0.1691854364523641,0.24330217030366308
33.260788999999995,True,78.46299893236223,-231.37935032632356,904.5352120703913,0.9873756672352032,-0.0243735602671351,-0.035259906398383854,0.15248593480225972,0.25570749690935457
33.274682,True,77.58579781272303,-232.23776133358052,899.2412474302294,0.9878048663720596,-0.025664085535739806,-0.037154521873273144,0.14900483948402576,0.27198474705601516
33.288576,True,76.71873725329272,-233.54667464890326,893.6768854334675,0.9881958887158189,-0.027357973502724998,-0.03819049435291868,0.14581465273441083,0.2660588238003704
33.344154,True,74.08780843543411,-237.6796314273138,863.8944840783399,0.9882277436348769,-0.024558596654501767,-0.04702932760685528,0.1434957991912267,0.3162352211208351
33.358042000000005,True,73.95124283329956,-238.48510940144618,854.1684817995684,0.9887554388874586,-0.022777151915646353,-0.04975242555120145,0.1391710443046716,0.29914504531705105
33.371936,True,73.89039422333018,-239.62170759115367,845.5755709423867,0.9890462595114823,-0.022280924948440573,-0.04993488022085158,0.13710421097514305,0.2863415193922435
33.427513,True,76.83699773352154,-242.60303987810207,802.6750493414838,0.9885894273119499,-0.011015114221240917,-0.05758372258733964,0.13875779746993913,0.3086216614652523
33.441404000000006,True,78.28020455863023,-243.01802182871415,793.4435636344311,0.9872941689543112,-0.006611155546473455,-0.055484271364216776,0.14875487286922112,0.32473857985522536
33.455296000000004,True,79.73832653418408,-242.91943167848993,783.5584603452055,0.9856340297286835,-0.0019049633842507744,-0.05280113527492129,0.1604181120353337,0.383622203740294
33.510873,False,,,,,,,,
33.524764000000005,False,,,,,,,,
33.538657,False,,,,,,,,
33.594232000000005,False,,,,,,,,
33.608125,False,,,,,,,,
33.622019,False,,,,,,,,
33.677594,False,,,,,,,,
33.691483999999996,False,,,,,,,,
33.705377999999996,False,,,,,,,,
33.760951999999996,False,,,,,,,,
33.774845,True,148.47071637098978,-213.0834505262076,680.0810558878906,0.987205630615578,0.029614489692501075,-0.0017955254505402842,0.15666780450848353,0.7457107229667835
33.788739,True,150.12043490147778,-212.52703462857545,685.2608944481899,0.9886562117300973,0.028831835516576254,0.0002264075195408519,0.14740274423454017,0.3402762826355924
33.844313,True,153.75574998539213,-206.60569365876435,707.253455298029,0.9944473396203717,0.02620046192987594,-0.0029583125574429575,0.10187871663619891,0.23518209762094286
33.858205000000005,True,153.61767820764214,-203.77392215562557,714.2191592695134,0.9945323403754354,0.02624989620933928,-0.0037429983986743878,0.10100671690212358,0.23223554262393598
33.872101,True,153.1943096038867,-201.02040123477062,721.7693990054479,0.9945417855065328,0.026173031945433235,-0.005520313443395993,0.10085204717678058,0.22557676913852684
33.927676,True,148.1260456286248,-188.12927538372173,752.602580054237,0.994522175462421,0.02530566887860373,-0.01399820625658612,0.10044558655161498,0.2996988012380912
33.941566,True,145.98828987661307,-184.70902113092845,759.6224482472219,0.994163251132004,0.025577645032630988,-0.0188454465894803,0.10310219840561993,0.24879714735899428
33.955458,True,143.71638175987894,-181.62282686985503,767.5454909333912,0.9942168745834666,0.024781922221422465,-0.0219600440091871,0.10215879351093177,0.31525934052816007
34.011036,True,132.30781502229385,-171.34958399248904,799.9728090988473,0.9942509126439726,0.017735495330992314,-0.03623355139407953,0.09918520386309956,0.32647955783043486
34.024927000000005,True,129.04180120676506,-169.65822268781483,808.0457243536999,0.9941327915495852,0.01587489736773484,-0.0399126563230569,0.09927215251333349,0.3713395363725378
34.038819000000004,True,125.50780873543184,-168.12732143968626,815.0694082722517,0.9936598244705033,0.014970495222537667,-0.04608591073508007,0.10145011748518942,0.3100664963312924
34.094394,True,111.23641824626615,-165.8895944147295,842.9363450426963,0.9931240741975979,0.009446307005670729,-0.06191169001684342,0.09890542539404383,0.34811853159562595
34.108286,True,107.6646782408312,-166.13633545993162,847.3718529302012,0.9929486303171025,0.008426106347668673,-0.06706791479812628,0.0973853843645913,0.3067695443175875
34.12218,True,104.01338790244832,-167.21579227173294,852.1429340828356,0.9927536925496053,0.007397093647956341,-0.07056240755896137,0.0969862648737962,0.34789319257464285
34.177754,True,89.85743776379127,-176.1024568062154,863.2132680218299,0.991860118196453,0.0007529774449111183,-0.08252491720798502,0.0969668860802546,0.381378960629405
34.191651,True,86.46333482312875,-179.15547043020015,862.5546318775791,0.9917300283468171,0.00024777755478163266,-0.08380155920853966,0.09720487722188684,0.36036727398186696
34.20554,True,83.42265528494012,-183.33316469161437,863.3167513289194,0.9913562754148604,0.0010270372075234869,-0.08520048689306393,0.09976250509752976,0.31610155734086426
34.261114,True,72.66480078606979,-200.3085809673489,852.474197701786,0.9902186311085239,0.008428205755111991,-0.08872510137270755,0.1073493564941744,0.35020624902922753
34.275006999999995,True,70.9088358728331,-204.70146357633513,847.8645037467126,0.9899459355468039,0.01225421681927712,-0.0899940130620564,0.10843411122656772,0.38520414672510367
34.2889,True,69.72143258340434,-209.0121637103682,842.9306364154643,0.9898593600201896,0.016088522031533804,-0.08855385435763052,0.10989914338915126,0.35861758441140856
34.344474999999996,True,69.95162118800799,-224.59281586236338,817.6888406472737,0.9903757573052031,0.034491436995257634,-0.07692718993891036,0.10976523841476597,0.3639135220828243
34.358368,True,71.34573085753864,-228.06312268028051,810.4608841592449,0.9902803751430383,0.037863906788026494,-0.07354643504652134,0.1118124548574926,0.328572275078733
34.372260000000004,True,73.12981174897811,-230.63635795789116,803.0662406350925,0.9902380580897265,0.04053560842082443,-0.06846755467160506,0.11444495060041625,0.3263060846534069
34.427838,True,84.5605118707684,-236.07711433874724,775.3754149629766,0.9900341341286376,0.03834996041084939,-0.04694655832284226,0.1271129987777998,0.30137806375200116
34.441729,True,88.5982650784799,-235.8633329409895,767.801622205183,0.9890775733719258,0.037384365946867115,-0.0413498832087636,0.13644834258456448,0.2811338998139077
34.455621,True,92.94744265175149,-235.23994557148959,760.5148284097444,0.9881454311169939,0.03732085112901269,-0.038181968729916575,0.14393713314334053,0.3897636862383002
34.511199,True,112.43475284511808,-228.61738379096107,735.4582306466169,0.9884332295776106,0.03978378098014851,-0.018493636015801583,0.14517226616889817,0.08216469234250096
34.525088000000004,True,117.57335884375276,-226.20376449505824,730.047980744757,0.9891131075434998,0.040330410913348234,-0.01572587369929186,0.14064641956905782,0.06902154633259167
34.538982000000004,True,122.6410744458111,-223.3651341162489,724.887316063839,0.9899532450167599,0.041338370198750814,-0.012453703110020505,0.13464255311358894,0.09347958106738517
34.594556,True,143.05478548709237,-211.1502032178266,713.7317245729738,0.9948990670127563,0.03583673795018309,-0.0038539320847792336,0.0942163567419306,0.26306739764602577
34.60845,True,147.71723242477003,-207.59945843698654,712.4145106487183,0.9959327472044909,0.03293599420347929,-0.0016080301704507211,0.08384865872818109,0.24646149781198892
34.622341,True,152.30253006016508,-203.58066278460964,712.0099826068046,0.9964754456122668,0.030621878152556535,3.6059975812068256e-05,0.07809600226594433,0.26532168169179926
34.677917,True,167.79937201613086,-186.07186829198727,715.5844049078862,0.9972983033441413,0.018213992047021114,0.002166867956985803,0.07113121202302836,0.25436834627927946
34.691809,True,170.7716691434624,-182.03618246285438,717.9577344326879,0.9974368950762322,0.014672107611052965,0.0027205831028210745,0.06997833969533501,0.2637940372963075
34.705701999999995,True,173.31575124359898,-177.8825450656241,720.305407704377,0.9975770536300805,0.010902425818433701,0.0027687161371264873,0.06865488615497586,0.2598681156770168
34.761277,True,179.18883844134683,-161.32336863621705,732.5263340878903,0.9980889862765334,0.0014413749234298838,-0.00261828638617538,0.061720681203401136,0.30912511182434765
34.775173,True,179.4944577211179,-157.4881143169578,736.4332689061732,0.9982403433446883,0.0001478219856654961,-0.0034687885113343325,0.05919596754849955,0.30814192847259936
34.789063,True,179.22279382094317,-153.94544890654052,740.3119949258312,0.9983545626769971,-0.0009051744259904915,-0.005195852934986357,0.05709948295351276,0.3232928410711754
34.844637000000006,True,173.4464821836629,-141.96217880248457,756.9124250475247,0.9986579549647702,0.0010113149087926712,-0.010282707624959553,0.05074970100047639,0.324568329420266
34.85853,True,170.9911734779621,-139.52774366881337,761.0096181098345,0.9987340771187487,0.00239549562768565,-0.01180703121352552,0.04883747348483569,0.33327239403871745
34.872424,True,167.96778289086507,-137.60627594971604,764.7502994103307,0.9988285550409526,0.0037057783619707306,-0.013923839684292815,0.04619428027343757,0.33235075878189996
34.928000999999995,True,152.23887248774656,-135.0578116023776,779.1313039438736,0.9985683064552954,0.012004988959410942,-0.02498702441865525,0.045747854526627316,0.3559593178572522
34.941891000000005,True,147.4252178946366,-136.07570776946457,782.6133774547297,0.9985123279459339,0.013499347140917144,-0.02737334741003689,0.04518405048609443,0.3145915085674767
34.955784,True,142.41573589298068,-137.67035858713894,786.1969365817894,0.9983072860122997,0.01623823083903662,-0.03158149726615129,0.046059652456378254,0.33699635004717526
35.011360999999994,True,119.7263682104864,-151.18168429835941,797.3615189608062,0.9970130646115565,0.022762276135761785,-0.04965008376319018,0.05460491700661913,0.3131357105565834
35.02525,True,113.84779101480174,-156.0543745608656,799.2991853003373,0.9964106861497751,0.02328428125720584,-0.05500090151351756,0.059987395389115385,0.33601098902972154
35.039144,True,108.07316641781962,-161.472464214193,801.5279540490698,0.995812045987333,0.024536570471471997,-0.060914622914303294,0.0636060884760923,0.3535469881588065
35.09472,True,86.42186992570998,-189.2465590902071,807.0385082168326,0.9924810728202081,0.023587153821057028,-0.08514934492582968,0.08470274686792935,0.3098396474393287
35.108612,True,81.98480465949987,-197.69137683468495,809.0868209460639,0.9916616561004524,0.022060010446405477,-0.09023180199672787,0.08932377996723964,0.33328457669203604
35.122504,True,77.96140953642958,-205.62217543459715,808.6102570530561,0.9904225555407585,0.021638498200016197,-0.09625214169332588,0.09659431707511865,0.3741133172600905
35.178078,True,68.65461149473853,-240.82530418578202,809.032597503856,0.9860818665342349,0.02160179744295586,-0.1086310991333902,0.12399677068643422,0.3149877176889488
35.191970999999995,True,68.00786268646206,-249.52501950418872,812.2620978918279,0.9833746283573287,0.026170971818480986,-0.10500043774467706,0.14582293581802694,0.3253203920398644
35.205869,True,67.87789245940236,-257.70043349506176,815.2985383566897,0.9799945614323993,0.031191964326956728,-0.09822944822409137,0.17026067198838374,0.54668105320584
35.26144,False,,,,,,,,
35.275332,False,,,,,,,,
35.289225,False,,,,,,,,
35.344799,False,,,,,,,,
35.358692000000005,False,,,,,,,,
35.372585,False,,,,,,,,
35.428160000000005,False,,,,,,,,
35.442053,False,,,,,,,,
35.455945,False,,,,,,,,
35.511523999999994,False,,,,,,,,
35.525413,False,,,,,,,,
35.539305999999996,False,,,,,,,,
35.594883,True,93.374988913727,-254.95409096194015,795.77190429449,0.9840051879121234,0.1002248275116493,-0.03548637067938891,0.14293177256401668,0.8590517905285802
35.608773,True,91.99531576305473,-248.0687773912606,790.7429023020912,0.9859989488333014,0.09538492974986652,-0.042236245839994344,0.13009184299402227,0.09369139274282436
35.622667,True,90.85684707126094,-241.975892197505,789.0262924279067,0.988196378444934,0.09046472096771573,-0.04797197843557731,0.11394183241253644,0.32836495712082847
35.678243,True,87.08867391479085,-219.0456950911906,792.3241174081054,0.9908838822647242,0.08514515803976039,-0.06193197874682147,0.08404679612499004,0.3256500008526638
35.692133999999996,True,86.76816063179233,-214.88815481151207,794.295514482491,0.99103351651211,0.08585624204500997,-0.06420455487868426,0.0797436516870131,0.39060019931250106
35.706027,True,86.74040047336531,-210.76688706496736,793.9038030486578,0.9906611715340633,0.08783356289589589,-0.06739205119705255,0.07958655589497311,0.3904268849732904
35.761601,True,90.409489431013,-204.21465053023226,796.9272294304058,0.9895383735720994,0.11150839610983218,-0.06323150832257071,0.06619260669100283,0.3219882255057323
35.775495,True,91.91384244848324,-204.47491294330862,796.7686516740524,0.9887053104300805,0.12159102212817766,-0.058010935322419015,0.06566706821688563,0.3447237799062091
35.789389,True,93.64258757758407,-205.02194503553662,795.6589681436137,0.9873494582870871,0.1341873697460702,-0.055328172422348214,0.06382468454469382,0.3061623398187361
35.844962,True,102.43321766694133,-210.24800207564687,787.633017396166,0.9802445852776519,0.18344505864905927,-0.036015652982873514,0.06458588260064613,0.3449367654000189
35.858854,True,104.94335461664195,-211.79096479426605,785.2080372706154,0.9782374510303422,0.19453856441008185,-0.02938742015051242,0.06589852726594346,0.37614633136284303
35.872748,True,107.65997681584633,-213.16313634821887,781.9382273861695,0.9763212494539246,0.20496970528063077,-0.02308209398481875,0.06520318028420695,0.3582007380272956
35.928322,False,,,,,,,,
35.942216,False,,,,,,,,
35.956108,False,,,,,,,,
36.011683,False,,,,,,,,
36.025576,False,,,,,,,,
36.039469,True,118.84294266253812,-221.63465362465777,774.5520082908298,0.9768719686031706,0.1903366389589749,0.02398173431184347,0.09443514836417173,1.0482661004495393
36.095045,True,108.390473244204,-226.27777436687478,794.9668623008008,0.9922419339337466,0.07284119097525628,0.04481804108316994,0.0902299763614732,0.23329123626360665
36.108936,True,105.2913658089047,-226.3428012983224,799.2856737681624,0.9940706310773264,0.03283412309915843,0.04471545177100786,0.09352020724287263,0.26520872009961793
36.122832,True,101.77465125288224,-225.98721497312664,803.4023491200883,0.9940529506616858,-0.00783894662733534,0.043708150271180746,0.09943279034826313,0.2086725559372486
36.178404,True,85.64467072218565,-221.46664057285108,817.5880313618147,0.9723517955504036,-0.19151256676312894,0.04166493937509675,0.1269604477330388,0.2568476649337978
36.192295,True,81.39385484419253,-219.87078196707492,820.5038368052608,0.9595352823648406,-0.24311999783692795,0.04234084523461803,0.13561696565553957,0.2692532480647938
36.20619,True,77.26918437776709,-217.78257241376454,822.2258247753078,0.9432274308507391,-0.2954710778674271,0.044262714344148656,0.1451194954286403,0.3072630052674837
36.261763,True,61.88262287549031,-209.07710503440757,829.0384484864522,0.8485803106958838,-0.495163530625534,0.06241585540253467,0.1755813066134975,0.27285858230710713
36.275657,True,58.60605701488396,-206.7144891703655,830.632300767915,0.8181945631019013,-0.5398010253209732,0.06973201164928755,0.1852294699130207,0.37104436360004883
36.289550000000006,True,55.92720758818588,-204.4177291768693,831.4867341299646,0.7858239614069437,-0.5819083561449554,0.07761251570063236,0.1945241993531733,0.33937755077211745
36.345124000000006,True,50.437783551294444,-196.8549088053193,835.14481106572,0.6526676583526773,-0.7161512076818901,0.11252132842479307,0.22020746155778462,0.3605300797398731
36.359017,True,50.016524400732806,-196.08102498537323,835.3139537819271,0.6231493291634584,-0.7388687294931148,0.11825441410802406,0.22753858504510838,0.3050192936309284
36.372910000000005,True,50.190411904801444,-195.55598822895658,834.2983796703243,0.5958974031430467,-0.757511269403941,0.12001358403404074,0.23807499091821385,0.2654776006486087
36.428484,True,56.631342988788525,-199.87207703834736,834.9195338203912,0.5344421359829598,-0.7903161518797984,0.14063199660537365,0.26456497291717357,0.39365211388476995
36.442379,True,59.38912211924838,-201.92227725523134,834.6064757949589,0.5334422339592263,-0.7889615228876556,0.14761874549369597,0.26681042785140263,0.46186058696810517
36.456271,True,62.57950149792116,-204.14730600331677,833.4869600045233,0.5373535717814172,-0.7840457618751717,0.15194369048971454,0.2709916919385179,0.4056897814761536
36.511848,True,76.05645578936425,-213.5646526817734,831.0579400126495,0.608326232083341,-0.7314774030202843,0.14109731720968774,0.2738093338551742,0.44671708258873394
36.525737,True,79.53969763575695,-215.69134284707897,832.0246066662628,0.6393627820075096,-0.7081697967348569,0.13173737754210285,0.2689907718388464,0.3920479119944659
36.539631,True,82.75084418707873,-217.07125189362347,831.5979235095643,0.6736641730559881,-0.6799670742164043,0.11952203106783517,0.2636964998095235,0.3778247194386528
36.595205,True,91.82660782119615,-217.2339470519142,827.9682313736115,0.8177130876438488,-0.5261464069572377,0.06678467160915878,0.22372990944442137,0.43543509602878794
36.609099,True,93.33657044478767,-216.137709541316,826.1632605370663,0.8492780978316743,-0.4804093388575407,0.05337051396624397,0.21233268217788048,0.4148109521969561
36.622993,True,94.24499607534888,-214.7487213640289,825.3385121063224,0.8776872119204242,-0.43374623599819023,0.04192083908387232,0.19942919555385705,0.31499967314335015
36.678566,True,93.78730214566245,-207.715393638601,821.4460525454625,0.9606896136373401,-0.23246003397263956,-0.015326673921071187,0.15100626451010202,0.3298864928113035
36.69246,True,92.55436085211142,-205.84305524351205,819.9500558326118,0.9737362265716627,-0.17927909773764789,-0.027324951572473676,0.1376594101320948,0.2927119888491616
36.706351999999995,True,90.94448392377906,-203.6364821304219,817.1757979741436,0.9832257808372251,-0.12414727362658196,-0.04082965187985224,0.12722994095528609,0.341967860668217
36.761927,True,82.28138409591364,-197.55747593882853,813.2622972194617,0.9903145728078514,0.08193894605176427,-0.06755945530664015,0.08943587648700435,0.4080193670589784
36.775818,True,79.77326977738782,-196.26776069459254,812.3307021000896,0.9864739329045551,0.12877887871297572,-0.0689761311931603,0.0743469799176269,0.37106461219603787
36.789713000000006,True,77.23504721997708,-195.26224922556037,811.874004525881,0.9805780728912692,0.17334884028663336,-0.06870781524182844,0.060795219062183575,0.3248659128784206
36.845286,True,67.72136976113146,-186.90515594675793,796.3160371214835,0.94188040488517,0.3234458464510626,-0.07240365420924322,0.05478866820841992,0.44918332651056564
36.859179,False,,,,,,,,
36.873074,False,,,,,,,,
36.928647,False,,,,,,,,
36.94254,False,,,,,,,,
36.956433,False,,,,,,,,
37.012011,False,,,,,,,,
37.0259,False,,,,,,,,
37.039792999999996,False,,,,,,,,
37.095368,False,,,,,,,,
37.109261,False,,,,,,,,
37.123152999999995,False,,,,,,,,
37.178728,True,55.818179415002675,-202.44308992383574,789.0393010040925,0.9701381891792445,0.23253041365104377,-0.061491416856783894,0.031309843120592686,0.24007214502536037
37.192621,True,56.298729715475055,-204.0193260432148,789.6189135318474,0.9796888569959805,0.18634765047456694,-0.060966016003674094,0.042040950669052585,0.2473810054080079
37.206514999999996,True,56.60565429426465,-205.25816787575806,789.8517605155721,0.9876587560706623,0.13467965729570391,-0.06043122582933507,0.05234155531151076,0.3098102390280407
37.26208999999999,True,59.369442550883655,-208.46873928814887,789.0589635038893,0.9891699169799214,-0.08898228655185492,-0.06093799505830481,0.09955696248988917,0.35962765219360737
37.275982000000006,True,60.20391371015126,-209.39632025804588,789.7035162141561,0.9824971753809373,-0.13698535827973743,-0.061215019417229156,0.1103948974509255,0.3570914710955758
37.289876,True,60.83745975611975,-210.26854007023115,791.5182502366608,0.9746386393948059,-0.17990874970985435,-0.05857512625593554,0.1195044725547113,0.351308039793213
37.345449,True,63.42917907812581,-211.06423360067424,797.8245003240553,0.9379944063083598,-0.3096829654228709,-0.04498311449469362,0.14912905173533977,0.2850141649748078
37.359342,True,64.25778760202816,-210.8227353010916,799.2915187243786,0.9271992872147266,-0.33833762050390054,-0.04122978231954673,0.15533589858800947,0.32134452941337066
37.373236,True,65.17357159056223,-210.7229639174702,801.3874404139427,0.9151338784558616,-0.3669736476815189,-0.03821816174333789,0.16247984035754318,0.3218172195669912
37.428809,True,69.86652004841353,-209.8277367715279,808.4077800080707,0.8611849739356184,-0.47022690671460227,-0.024790112338976676,0.19139630926260265,0.3073761409046122
37.442701,True,71.62402413318276,-209.3092519725653,809.3717757963244,0.8495978885398334,-0.48880946603927916,-0.017379719262473402,0.1973491298623052,0.3425781591741919
37.456596,True,73.18297499043031,-209.34155765358148,811.7868971302772,0.8397092954555888,-0.5048851411421482,-0.008875786040081607,0.19975112966269365,0.38326861303296894
37.512173000000004,True,79.01642117979077,-209.66837965667247,821.3722046970639,0.8146866603928653,-0.5384213644629104,0.02369308205216649,0.2140717579006799,0.3653917618716388
37.526061999999996,True,79.96742499274234,-209.82225831965394,824.7893758975081,0.8145943840825408,-0.5377779462055745,0.026101866863166116,0.21575347631581263,0.39593732329337167
37.539956,True,80.50464677602761,-209.35675094204524,827.2094195524201,0.8176477453020975,-0.5325410018152734,0.028554874133249464,0.21687984035224592,0.3548488121745312
37.595532,True,81.51767187384299,-207.51324568412758,838.4050759373312,0.865972365408243,-0.4568330427702062,0.010044726826688975,0.20321057267166168,0.32234004905898656
37.609422,True,81.07447099006762,-206.81668260722074,840.8603497590715,0.8836259408317435,-0.4252163186749984,-0.000289539428419404,0.19594947100877227,0.3293509534340238
37.623317,True,80.50395819998607,-205.90049974752992,843.0006636184231,0.9015950917353148,-0.3882514116827123,-0.013364775385944055,0.19028535062913707,0.29964483175714307
37.67889,True,76.33828182702551,-204.29528475382375,851.8922794258151,0.9615383313277417,-0.21548371163726995,-0.05521327069011748,0.16112821648050277,0.3270608360871553
37.692783000000006,True,75.04231258631859,-204.56286075792502,854.5507790726627,0.9714701257258697,-0.17024457282313132,-0.061727789212644,0.1531413082265915,0.3544814974548416
37.706678,True,73.85094923971106,-204.62570612528435,857.2141537493935,0.9794472581713615,-0.12440193688729824,-0.06528815027591074,0.14472278325419702,0.3332263517673945
37.762251,True,67.98722753213328,-207.31996906786713,864.9800132642761,0.9907628186087378,0.04631410951603077,-0.07014111375854715,0.10641552839184981,0.299464142985415
37.776144,True,66.49405575940762,-208.28470811361518,864.776625323792,0.9893147259841282,0.0811768833155152,-0.07035237245293534,0.09857601258101303,0.3241805805234422
37.790036,True,65.16502435559256,-209.91298342745787,865.5840079596188,0.9870853863603849,0.11099331570993973,-0.06833755179606828,0.09312842163380272,0.3266418640820523
37.845611,True,60.310252591564954,-218.00445691415723,865.9117826623215,0.9780944016131903,0.18670025824101283,-0.05273763740409728,0.07545261232527505,0.24286489219023807
37.859504,True,59.19629229770463,-220.46222534906744,866.3050798210195,0.9763908710790643,0.1973895011225131,-0.04710319126380866,0.0740239224361725,0.22260708237450577
37.873399,True,57.94995742968478,-222.7616347014032,865.050345332786,0.9751935599053523,0.20503915047668725,-0.04363125281006024,0.07108291826556726,0.25707950977669386
37.928972,True,51.92401221459869,-228.6909048988726,849.2076133209415,0.971150521775242,0.22579488753244883,-0.031656518920220346,0.06986556827034271,0.326742535730163
37.942865,True,50.40225258119098,-229.88979093338358,843.9205614127211,0.9698025341981545,0.23209830159705921,-0.031072934522156315,0.06817547798717327,0.3146376188128328
37.956758,True,49.1559739610937,-231.15123171634576,838.5755393255606,0.9684569086426811,0.23732751633122107,-0.03193457055721254,0.06889883379014489,0.36267169606267924
38.012332,False,,,,,,,,
38.026226,False,,,,,,,,
38.040116999999995,False,,,,,,,,
38.095694,False,,,,,,,,
38.109584999999996,False,,,,,,,,
38.12348,False,,,,,,,,
38.179055,False,,,,,,,,
38.192945,False,,,,,,,,
38.206843,False,,,,,,,,
38.262413,False,,,,,,,,
38.276306,False,,,,,,,,
38.290198,False,,,,,,,,
38.345774,False,,,,,,,,
38.359666,False,,,,,,,,
38.373559,True,90.22891338149776,-219.67770069762332,830.0474549332693,0.9571462744673191,0.27405172908489633,-0.02929577749047194,0.08892927796928603,0.88546862317504
38.429134,True,92.70724665968264,-214.44988243993188,869.9264454263043,0.964000670281546,0.255544660452501,-0.016316236536744518,0.07164785158134902,0.2917515517964834
38.443025999999996,True,93.23410012996543,-212.47528223902393,879.4407852820505,0.965115048156341,0.250839631591249,-0.021085858327910368,0.07202645086303719,0.3111990575654286
38.45692,True,93.38763805257345,-210.26428077450413,889.2695672967859,0.9661311051068379,0.24640876477018342,-0.02318399450956529,0.07304731882863934,0.2567600685245967
38.512494,True,93.01171451790337,-201.95870904643056,926.2821217062384,0.9696360255260363,0.22980999831079485,-0.03782534510558222,0.0745827456326741,0.2433984780102814
38.526387,True,92.78022804367617,-200.04092510344094,934.5595237253303,0.970309669709911,0.22565792117390746,-0.041702164858317695,0.07641058123744297,0.3170558789566173
38.540279999999996,True,92.29509012453457,-198.28067476504728,944.0739779625757,0.9707593488511504,0.22305528427386404,-0.044127028453694976,0.07697682856186719,0.28419954465993036
38.595855,True,88.41448154073468,-192.69157115094936,973.0766375305697,0.9721454453188371,0.21634894060402945,-0.05487119914852686,0.07152286731778151,0.27383656991246286
38.609747000000006,True,86.77731993589647,-192.12228433576266,979.8856179757062,0.9721609723835803,0.21610372940836192,-0.057010190474638865,0.07037087531113162,0.22203276953496184
38.623642999999994,True,85.0894043365079,-191.6581991334232,984.3260399339553,0.9722055859614134,0.21595356926725456,-0.05852810724990084,0.06895516810147,0.3104553957509163
38.679218,True,77.21583304772386,-194.8251759366275,1000.7033908778553,0.9722096975000046,0.21483698123659198,-0.06522307291552618,0.06632741770605548,0.23966997307750332
38.693109,True,75.09611304481429,-196.84166406235605,1003.9841279870585,0.9721525732223636,0.21460008586637647,-0.06695870772172423,0.06620203156639197,0.1629113980279867
38.707004999999995,True,72.79378242449945,-198.77329935349752,1005.6882389372222,0.9716917164286187,0.21528412174489348,-0.06973620790006399,0.06785879792815203,0.2192866683888262
38.762577,True,63.72785050215011,-209.05892723516232,1005.0025059626373,0.9702779307746122,0.2163933261658174,-0.07756364493287438,0.07562107131850103,0.250774674570296
38.776468,True,61.86408262699796,-212.03623077447753,1003.3916211556375,0.9700408489671004,0.2171920440405015,-0.08138756832140416,0.07228022595028903,0.2259653127617263
38.790362,True,59.975350493217334,-214.9301489242437,1001.1272711337621,0.9699032885813866,0.2176960662710832,-0.08312022171618236,0.07061913530311995,0.21705825078301952
38.845936,True,55.18113970110421,-225.73417735921345,978.6223268665311,0.9696056157084135,0.21636868362681,-0.08450229016006991,0.07686940672343669,0.2724435552626109
38.859829,True,55.03868285231089,-228.4954632828024,971.8251596583691,0.9700821627718491,0.2155186040394448,-0.08234043803023774,0.0755802953802716,0.23377825386011633
38.873722,True,55.35191946070223,-231.4080975666029,963.6161749760278,0.9704709912140522,0.21454112978596873,-0.08024810758550634,0.07562010361748964,0.3006941847918171
38.929296,True,62.09501687880152,-241.29034334822333,917.3961101401749,0.9712648478691032,0.2102451931582389,-0.07245787984235089,0.08480217978574792,0.2793056711716841
38.943189,True,64.98306927641086,-243.77978356511224,904.6516274052054,0.9713899957569406,0.21009929400293442,-0.06877401178254709,0.0867749854862194,0.28151027979648313
38.957083,True,68.41965437385893,-246.73343026127864,892.3229886400479,0.9718130394884298,0.20866457712716213,-0.061330547228964076,0.09097842881253693,0.3512874758248068
39.012656,True,83.03836957802794,-254.55640665597176,834.8185511043079,0.9721314761242471,0.2014649905126077,-0.04834389449123785,0.10970468810250292,0.44292350566276234
39.026548999999996,True,87.30266824379557,-257.1781629427143,824.8802945729065,0.9741684567918789,0.19397333974400055,-0.04842744363440224,0.10499973315834965,0.7259991087263361
39.040442999999996,True,90.95445789651822,-258.28823142993997,814.2675009811417,0.974684005415472,0.18872546000872775,-0.04740254300121878,0.11012170198813566,1.189053526293806
39.096019999999996,False,,,,,,,,
39.109909,False,,,,,,,,
39.123804,False,,,,,,,,
39.179379999999995,False,,,,,,,,
39.193269,False,,,,,,,,
39.207164,False,,,,,,,,
39.262739,False,,,,,,,,
39.27663,False,,,,,,,,
39.290529,False,,,,,,,,
39.346098,False,,,,,,,,
39.359991,False,,,,,,,,
39.373884,False,,,,,,,,
39.42946,False,,,,,,,,
39.443351,False,,,,,,,,
39.457245,False,,,,,,,,
39.51282,False,,,,,,,,
39.526713,False,,,,,,,,
39.540605000000006,False,,,,,,,,
39.596182,False,,,,,,,,
39.610073,False,,,,,,,,
39.623966,False,,,,,,,,
39.679542999999995,False,,,,,,,,
39.693433,False,,,,,,,,
39.707326,False,,,,,,,,
39.762904,False,,,,,,,,
39.776793,False,,,,,,,,
39.790687,False,,,,,,,,
39.846261,False,,,,,,,,
39.860153,False,,,,,,,,
39.874046,False,,,,,,,,
39.92962,False,,,,,,,,
39.943515,False,,,,,,,,
39.957409,False,,,,,,,,
40.012982,False,,,,,,,,
40.026875,False,,,,,,,,
40.040771,False,,,,,,,,
40.096342,False,,,,,,,,
40.110235,True,143.0391380698278,-161.69135993239092,541.2253812869817,0.9852189999167787,0.13047349166220248,0.0020203436388186425,0.11097796352446114,4.576278946368011
40.124128,True,157.7058380281974,-163.11087660791898,550.8051535011476,0.9888033238751467,0.11889331438378334,0.024322359334565804,0.08683771832965721,3.3660889587621448
40.179705999999996,True,209.2887304672216,-154.27737901562324,564.8590900780284,0.9903554983360795,0.10576391665681369,0.07789429004061371,0.044073352810683274,0.858836970518481
40.193595,True,219.42332602199374,-149.58734058940334,566.630399044921,0.9894948998620999,0.1066778147737953,0.08810321964692845,0.04192266296200483,0.6740834442133801
40.207488,True,228.37314889960825,-145.03457190301967,568.7357223486929,0.9884795045575204,0.10621191418756265,0.09993936887346257,0.04048976294702922,0.5247771157299929
40.263065000000005,True,254.64836267367454,-129.57742338786068,579.8208298480357,0.9868574563887573,0.0959466710368171,0.12416572279470109,0.03859365711790375,0.44946402774017463
40.276956,True,258.7145941552884,-126.59482740077793,583.2079271776931,0.9867638013161136,0.09174745390192042,0.12816175229150062,0.03813358577763567,0.42330798056943897
40.290849,True,261.74814374859307,-124.1188119882966,586.5922496817739,0.9868395613102243,0.08757822751077586,0.13077984292599437,0.03707245585831872,0.40519117569755125
40.346424,True,262.5444098220235,-117.31920274835768,599.2767923737774,0.9864084817227178,0.08287910861485362,0.1362305648465496,0.03963071715576179,0.4427509362122708
40.360316,True,259.76142491875083,-116.24234886823757,602.0969858130883,0.9862076620119646,0.08561468348889045,0.13629434085200937,0.03858012456833065,0.4512860862309481
40.374209,True,256.3119698257103,-115.68606387839002,605.3807931020784,0.9862173414195218,0.08958922480741163,0.1338273181725873,0.03793909846781194,0.42323644927332593
40.429783,True,232.37832665971644,-115.70891308655771,615.9354612747665,0.9861114559805941,0.10950792867141161,0.11832586998746548,0.03988982869904692,0.42431985846470066
40.443677,True,224.49306428383946,-116.54757767150583,618.6701325227921,0.9862744000107613,0.1129354186420209,0.11398969217975627,0.03891977872918421,0.3828274054283656
40.45757,True,215.9712729106123,-117.35445698097325,620.7750257763668,0.9865681400887767,0.11602609669039106,0.1080813959974867,0.03923852300734953,0.3637170839880742
40.513144,True,177.19283685258435,-123.42422171178275,629.976724212105,0.9884625302233413,0.12031352289424165,0.08204700354075119,0.04165059139113002,0.3551011391115768
40.527036,True,166.3740496113959,-125.54458363011054,632.9719601184511,0.9889275827839468,0.12032755938251428,0.0769985825222986,0.040183737403386544,0.32720627761920107
40.54093099999999,True,155.20275941934256,-127.47225616754673,635.6166658058274,0.989341837709169,0.12117217347863274,0.06979165685908077,0.04060981612335595,0.3696073303172092
40.596504,True,108.29595123464283,-135.17780229369848,645.3419681511475,0.9899062799049231,0.12983858668923395,0.036076793409563185,0.04388579939595428,0.38239369824572533
40.610397,True,96.72727251613613,-137.03780413236117,647.8169019902966,0.9899769027868892,0.13191383348345173,0.02710133013531931,0.04254398181969501,0.4243939331508461
40.62429,True,85.35717333415643,-139.47225536597324,651.6630433719489,0.990165149566392,0.13245044363386438,0.02038557316134413,0.040178165366782474,0.4142250868799821
40.679868,True,45.922354829952305,-148.83908115115253,663.1442420628573,0.9914784267844153,0.12171910431999158,-0.013453251045594758,0.044429707414564715,0.3631671758076062
40.693757,True,38.339626229051454,-151.24327584505224,665.5518122511584,0.9922223449982297,0.1133888896315567,-0.02238887870886135,0.046222461038943265,0.42572945808831725
40.707651,True,31.843585191465046,-153.4062947069812,667.3929146543411,0.9930884855955276,0.10279375120665302,-0.03060079804324414,0.04766860234538912,0.36857438479333804
40.763228000000005,True,20.295266697576228,-160.44582520268554,669.2336469783415,0.9945097437594744,0.041851867003075215,-0.0683675682944354,0.0672656405702577,0.326135097108476
40.777118,True,21.07855616706101,-161.98083504542342,669.414346747737,0.9943264731947582,0.02401294800507484,-0.07461757068280311,0.07190591893284069,0.449514623801273
40.791011,True,23.289022893720116,-163.42054828267297,669.0290532742848,0.9938968994557932,0.0058042710878115945,-0.0795367810348343,0.07621787291650628,0.41390197139449963
40.846588000000004,True,43.477121156538885,-166.61753638708717,664.0320674010003,0.9900093512435446,-0.059884007019011344,-0.07742682272977465,0.10149126699206691,0.4486061805615476
40.860478,True,50.49297868274119,-166.73522818285593,662.712486056179,0.9891533352211082,-0.07430771527847446,-0.07166346943239119,0.10449110019501041,0.44268761332770695
40.874371,True,58.14351360956942,-166.4346059838682,661.2970173076685,0.9881315732312844,-0.0869633857539194,-0.0665864163084353,0.10770149806238263,0.4170083567444363
40.929947,True,91.39070516548112,-162.6588417007813,659.2146209565426,0.9851197001370814,-0.12027270856011624,-0.049014428437456986,0.1125665926569223,0.4027981052634262
40.943839999999994,True,99.69258339373808,-161.40228741983887,660.3469320820517,0.9852994150413713,-0.1229554078463542,-0.04323190768039348,0.11044470362485609,0.40723868998756035
40.957733999999995,True,107.9133789292849,-159.10771864585288,660.3596466852194,0.985647986086534,-0.12087103383504928,-0.03922617913197683,0.11112851827461721,0.3604972874893155
41.013307,True,137.27451769039342,-147.91113467806252,668.4964917609803,0.9921828869390396,-0.07922974003929634,-0.001473234426448922,0.09640330253131094,0.40070056426807554
41.027199,True,143.35880909924072,-144.0983357572552,671.0448420818356,0.9940153579705328,-0.06027084711545228,0.00890555847082826,0.0906729515071722,0.3573272694005369
41.041092,True,148.5610042116781,-140.20114154328266,674.243424370677,0.9955096968484083,-0.03959990202009704,0.022109219329972393,0.0830871449828924,0.40059642121471806
41.096668,True,160.7791591583067,-123.48195692785075,692.516309051788,0.9942209361718447,0.055932863549585585,0.07553512855973878,0.051871853699168725,0.3058775971697873
41.11056,True,161.23173946906016,-119.1431248865629,697.8340605474888,0.9919306659675817,0.08086835226577122,0.08782863432253551,0.0426613936477349,0.3378617233640748
41.124452,True,160.63753360494542,-114.90040766224043,703.1167523243528,0.988982480319121,0.10645491240388133,0.09682829209598526,0.0347172449467998,0.31605974013169835
41.18003,True,147.37274434941844,-99.3450409094821,725.5698424644296,0.9708732592086227,0.20321782717654738,0.12676773854976636,0.006129415489865159,0.3146677858183353
41.19392,True,141.84877582152512,-96.15784798727708,731.1797269901492,-0.9652904433660862,-0.2254293975034294,-0.13189167957220418,0.0007290726771017452,0.3213282185493524
41.207815000000004,True,135.50200312175218,-93.24495988472195,736.6633185816324,-0.9593975933929445,-0.24746980818405662,-0.1351984481290034,0.006027557770929455,0.3197925348264538
41.263391000000006,True,103.67195951535719,-86.23531948726944,758.344949945497,-0.9356035058693408,-0.3263162915305823,-0.13258876860653526,0.024165597988238436,0.20523182154338468
41.27728,True,94.64740046138593,-85.53592302263704,762.5729173959201,-0.9301942367704824,-0.3432168576960932,-0.12714129622061035,0.02785608133859315,0.2214789619224057
41.291179,True,85.22968595793922,-85.58132874911357,767.6960714309437,-0.9248053647699835,-0.35866488506746536,-0.12260448685115388,0.03259873181835702,0.1620167350113818
41.346748,True,47.16901391418242,-90.30908899418792,784.1995248478875,-0.9170217977181822,-0.3874821779359807,-0.08939565291511795,0.030610480747323827,0.07589095130660657
41.36064,True,37.92029450560401,-92.90970042244324,787.9053881358055,-0.9199107322725426,-0.3834821667398736,-0.07747494377961978,0.02651990815652896,0.10339279514592628
41.374534,True,29.216486311128598,-95.86862354351715,791.1612061817132,-0.9254627582844471,-0.3728809505206021,-0.06355842667565265,0.020947700730888228,0.12484545921851194
41.430108,True,-1.0778655147587903,-112.08174867678645,798.717238398597,0.9639955867497143,0.26479922783879145,-0.0037003525527291533,0.024087030826553325,0.18609057575114812
41.444,True,-7.354296700300987,-116.89308691403969,799.3054225073826,0.9739984466711249,0.22191346671593645,-0.022557115720784827,0.039656218966387144,0.19673685621761214
41.457894,True,-12.824312672843726,-121.87624000121411,798.9878677437677,0.9824027056753232,0.1730198314511767,-0.04260239852486758,0.055983010336520284,0.24697249944554675
41.513469,True,-25.58851737260485,-140.86752540394912,791.7917942114468,0.980746493674212,-0.05950510262982284,-0.1106224891010051,0.14952632815611777,0.40726030988898726
41.527361,True,-26.360675690784607,-145.06808184204255,788.2398180242837,0.971360941809847,-0.11869412232798086,-0.11737090802474666,0.16909670606053756,0.4450471534137611
41.541256000000004,True,-26.02384290387131,-149.13572398457575,785.7811833439819,0.9595237413062451,-0.1748082740281282,-0.11836174496642388,0.18640481358987568,0.46309878939529026
41.596830000000004,True,-12.227491888617026,-164.26507484268583,774.1261316509274,0.8986693923643406,-0.3561322251647513,-0.07280862541799922,0.24548333037387932,0.26016320010217814
41.610723,True,-5.621305363131456,-167.3313103794454,770.0672577500334,0.8838475803238856,-0.38636405169141824,-0.05735874656171718,0.25738346588130445,0.25146483076914233
41.624615,True,1.8413648738319701,-170.60096936021566,767.7217527820015,0.8713147039948974,-0.41133393022793896,-0.038584347108948036,0.2648137696640751,0.20160557009033211
41.680192000000005,False,,,,,,,,
41.694082,False,,,,,,,,
41.707977,False,,,,,,,,
41.76355,False,,,,,,,,
41.777444,True,118.30186719552316,-186.80955924171346,756.3577546897335,0.8504925733590015,-0.4507718842577778,0.170661011958651,0.21057518852211699,0.5459811782082291
41.791339,True,128.09388825386236,-185.91601974223875,758.8225809071083,0.8574949330846503,-0.4363360667551206,0.18759257771848323,0.19779358272642966,0.5466187147871829
41.846911,True,159.61856893680556,-176.33280425772534,772.3996950919664,0.8977350938253754,-0.3417948875940984,0.2381875450466326,0.1432293598168354,0.5662426781047106
41.860803,True,165.59597867136725,-173.0699264370671,778.8308940360664,0.9088099413223357,-0.3116990239581105,0.2453513436214559,0.12927075152717246,0.5341528768128464
41.874696,True,170.256919359361,-168.7128443067239,783.4551221975389,0.919456939092796,-0.278514973709811,0.25296714811287996,0.11417516607899322,0.5118269448354164
41.930271,True,177.91726251603728,-146.56025434406843,805.3785501970751,0.9516865275683616,-0.12978252279766705,0.27375553852585854,0.05007150035264076,0.5135718016457282
41.944163,True,177.11801610829787,-140.6149059678741,811.9336699386608,0.9564200173253322,-0.09200657689182444,0.2749596849849029,0.034535661294709134,0.5159109128705676
41.958057000000004,True,174.97816259303528,-134.3245889725143,816.9493897820572,0.95918046273883,-0.05551398041981121,0.27652017763181064,0.0206791982568222,0.4322515562325663
42.013631000000004,True,157.88439867206702,-110.74651128788986,842.3627945992685,-0.9581722678388422,-0.07262170717795798,-0.27461350754547226,0.03492011261010001,0.30722068991317186
42.027524,True,151.43157915011903,-105.18818824693793,847.4401731414098,-0.9556993755917018,-0.1004067710367295,-0.2723159485324731,0.049002122387392454,0.3426807031914733
42.041417,True,144.3874053153605,-100.03164110531398,852.4268526561152,-0.9527033258174755,-0.12752077377091522,-0.2684564017768406,0.06345065467132328,0.30612984877332994
42.096991,True,113.28203206715912,-84.37687466064489,876.0102590565488,-0.9343304308459481,-0.22978478060773067,-0.2491443261051745,0.11023930953104102,0.32422588096546023
42.110884,True,104.99848327358727,-81.86282122842543,882.2855369138384,-0.928312302078306,-0.25372917646753257,-0.24343026984563995,0.12082830190838098,0.3095992839919478
42.124777,True,96.4193034661115,-79.6200312649058,886.8867520006194,-0.922039336991629,-0.27555006809721755,-0.23992993231436568,0.1278641802510778,0.310819266345164
42.180352,True,64.2695749541511,-76.11729799450968,903.3860399276459,-0.9039191417267685,-0.34520092426000554,-0.20709422158300478,0.1444939116257485,0.3175093349025645
42.194244,True,57.03977355284557,-76.71922454303593,906.3295528344958,-0.9018098137661088,-0.3558821340591726,-0.19775508374369935,0.1448443761633424,0.26407129199546076
42.208139,True,50.07849246553364,-77.23028418869752,908.5604665678028,-0.9014410997499333,-0.36456728342906314,-0.18572579912602324,0.14142336113168932,0.28049634534865114
42.263715,True,25.627298585266466,-85.57875836637848,915.0753158447902,-0.9126075951494993,-0.3652288663502897,-0.1383931774615649,0.12084113907118593,0.14697195042825068
42.277605,True,20.538149902932375,-88.95172936667747,916.7314542799569,-0.9194093387792609,-0.3557006090901697,-0.12476105449795614,0.11224180922865838,0.1283232105451136
42.291504,True,16.075926534821456,-92.55219018274069,917.717619730972,-0.9276435706027883,-0.34238796727690785,-0.10857103870597268,0.10227519414600494,0.12678311474908158
42.347076,True,3.031424083577261,-108.26589082944649,919.687857712692,-0.9659148564710781,-0.25347217984343545,-0.039024270501883986,0.035177413288494865,0.030095023567224027
42.36096499999999,True,0.7335959031640891,-111.78233309179437,918.0987655492652,-0.9743905300704893,-0.2232794733396673,-0.021755042327014123,0.015365214852440483,0.11039283147596775
42.374858999999994,True,-1.6426288060367749,-115.64331348006318,918.8117818851904,0.981603084889093,0.19074467367798992,0.007103804818369756,0.0046248412725021825,0.18361732954466792
42.430433,True,-6.826249572404853,-128.1394270894744,912.4559061297293,0.9956027331366077,0.03951037722142826,-0.04791011151381717,0.07013379411860642,0.2499530041480744
42.444326000000004,True,-7.616385025119364,-131.443786934679,912.4666425573168,0.9945027321561464,-0.0035216704786734674,-0.05706317626878936,0.08772518159067394,0.30088067159697857
42.458219,True,-7.580017149155244,-134.16967063366818,909.0983840945561,0.9910828563438527,-0.0462897755292386,-0.06454963986299955,0.10698304789227166,0.2847914120524886
42.513793,True,-5.369247840631948,-145.51148316140439,903.488201687897,0.9568309094386948,-0.2127417034670354,-0.07264756883771183,0.18422244458977938,0.3366086582606761
42.527687,True,-4.296820489790829,-148.02849002957362,902.2052952697843,0.9458479836237262,-0.24881180133426223,-0.07033895885434155,0.1962567457669119,0.3004091035426607
42.54158,True,-2.900563235480241,-150.3754351676343,901.4486370818765,0.9339268322942827,-0.28202950079316963,-0.06691964942044776,0.2091931956937571,0.2874770040515795
42.597154,True,4.154324956211612,-159.0597080949062,898.7091180772048,0.8954148692215733,-0.37148972029636224,-0.0432106897850996,0.2415790470619075,0.2300680609296069
42.611046,True,6.4121884405263785,-160.99556979589738,897.7478947296761,0.8888741616662758,-0.3821997772634691,-0.038970392887428484,0.24961442959097804,0.22086433759537294
42.62494,True,8.468563309090806,-163.01383187878008,898.2577013642579,0.8845162986313813,-0.38964623956206373,-0.03224685763120832,0.25449335084338875,0.18353237490907598
42.680514,True,19.06613093097798,-170.39235974757418,899.657704327914,0.8915830268542196,-0.3749930974249452,-0.015776620112165594,0.25339885825897035,0.2248849685916942
42.694407,True,21.86319155444027,-171.64330501761478,899.8701259366569,0.8983833604750184,-0.36074162285744654,-0.012510881744210554,0.25023248589615826,0.22653842993637757
42.708301,True,24.532806082496876,-172.8781906786676,900.9273348690234,0.9074901113242406,-0.3421971857319859,-0.009672101688495702,0.24345273540207693,0.22958850313224785
42.763878,True,33.49038427812031,-174.5877018354398,909.0548639151705,0.9493697950353832,-0.2317570343809065,0.003113480117692765,0.21207540057960148,0.2874776108050307
42.777767999999995,True,35.0878220554578,-174.30076892715465,911.1014873567584,0.9594159584999851,-0.19696869509696271,0.0063318393729895756,0.2017033949578179,0.2788351062757088
42.791661,True,36.074746015419514,-173.78415663737144,913.3769753678912,0.9687183565184391,-0.16107801159929017,0.010336825930520916,0.18849872666178746,0.2511419528413413
42.847237,True,35.98346025275958,-171.37681484509852,927.4772874008138,0.9892877003470563,-0.02179991539910483,0.017698091334509437,0.14325287848326124,0.3478610843889977
42.861127999999994,True,34.414266982142394,-171.44449885047655,933.0669189174395,0.9915038672329168,0.007364691768393274,0.020618716443397578,0.12822133640527195,0.3154140691813882
42.875021999999994,True,32.61361719915952,-170.99679826661927,936.6597322007809,0.991789828729203,0.03355777704903857,0.019297156123340937,0.12187875530368963,0.2823375099577846
42.930599,True,22.081492245558522,-169.94429177676776,946.6723683277181,0.9895150784346071,0.09669244494000652,0.011985741400038108,0.1066153021154508,0.31376678603781305
42.944489000000004,True,19.20657665895852,-169.4575393917052,947.0436259133551,0.9894689885502734,0.10190682902030854,0.010330539141214566,0.1022712024832815,0.2841247854306347
42.958383000000005,True,15.962411356302896,-168.85070704627853,948.5175676622256,0.989408413629273,0.10401927902784384,0.008728335892130842,0.10087019769330999,0.3375799658392026
43.013956,True,3.607341061922748,-164.50810056808646,949.0812705930039,0.9914379741229139,0.09170345310877792,0.0014860060978190144,0.09294628524505748,0.3101741860958891
43.027849,True,0.8552767504402232,-162.15797223275905,945.8486986574122,0.9916716622332578,0.08796161350085978,-0.0025122659363829504,0.09404125368006061,0.31626446528543556
43.041744,True,-1.7031975281786904,-160.00803732301372,944.6072577794046,0.9921727085295623,0.0840255408654523,-0.0043310973038178996,0.09227278324362484,0.26457002602228535
43.097317000000004,True,-8.938831982413104,-154.74678452738183,949.759315738274,0.9943258309550697,0.07049627224619802,-0.013003624599789633,0.0785959492732805,0.2874920618294479
43.111209,True,-9.57500472186737,-154.12663791152252,951.4353734312596,0.9946765044226596,0.06853738268529826,-0.014492385569051806,0.07557280916232742,0.23307922428074748
43.125102,True,-10.178732163269448,-154.87344830345987,957.3677939178943,0.9950399392620451,0.06470227054974569,-0.013827305858094167,0.07428284507071338,0.2220953790823843
43.180677,True,-7.662343291594652,-158.06150965906727,975.595255307789,0.9939588775808588,0.04968389548306445,-0.021899013552070294,0.0953818295760456,0.2460176119011487
43.194571,True,-6.2606294896181085,-158.88124490656733,981.2625931805625,0.9935656102117042,0.045488787187901475,-0.022741952002525597,0.1011975892199637,0.2528328164905247
43.208463,True,-4.673405615807435,-159.6719882059172,987.8894007747855,0.9934653334932517,0.039623402505846936,-0.024607933737014753,0.10416845356534912,0.2970938623686083
43.264041,True,3.147019418112139,-159.36417680350232,1013.5216563065325,0.992481559405219,0.0201174373835444,-0.02657922104735521,0.11776751658339409,0.31750386749824355
43.27793,True,4.768797433839787,-159.2206433059128,1023.2127117296999,0.9925791701305392,0.016385158218148305,-0.024655950389285666,0.1179415182348327,0.20827947028214935
43.291824,True,6.664421536688853,-158.0662531505196,1029.8443027493563,0.9922261502034975,0.014433320738449022,-0.02408192768268596,0.12123946083636881,0.25627587219841136
43.347402,True,11.644844407758569,-150.23952732248026,1054.453244801966,0.9925993584424418,0.021226166980011608,-0.025357021858905905,0.11684598793898213,0.3247937673865278
43.361290999999994,True,12.23685318924606,-147.7648911813932,1060.5069981009055,0.9930823986044236,0.027130575655563857,-0.025573999150890897,0.11134294775203657,0.26167905067026825
43.375187,True,12.36087239208122,-145.0732395792679,1065.8827437510772,0.993033608650984,0.034123835964697785,-0.02565263882891514,0.10982603530025087,0.23439806732795093
43.430758999999995,True,10.081046180931232,-132.8811242781908,1078.3508448725051,0.9927288745829037,0.07307563695601979,-0.04291570278530069,0.0854843570910902,0.22053324924582932
43.44465,True,8.665720281786578,-130.29480109870428,1082.7399394009997,0.99255057919486,0.08103468984218368,-0.04505007900470585,0.07903933934313208,0.2729422475630717
43.458543,True,7.046839113177536,-127.52563164256324,1086.08066949598,0.9921413844538292,0.08860470576035037,-0.048543695303786154,0.07381184876030672,0.1658755809135053
43.514119,True,1.2519965741064385,-119.33609029372613,1083.7940980440715,0.9920654754904459,0.09786393903197681,-0.059971822562273215,0.051304213039672836,0.19380955679128983
43.528012000000004,True,0.28178076880629677,-119.15849239788794,1084.7136592159031,0.9927693079748581,0.0924047635478482,-0.05940270992354935,0.04839192980783591,0.15468702360727357
43.541907,True,-0.3657125098175601,-119.24771781239433,1081.7239590551894,0.9931467171921519,0.08527643243587345,-0.060902999387689526,0.05175280540265183,0.1699288430230475
43.597479,True,0.8458877398262437,-125.2020813103917,1069.3652020414884,0.9947391816590635,0.031990551424796135,-0.05946799888280732,0.07703325386265689,0.20411003266493682
43.611371,True,2.0742581608787,-127.30641765548344,1063.2651651938797,0.9943392850742875,0.017769633103743836,-0.06011233260944106,0.08579122196102257,0.2204507289646793
43.625271,True,3.5326135186544008,-130.25286148386465,1061.3619920619892,0.9940239509531845,0.0025697206836752602,-0.057312683823053205,0.09287108129028909,0.20084305372732564
43.680839,True,13.332224834153449,-143.31418711734065,1049.5604224386743,0.9917257945703393,-0.03729956171314946,-0.050869644760544716,0.11180773820166569,0.29382332939050665
43.694732,True,16.56782014509087,-146.74353700423478,1046.4398686061184,0.9910680084208981,-0.04086799321548688,-0.04896150120379911,0.11711866296642877,0.278179037121099
43.708625,True,20.386785867414638,-150.04058907421577,1044.0063928348486,0.9905357769100371,-0.04015433776331771,-0.04650992471531161,0.12273276140865809,0.3020042974371076
43.764199999999995,True,38.562325908291825,-161.60905673827514,1034.676300628057,0.9921841948890795,-0.002387012420711416,-0.024199103347607477,0.12238966043414172,0.3086016753751133
43.778091999999994,True,43.57297150889692,-164.46766899046563,1035.6785480834244,0.992534380860538,0.012826380061370586,-0.01544667947980058,0.12030123389790257,0.2900559284052578
43.791987,True,48.663085700631285,-166.41002046498684,1034.014619438954,0.9922686131208898,0.030187490629927757,-0.00810972545826007,0.12010806458188279,0.3469071645257024
43.847561,True,68.81301167099436,-171.5442394252768,1033.6237128639889,0.9898152130919934,0.09954226674376254,0.01800549836035061,0.10016477969805931,0.2883199117228511
43.861453000000004,True,73.72210573208164,-172.13249998868935,1034.6800196322806,0.9890249549798833,0.11298439859593253,0.02378119698343087,0.09218795350256338,0.17126655300383434
43.875347000000005,True,78.53348579274603,-172.27141894674978,1035.2500490307464,0.9880552412286947,0.12474186402436682,0.027767321798085467,0.08611204027540909,0.23343068626955904
43.930919,True,96.00168927467708,-170.79006165721225,1043.1803634393898,0.9861566387843558,0.14648481451345374,0.04505949224643011,0.06330027691088606,0.253382638319149
43.944812,True,99.493000342807,-170.39423391782984,1046.3701951958428,0.9862210295936187,0.14779850414578619,0.047654259489966454,0.05703292480693452,0.2550920612469378
43.958706,True,102.93474899855934,-169.35544414124965,1048.4149387260884,0.9862362012301373,0.14837105150503374,0.04885294390021403,0.054199412641844906,0.1961717008799279
44.014281000000004,True,114.93413084544682,-166.79256498941828,1060.8755891294336,0.9884172830371913,0.13965124547737434,0.047004314331170464,0.03632352769557832,0.15866518974408333
44.028174,True,117.12456185146303,-165.49362534084094,1060.7122793931387,0.9887396456657995,0.1385230724931846,0.043770108661369884,0.035908899502612036,0.22753108668483688
44.042067,True,119.02245707157054,-165.15451399548772,1063.9877629677414,0.9891474828940935,0.1364828235993216,0.04398428073778005,0.03201685485203118,0.24572023347435173
44.097641,True,124.18876704169233,-164.90135522628148,1073.6417712188709,0.9894187753855669,0.14212198932308312,0.026690243490369803,0.011809232312019182,0.2518861297656816
44.111534,True,124.62850867949427,-165.8678267270526,1077.3203426738498,0.9891652110252799,0.14442446839732268,0.025260800082223363,0.007459906478667425,0.23371855707810074
44.125427,True,124.92907843824294,-166.5340125742029,1079.4468449839096,0.9887384916141033,0.14804409810611915,0.021696033646222503,0.0029021269158294835,0.270093524236411
44.181000999999995,True,124.04877653805995,-172.37671970553714,1088.258930832412,-0.9868595701213733,-0.1610584594112622,-0.0034408538265543413,0.01251087674279858,0.21766470314632913
44.194894,True,123.58041997086714,-174.05496432234796,1087.9078534640018,-0.9865075235785142,-0.16284597128069428,0.002676678243055235,0.016641242568326765,0.1921797485662871
44.208788999999996,True,122.80665438873594,-176.62208325261795,1090.335512107527,-0.986394827231374,-0.16364026611550359,0.006809532834438414,0.01416821722771862,0.09980760732315898
44.264366,True,119.67639614519786,-188.35679440681577,1091.23234293411,-0.988524486481988,-0.14750540964552666,0.03150851662537614,0.008288976468530738,0.15626669358272421
44.278254999999994,True,118.4387619588951,-190.74064311684268,1087.8301765610743,0.9896484868695096,0.13812547481569834,-0.03894489945948885,0.0007214221500279906,0.17038053443248108
44.292148000000005,True,117.26689424659864,-194.28546171415596,1088.8228248865228,0.9911342581800185,0.12581998992978102,-0.04224255528535323,0.00614645580623002,0.16110755906967833
44.347725,True,112.73836612639323,-202.05177999969888,1068.7334709832567,0.9948812530752339,0.07129448419176994,-0.05761870854339065,0.042526147592669955,0.19433585599709002
44.361615,True,112.46862750862965,-204.57107714162092,1066.2131676246725,0.9957720205771857,0.058899569756279795,-0.05310133832611599,0.046359158600317134,0.1896297014173403
44.375510000000006,True,112.11054956039996,-206.08831841421144,1059.2938805425192,0.9961053158333905,0.04971305891159933,-0.05286130647256379,0.05008486617858942,0.28962072039944836
44.431086,True,112.91990464814604,-212.79850270653282,1042.7624807976872,0.9966691569687464,0.048971428501565994,-0.03717758830914702,0.053574412411525316,0.2530616811875124
44.444976000000004,True,113.19438409918925,-213.65728161738025,1037.3928064184865,0.9963136649299547,0.056187131034623264,-0.03764317162618235,0.0527738477833683,0.2568105808668797
44.458870000000005,True,113.69760171901582,-215.01410459249945,1034.5420240918118,0.9961098073203117,0.06407215505785212,-0.036499815396338016,0.048247012162076996,0.2566665609743858
44.514444000000005,True,117.74644779791839,-217.47798448592116,1017.6704681184947,0.9933316131933374,0.09561641710324664,-0.052507719770809924,0.03731951735393158,0.2845626653980089
44.528336,True,119.59800776404862,-218.07318416260645,1014.2243462237328,0.9929600168134093,0.10010767232958379,-0.05199917430298466,0.0361240200209532,0.21729361489169716
44.54223,True,122.07934795321027,-219.19140034209957,1012.0170029705748,0.9927076445027303,0.10255570126525117,-0.05333487607645073,0.03419432230273128,0.14286961844469293
44.597804,True,136.57497804028569,-222.1341148370831,1002.1969345444269,0.9944797327678913,0.08709334258469277,-0.043546001453901736,0.039096758800515136,0.21386972476706423
44.611696,True,141.19160657603723,-223.090995574647,999.9248904194098,0.9954324506391546,0.07753932708009327,-0.03737240032638582,0.041293978548180156,0.23665810550784877
44.625589,True,145.80297807913414,-223.56520715555516,998.463218841644,0.9961268155672712,0.06856209824029823,-0.028189171770076505,0.04728611410987597,0.2124957159856293
44.681163999999995,True,161.68015039851963,-223.22371929921846,991.3505960084417,0.9978253693623191,0.035110942700373966,-0.0023803050488971273,0.05573228963102722,0.28813822748514456
44.695055999999994,True,164.82856380699064,-222.96940250138218,991.0670384367155,0.9980403146889854,0.030114735826592572,0.0018563612969274203,0.054819584678659425,0.2991333801454613
44.708951,True,167.74615901882567,-222.23245355900298,989.8047960114912,0.9982375717439563,0.027462033031949745,0.004373990182181477,0.05242571230196126,0.26911086461576345
44.764523999999994,True,177.3834993951106,-219.94786024859843,989.249742425196,0.9983459633678093,0.03214772361423399,0.015908633682406175,0.04493079865729799,0.32826542728449404
44.778416,True,179.38978195732378,-219.65561319899942,989.3073314352366,0.9983661365101568,0.035530164478973905,0.0209761836936068,0.039530552734970074,0.24577951098272072
44.792311,True,181.3104049068938,-219.84867185688066,990.4396104817866,0.9982678887179112,0.03887484487655471,0.025599768247159295,0.03598083734711987,0.2499874073633
44.847887,True,187.31840147518466,-222.4081721317843,994.5276283222278,0.9975508325208713,0.05127117817323121,0.04284447314322948,0.02068704780108949,0.2616788046340341
44.861777000000004,True,188.51669695888341,-223.35830229873966,995.3550439917155,0.9972566955867641,0.05539315274094422,0.044655993435318966,0.020408919302376368,0.25307764571663477
44.875671000000004,True,189.27544057781844,-224.34382910170496,995.6960858792698,0.9970333002071982,0.057777197289072796,0.04641964269614755,0.020775238225458917,0.25421725382848787
44.931248,True,189.79799015164681,-230.01126489684427,1002.3836801138153,0.9965502292774248,0.0641603820078166,0.04922032006907309,0.01866670833385819,0.23562136082982238
44.945137,True,189.55639765208065,-231.3247259069251,1003.7301885014774,0.9966853325915451,0.06301083643914193,0.04794698126141579,0.01868339573091116,0.2170695061051715
44.959032,True,188.64515917347543,-231.99381609949853,1003.6203452292239,0.9967780346029986,0.06066766942156629,0.04803738960539388,0.02110433177900281,0.21924338653882397
45.014607000000005,True,182.9130006947627,-232.4377825469207,1003.7158747629212,0.9976801644528468,0.04519389247302225,0.04333450534583177,0.02671932235124394,0.2528700911363469
45.028498,True,181.0322503268419,-231.98359186782452,1003.2844178884358,0.9979154240749251,0.040258965676683585,0.041849619090665646,0.028153711264627616,0.243449155999066
45.042393,True,178.90514000892034,-231.7532941258897,1003.4189460172117,0.9981852632376879,0.03607421121169007,0.04030295070368658,0.026467030531182205,0.220605874887341
45.097967,True,172.7637515515024,-229.6153742076986,999.8269927777674,0.9986356924033812,0.032093481737551416,0.0379123978863215,0.016106283695816126,0.24326480900432046
45.111858999999995,True,171.72783162692338,-228.95215807263497,999.1077920234584,0.9984535930559529,0.037059035991186824,0.039266811620754745,0.013235099931684327,0.2703785667908053
45.125752,True,170.93188558207078,-228.7301954136334,997.8508931908957,0.9982808134432274,0.04198363684472883,0.04046905861692064,0.005920054313798902,0.30654874889370015
45.181326999999996,True,168.25555694644095,-226.03560170126056,993.7996770402956,-0.994801550164281,-0.09297174161733088,-0.037952191018691316,0.016904503786402254,0.2619428980938585
45.195218000000004,True,167.53805925654362,-225.17127273482868,993.4809996857184,-0.9930358798773544,-0.10959345389585662,-0.037616768010135054,0.021307156165410172,0.3264038254068374
45.209112999999995,True,166.93637449395112,-223.93542975236227,993.0828676180467,-0.9909928371759937,-0.12606276216767126,-0.03613071139605519,0.027128368077463907,0.28631190094730447
45.264686999999995,True,163.41209236208218,-214.55332829041438,992.7199490477382,-0.9825061572275258,-0.17760933841165047,-0.03717585991075442,0.04188710253613048,0.14296275416460694
45.278579,True,162.474953301145,-210.17899788612866,993.2319923428576,-0.9808454932125084,-0.18567824969280944,-0.03790069843817272,0.04504712081393037,0.19358057549934074
45.292474,True,161.52538464400178,-204.09823939786295,989.9461469414506,-0.9798952735876483,-0.1914420603065686,-0.03277836103348917,0.04561545126513878,0.15349593266226957
45.348051,True,157.2661243346971,-174.40856232803537,984.3043429856687,-0.9807478738054258,-0.18463868124795932,-0.03384382333713105,0.05382156663528153,0.20317109715091833
45.361940000000004,True,156.08738068082405,-165.86342515678393,982.9801575249335,-0.982080873682953,-0.17611058263041232,-0.038350663722330355,0.05505857629616851,0.19999960334488726
45.375834000000005,True,154.9075978401229,-156.89078539061634,981.2076557132013,-0.9836833365407576,-0.1664725035036695,-0.039164348435723105,0.055858327945513674,0.18567782653624043
45.43141000000001,True,148.03159474118476,-120.33949341698059,972.0193362591386,-0.9891207954642516,-0.1276784249679344,-0.040284180768158706,0.06095454501275723,0.1945289520680017
45.445301,True,145.95587463970472,-111.93962804355542,970.9220341525602,-0.9898370878143796,-0.1190237778356109,-0.04020739726308232,0.06662766018866059,0.15529754204572646
45.459194000000004,True,143.67803341738895,-103.39296333923302,968.5670118144409,-0.9906783705338175,-0.11234647957599891,-0.03650489812053184,0.0678382421392921,0.15695242292104425
45.514767,True,135.48764472303486,-77.1546483235605,963.920451442809,-0.9925937954548542,-0.09490845799659207,-0.02444567514762592,0.07177987734604216,0.1493696791546335
45.528661,True,133.52027215201045,-73.26041935436814,963.1282974953479,-0.9925860669062191,-0.09265641528179269,-0.019130075386749355,0.07630025364615674,0.11190165354170922
45.542555,True,131.64283873434366,-69.86422457519653,962.3982886728685,-0.9929184386462004,-0.09201302544303694,-0.013644900529818408,0.07389447905454129,0.22370312002014145
45.598127,True,125.35453885298506,-71.5675481867119,966.5492651753086,-0.9929869042746037,-0.08909257431266032,-0.0022756638849021644,0.07768103047311394,0.17573457243525206
45.612021999999996,True,123.96957656158646,-75.63131159806488,965.7709372048907,-0.993417361543547,-0.08881940942075739,0.0009582037270750605,0.0723335339909716,0.18264283996108394
45.625916,True,123.04891365016064,-81.45276697556683,966.9286886091828,-0.9940160264486575,-0.08853688371985877,0.0034620107667069277,0.06388563113759915,0.2290279673679593
45.681489,True,116.63915814310525,-113.87564714784712,974.1865632067469,-0.9930847440331656,-0.11150442393950298,0.005553626088695536,0.03631269540765106,0.19421889723958907
45.695381000000005,True,114.67997990509693,-123.45353202898369,975.9285799116238,-0.9915876326999546,-0.12399662199963783,0.0071513926286057485,0.03643709638061341,0.24914422277219678
45.709275,True,112.45636805872505,-133.75635313068196,978.8263108689973,-0.9898696815161809,-0.1381426735931077,0.005062579213852137,0.03238804778473328,0.19980032428462652
45.764849000000005,True,102.58682655386652,-180.2885540065387,990.4287034953131,-0.9766055448610944,-0.21230487108740245,0.003692249820177242,0.033979681434526905,0.13380101950561357
45.778742,True,100.31925759212967,-193.56543255998247,994.6970524242296,-0.9721959531661106,-0.23139042541862398,0.002609093216308131,0.03587049350949288,0.16627826428439407
45.792636,True,98.18403323306221,-206.60011196991812,997.9719241146252,-0.9675232197994316,-0.25043070629051073,0.0006001829820766229,0.03439360807133512,0.16318650954571273
45.84821,True,89.4479778538794,-258.253326343235,1008.7538395481348,-0.9491910633430898,-0.314121763543833,0.018993845286626104,0.001754074956985802,0.47080448412665643
45.862103000000005,False,,,,,,,,
45.875996,False,,,,,,,,
45.931573,False,,,,,,,,
45.945464,False,,,,,,,,
45.959356,False,,,,,,,,
46.014933,False,,,,,,,,
46.028822999999996,False,,,,,,,,
46.042716999999996,False,,,,,,,,
46.098292,False,,,,,,,,
46.112186,False,,,,,,,,
46.126078,False,,,,,,,,
46.181650999999995,False,,,,,,,,
46.195544,False,,,,,,,,
46.209438,False,,,,,,,,
46.265011,False,,,,,,,,
46.278905,False,,,,,,,,
46.292798000000005,False,,,,,,,,
46.348372000000005,False,,,,,,,,
46.362266000000005,False,,,,,,,,
46.376158000000004,False,,,,,,,,
46.431735999999994,False,,,,,,,,
46.445626,False,,,,,,,,
46.459517999999996,False,,,,,,,,
46.515097999999995,False,,,,,,,,
46.528985999999996,True,77.92792460740547,-237.90917461802195,926.697315868842,0.9356656238930992,0.33758306257383214,-0.07890410531764569,0.0658912611203619,0.478056394028667
46.542877999999995,True,80.10148888888172,-229.35828028713237,929.1720691949008,0.9420434201033615,0.32637446643069096,-0.06455034060039103,0.0432105985889672,0.2626163137676987
46.598454,True,90.72106173367621,-186.99030800502044,916.1362334548405,0.9651655949839808,0.2541186987046242,-0.05038619399398944,0.03661000795802891,0.1872880098898193
46.612345999999995,True,93.37188568987233,-177.80721009365044,914.6288320776454,0.9701802064328072,0.23566516118200637,-0.04665886998017866,0.03217528093470324,0.17760656786421686
46.626241,True,96.0446205478741,-168.6586018675535,912.4406734280095,0.9744492970288832,0.21808652737584125,-0.04550025833623824,0.028575524289107944,0.18338487093833697
46.681813999999996,True,106.00414295035226,-139.7165700845263,903.4689191959711,0.9883649874097293,0.14478377799288214,-0.040854922324561574,0.022431776891878915,0.14738749331021395
46.695706,True,108.07486027221648,-135.1908309675987,901.1582825034216,0.9912629643935104,0.12399151239778572,-0.03825851550409367,0.02366698684925948,0.16857830294460335
46.7096,True,109.74205435719846,-131.37354308506514,898.222129233005,0.9935876594143206,0.10292365444263465,-0.037647723948691675,0.027801677957061382,0.19824209225482176
46.765172,True,113.08557943839966,-125.55230920705662,886.3475827019113,0.9973665568587191,0.015910288917923728,-0.04172031547465403,0.05715093387711832,0.29725183956563705
46.779066,True,112.91419019882613,-126.36164209481188,884.7464066451964,0.9967157591038079,-0.004998973167805262,-0.043697328249121134,0.06799448010887373,0.37801011544525254
46.79296,True,112.41460255298371,-127.75821005706639,882.922267036109,0.9956660700396863,-0.025383084675973312,-0.0476417542408892,0.07573004183882251,0.3783039146091529
46.848534,True,108.10184466497613,-139.14533236415326,881.0136660650054,0.986410065682094,-0.11011213037065967,-0.05437647301148441,0.10914989807193215,0.3897657188226258
46.862427000000004,True,106.57999193483425,-142.40600292677638,879.1899295730713,0.9829231964140838,-0.12932578561121952,-0.0577183366434697,0.11749648821250934,0.39082104351214375
46.87632,True,105.28385452578502,-145.77530978134374,879.1330072338533,0.9793096784221594,-0.1485562048351437,-0.057857572027561484,0.12464392930560675,0.397172756932728
46.931892999999995,True,99.61031884725209,-160.495909514913,880.2161337115613,0.9672852780834322,-0.20276748175134415,-0.0546505508979437,0.1423300967252771,0.33021953745107085
46.945788,True,98.29678594736059,-164.2619761718819,880.5387432216277,0.9654277744415614,-0.20870030131415845,-0.05591045875219416,0.14583352553618278,0.39831684654387156
46.959680999999996,True,97.05212522767911,-168.35535092859257,881.5478752994915,0.964646615467163,-0.2116440508286702,-0.05435639258279265,0.14734003394177686,0.3354448305865737
47.015254999999996,True,93.2494696269539,-181.88358113958367,885.312129768088,0.9710201488721067,-0.1741232025906898,-0.0576980902578774,0.15320545416057302,0.33358431906673336
47.029146999999995,True,92.62226965165895,-184.9333397568657,888.3034064675279,0.9749338877166128,-0.15357216996495976,-0.056218822755214795,0.1508606879277775,0.32308420472722865
47.043042,True,91.97203875962991,-187.01199830238554,888.9394474812028,0.9787109577152394,-0.12893718189227096,-0.057414868370231985,0.14900871539553365,0.32358052270761306
47.098614999999995,True,89.26754450439235,-192.68615765935567,894.2710147826991,0.9898799570116229,-0.017987738273134348,-0.047350172281787305,0.13255969660258615,0.29493943139355794
47.112508,True,88.40735518881259,-193.5844594402138,896.7364135534306,0.9911183256167412,0.008493703158432972,-0.04331809685641046,0.12544267263599898,0.27804599132743046
47.126402999999996,True,87.44228362678575,-194.14289524884563,898.7839084269606,0.9914444100395997,0.03238587620334715,-0.039246755550377634,0.12020328199571045,0.2530319122125471
47.181975,True,82.89326580524379,-192.68646137822097,901.9472407754128,0.989386627013464,0.09884591398675367,-0.03428069204533102,0.10083859245317157,0.27404934314220436
47.195868000000004,True,81.60048464477293,-192.17468122814012,904.3531035305892,0.9889108057685204,0.10986426725972327,-0.03169021632539112,0.09476809169224411,0.21919749269179756
47.209762000000005,True,80.3688717635318,-190.6076173960909,902.7038217400922,0.9879220585124275,0.1190514408231134,-0.03226204480044391,0.09378657264130404,0.2676369839833884
47.265336000000005,True,74.68241415778117,-181.09607979163573,895.3990130375709,0.9868638364282232,0.13812395560925875,-0.02235082156304038,0.08075878907262964,0.30712214098735335
47.279229,True,72.89643769499446,-177.85277432330986,892.133762123648,0.9872464903957965,0.1390905592736483,-0.018901099857995058,0.07510613787357441,0.25385191681882924
47.293122000000004,True,71.07231504747078,-173.9840105762381,885.7425950996867,0.9873294442442306,0.1408364765778423,-0.017642457127667304,0.0709534995614435,0.3067732055158324
47.348695,True,62.30610194517602,-159.50756713553847,856.7638487811846,0.9876386807999523,0.14309168330638067,-0.003669411381454791,0.06388381466686396,0.32008780733327
47.36259,True,60.043620367852895,-155.82995606864472,847.2642196540612,0.9877549307875058,0.1446271866546325,-0.0010100305438139143,0.0584991745551681,0.2784484346650558
47.376483,True,57.749786594887226,-151.85041117483007,836.2944698603175,0.9876324311956075,0.1472369761090199,-0.0003842609111995462,0.05388233532872911,0.3388772287863152
47.432059,True,49.38096089312438,-136.11121683825485,786.6321667838924,0.9855520655579749,0.1643043758912539,0.009083946508277083,0.0401083539082513,0.3124215673930107
47.445949999999996,True,47.90454280022415,-132.1911538594342,772.7769117363516,0.984541155197982,0.17095290853316233,0.011478406431278785,0.03636018387293101,0.2614262576007965
47.459844,True,46.67806822539303,-128.31699885518867,758.1554829583388,0.9832333042716297,0.1790829870963059,0.01475696567616813,0.03104488794938319,0.28890504353340807
47.51542,True,45.23243524539249,-116.53567327959236,701.8822381027012,0.9778589343110828,0.20463502734782116,0.03584685375753848,0.02512793756032426,0.2768076365673765
47.529309999999995,True,45.57071568843832,-113.49889067024027,688.2931831708185,0.9763332011780704,0.21089424423307465,0.04074086801069699,0.02524439938831787,0.31864863887692957
47.543203,True,46.094259346348466,-110.39823326941315,676.2338653888627,0.9747495719960648,0.21723503549091594,0.04595842851874894,0.023665039548583934,0.32854918560401497
47.59878,True,47.569223147765705,-97.75956396858956,637.9861852758286,-0.9685358188806927,-0.23985182490205773,-0.06635016939729775,0.002669205351479526,0.19843514039215732
47.612671999999996,True,47.96812171006667,-94.7328946958448,631.0422832826312,-0.9673974728617546,-0.2432818700116042,-0.06975473423157046,0.009504645002884421,0.18319148384030806
47.626565,True,48.43138270142611,-92.51024044307604,626.2731749848197,-0.9666206860075749,-0.24456451699011228,-0.07462097279447401,0.01625905381147924,0.1995799277849219
47.68214,True,50.19493970151174,-91.46394458418543,620.8375816540336,-0.9697701056191761,-0.22703358570562657,-0.0830082898257221,0.03333642196197301,0.1901762120913462
47.69603,True,50.68487768684722,-93.83998224942253,623.1486590848798,-0.9723801536043969,-0.2164027992763466,-0.08186457339970925,0.030738525724799196,0.18750349737636238
47.709926,True,51.31968351636274,-97.1694334100846,626.8745370564338,-0.9754246627211397,-0.20398627402939462,-0.08048192269331243,0.021423993151216503,0.23759635813015162
47.765498,True,52.08250038352638,-114.19850169225188,656.9150514194226,0.9834595089405462,0.15962995771847635,0.07882433322296419,0.03335259158105019,0.29791603501299513
47.779392,True,51.27117580507648,-117.97281863064735,667.9088751430104,0.9838646784905222,0.15445469955776173,0.07875832934709616,0.04417200201164998,0.323937751296028
47.793288000000004,True,49.905192643142726,-121.18285614051568,679.7803076217573,0.9839646573873438,0.1511008436427254,0.07947352497979139,0.05163377664233104,0.3199041906318397
47.848858,True,40.51172701643956,-128.47784195184386,737.8111501102106,0.9827398034940223,0.15594296813532943,0.07437943686421128,0.06612086425204185,0.33747197352664327
47.862752,True,37.16227268485984,-129.21159475688106,753.6695182267922,0.9823232357369656,0.1594141501496253,0.072000996505082,0.0666636765083179,0.3281943596380397
47.876647,True,33.38283803303147,-129.80335114135426,770.4288314719882,0.981979346208222,0.16179166411158868,0.0718732685011208,0.06613814572122233,0.287669666100732
47.932227,True,16.813727447638197,-128.69951444380519,838.9582674243968,0.9840054947749737,0.16265629972451826,0.05258494757317686,0.05010925764081113,0.31004016712645477
47.946112,True,13.310699161355474,-128.09348528806706,855.7117535121693,0.9855443468686365,0.15844224017363767,0.045379243852103186,0.039231634065424535,0.21242213025658227
47.960004999999995,True,10.028071790480734,-127.63503134039705,871.5760473927679,0.9871180410045232,0.15092195913325013,0.0409522061503888,0.033814969853461524,0.23657091507112976
48.01558,True,1.3719924271754111,-126.18300831480343,915.4513221290413,0.9940939120701404,0.10418452182211684,0.02170778955633939,0.02125208861168085,0.20789081942373488
48.029472999999996,True,0.051416742894378586,-126.09781907582494,920.7663905704401,0.9956165675342744,0.08975603063847248,0.01721555982249859,0.019877875019555125,0.2334087600498772
48.043366999999996,True,-0.8802509266288271,-126.71782776791633,924.3848326883732,0.9970524946195592,0.07468140853950135,0.013004168489191831,0.011828008850787606,0.24600862382768737
48.098940999999996,True,-1.046704319765913,-132.09465452117092,914.3471496982858,0.9996796849118569,0.023939896381522174,0.00784138667987895,0.002433431878849651,0.20021406113833415
48.112832000000004,True,-0.29897968113051576,-133.96158317556805,906.0201296565701,0.999805694224916,0.01605265335628622,0.008685524343539076,0.007446326781341724,0.19725455897282732
48.126727,True,1.0523616085710366,-135.55237791526494,893.6019531930106,0.9998303033796673,0.011362517576316152,0.009053687482940647,0.011326446089201464,0.27070566920066896
48.182302,True,10.242496420717503,-139.2522880557532,832.3195882101467,0.9994447867812172,0.015812963685022496,0.023838666016625838,0.017081755117417188,0.27010456690385687
48.196192,True,13.852100311686213,-139.47310296060607,813.1360634311014,0.9991630081690633,0.02001629882645,0.028447893625540833,0.021525525222585704,0.3166555854440731
48.210086000000004,True,17.812163305135453,-139.17285391085727,793.0282083631417,0.9987699867260704,0.025801808629783027,0.033706005960863226,0.025625874595870176,0.30337573613571156
48.265661,True,37.42660211299305,-135.4335555044944,712.1602747406401,0.9959658566829778,0.057830785766875975,0.06013658785306685,0.03303336708115429,0.3255756162693336
48.279554,True,42.28213381367339,-134.02314549271048,694.311603652334,0.9949448943361516,0.06620632541274132,0.06803651485949187,0.032747707637950346,0.29938361146607895
48.293448,True,47.108533122558256,-131.9908432579588,676.5279014044538,0.9939061590498961,0.07331559551341502,0.07506751285374237,0.033767424704135324,0.35343071442283924
48.349023,True,64.86283895039173,-120.63885901016756,618.7735207265124,0.9917002923850988,0.09465016579346344,0.08679478050242846,0.006208242594682986,0.2504798077326903
48.362919000000005,True,69.05519264188625,-118.17194810978815,608.5585355623591,-0.9914334193367907,-0.09650186007721549,-0.08788652673825653,0.004808787963979024,0.3522192657908365
48.376808,True,72.8690343416748,-116.37768495028361,599.8115660096147,-0.9911081546688888,-0.09731354349374567,-0.09004714636119102,0.01123438621940756,0.3544656305911741
48.432383,True,85.8856871213132,-116.37023293905744,582.0659047334951,-0.9914909012968655,-0.09004275710003407,-0.09249150785332254,0.01683494919423111,0.3478557598009207
48.446275,True,88.29729026356634,-118.38338425518867,581.6375024615213,-0.9917734314128509,-0.08703794681682672,-0.09267700741704178,0.014860311359866358,0.34272508564176396
48.460171,True,90.56339297584141,-121.25041472580115,583.5378364771555,-0.9922272140176014,-0.0840420229646213,-0.09134353855000889,0.008857319235882585,0.3249459959283872
48.515743,True,95.48809118698738,-133.31638780787398,604.0736373976567,0.9926951994952495,0.07708375026311479,0.08841625418549359,0.028229458731384927,0.3145923054583525
48.529635999999996,True,95.54079300365551,-135.9224239961378,612.4371692984574,0.9926879321979322,0.07818880511635039,0.08609930543622443,0.032312375747859536,0.3303852989416919
48.543529,True,95.02455112572103,-138.1676542652239,622.1878847192329,0.9925230959057365,0.08061571010869598,0.08428582168644314,0.0359848807140453,0.31447174794623284
48.599104,True,88.51518550148481,-144.95332542551515,668.7004915579181,0.9918664425228485,0.09412345211382396,0.07592326449784909,0.03971641810681368,0.353633407203801
48.612996,True,86.0414020200589,-146.1316945780898,681.3856549097031,0.9916719112886335,0.0998188788425816,0.07107474422894414,0.03964079364175961,0.2935399118882603
48.626889000000006,True,83.19775554764632,-147.46193098982212,694.9481317849554,0.9914648388244541,0.10513443997329114,0.06774925152119768,0.03680029652896053,0.3255961941057491
48.682464,True,71.19258061853859,-149.81212582089296,743.6063974722497,0.9898202954149901,0.12937667044083456,0.04919745769879111,0.03312204833945148,0.3209827184510765
48.696357000000006,True,67.92002529333679,-150.3246296715242,754.7171348501245,0.98947565681676,0.13414317069385212,0.047358615904769114,0.026470659659821746,0.2955500515710848
48.71025,True,64.60202487170419,-150.55005396700955,764.2919676489269,0.9891337267330765,0.1389064607658009,0.044374277488239515,0.01871868836354644,0.2682858746708657
48.765825,True,51.699826293630146,-150.04868553934898,775.8517906745042,-0.9879837603661372,-0.15199394950175224,-0.024332451174258803,0.013923375578429957,0.23540753117058957
48.779717,True,49.149934274336914,-149.8514336380379,771.6568004091753,-0.9875320648577304,-0.154673159657483,-0.020737134311947313,0.020654438262181343,0.20881912482049272
48.793612,True,46.84183027808665,-150.28863888968183,766.1713766386224,-0.9870907622537104,-0.15645937700785154,-0.019613974914206068,0.028063898655906642,0.20857555832177
48.849185,True,43.34364246428312,-151.9102387940242,716.4327905139259,-0.9861951636850109,-0.16253645164289324,-0.024737262042886413,0.019724828979066165,0.27453419821441116
48.863081,True,43.866201844635015,-151.91894764155262,699.4116108881097,-0.9857209395244994,-0.16593435049747468,-0.025395345056690617,0.013232428249229742,0.3366682594452652
48.876971,True,44.99664946261336,-152.0173012755385,683.820602463951,-0.9849053764163038,-0.17003559736985474,-0.030291774393717545,0.011476216162802444,0.3348956928082527
48.932545,True,54.50532469548566,-147.14543009140405,616.9835769950558,-0.9808221551019829,-0.18859683601722746,-0.048992667456847654,0.0043418936946206825,0.6292474932375315
48.946436999999996,True,57.49243289348405,-144.16619327033507,601.9185821701777,0.9803746524825886,0.19098730794373212,0.048678098013225375,0.00445328506435469,0.9603102536430967
48.960331,True,60.551685053200366,-140.753754121549,587.1188385805375,0.9801693939122241,0.19243469658807683,0.046998891366894606,0.0052868702538329095,1.3546020195433073
49.015906,False,,,,,,,,
49.029799,False,,,,,,,,
49.043692,False,,,,,,,,
49.099269,True,86.8878953245358,-130.96674954040165,542.2071193896489,-0.9835990682473772,-0.1677566021584597,-0.05731470070807414,0.033250871535696815,1.7066638739458457
49.113158000000006,True,88.64639194424673,-132.7325844705656,547.1318563131764,-0.984503567961213,-0.16113688466687323,-0.06056821434744844,0.03345325817102836,1.2936364803497238
49.127052000000006,True,90.168104453914,-134.48851997434417,553.013119984247,-0.9854348268543996,-0.15377963672011136,-0.06492121657123791,0.03248478092246411,0.8805901116150783
49.182627000000004,True,93.65938906593047,-138.68561675185924,584.9922094071972,-0.9904650934335885,-0.11790331852241565,-0.07039861563725132,0.011033634367384415,0.3095480992889892
49.196525,True,93.35590132346681,-138.92684469037326,594.9546923236746,-0.9914248340816996,-0.11034859083139344,-0.06969255450192799,0.006552458668031876,0.31214490634295416
49.210415,True,92.38946146285568,-138.9170151511771,605.5743443437524,-0.9921202887676289,-0.1039797531210984,-0.06977536174027539,0.004116120810419971,0.3579236230364159
49.265988,True,82.05281807352203,-135.04090642989365,646.1443616934253,0.9940280549350563,0.08912604997363605,0.06271572322609532,0.005613490745837718,0.324592913650264
49.279879,True,77.25502914467332,-133.64989712829492,655.9472375408263,0.9944813315575948,0.0860590844757073,0.0598135097927642,0.0048020005109494284,0.2548199050751995
49.293773,True,71.71420459396845,-131.9960600590277,664.2889864835902,0.9950245862305898,0.08252357950487317,0.055599745302999305,0.004959833121042334,0.21337029746398975
49.349348,True,41.25021999090639,-127.96925861528041,687.5170569702545,-0.9979187197163453,-0.057382046058146736,-0.02938864888459074,0.0013553400346578953,0.23265331330208822
49.363239,True,32.360036510936844,-127.76776354022917,690.2457678699806,-0.9985523853581388,-0.04996494301338062,-0.019903579779262603,0.0006969054533385224,0.25468102671260134
49.377138,True,23.6703290234214,-127.95216665378055,691.079800975815,0.9990451548597784,0.04272023262086171,0.009138034420789282,0.0005065599127697568,0.2942843541469592
49.432708,True,-2.20927736278223,-137.8493546448267,689.594569735396,0.9988908854660404,0.03515588712008614,-0.029543182154631552,0.010404946989184672,0.25578941888072676
49.4466,True,-4.461585480897815,-142.34095796813517,687.7080055793234,0.9983718098984729,0.04533212962061199,-0.03223903091036368,0.012624266714079522,0.28422674645908225
49.460494,True,-4.617036162299964,-147.2081551128979,684.5865958393465,0.9974570431402002,0.06271640826799744,-0.03003055470942241,0.015628979743246927,0.27990425233826544
49.51607,True,13.714637936454418,-162.34087495096875,660.6615144440777,0.9751813650659374,0.217447602248309,0.00997077708218426,0.04047751362143448,0.9608014810216499
49.529962,False,,,,,,,,
49.543853000000006,False,,,,,,,,
49.599430999999996,False,,,,,,,,
49.613322,False,,,,,,,,
49.627214,False,,,,,,,,
49.682790000000004,False,,,,,,,,
49.696682,False,,,,,,,,
49.710575,False,,,,,,,,
49.76615,True,75.49941854670354,-163.43637683728312,644.5335561869531,-0.9926040683678427,0.011075323865829606,-0.12061751413005388,0.008118863587997464,0.3365270516667779
49.780041,True,73.00665309188945,-162.70603261566782,644.6828186790743,0.9876522646130319,-0.11286675473600483,0.10863712849146556,0.001440205971707329,0.4884488432190028
49.793935,True,69.68883427327619,-161.85312975528876,645.8461032956372,0.9722331351293644,-0.2121534806577546,0.09788487239624916,0.013121865617999846,0.46652709416743277
49.84951,True,55.116955540217766,-154.71901132944285,652.1385149528242,0.8457003306612959,-0.5264696452288902,0.06091124798389978,0.0625338567576419,0.4811485821134588
49.863402,True,51.523744742810436,-152.35908834084637,654.3670283070002,0.8090895398389314,-0.5802921302142845,0.056401326368555695,0.07385154377846018,0.48662607084437204
49.877296,True,47.9749163555636,-149.9489336294109,657.4881140700248,0.7754719857175654,-0.6229823050598627,0.056598205594157736,0.08563229573634958,0.5704505822514282
49.93287,True,33.674370564827655,-142.94327661699907,674.1637899815254,0.7117354433840457,-0.6859432375874569,0.04342278728512833,0.14501377515030847,0.5206646586480512
49.946763,True,30.488071637610382,-141.983966216487,679.3068503751554,0.7221327652106484,-0.6732603351130352,0.03597468625118878,0.15475985436098932,0.49280146605259634
49.960656,True,27.796291145944103,-141.07978776868524,683.4401656958837,0.743739577680506,-0.6493939087471294,0.02454968311975297,0.15664068734676567,0.49973262030847
50.01623,True,18.072158991969996,-138.88419439794507,697.0889933189022,0.8812542760906661,-0.45463971843755746,-0.013978454349644813,0.128445436294676,0.4658773982450209
50.030125999999996,True,15.598583731618199,-138.82203833676004,699.8365210871078,0.9139544240463863,-0.38821788123949413,-0.018192476577179012,0.11680420047217932,0.46936269459062574
50.044017,True,12.966044640443448,-138.75413962989117,701.3471392335135,0.9423309552631062,-0.3170064951859182,-0.02231473726444021,0.10498240454324533,0.5294795248952886
50.099593999999996,True,2.5587382496404985,-142.41623505737908,704.9595486724179,0.9973335971156765,-0.04148185984669223,-0.029973353653105172,0.052024508058712685,0.4055090108905036
50.113483,True,0.45062889927117766,-144.00002655438578,703.1844966792889,0.9985859386467846,0.0156532987705654,-0.027736184764337722,0.042565260826618746,0.3775172556406858
50.127377,True,-1.3249083864690028,-146.04022956065123,700.9959924116389,0.9971083539605766,0.06476305674968216,-0.020507998713839105,0.03406022506120816,0.36297256924787136
50.182953000000005,True,-3.534870661268978,-155.01343675070336,687.1204328886175,0.983608498047579,0.17828464177365516,0.025207966488360954,0.009667859212203584,0.26540647775869564
50.196845,True,-3.073660874887904,-157.69085904320303,684.607298256604,0.9814003273209602,0.18787374559583853,0.03911024124154013,0.005219413772708047,0.21181905209207835
50.210738,True,-2.053550930637476,-160.0399497522054,681.2413623656971,0.980023871109031,0.19246979834758263,0.050018489324060826,0.0025960559025543215,0.10955134728414394
50.266311,True,3.7767893532477403,-171.77749249538022,675.7465634196207,0.9802155859079421,0.1831015032447182,0.07408664733746627,0.012744149205334508,0.32559655381105496
50.280203,True,5.58182350890985,-174.78861506277107,676.4580026951263,0.9807125547915825,0.17923265790731635,0.07622396087113406,0.016384352375428058,0.4010123244534174
50.294097,True,7.170363448199662,-178.17446179610207,678.839966651458,0.9812190250674883,0.17604415467962028,0.07646455856208434,0.01925751107105036,0.4384965779920934
50.349674,True,14.99572972796276,-191.7682650049531,698.7827439544402,0.9827495434570237,0.16288624625421083,0.08145991801217005,0.032182097098770825,0.5087294161779256
50.363565,True,17.218444181075245,-194.94758255999693,706.0133874778306,0.9828861881482395,0.1604684881507911,0.08409625749380212,0.033353034847808105,0.5612560265084072
50.377457,True,19.693643672090886,-197.98531981616298,713.7710383360442,0.98288027285569,0.1592828868264982,0.08576391200749352,0.03492681766940776,0.5648778609994275
50.433032,True,25.350589050633545,-207.94003706547875,753.1456545147947,0.9807984614957752,0.16936094405682536,0.09037609955365969,0.03440071489327661,0.6018390130666089
50.446925,True,25.526135758638727,-209.2788591687568,762.2524292185225,0.9799941178513772,0.17550029025365405,0.08747915779171445,0.03403783262248695,0.5703348759312431
50.460817999999996,True,25.327066384478485,-210.70414623207432,771.9734671258213,0.9793781416330765,0.18131638156526048,0.08456464107735603,0.028136221261581502,0.545732586413785
50.516392,True,21.451136568166955,-214.13954708452502,796.5353041813734,0.9782185380286378,0.19474528439333766,0.07179234058448432,0.002936987755102645,0.3164030702735649
50.530285000000006,True,20.64952717396653,-214.44889936370745,797.2635901464558,-0.9785069691947867,-0.1940962678468817,-0.06959777415029036,0.002626761974269424,0.3292996034299473
50.544179,True,19.842277760036477,-214.5519126769259,795.0392079839824,-0.9789880045310675,-0.19258211025846453,-0.06652388493573576,0.008318084258513818,0.3641126705004713
50.599756,True,20.361498786548527,-211.68783904377761,759.8255351392106,-0.9812696910538781,-0.18638896779175015,-0.04736802028439434,0.011190029440974884,0.634108335645366
50.613645,True,21.99681513110817,-209.62149723845866,745.4906583651475,-0.9815507953192391,-0.18602753575661543,-0.04381463122137221,0.0056630591932009,0.8635125745849374
50.627539,True,24.492516655538584,-206.17369611294023,726.401995918087,0.9817042116176526,0.18667087126274426,0.037259457886813216,0.004749685479261383,1.163893064051114
50.683116,True,41.483957364151685,-227.92302949806572,648.0136027145054,-0.06769268791538026,0.5548921265706591,0.3456192995148794,0.7536973714134385,3.1930662328856543
50.697007,True,48.411661923557624,-224.74844690165887,634.6168038317579,-0.06986377256886171,0.5575977694611425,0.3506160774100253,0.7491809841660506,3.780100432030953
50.7109,False,,,,,,,,
50.766473,False,,,,,,,,
50.780366,False,,,,,,,,
50.79426,False,,,,,,,,
50.849835,False,,,,,,,,
50.863727,False,,,,,,,,
50.877621,True,107.43879182773667,-142.80976187123156,537.3884015279533,-0.9872959960191365,-0.12845860015654526,-0.08704769923704557,0.03417166001145673,2.3960493931649385
50.933194,True,118.55303903837462,-151.500010507576,562.5525011645706,0.9936126560559256,0.04327662480691971,0.1033936237286285,0.013068360381963223,0.7266421008454353
50.947091,True,120.40903698723227,-153.92961689010855,571.9420862406278,0.9942423981070649,0.017080268834766297,0.10315976471485086,0.023417539726053992,0.7017179199612429
50.960979,True,121.60933210739108,-156.28079767169763,583.0097440326261,0.9942053540910396,-0.009111527643741062,0.10367291878639985,0.026918764292152286,0.6230014246906777
51.016555,True,118.54321219059368,-160.4701695393812,631.4709548338105,0.9875696654484233,-0.11157187052736701,0.10936945301648084,0.01721035560322804,0.3890811206367647
51.030447,True,116.27835076818208,-159.4742605192111,644.4275466529425,0.9846410273692842,-0.13575757924828105,0.10782605137042339,0.020626913091165742,0.3887229202989997
51.044341,True,113.04075039983012,-158.27062514269264,658.3340288319072,0.9809205302800846,-0.16001361463657438,0.10809845087335902,0.02247846357639948,0.36895380609798556
51.099917999999995,True,92.97082435930933,-150.471723263449,713.9027338320659,0.9690404189198346,-0.23214460049161936,0.08104639964891508,0.022383745580360707,0.3578399004167344
51.113807,True,85.91771828877296,-148.3998186040742,726.4280394082308,0.9669394098476248,-0.2439679541073779,0.07104804656570846,0.021447380525006353,0.3612894695752507
51.127702,True,78.41538162625322,-146.43001018463576,739.2137281931755,0.9654950674046984,-0.2531409365969684,0.056524746669650135,0.023321536183070406,0.40742208824805815
51.183279,True,43.47444939576008,-142.53207156341884,789.4398731553296,0.963219645816459,-0.2669123511004329,-0.0021896169308236835,0.030998650308538,0.34979718484734307
51.197169,True,34.035381842953,-142.6345898809155,799.2447559011554,0.9637984472931502,-0.2640110546324319,-0.017688821890682785,0.03283019353131265,0.3313235484946022
51.211061,True,24.441952112377386,-143.71764754062963,809.01263735877,0.965320396147061,-0.2570277487549533,-0.03169931744955397,0.03299124771321261,0.4068495393352757
51.266639000000005,True,-15.116379168502146,-157.1771880997645,835.2044082204424,0.9783804423455145,-0.19187621924825202,-0.07388167547012314,0.022287318199362586,0.2967707269270818
51.280528,True,-24.45263397434776,-162.76764362054297,837.3739477882683,0.982558536422066,-0.16421401108915956,-0.08507637732176074,0.01935177221708685,0.27106373550552343
51.294422,True,-32.92862856132757,-168.87577874157384,837.2908614092449,0.9865159440529223,-0.13190117129921924,-0.0950161962391765,0.018981453882761797,0.22162096690753255
51.349997,True,-54.48692678254884,-199.3598509591107,822.2764322532036,-0.9941881283282159,-0.017222216902617445,0.1062682524539052,0.000647500263320346,0.25826207957732306
51.363889,True,-55.87012533517093,-207.6139102504436,814.2763627345403,-0.9929576123120534,-0.05681206548430285,0.1036050021662129,0.00857746425769686,0.25661797304788797
51.377781999999996,True,-55.33841827479519,-215.0860932163724,803.282957968198,-0.9905142272458922,-0.09735671254540264,0.09633011289297876,0.011124095282343021,0.21043941360824775
51.433357,False,,,,,,,,
51.447249000000006,False,,,,,,,,
51.461143,False,,,,,,,,
51.516718,False,,,,,,,,
51.530611,False,,,,,,,,
51.544505,False,,,,,,,,
51.600080999999996,False,,,,,,,,
51.61397,False,,,,,,,,
51.627864,False,,,,,,,,
51.683441,False,,,,,,,,
51.69733,False,,,,,,,,
51.711226,False,,,,,,,,
51.7668,False,,,,,,,,
51.780691,False,,,,,,,,
51.794586,False,,,,,,,,
51.85016,False,,,,,,,,
51.864050999999996,False,,,,,,,,
51.877945,False,,,,,,,,
51.933519,False,,,,,,,,
51.947411,False,,,,,,,,
51.96130599999999,False,,,,,,,,
52.01688,False,,,,,,,,
52.030774,False,,,,,,,,
52.044666,False,,,,,,,,
52.10024,True,87.83557300267236,-203.72637553277522,585.1814228120618,0.6971879906564427,-0.7107329873824307,0.017760224339364247,0.09204401535294246,0.5930662844947135
52.114132,True,84.2199589785589,-197.6975422508644,584.6985755053312,0.6802719173445851,-0.7259621554656477,0.013253243182277446,0.1001669548760665,0.5780124748546113
52.128026,True,80.86395851891172,-191.7340988716546,584.6557135027791,0.6683738885986638,-0.7364381607729464,0.005278395679771126,0.1044381105531334,0.5918907103827431
52.183603000000005,True,62.900148338402,-167.6650455622918,591.6935442816741,0.6744347371820333,-0.730538483875675,-0.044299374875210115,0.09741085280653897,0.6083126518421935
52.197493,True,57.07350496250735,-162.35660028413412,594.777116587604,0.6901065623587681,-0.7153466914314667,-0.06001601282901782,0.09181569501738199,0.5669482464260138
52.211386,True,50.814535790916686,-157.6157924429363,598.5938773134678,0.7113197568815062,-0.6935549354355268,-0.0756835026589043,0.08530980265090721,0.5740213223896143
52.266961,True,21.07467764414183,-144.85938941924235,616.970942486833,0.8348684335494205,-0.5327022685453036,-0.12691627383179843,0.05581443528403683,0.5695948551050791
52.280860000000004,True,12.85538346997174,-143.30931646409664,622.8706039553819,0.8674601103327492,-0.4768208857800928,-0.13402209954447653,0.04682816138898264,0.5114774451274248
52.294745999999996,True,4.729569567834919,-142.0608793753448,627.1459047883113,0.897392732872061,-0.4164206578661617,-0.14116256022148724,0.03678655029275903,0.45701495094462574
52.350322,True,-29.02435287310125,-143.02130311046406,647.6848163707367,-0.9779758782714689,0.1541570761351271,0.13862525746640803,0.024120849673875944,0.2590042125555029
52.364229,True,-37.61453423895038,-144.37998032082524,653.1122749930985,-0.9867712196134556,0.08586691143467594,0.13175115685911853,0.039383579440254696,0.24132128451978002
52.37811,True,-45.46521109493832,-145.3975998449023,655.9155641587682,-0.9903481329443022,0.018524187885913115,0.12650448767786426,0.05351676965459755,0.16672574546776395
52.433682999999995,True,-72.54174774263173,-152.46182587325353,666.0412209389555,-0.9558569186153093,-0.23705956095490316,0.11220281133604722,0.1324796015369993,0.182835317555912
52.447575,True,-78.54705309036372,-154.2506585106701,670.2833583353885,-0.9455169897632922,-0.28355898604972757,0.10362061557950233,0.12187982411514017,0.26896783251891115
52.461468999999994,False,,,,,,,,
52.517042000000004,False,,,,,,,,
52.530936000000004,False,,,,,,,,
52.544828,False,,,,,,,,
52.600403,False,,,,,,,,
52.614295,False,,,,,,,,
52.628189,False,,,,,,,,
52.683766000000006,False,,,,,,,,
52.697656,False,,,,,,,,
52.71155,False,,,,,,,,
52.767127,False,,,,,,,,
52.781017,False,,,,,,,,
52.794909,False,,,,,,,,
52.850483999999994,False,,,,,,,,
52.864377,False,,,,,,,,
52.878271999999996,False,,,,,,,,
52.933844,False,,,,,,,,
52.947738,False,,,,,,,,
52.96163,True,90.58015441704313,-211.34358949504326,685.9786157649262,0.9899244357489934,0.06237030754155258,0.05024046283065771,0.11677093875948136,1.310709359055438
53.017205000000004,False,,,,,,,,
53.031097,False,,,,,,,,
53.044991,False,,,,,,,,
53.100565,False,,,,,,,,
53.114457,False,,,,,,,,
53.128352,False,,,,,,,,
53.183929,False,,,,,,,,
53.197818,False,,,,,,,,
53.211716,False,,,,,,,,
53.267288,False,,,,,,,,
53.281178999999995,False,,,,,,,,
53.295072,True,43.07537213900261,-219.7069617455309,726.0365531293912,0.9846994564219909,0.150493396296858,0.06031710193759761,0.06387930343328771,1.481766028304837
53.35065,True,39.43180692315828,-225.91929173859705,748.3034049804763,0.9894655605293412,0.10916984600405591,0.07239082201432757,0.06163942032415082,0.18887737661943083
53.36453899999999,True,38.1705382871261,-226.27159653191447,752.7587558790583,0.9908909065317848,0.0971435073102735,0.06727583748490333,0.0645934364373159,0.17304730534038423
53.378432000000004,True,36.573498355313724,-226.21227963040647,756.7762641711383,0.9922402822817108,0.08712388678785697,0.06111360251292542,0.06429446443030735,0.23729154759603485
53.43401,True,28.688888359214413,-225.0485962611759,776.0586149138708,0.9953930061901975,0.06258251813266347,0.03990632530646991,0.060693301544325035,0.35687032979855204
53.447900000000004,True,26.895775030433107,-224.11441320508985,780.4695127868677,0.995554510745738,0.06283639887441253,0.03448987211523178,0.0611003423213417,0.3401103751123589
53.461794000000005,True,25.313475869850034,-222.67221134531923,784.3637530256773,0.995253003882789,0.06752086347241193,0.03048953517160842,0.06310926638176308,0.3663803491095422
53.517367,True,20.64752729998201,-217.3620524244865,802.2349146186527,0.9896294125107995,0.1295287837744062,0.028093751747825427,0.05537744288232053,0.3586320483917701
53.531265,True,19.510073170013815,-215.99422964351479,806.2822403111709,0.9864910941012128,0.15211540375371074,0.03296192676539589,0.0510855809769316,0.3273635573662761
53.545153,True,18.22648084550507,-215.48565494374571,811.66589713177,0.9827504262593001,0.17454850122164325,0.040039333663436635,0.046165703376317695,0.3006119144986233
53.600728000000004,True,11.950982732342462,-211.58014529032323,826.65182967178,0.967482956509579,0.24427352866891283,0.049635814535266755,0.04293550943615545,0.5505366907923098
53.61462,True,9.833568208304282,-210.43330157629487,828.8027545410544,0.9653503839971318,0.2529845556909986,0.04802658348221656,0.04231900255728693,0.6173341549594895
53.628515,True,7.481809257692699,-209.58550448137552,830.8600322837433,0.9640566165558934,0.2583719029764228,0.04800221171359243,0.03917381137633124,0.6573673082677466
53.684092,True,-1.7150097331969725,-210.82095882636347,841.6232445951925,0.9677908551567375,0.24388287074688272,0.060597739885912265,0.015163111553011805,0.31761034331086335
53.697981,True,-3.6114860141082357,-211.31511334923306,843.2000478456026,0.970374302236275,0.232005283958407,0.06600465826893627,0.013807492952827682,0.22740244934959672
53.711874,True,-5.141233587786663,-212.11885959653642,845.8898993060317,0.9741869925908834,0.21425586436380736,0.06941935353528227,0.015332364696653734,0.2456723315088403
53.767453,True,-10.37874613324224,-215.3907580926905,851.652870680234,0.9886376710814673,0.12929268546983771,0.06875694560381036,0.03393286362577073,0.301439907709294
53.78133999999999,True,-11.350546584441519,-216.72898004781553,853.8890216567885,0.9908856421447876,0.11208880100468248,0.06415337182335235,0.038289551634086746,0.2972573657743078
53.795235999999996,True,-12.619471590906835,-218.2639815576425,857.3317208728774,0.9923136218085903,0.09982487559070706,0.05873567873182686,0.04357511021591928,0.30496890315712655
53.850809,True,-17.426948750236853,-220.0876339102985,867.1772566391414,0.992276299438218,0.10244138123006108,0.03625476944067197,0.05982558547709091,0.36047853714713796
53.864701000000004,True,-18.221751213911006,-219.02020773100267,867.3008417762786,0.99073160197375,0.11760122174334454,0.029093297691606047,0.06143635344344207,0.3138301736933634
53.878594,True,-19.151087544513477,-218.73242899716337,869.6597873798731,0.9887244934452786,0.13661448796606085,0.02250007170751512,0.05704475885044297,0.29747448738223997
53.934169000000004,True,-22.04481152798983,-217.77066401926157,882.5585382088472,0.9731052712080301,0.229364876808049,0.003482738338782504,0.021112909975620642,0.18885605296957667
53.948062,True,-22.082429184248333,-218.34279064245447,886.4409289713569,0.9680757173108294,0.2504676985260701,-0.0007706244894396737,0.009733636836919638,0.14679968131022408
53.961955,True,-21.72135948851806,-218.03438515388578,886.7446013035651,0.9629140459921446,0.2696639067252768,-0.004998431078917166,0.007275515613933135,0.14186197878517381
54.017531000000005,True,-16.838165295005194,-220.42308790629772,891.0670619052668,0.9490105521997078,0.3137272871364994,-0.018888516248677614,0.024441462180102184,0.3205680708135265
54.031425999999996,True,-15.1125668837074,-221.64289893352156,891.7529639108377,0.9473788986525341,0.31775379650455743,-0.02217095901172944,0.03184644048166092,0.3556321091366202
54.045316,True,-13.058822333043606,-222.25567979322304,890.464621968805,0.9465510379867096,0.31925639821727614,-0.024467743856166204,0.03895913492627688,0.35781076348109164
54.10089,True,-4.494619979860676,-228.0139968610425,891.1978093184077,0.9508569465994309,0.3048548514654611,-0.017847528738502993,0.051147359262301934,0.44855425100309415
54.114783,True,-2.4100618156342444,-229.40620032440108,891.0740766578629,0.9529924246751109,0.29785909327974436,-0.012440289361163112,0.05413536979676102,0.4499563962126067
54.128676,True,-0.18445166656012368,-230.60360452412658,890.9144771440674,0.9553232647318111,0.29050103855479714,-0.007748352392162547,0.0539126098046183,0.4387215861731085
54.18425,True,6.766814194194506,-233.32833900235659,887.9480989148987,0.9616467748511166,0.2684481401645379,0.0039060429420909584,0.0561766792288519,0.3593302824239249
54.198142999999995,True,8.515558851528674,-233.81653796351338,887.7665718498189,0.9628030595001738,0.26450668600664573,0.004982672539675332,0.0549695793075472,0.3168858376625753
54.212039,True,10.134172622052045,-233.25996374726802,885.2805809507088,0.9632237163847811,0.26271376026108384,0.0058822078264246895,0.056097700438248556,0.29572257400725593
54.267613,True,14.78973501642354,-235.79402509434058,888.5390167166106,0.9623931113681572,0.26623216153932805,-0.0005409429591856147,0.054033718490676966,0.39579493024716556
54.281502999999994,True,15.380505509220209,-236.51042011441774,889.3992414226113,0.962116477354057,0.2675491817090229,-0.004210225218542781,0.052264647461374436,0.3432794154066258
54.295396999999994,True,15.90510527512994,-237.61004576908883,890.9230695685261,0.9620910053775614,0.2674071207498465,-0.007770983995658572,0.053046592271410745,0.33777871975132046
54.350972,True,20.534412518803965,-241.25036594515353,893.7482721852069,0.9629858816157668,0.26365631058000005,-0.017711111748159203,0.053196411727587545,0.31044270546050895
54.364864999999995,True,21.94683896636851,-242.21803922633177,893.939400941676,0.9629075503399771,0.2630687289551278,-0.019840556065521216,0.05665902998824646,0.36233274202396987
54.378757,True,23.264719757076055,-242.13621829118398,891.6214046065171,0.962279008375327,0.26363541147907776,-0.022961025304598308,0.0631527606001199,0.39226913124979534
54.434332999999995,True,27.5894401974616,-244.50864323340588,890.2993903332999,0.9622295463979775,0.26223208687609956,-0.030337682491477436,0.06654515513840392,0.4152017134928957
54.448226999999996,True,29.202920261168373,-244.83361978229865,890.2133203235559,0.9622154895321865,0.2620908930964756,-0.03147131163108287,0.06677778076909786,0.44153089411736884
54.462118000000004,True,30.97458010296316,-244.74314086163972,889.0825831679078,0.9618918963042797,0.26268341259333455,-0.03195579622241487,0.06884934030379786,0.4372547569973328
54.517692000000004,True,40.20316964250559,-244.18556693187196,885.4717649960363,0.9628957951235529,0.25887384626643917,-0.024582761857541793,0.07219215519747424,0.4545150595951592
54.531585,True,42.54125961378355,-243.92274556012478,884.6001627920165,0.963120033160508,0.25816161037052415,-0.022376017861564776,0.07246860341181277,0.5624732156139036
54.545477,True,44.48042721755444,-243.54032486540066,883.0667804321633,0.9628771704614787,0.25892033578811147,-0.02125087999872928,0.07332267329242477,0.5951379048660265
54.601052,True,47.1440986507566,-243.45689236305137,881.841712192746,0.9611170195934978,0.26498690913617834,-0.02870749634140947,0.07219343659900515,0.6686046436472498
54.614945,True,47.63718772793464,-243.68555637394184,880.9583957718116,0.9612706937811373,0.265069250807006,-0.03410646111926323,0.06733271763462234,0.6885356693546103
54.628839,True,48.11645636311311,-244.2509250842098,881.8641735872953,0.9615796539472838,0.2640931021090997,-0.03710805979511313,0.06513366588222042,0.6052181163263286
54.684413,True,49.40837620119454,-245.67923501200545,885.9243151504417,0.9628465425363355,0.2609623201349741,-0.048751074051032746,0.04948268156099646,0.44465509285507926
54.69830399999999,True,49.4964717765584,-246.4662325493875,887.7085958926601,0.9634681459492037,0.25931205489716097,-0.047694379519391594,0.04702803513305503,0.43457493666752156
54.712197999999994,True,49.554737607160604,-246.36226629461146,887.6770814342105,0.9633818051506798,0.25924572024864595,-0.0490806453148897,0.04773095738461984,0.44713656299782245
54.767776,True,47.67980294695934,-245.53121047046008,887.7825165447641,0.9637262756142834,0.2581763675722021,-0.0462336172292761,0.04938705858564664,0.41068537565676755
54.781665000000004,True,46.950026716863434,-245.99090918777608,890.1653525781186,0.9641510955921925,0.2571643144562624,-0.04351089056354838,0.048846521278205865,0.3582286124103119
54.795559000000004,True,45.936409648419925,-245.18814772265873,889.2710558635188,0.9643950176630066,0.2566167257342932,-0.04476756138583146,0.04567243619236675,0.3739545726181221
54.851133000000004,True,41.44571718492716,-244.25878250379677,890.637409432075,0.9662047964559961,0.252610695258973,-0.03632885482247316,0.03628143124923573,0.3451733989148797
54.865026,True,40.078519886588346,-243.79156652855386,890.6026107324843,0.9663940558048081,0.25203040207700916,-0.031440001173673154,0.03968288875868326,0.35457252089592234
54.878919,True,38.72569483371069,-243.18475475611237,889.6206688417302,0.9665890789617487,0.2513185701343758,-0.02760578870116676,0.04221906166268737,0.3453936843592543
54.934495000000005,True,32.552449849203256,-242.33897130008816,891.3591860071435,0.9661924087514145,0.25012044922063353,-0.012798866695587524,0.06122237470171199,0.35907853750065377
54.948388,True,30.939988416353575,-241.9037727228716,891.1513106539076,0.9661994090816989,0.24909904060576224,-0.011842652154215873,0.06533086138586508,0.3597509811633742
54.962282,True,29.20725706297526,-241.50099992527672,891.3628596626563,0.9660613928294146,0.24827183399306543,-0.011050632916884552,0.07045825176902597,0.3409235279151498
55.017854,True,21.667850626346272,-239.08418446482582,892.2054050684629,0.9669020327851978,0.2402074447454152,-0.018078124773744254,0.08410721663089016,0.3620002837702403
55.031749000000005,True,19.698556361427205,-239.00320446770758,894.2267610284282,0.9677129931283337,0.2369579571830478,-0.020143442845126824,0.08352682903464997,0.39485481579480897
55.045641,True,17.464518724003494,-238.2521435518574,895.2704896662456,0.9682864712461163,0.2339875815573977,-0.021600113226032495,0.0848796582656091,0.3622191617337793
55.101214999999996,True,9.289411997552447,-234.6108448183016,897.09786182594,0.9709050212642854,0.22071821228159857,-0.024379603678513176,0.08962446862041357,0.36015239218955336
55.115108,True,7.3371589271765565,-233.30429459731783,896.5590159570818,0.9712983127847278,0.2176277642535485,-0.024451412430078007,0.09284326705646118,0.3637172585091706
55.129,True,5.218901205420662,-232.59768454493113,898.1814892759198,0.9718438869209504,0.21471217298840117,-0.023193441946335925,0.09423484745920645,0.3616165937048591
55.184576,True,-2.601636564234757,-227.61563571486013,901.0402936183974,0.9738637069235275,0.20504097450568368,-0.020638775173614825,0.09550769639279437,0.3831711304328574
55.198471,True,-4.29514898696371,-225.86459845007454,900.5637340822146,0.974356424362716,0.2031401271695332,-0.021935905072443553,0.09424682013363525,0.35622877228388605
55.212362,True,-5.690403585875964,-224.67283205997157,901.1610830724575,0.9752626456839282,0.20045708417032945,-0.022533976202052258,0.0903988343732346,0.3688606448168025
55.267936999999996,True,-11.340266014809666,-218.1863808262494,904.5223010806033,0.9779851202096724,0.19076523798564926,-0.01892711215460512,0.08243478058585658,0.294154576062593
55.281828999999995,True,-12.688269010575034,-216.29641813451659,905.215787181895,0.9785778894382813,0.18886748140262233,-0.017308710304144874,0.08009242984674905,0.30244187590927385
55.295722000000005,True,-13.940301356003882,-214.27642022715398,905.2290626932064,0.9792492145036251,0.18695669509265175,-0.01786067988379727,0.07615225648761247,0.3445157117053611
55.3513,True,-18.7236321479253,-208.02866394509337,910.2826812565063,0.9814576138620099,0.17965691515467286,-0.00876247839022526,0.06623868961458693,0.31347015751617097
55.365190000000005,True,-19.873029507244464,-206.4435257912338,911.3488742458572,0.9814986722628267,0.1789044495274869,-0.005346344786242256,0.06800713847091262,0.35142811616513325
55.379082000000004,True,-20.88039574728946,-204.95681366642788,912.1321216833746,0.9816245538216671,0.17830251094365057,-0.001855968014709846,0.0679559070893073,0.325592848962931
55.434657,True,-24.67516698508279,-199.88691350472502,916.7256652973191,0.981858985592888,0.17411607090208656,0.013467997039550931,0.07385891496540703,0.3696977416346821
55.448551,True,-25.501299218679712,-198.6387756308462,918.0458903661702,0.9819391882723019,0.17374567978231428,0.014655702337675476,0.07343759038192872,0.4224006709163511
55.462444000000005,True,-26.20384214391821,-197.024918411962,918.2667400641753,0.9819929288741337,0.17345411730313756,0.016403410840229823,0.07303755845177394,0.3482126516613777
55.518018,True,-28.17560793624841,-192.318635490703,923.6880045834733,0.9831300969376486,0.16909809720461202,0.016687147766301574,0.06769479386610673,0.36516034087671795
55.531909,True,-28.639241990529417,-191.37628418393402,926.2028068562477,0.9832514433743523,0.167978245198098,0.018302074800719503,0.06830038287161644,0.38053758278370414
55.545803,True,-28.840412691505783,-189.98168070600647,927.1940089174094,0.9830569149149085,0.1677720999022872,0.019287231741953455,0.07127150359078269,0.36712893722354334
55.601378,True,-29.22592596872895,-186.34204115752266,935.6265379393698,0.9829227236194715,0.16831229595380814,0.019097486243174075,0.0718969849328144,0.33958480322255186
55.615269999999995,True,-28.950526074312528,-185.1314062644086,935.8096105970205,0.9829780690056349,0.16709909550255653,0.01719798916693753,0.07440589563196455,0.33839841279628613
55.629163999999996,True,-28.663388600993045,-184.33225616639834,938.2540204804592,0.9832729086466429,0.16558240168747795,0.01544581690078598,0.07428514059517596,0.2827346949440645
55.684737999999996,True,-27.78363176131829,-180.37403063416355,944.1318158919241,0.9842897256940861,0.16018788795304315,0.009528508258442566,0.07363955442948487,0.3332074357257635
55.698631,True,-27.360964781229704,-178.9571643109658,943.774401724825,0.9842064642506305,0.16003162709317237,0.0061403264471034755,0.07543083221274612,0.29237782599096646
55.712525,True,-27.2175114911893,-178.43724195448652,946.484905657271,0.984326795236811,0.15864218214825745,0.006267962366577508,0.07677324318953507,0.30798429250787296
55.768102,True,-25.68639861281045,-174.96446002174392,948.7619945425433,0.9839699832541173,0.15496940071154408,0.0014139294414361478,0.0882358073660121,0.3721408119642206
55.781995,True,-25.488115574458867,-174.29983297910616,950.0699681990777,0.983952513249119,0.1544942346929863,-0.0001751770078249965,0.08926898918653933,0.3728787689087675
55.795885000000006,True,-24.975481014441154,-173.72888407968827,951.0059796050738,0.9840771982419887,0.153205610260673,-0.0006530782831353613,0.09010928017473287,0.28229787357672104
55.851462,True,-23.351160618593333,-170.67800949992272,948.9954752726561,0.9841638245890386,0.14956427602157502,-0.003192688180282879,0.09508890813655159,0.3464358431023239
55.865352,True,-23.232480339137854,-170.61945254972161,950.8423260756825,0.9844234191573812,0.14863371514991391,-0.001602078645754455,0.09389347090846062,0.32107466141397906
55.879245000000004,True,-23.00696437440811,-170.10654143415528,949.7765010971634,0.9843126509071388,0.14848270873813896,-0.001787327828942207,0.09528009198766452,0.3107547211365941
55.934822,True,-21.7513144005604,-169.62053052985283,947.5060879154586,0.98429516517408,0.14625599918336565,-0.0006196425713931642,0.09885254959225741,0.3280889590907715
55.948713000000005,True,-21.511662740988807,-169.65136330575874,946.3372623383929,0.9842131306061985,0.14657395158232725,-0.0012883305479165202,0.09919138301428741,0.31381240259627896
55.962606,True,-21.545999461685202,-170.04598843702982,946.3053821541163,0.9839591059906896,0.14677841341573322,-0.00023176605044827826,0.10139290595333256,0.3295614682218662
56.018178999999996,True,-21.61888431658832,-171.27213798324524,943.3308793440053,0.9835425001019766,0.1483451676692185,0.002085139312674445,0.10311893093119005,0.2899294568116151
56.032071,True,-21.72670495634172,-171.587893534696,942.1702392085082,0.9837016570049075,0.14821562270958152,0.0035020857586063017,0.10173944459229964,0.3037959320783269
56.045966,True,-21.818708811762235,-171.8812179865836,940.8143474951879,0.9836254237634241,0.1478683735440367,0.003889945406793784,0.10296037177670715,0.3259855013208387
56.101538999999995,True,-22.947639767052507,-173.53651980148697,938.2363533370569,0.9839612871407529,0.14614027603625632,0.0060493547288423466,0.10211077531643716,0.3725988799543655
56.115432999999996,True,-23.182418885234352,-173.8603566851049,937.5257479689311,0.9838998806923079,0.1458194271706726,0.006405141816802572,0.10313434729315737,0.3278096032444066
56.129326,True,-23.63435815115303,-174.37004819636476,937.1513915654563,0.9838708921037767,0.14593943799256168,0.008933945434632428,0.1030530578309295,0.32539868357594953
56.184900999999996,True,-25.787877771678858,-175.86940823017122,933.446661331238,0.9838037469014707,0.1455086567461145,0.0074604565435482375,0.10441149353749392,0.3983415642238435
56.198792999999995,True,-26.460463844525606,-176.32229487744235,932.5699759981133,0.9839577304279815,0.14462051070863824,0.008281580976266693,0.10413216616359139,0.3546463435130448
56.212686999999995,True,-27.330676217438832,-176.79012728072775,931.6470788720857,0.983484012836095,0.14514962359921724,0.007242511715774892,0.10788108865257207,0.34555835508383964
56.268265,True,-31.233036322182528,-179.41974896104702,931.5905453395862,0.9826243004977115,0.1443884313793858,0.006572198597326575,0.11643998952585276,0.40095116387830493
56.282154000000006,True,-32.13030361192823,-179.2521521858658,929.1217324568925,0.9821570734689858,0.14409987530545343,0.005512243459201782,0.12071588190390009,0.3959047497064918
56.29605,True,-33.20646427925048,-180.33601420417162,930.4787048844227,0.9820818096705969,0.142597248515676,0.007008250042691206,0.12301312231312297,0.40131322164727634
56.351625,True,-38.03153892189679,-180.9770446264654,929.4189741429581,0.9812333446121763,0.14012464702448452,0.0058773407910946394,0.13233164240910453,0.3839043709374702
56.365513,True,-39.38193114201131,-181.01087599486695,928.7687049208655,0.9812525533069997,0.13947880878359503,0.005340913861494634,0.1328930516164304,0.4207008675411532
56.379407,True,-40.776534499247845,-181.16511035326815,929.2797479260449,0.981330462029669,0.13886319746768366,0.00497894699072465,0.13297648953311672,0.40207887275314275
56.434988,True,-45.96471830169949,-180.8116714838079,930.2036230318961,0.9814223164110131,0.13817783876323858,0.00493426135781678,0.13301419018290803,0.35697329509409886
56.448876,True,-46.93154381960549,-180.8431547340005,930.2435392377524,0.9815132390381721,0.13743113248916325,0.0035752032309424066,0.1331602918943908,0.383402174656776
56.462768,True,-48.1278487423582,-180.72079542803309,930.707407709041,0.9815244287008751,0.13788663015498795,0.004016003615333118,0.13259315518866005,0.3967793329343175
56.518343,True,-51.808246780149204,-180.22659423362086,933.2113016597132,0.980967230052689,0.13812817933842814,0.002326760377524824,0.13644957244913303,0.3438768776776932
56.532236,True,-52.556304549673555,-180.12065917728228,933.1757156682735,0.9808259007551113,0.13908634085405272,0.0006834632859845571,0.13651034786305266,0.39512808940975513
56.546127999999996,True,-53.26912741248963,-180.35545637248646,934.9877285522166,0.9808820839630795,0.1386096938407474,0.0017972189473362177,0.13658133158552818,0.3922567594222753
56.601703,True,-54.079630114888204,-179.55762469836517,936.5450754672889,0.9806400401721006,0.13874548151706495,0.004028834584649765,0.13812520212382873,0.34001833742933374
56.615596,True,-53.975297068434394,-179.29837443608704,937.0316606184465,0.9809218348676674,0.1381188794274977,0.005026109203454015,0.13671235222837713,0.32817084774482147
56.629489,True,-53.984664644169136,-179.23909321978087,938.1518898942545,0.9810100842411255,0.13755262479053895,0.006492439812655984,0.13658820686915865,0.3945959349795553
56.685064,True,-53.008711044231156,-178.23532239435454,939.9808544881308,0.9819425263756834,0.13616800960905107,0.011059643723136066,0.13086188266553028,0.3808662488218119
56.698957,True,-52.57363679403465,-177.44389110001046,939.1193726613968,0.9819487502431358,0.13603659493191342,0.011457637390044545,0.13091760493039975,0.4268734969660778
56.712849999999996,True,-52.01802407919609,-176.9239328517584,938.1807025456433,0.9820928345121921,0.13528923272630464,0.010896670701504425,0.1306589089031389,0.4010526630323928
56.768423000000006,True,-50.523338137760774,-176.34458177469375,940.2172325655469,0.9828061168839926,0.13197278941645996,0.014928757798475809,0.12826711059208118,0.40500634946928943
56.782317000000006,True,-49.97799794347456,-175.9656990750097,938.8566796252363,0.9829731507109748,0.13225101254626728,0.013337856431524447,0.12686826335864373,0.3995550748500418
56.796209000000005,True,-49.57990343802818,-175.6617467341604,938.3615900801311,0.9827436378429475,0.13252026465895003,0.01230591116283384,0.12845966792882466,0.39475779428135405
56.851786999999995,True,-47.244397428179695,-175.39614731429907,938.933639397168,0.9827947169061075,0.128260744939933,0.011306798283420088,0.1324231174737822,0.32101637568550223
56.865677000000005,True,-46.6458619466171,-175.58260513326934,939.0528493617645,0.9828483093421319,0.12774057535965228,0.010532637093047043,0.13259189185604192,0.426689216637689
56.879571000000006,True,-45.773293426433796,-174.99516976551416,936.9000867079171,0.9826476579872343,0.1286053824331152,0.007809097172352078,0.13342883445038634,0.38883523001542397
56.935147,True,-42.9580601246452,-175.63769433830686,936.2365880080453,0.982074016771339,0.12917369605326381,0.007936003286954778,0.13704671350447004,0.40695148431070244
56.949037,True,-42.05593681550624,-175.45995517193387,934.2515948098264,0.9821402269271363,0.1299471537251663,0.00551047622254455,0.1359556785943197,0.39508434043202806
56.962931,True,-41.30581457590104,-175.5655475785062,934.5523398822554,0.9818916165159055,0.12959590294568998,0.007585829176913349,0.1379717744727942,0.36579932226657186
57.018505,True,-37.95023603906945,-175.35485067432234,930.650131449291,0.9812190133913161,0.13043184761409102,0.006527708440700587,0.1419653827870025,0.4043057402397395
57.032399,True,-36.771642789810784,-174.94259869175602,928.4476119201996,0.9810647755526509,0.13087322774291255,0.005785305063782612,0.14265565069529282,0.35679954014115567
57.046291,True,-35.71859405815129,-175.13265276770088,928.441958762883,0.980877267261252,0.13024600252305743,0.007362048657458458,0.1444353337533001,0.3435617511996685
57.101866,True,-30.81129323606305,-174.7870668014147,922.8542827890534,0.9811008145015893,0.12879455774235996,0.01152314276090162,0.1439457219273295,0.37921243961616047
57.11576,True,-29.409724930946997,-174.5298043733449,920.8057146020375,0.9811537255389509,0.1279593612086812,0.013070537177516106,0.14419753742000818,0.3771272468089134
57.129652,True,-28.301611729035272,-174.24875725834983,919.1207984960963,0.9812975770305998,0.12835342337614172,0.014416499761107754,0.14273271718893688,0.3630585147438204
57.185226,True,-23.087100902643048,-174.06610828603834,914.3377917307926,0.9820248323544771,0.12630167787721364,0.021375801967030292,0.13862968619609595,0.3764058042024545
57.199118000000006,True,-21.96204430800651,-173.87793960477723,912.5345484627005,0.9819622720282997,0.1261226394699888,0.02136668420223952,0.1392359182551128,0.40621368371134126
57.213011,True,-20.812298133854902,-173.90480658239923,912.0723434181206,0.9821877541451806,0.12505050675813478,0.023992115998529427,0.1381809130694009,0.4082310135450924
57.268586000000006,True,-16.70704285052904,-173.9031765347163,907.1895845870805,0.9826755057452665,0.12273403469174442,0.02675529086576006,0.13626944465748367,0.32951762713620747
57.28248000000001,True,-16.16635136229422,-174.01950994138778,906.9809952020288,0.9828404519654992,0.12228170018469718,0.027183892175793492,0.1353989209202481,0.39164190083020933
57.296373,True,-15.71272546059235,-173.9791762328907,905.9948348582354,0.9826083832044887,0.12202711414434884,0.025869272705170174,0.13755336927741232,0.38906735517360025
57.351949999999995,True,-14.34086990734459,-174.32843605877957,902.0770776919811,0.9823544234775813,0.1191663095034798,0.022924166861035544,0.14231535379950033,0.3727025170457876
57.365838000000004,True,-14.276408435643553,-174.63722558616544,901.6268003910383,0.9820775027339738,0.1186174692517659,0.022362125533397934,0.1447536181024039,0.4059983071815623
57.379733,True,-14.141944340157199,-175.11659936611136,901.4215536290354,0.9822330867461225,0.11756287214728343,0.022935113723322107,0.14446838737995146,0.3865215884274616
57.435311,True,-14.199552160048249,-177.12023804013432,897.7915201884235,0.9817206479332911,0.11965197122833884,0.022357183018950812,0.1463151788778905,0.4267158180509493
57.449199,True,-14.390989874252423,-178.40920454706887,899.121089935566,0.9817321367209229,0.11985731709584095,0.024450935745769883,0.14573395969750697,0.3738840405463034
57.463093,True,-14.364784916668675,-179.07958983687618,898.0368797527569,0.9817573485699527,0.12067448239202212,0.024621748522233877,0.144858369892878,0.410779098118589
57.518671000000005,True,-14.817821106386539,-181.85941567960631,893.7675772787916,0.9807709555688054,0.12490702228071963,0.024940205188060133,0.1478666786764133,0.4388728089952331
57.53256,True,-14.93382785191859,-182.96975500408445,894.0561625366056,0.9808019894854815,0.12501173648873118,0.025692653819844303,0.14744290658111334,0.4615716138829442
57.546453,True,-15.140770422393697,-183.62949042618257,893.1626456968601,0.9805945943474271,0.12649690227503052,0.024913703099417355,0.14768914194787647,0.39662684736017173
57.602031000000004,True,-16.01378556674623,-186.44391508161362,891.1609767835896,0.9802396735741594,0.12663420012841714,0.02740757916625947,0.14947503575281892,0.4068867689298531
57.615919999999996,True,-16.102971992099633,-186.81317352476086,889.8468832847904,0.9801240898020964,0.12677581334930074,0.026837100418230925,0.15021461906344855,0.4090371801831275
57.629813999999996,True,-16.424883596717603,-187.5364666913165,890.3759618292171,0.9799114133096262,0.12659131813076102,0.02731512506913524,0.1516645778746802,0.4526058218990312
57.685389,True,-17.30917508040373,-189.30049646578968,888.3697116448335,0.9801121785839823,0.12370115085917172,0.028010447869503775,0.15262227058206873,0.39762009396057807
57.699281,True,-17.625057660059063,-190.1527944889301,889.1860850409519,0.9802452143085226,0.12282096661340051,0.02822230952453208,0.1524395986300482,0.3632392945612691
57.713174,True,-17.663874659282392,-190.38506064267935,888.3261925561742,0.9799214704084138,0.12225628901759597,0.027846967205361062,0.15502212114960118,0.3778153003514921
57.768748,True,-17.50718917211105,-194.216375528452,889.8966538429187,0.9795522613682098,0.12111373557685773,0.02764658819006566,0.1582545306286498,0.3918452393409681
57.782642,True,-17.09495074701027,-194.98755706597115,889.1389674019935,0.9790406037376729,0.12319433626959103,0.026060740833622083,0.16007338795462206,0.37903215240479454
57.796535000000006,True,-16.587400738098236,-196.1274489160539,889.3709902744926,0.979099959596705,0.12417301638118743,0.025919583965970057,0.15897328796863555,0.36083985558855397
57.85211,True,-14.084867614296348,-200.00749024193973,892.4687223455542,0.9789433701426609,0.12679088073132946,0.028353202132204526,0.15744855206051755,0.39726133221562565
57.866002,True,-13.484353424909699,-200.9789264321524,893.9237516511142,0.9793477952575284,0.12728140219395467,0.02860270697604358,0.15446431864156102,0.3846721656200634
57.879895,True,-12.923543266357859,-201.74215017418376,895.3373808378977,0.9794268017199053,0.12670614518187068,0.030819431051810682,0.154009270875199,0.42262092325716316
57.935472000000004,True,-10.672895573574161,-202.49304844570867,896.8430326599529,0.9795805256443274,0.12764743957314434,0.03126941278036596,0.15215238668247943,0.35403486833523723
57.949362,True,-10.203124965927,-202.6052155799686,897.6286116235086,0.9793932561477423,0.12753443854628344,0.03207860427562558,0.15328007027900004,0.34187326998058537
57.963256,True,-9.736951154369384,-202.823018149115,898.4415469791198,0.9796002428519448,0.12744854187465096,0.032091296414557276,0.15202099221117135,0.41978722489842646
58.018831,True,-8.331441353636615,-202.00175349727675,897.8074501761121,0.9796600445307037,0.12535955300302676,0.02992872412003174,0.1538032870049525,0.3459223457175529
58.032723,True,-8.25890316544321,-201.82619066731633,898.6269703725226,0.9791317770154815,0.12500159269330507,0.029314684140207794,0.1575316297014736,0.36931002946353075
58.046617,True,-7.99527638524113,-201.69504594420056,898.7099468268866,0.9791787494303892,0.12442685258970719,0.02980321771256727,0.15760299246059928,0.4034230825420996
58.102188999999996,True,-6.702914203216504,-201.52951792343538,898.5848393538665,0.9786558784134666,0.12494211688525024,0.02624050404644488,0.1610390481292883,0.330806173315248
58.116084,True,-6.3052367389634885,-201.46449881222554,897.8287863973904,0.9781053959543974,0.12493725414030926,0.02538193001648864,0.16448791615620098,0.3511395417343909
58.129976,True,-5.688436717298011,-202.033153652265,898.1166823249728,0.9777784068805369,0.12396376551453793,0.02561186737797189,0.1671119508803282,0.340704545214543
58.185552,True,-4.186212804495167,-203.9588584867976,898.0182673523028,0.9767577979265557,0.12434276593772697,0.02245024977500957,0.17314464194326326,0.4078560210579182
58.199444,True,-3.6812030902606847,-204.53723983626492,897.5764448051547,0.9768760631877242,0.12438798743329396,0.021571380099117774,0.17255567598247037,0.35936821973095
58.213337,True,-3.229139484180739,-204.7126785907861,896.113846122051,0.9765745143582261,0.12488051220209577,0.019792097303304047,0.1741130335801244,0.38151466505087794
58.26891199999999,True,-2.576934969729071,-206.62666301191447,895.9001984621837,0.9759327374861176,0.12476908246031171,0.016618503285912,0.17807805399150292,0.3332345280828328
58.282805,True,-2.458303770608569,-207.22369110637047,896.6457329945534,0.9754750758885299,0.12558444609850716,0.016749052734034233,0.17998997875134734,0.3225275648556985
58.296697,True,-2.3329470060956266,-207.24150761283943,895.4632282296245,0.9746111099477692,0.1258838439601174,0.016948384856758945,0.1843887047705179,0.38592097198878056
58.352271,True,-2.323033288438122,-208.849674454496,897.1290532122869,0.9735259744408524,0.12783100697837382,0.01569625912839791,0.18883865651200285,0.3690512825868258
58.366165,True,-2.480125487050385,-209.04165007550134,896.9956522620273,0.9729965327930006,0.12875818248979268,0.016437020481077636,0.19086356900264964,0.35139011374509105
58.380058,True,-2.7671342455167185,-209.6101687855374,898.464393790036,0.9727442681999308,0.12899436401828643,0.017318407918094792,0.19190913340141325,0.3544887752057944
58.435635999999995,True,-4.525642696082852,-210.25584530270638,901.4229937666032,0.9725792545890909,0.1320723053229154,0.018128798353531324,0.19057241767862396,0.36548962238828536
58.449525,True,-5.136657214411793,-209.9115513518635,901.3024259595436,0.9722856030872737,0.13340572607834839,0.01784521590000583,0.19116790145892013,0.3495368341448675
58.463419,True,-5.660014907330284,-209.3958943428765,901.3948917205965,0.9721563719363426,0.13416982190667487,0.018538820795163474,0.19122436956785405,0.39053857902796457
58.518993,True,-8.448157872305579,-208.2800495804717,904.1692447480663,0.9718499131201709,0.13721465969504876,0.020490900498756886,0.19042060426812604,0.36206869259793845
58.532885,True,-9.17239649502521,-208.03977505328012,904.8054936628594,0.9717954472284194,0.13748590447328957,0.021646010331668953,0.19037511668807733,0.3486902200201955
58.546779,True,-9.811469354264247,-207.96425142415833,906.3513107716165,0.9722284651948739,0.1377929975032221,0.02300125569640701,0.18776539494881667,0.38004654640910207
58.602355,True,-11.911808464239188,-207.1967488175838,908.7001317429172,0.9727654403487512,0.14064898916379454,0.02070717815755362,0.1830750465876071,0.36872656322966485
58.616245,True,-12.458485833329807,-207.65926730150414,910.7308791606041,0.9729241194647201,0.1406809027670905,0.020904198448765468,0.18218275397976094,0.3584863199253216
58.63014,True,-13.105914851038888,-207.47554224411124,910.5266282481707,0.9727093406979237,0.14231911224763708,0.01870281089440039,0.18229649934297523,0.420385158734254
58.685712,True,-14.68408633313383,-207.52291341805156,911.3336934389902,0.971762396411312,0.14223240564381165,0.01355011456962983,0.1877875983681239,0.3935917767539256
58.699607,True,-15.054261134706623,-207.5543087776641,912.8504450132551,0.9717717646889908,0.14145137119019063,0.012030029028433014,0.18843148713321373,0.36924839475995214
58.7135,True,-15.429278035653569,-207.14300216054875,912.2000930738451,0.9720128403598031,0.14048000065962474,0.010730808659166325,0.1879927055389652,0.3275829497885507
58.769074,True,-17.613692745561835,-205.3700497412446,913.0039581461056,0.9725202761668702,0.14017616101761177,0.007778995446055208,0.18572679816474894,0.36225447318479004
58.782968000000004,True,-18.113313960222587,-204.4650717289546,911.7505541050369,0.9727165497479484,0.13997203025814295,0.00694535943794584,0.18488403547667,0.2744950984971286
58.796862999999995,True,-18.98703332457958,-203.47842524168058,911.3670302068472,0.9729853797843742,0.13851636067083034,0.008123278157880089,0.18451742710198227,0.38693229431343695
58.852435,True,-22.130290582026927,-202.05274478692505,910.1762497992361,0.9746139245850686,0.13285937134392967,0.007809093970938374,0.18004194928499062,0.36884575638814565
58.866328,True,-22.923934046031736,-201.9324051045277,909.6740357419376,0.974515320397976,0.13306201950794966,0.008004399528360207,0.180417069209891,0.33289677859102695
58.88023200000001,True,-23.463190251937494,-202.20361766514924,909.4622339916109,0.9742822467834179,0.133559619981307,0.008279676599750298,0.18129362500790744,0.2660439729738573
58.935798000000005,True,-53.85502449411439,-247.50445698402893,793.8606617298426,-0.3116264740695096,0.20598553153131482,-0.4072687648180287,0.8334212948217511,3.2471877346717233
58.949687,True,-54.52419819250474,-248.00534061796117,793.9587563350284,-0.30851867642487024,0.20630191035026074,-0.4092193635362872,0.8335437964437353,3.285182501911593
58.963581,True,-55.18598794883989,-248.53790911316642,794.0176001415051,-0.30713513589245695,0.20610355265003838,-0.4115308311551158,0.8329656108712619,3.2542968631121547
59.019158000000004,True,-29.194499784066462,-207.71040053073187,905.9071955996842,0.9699667534272542,0.1384861137565375,-0.010815443720114002,0.19967253120932943,0.29807204025695017
59.033048,True,-29.666744386153205,-208.94083581708122,907.5758950520298,0.9693274516974175,0.1385479052547271,-0.012270685832034271,0.2026282300286151,0.3746756525885063
59.046941,True,-29.9406534205067,-209.53114474842224,906.2759395178239,0.9683056897103665,0.1397465025347256,-0.014520223178918148,0.20650464746023933,0.32423950822802317
59.102519,True,-30.868764977851427,-213.11486774262303,906.4052835834956,0.9649544963005114,0.14089840043682994,-0.018603686709900504,0.22060000830591325,0.3325345963453506
59.116408,True,-31.150162894202207,-213.74858349029824,905.2551167931626,0.9639226449597015,0.141307689117407,-0.02093013575921812,0.2246045434698331,0.33128843956143156
59.130301,True,-31.61581997541552,-214.6619849386463,905.6274511575901,0.9630198444604848,0.14285070459169483,-0.021941129951745242,0.22738742750952703,0.34385595495967697
59.185877999999995,True,-33.141673111357264,-218.52595955172566,908.1402469644536,0.9592199233912097,0.1474634074593482,-0.02866795286676874,0.23943648533226675,0.2802872224451507
59.199769999999994,True,-33.55498996402583,-219.0354245985604,908.3256621637255,0.9584141284281957,0.14796055613399578,-0.03021670971878079,0.24215074377649862,0.31126671212829443
59.213662,True,-33.7740687293241,-219.43745078129314,907.6200748875785,0.9578362743555459,0.14807138622111035,-0.032503997612175775,0.2440656187390471,0.3080160888153221
59.269237000000004,True,-34.99133590080984,-219.79588102918393,907.3406847156461,0.9565763671579182,0.1445278938360642,-0.03821151777510375,0.2502263407549132,0.31585358741779107
59.283131000000004,True,-35.23586714671901,-219.4730753060298,907.1386112348049,0.9563291650153161,0.14313181904847738,-0.03892085334440466,0.2518590432998699,0.36761624520323255
59.297022,True,-35.630818859071056,-219.26070240035196,907.8288288996941,0.9557728927808854,0.1410756661348538,-0.038677085185510864,0.2551468536576895,0.31274456809982487
59.352597,True,-36.310200748714124,-216.83906859737039,905.2420890666455,0.9582829845390568,0.13600942102438365,-0.04134459830712285,0.24796326971217486,0.3775288487502878
59.36649,True,-36.22710864911482,-215.91143229254635,903.6110728748988,0.9583238544444878,0.13459935534603246,-0.04254641725186029,0.24837110524802053,0.340211062981434
59.380384,True,-36.19711539183771,-215.15702444618069,903.297245123256,0.9584591681461341,0.13413609813690494,-0.04194278721828069,0.2482022013874762,0.3599684847909736
59.43596,True,-34.75807368329831,-212.50367596445702,899.3399884618736,0.9575991695975726,0.12936282025321263,-0.0387420418483064,0.2544958650265234,0.393807865183015
59.44985,True,-34.21696026051365,-211.87714469991653,898.8991012724858,0.9574517371555613,0.12894606587994453,-0.0366795433441581,0.25556544017520694,0.3433530517321499
59.463743,True,-33.49314114763276,-211.303509540816,897.5943584961483,0.9581229815632345,0.1282815640407876,-0.034949360237980544,0.2536192712444837,0.34596144888398017
59.51932,True,-31.783135629368342,-208.57567476202,895.7151797520396,0.9619281085491228,0.12936676408224562,-0.024955523735131418,0.23944890095613514,0.3339051620608895
59.533211,True,-61.450780559158915,-252.3096888386448,788.4389822361265,-0.2745376808549603,0.2144292765996945,-0.42173260799571066,0.8371324593401261,2.985034475752108
59.547105,True,-61.55308941562124,-255.04256763859144,799.797004099029,-0.2767261772786721,0.2079510459930222,-0.42170722124600674,0.8380584733943762,3.008561732912005
59.60268,True,-29.497566986978654,-163.01023844902363,447.8841951989123,-0.45800765207744853,0.13394822117762423,-0.23984437678299678,0.8454357099197012,13.761868264858645
59.61657,True,-29.159831599881443,-164.0036829148492,451.4464030283069,-0.4593286581380916,0.12974399630773964,-0.23774753941584675,0.8459667763788764,13.62870052569033
59.630463000000006,True,-28.80569983959391,-164.8708620991007,454.2809397536072,-0.4612328869051927,0.12689086663461852,-0.235261065933283,0.8460586048600609,13.583794600388636
59.686040999999996,True,-27.861208272389124,-169.23252552801299,470.120308347835,-0.4701259491196304,0.10941590084360665,-0.2284145948845595,0.8454800562110684,13.134768620293961
59.69993,True,-27.689180847342342,-170.4388129963097,473.88221555625665,-0.47221405609545253,0.10517831132173937,-0.22645528712317037,0.8453812222822024,13.136922752701324
59.713826,True,-27.367171864813653,-171.47049693176183,476.9543637761166,-0.47308957691281195,0.10130322520702145,-0.22460984167921644,0.845857155671068,13.202841259603893
59.769400999999995,True,-27.237509052321037,-175.93526937692496,491.9303465603074,-0.4791678711498728,0.08446257047767813,-0.2192488418075995,0.8456915340784891,13.088208515576058
59.783292,True,2.815006957404945,-111.97049788644694,519.5773035466916,0.6736569843967593,-0.29132722071867984,0.1224623994549093,0.6680701150040617,13.078574831997656
59.797186,True,2.5680541659232436,-112.33828013685786,521.4711989951576,0.6737999337937478,-0.28805848687075175,0.12320046297734909,0.6692066969804179,12.856320291167224
59.852759,True,2.483438448013431,-112.90230148944617,526.3967148346228,0.670635302296754,-0.279377838072213,0.12705806189846097,0.6753166396691589,12.46127044883944
59.866652,True,2.5184362039588426,-112.74473968897645,527.657405722764,0.6701152674922498,-0.27667892660239657,0.12853593144460737,0.676662998970391,12.363258978116583
59.880545,True,2.6625177506886075,-112.63161678200336,528.3570074103866,0.6690827986325809,-0.2747318434295057,0.12920498318051735,0.678348505637877,12.317488133668311
59.936123,True,-108.74844896348365,-180.97409645975327,847.3295178284178,0.4696026388014166,-0.38607696570609884,0.7537112289209983,0.24967443117050814,0.7858824529138467
59.950013,True,-106.67949762968983,-175.89035240385294,828.281654483614,0.4738526514250324,-0.3853405925310865,0.7517576453778685,0.2486699320408094,0.8648987927417376
59.963907,True,-104.72496951695635,-171.99852681019328,813.4676844313093,0.4773546142267471,-0.38441225866717194,0.7502549019994296,0.24794630404315993,1.0261060403217726
60.019479,True,-36.55831351783862,-250.4725916004076,804.3458986987889,-0.5240924371407087,0.5839392195842891,0.01596272790515284,0.6197477684356999,5.494218244779047
60.033372,True,-35.91366894222139,-250.04374573611682,803.3297103522602,-0.5230760077527102,0.5830896164038571,0.015297017082932636,0.6214209447901267,5.479778839822303
60.047264999999996,True,-35.46598334540464,-249.0117713556875,800.3207459009011,-0.5208403477698145,0.582702737130656,0.015055800270824427,0.6236635111609989,5.446240427864051
60.102839,True,9.164031252593535,-106.8979822613636,521.6491457093981,0.655641879603166,-0.2515802745494394,0.1169038093362493,0.7022639037646248,12.631475659021078
60.116733,True,9.340403695112142,-106.62554826413833,521.3034723261701,0.6551926380524096,-0.2512420411747034,0.11599984023620732,0.7029538255486397,12.67599926537698
60.130627999999994,True,9.525430990528331,-106.23524193595678,521.1087234091492,0.6557579809079269,-0.24920414121219508,0.1152920641189838,0.7032684454953424,12.691934815230269
60.1862,True,9.808718603436905,-104.90617869657777,521.9546763993434,0.6517392034421899,-0.24324834876282017,0.11407660790067431,0.70926213704848,12.479774233571675
60.200093,True,-32.59472454937512,-241.44820223913032,791.7737645613904,-0.5058830597036844,0.5789120011307572,0.016770191104709134,0.6392667561682932,5.046546616476557
60.213986,True,10.03223261127123,-104.089314243956,522.0323373826565,0.6510313650695936,-0.24059911793390304,0.11390704037196013,0.7108413411576102,12.54057869782283
60.26956,True,10.754519720900564,-102.19576870960361,521.122748700425,0.6466348731992795,-0.2367422375606721,0.11173040265223358,0.7164724494636815,12.598599510165094
60.283454,True,11.010949210922988,-101.78766230561982,520.7900371072276,0.6448724688039675,-0.2358746662221655,0.11115422321673629,0.7184339771157415,12.641247809726972
60.297345,True,11.240768858155464,-101.42867474563559,520.5454169208414,0.6442550156212331,-0.23400627321731088,0.11011408718835625,0.7197578945343392,12.702855737697208
60.352923000000004,True,12.396311871992866,-99.76346779074365,519.001685293405,0.6431107827402593,-0.22868489407430945,0.10934660177845217,0.7226029760698037,12.787916379967742
60.366814,True,12.546836528624127,-99.30966302708794,518.8774241070149,0.6434400056641599,-0.22772765641413456,0.10977909555400034,0.7225466239588815,12.815053172490629
60.380705999999996,True,12.640773721095384,-98.8783189126404,518.8678499793007,0.6434248239488716,-0.225618510740895,0.10927047005341728,0.7232985192240681,12.869238188721969
60.436281,True,13.07869363297758,-96.84507109339825,518.6811617242801,0.6412085097437688,-0.21751336732990895,0.10718438959892196,0.7280460759397621,12.810232899145582
60.450174,True,13.064579321181188,-96.3461084910893,518.8303788100533,0.6407804405257465,-0.2164556409350358,0.1075222688149204,0.728688098061115,12.806479872423772
60.464065999999995,True,13.162853339135458,-95.83021596520827,518.8060665446845,0.6404775188760368,-0.21468140574287065,0.1074625051854585,0.7294876639271743,12.861785508579839
60.519645,True,13.49624493940748,-94.07132367457895,518.5424892286662,0.6408499664882872,-0.20919541286815152,0.10788038481557885,0.7306917422955643,12.897687187166017
60.533536,True,13.573891932709348,-93.72783080067526,518.4521031563177,0.6420611034812763,-0.20791095823689867,0.10826868148359317,0.7299373024111213,12.920882207992985
60.547428,True,13.787498059706017,-93.11781185379084,518.1069681566025,0.6428524009825373,-0.20520318071866045,0.10780991542451614,0.7300749737596068,12.976055138194933
60.603004,True,14.448315084992435,-91.29040585703501,517.0997267919323,0.6473500290280285,-0.19829104962154606,0.10898733829354883,0.7278326453581783,13.072922662649065
60.616895,True,14.781545137688562,-91.00731344923285,516.4777191942404,0.6485592237022917,-0.19700799190543167,0.10900937055112533,0.7271009156974826,13.184539704059151
60.630788,True,15.03144432049358,-90.57311631633691,515.9804336999335,0.6508864684445976,-0.19408735703133909,0.10873972737675835,0.7258461095344781,13.154512244692423
60.686362,True,16.945979129877472,-89.76806635379823,512.302875837694,0.6524795233402378,-0.19086946775373922,0.10778946900655818,0.7254107445250481,13.550958641192292
60.700255,True,17.51369677913559,-89.73758688502642,511.20540603462666,0.6522744060513018,-0.19097750413614784,0.10752887268517394,0.7256054256022377,13.6745900943378
60.714149,True,18.14743926344106,-89.55597774580197,509.96058536153316,0.653372864213341,-0.1898074465815429,0.10710094064021572,0.7249871875046004,13.771360507726346
60.76972,True,19.519244029024485,-89.88973591872143,507.36009238200126,0.6540329681396239,-0.19098499884265072,0.10628380473179078,0.7242025681087308,13.800405747076843
60.783616,True,19.641366726458823,-90.19114740099567,507.1596702195428,0.6559414754923566,-0.19214799535525326,0.10699626211055151,0.7220607512559022,13.764974974712771
60.797508,True,19.766747733783948,-90.71906057489069,506.86715909031284,0.6559245690640615,-0.19355097784460348,0.10658701360960308,0.7217618632231196,13.761909249335107
60.853080999999996,True,20.1145502952552,-92.27472357447256,506.07507514727996,0.655429663907218,-0.19836458901995968,0.10565154874841434,0.7210417434105152,13.683831414027527
60.866976,True,19.771446732125614,-92.64985029530835,506.6450360062258,0.653872750759132,-0.1992326955237197,0.10501443502930148,0.7223079172240295,13.685306138215337
60.880866999999995,True,19.36142664467645,-92.78149433222109,507.53152710966634,0.6516997928971335,-0.20167327273441604,0.10582916555564455,0.7234745736514996,13.619137077246101
60.936442,True,15.426485680682509,-93.92715775919878,515.1718443316619,0.6347331541557926,-0.21734542921663372,0.1097650454700573,0.7333664992396588,13.15204126067567
60.950337,True,14.018411574017383,-94.89013389486175,517.6322896439218,0.6308364328315769,-0.2207831001230363,0.10912800427319203,0.7357929711513578,12.960785839560653
60.964228000000006,True,12.547002969706654,-96.05707649555431,520.1473597880334,0.6281544791808424,-0.22396663482829884,0.10821757235169963,0.7372583358654121,12.76476935507459
61.019807,True,7.722596981011984,-102.74501169823164,527.2031204799376,0.6278605006146915,-0.23876637770322304,0.10514227108462951,0.7332986509448366,12.390459166997829
61.033697999999994,True,6.565498344027709,-104.4589866887946,528.6547338601605,0.6294781366984256,-0.24403183852227092,0.10618420645759395,0.7300209938796894,12.379550312358708
61.047589,True,5.268474473801086,-106.2452585380729,530.1990108050991,0.630871617790347,-0.25038185543471136,0.10772456219297705,0.7264333052909903,12.288055697133375
61.103165000000004,True,-1.0263715105365727,-113.06425956765723,536.6393257380829,0.6319438954553988,-0.2817889171151498,0.11727997394076702,0.7123814476108852,11.96004635422707
61.117056,True,-2.7978286405515966,-114.77063142168853,538.3438235946185,0.6318744190958163,-0.2890276500090913,0.11914182688083559,0.7092270166244683,11.917012279302652
61.130949,True,-4.369592659696166,-116.31153410963074,539.517290535127,0.6316252185337483,-0.29629562749430266,0.12125818715463511,0.706084227615887,11.788428888645782
61.186526,True,-43.235443401171594,-193.01423426466368,550.9276025035635,-0.5237900866874967,0.03687106826371781,-0.25526667971135475,0.8118641460503953,11.402971733209851
61.200415,True,-9.944537397487247,-126.02886773248909,543.6401743539953,0.6299210134306451,-0.31519450812111643,0.11248725188094943,0.7008555893000128,11.36342190994328
61.21431,True,-45.12476584104648,-196.9673110088636,549.4464542451128,-0.5181966773930242,0.04306587527150447,-0.2601656281384052,0.8135916542475582,11.360204170351473
61.269886,True,-45.17772955946605,-205.36458803757654,534.7161214754774,-0.4986963977228147,0.06459815748790748,-0.26469505115485414,0.8228399059608039,11.12370394237441
61.283775999999996,True,-44.52017097416719,-207.42475726881452,528.529247858073,-0.4904691895235791,0.07169212438867695,-0.2642085270248067,0.8273415665105337,10.904259269680777
61.297671,True,-43.569255045665095,-209.2965310624216,521.5864729683187,-0.48239255939693393,0.07932364150186362,-0.2631563249163834,0.8317174563479248,10.69222027461473
61.353245,True,-38.47355059023068,-215.03029003522968,488.4632115694194,-0.4419139714368897,0.11038805930754847,-0.2567905573347135,0.852399629208575,9.706240776402526
61.367137,True,-37.077868853194595,-215.65530049482507,480.152273194432,-0.43150502931194945,0.11759303491305391,-0.25411408951131953,0.8575554310540305,9.779588732923012
61.381032,True,-36.20694984054522,-216.6340197965584,475.6426001697768,-0.42544968532482985,0.12032889753490932,-0.2544408657149924,0.8601007891690611,10.028625484556793
61.436603000000005,True,-35.089999244736944,-74.31006140456795,164.27484744447224,-0.3925764233921811,0.40045159528430374,0.10582981154524436,0.8211713113712371,39.74879550471079
61.450497999999996,True,-35.542955236783,-74.66565745638017,163.6503806546027,-0.387860861968949,0.40253918067471456,0.10324203318784847,0.8227194189744597,39.354624546477396
61.464392,True,-35.93506074075504,-75.00026251956601,162.9485531080057,-0.38330058130109823,0.40454774082478107,0.10074370677239741,0.824179892568099,38.94119089701839
61.519968999999996,True,-37.552571358292866,-75.76885607841636,160.8403205726048,-0.367921735540088,0.41117570303761164,0.09272876404736374,0.8288362408020921,38.06260092910635
61.533860999999995,True,-37.90430677328497,-75.9529231736852,160.41817299715117,-0.36471333346711315,0.41254578109698437,0.0910220001597359,0.8297621095092897,37.933446528587005
61.547753,True,-95.98434517986136,-16.802926901392425,268.0272761281539,0.6019838718981374,0.6595115393399495,-0.3900116675357952,0.22483515436409246,2.1252637144861684
61.603328999999995,True,-96.51517486830987,-17.535916595906084,271.65107385138595,0.6093296816495359,0.6623938261740858,-0.3788762098057788,0.21541721321783433,3.073491639105261
61.61722,True,-96.5510506550424,-17.61205661106045,272.0629805712307,0.6101954380265695,0.663056881400194,-0.37718225295675273,0.21389400995324825,3.224536856477811
61.631112,True,-96.5860254969143,-17.76416004170381,272.45462870739647,0.6108638313655774,0.6634880741968837,-0.3762653792791619,0.2122576719079577,3.420515877335414
61.686689,True,-96.29635678571834,-18.581671653126154,273.1978719358179,0.6135873959334579,0.6617754635499287,-0.3773222942510041,0.20782596001470466,4.474869989175569
61.700581,True,-96.30839055200383,-18.608107141864412,273.31077680002153,0.6138289855336643,0.6619993388498632,-0.3767829354557267,0.20737760590387386,4.523309002737577
61.714474,True,-91.42942315685049,-17.118709457396157,247.37657028941578,0.6235216006557139,0.636585646200592,-0.414552891628413,0.18473069211593504,10.191410199265505
61.770049,True,-94.70494510109448,-16.432392419068123,254.9970691051143,0.6254179400573103,0.6362058716251122,-0.41407734145718456,0.1806500607693009,10.064390749393315
61.783941,True,-95.81974929070061,-16.220069186621622,257.76254471481485,0.6260509941963445,0.6360858143903428,-0.4132266235283557,0.18082794862658064,10.350954047006537
61.797834,True,-96.90493059128774,-15.98297749306935,260.33944540842043,0.6267169688190158,0.6355322835258586,-0.41257207465381246,0.18195834909825334,10.858605316677538
61.853409,True,-92.94200017909394,-19.30529540355076,305.63780654199707,0.4468560082193563,-0.5149651127624156,0.6273744466106086,0.37620731557997045,11.324114503367449
61.8673,True,-93.76046758594107,-19.121809168617162,307.7823837912276,0.44610501419827636,-0.5153945083048376,0.6274448709419389,0.37639308049567527,10.871050327564587
61.881195,True,-106.1271655997241,-208.0627635976379,602.0699433946751,0.7120018358345829,-0.23114674763572537,-0.14534832637196676,0.6469145467884289,18.748655078688778
61.936769999999996,True,-99.18751848980106,-57.522987818687895,348.25123214942516,0.3765444697901326,-0.6632661112649259,0.46360936914941653,0.45095308043614785,17.2097941476393
61.950660000000006,True,-102.32631481251106,-57.180633014547986,354.15232052219784,0.3769432724760004,-0.6586478063083151,0.47314848867746184,0.4474677018987647,15.742147794001964
61.964555,True,-110.67423441819818,-254.69977596162877,605.3200682211491,-0.446106455325992,0.09008358840776017,-0.3439263568844477,0.8213334515629152,9.036626574690965
62.020132,True,-116.31945674507227,-77.77343771644425,381.70075204416185,0.31651410719511397,-0.7315420627577194,0.40533502339358085,0.4476254563507157,18.157005522196442
62.034022,True,-116.4605557084138,-77.9060579320941,382.1256861590572,0.3170932291653552,-0.7310533019787042,0.40678098463913,0.4467014486427606,17.805043885377174
62.047916,True,-116.14234876284034,-77.96405007046924,381.6472102095921,0.3179733808686469,-0.7304762832797473,0.40743725279023024,0.44642156496244517,17.668658495838834
62.103489,True,-110.89541242278152,-78.60076709682481,371.26758758879794,0.3227066259620764,-0.7310567553909776,0.3990819651116537,0.4496109863871317,18.23184680283173
62.117383000000004,True,-109.19455743473671,-79.08375908291974,367.8002124445404,0.3241889519441809,-0.7315835605737069,0.3957149748462599,0.4506624857008345,18.544718088568292
62.131295,True,-91.87232687181053,-32.30662912759144,251.4749541268393,0.6429428961114741,0.5201323883060255,-0.5545935787346883,0.09226425852469151,18.720020416613018
62.18685,True,-100.80039393418537,-48.27026916380488,275.71208943842765,0.6683903521696598,0.45800037008721484,-0.560524140185895,0.17118027455099988,4.77106804077295
62.200744,True,-99.50989546073966,-48.936242742857694,273.3207563630376,0.6717981109131554,0.4587390471260638,-0.5566126108227412,0.16860660214973375,4.2200670074704565
62.214636,True,-98.46036686945159,-49.52030905767735,271.56828362895294,0.6752670708784625,0.45949278613150396,-0.5525826596727894,0.16593121077505404,4.665902596685404
62.27021,True,-103.16693706237542,-21.910097607237645,288.9935435297273,0.6356481856287796,0.6235766679744755,-0.349381011508351,0.29161006851974935,5.445433702805403
62.284103,True,-103.53906929119337,-22.217823051037648,290.79862550830023,0.6392061152216648,0.624204817321486,-0.34279690819327935,0.29030013439371066,5.551633742239629
62.297996,True,-103.66767315184856,-22.58331707710076,292.29353235256434,0.6424331056551508,0.6250806051427331,-0.33490678300736565,0.2905019595946469,6.134114581096641
62.353571,True,-105.22410789631569,-23.88026257754587,299.23645130091023,0.6558393739996075,0.6263457183562205,-0.3073086902596449,0.2883177509268802,6.723713639107844
62.367464,True,-105.62950132151852,-24.187179452941262,300.86751791869557,0.6590643999525816,0.6262685081675238,-0.3006417612588523,0.28816037857405574,6.827988375779896
62.381357,True,-106.14171223037556,-24.411030652641063,302.60811525667594,0.6624062360500355,0.6260833492502691,-0.2939744083303132,0.2877788482158347,6.687826139622906
62.436930999999994,True,-107.62275647700596,-25.578259939013925,308.5366788843738,0.6741272581545914,0.6243492008818481,-0.2665626848371042,0.29100661542928097,7.292433333066006
62.450824999999995,True,-107.7501886711931,-25.822115891382513,309.3883524897011,0.6763465213143711,0.6232231289641682,-0.25995327527440965,0.2942322370240348,7.733048726892676
62.464718,True,-107.95469427257198,-25.938116653396737,310.1982977486255,0.6784644618328542,0.6220827922144981,-0.2536608162767188,0.2972459653995284,7.949244359562257
62.520292999999995,True,-46.375125100612706,-68.96604631619057,277.278083936152,-0.8584642112315393,0.1482389369036816,0.2772949873145802,0.40518132438512516,27.207274118211437
62.534186,True,-46.85318986718485,-69.02135434199018,277.0524427550553,-0.8571547907983416,0.14961052309500886,0.2780167940089904,0.40695087939412505,26.6371974162583
62.548079,True,-109.74632370907015,-26.83618691499552,315.6253284424217,0.6914685968960927,0.6092381806897051,-0.21942947625665257,0.32023541910003944,8.569721700756027
62.603651,False,,,,,,,,
62.617545,False,,,,,,,,
62.631438,False,,,,,,,,
62.687013,False,,,,,,,,
62.700905,False,,,,,,,,
62.714801,False,,,,,,,,
62.770374000000004,False,,,,,,,,
62.78427,False,,,,,,,,
62.79816,True,-113.44395575542768,-26.642927801747394,313.0220125599076,0.7643365889888999,0.5056354564284044,-0.09805179364276997,0.387953875736135,8.643742154029137
62.853733,True,-113.3141473339921,-26.69185568109811,316.1802599887105,0.7561722853520785,0.5051956189315047,-0.09875146267495503,0.40401610128482,6.580493464497629
62.867627,True,-113.18661146737267,-26.62809109603176,317.002294340445,0.7531583388212229,0.5046486493148243,-0.10060526284135217,0.4098302557125354,6.097305380781732
62.881519,True,-113.0531193455828,-26.53154229610169,317.93764721255974,0.7499316920423709,0.5041738678465758,-0.1020503064875849,0.4159289641235389,5.6406667882753085
62.937093999999995,True,-147.37221243591068,-68.09818031304738,362.51199068938416,0.7582242400082038,0.45710665108233844,-0.4621197454210777,0.05093969269861643,0.5686860592497508
62.950987999999995,True,-142.7771439130138,-73.64584108227515,345.4683203363347,0.7381124523069982,0.37878384636148077,-0.5518612662255612,0.08462829506064631,0.4055341130363169
62.964878,True,-141.39423667159062,-72.0974353204541,343.70778014004645,0.7330356378801368,0.3826752202815598,-0.5547531931623574,0.09201806374994367,1.08816298464586
63.020454,True,-189.01484995984674,-297.5532917633905,689.3764825086724,-0.3628171263800989,0.12324279433778931,-0.3844283624701662,0.8398748600700031,4.0482454201806295
63.034344,True,-181.8933487810367,-292.94586576237964,685.4510172228447,-0.3764102243324256,0.11839158441250038,-0.3790321023137276,0.83703849443974,4.191185984217789
63.04824,True,-140.94001815710746,-100.49611131799485,413.93577125718264,0.2808500496071994,-0.7674630781345471,0.3517368842415802,0.4565137868672807,10.523377872057306
63.103813,True,-108.07338427089888,-41.988777058345185,282.2451443982127,0.6587536252422499,0.5026572992259611,-0.5515513880768398,0.09576203358099408,12.249339628646567
63.117706,True,-105.7729616066268,-40.43471015510284,278.25788054090236,0.6542564227956076,0.5071399632948306,-0.5514442461423933,0.10328036723627956,12.501484635755812
63.1316,True,-103.87940779826579,-39.063048983675486,274.73561761096465,0.6492023879405652,0.5120430135095184,-0.5514279917900672,0.11079432150941908,12.438631819194796
63.187176,True,-97.03510746892437,-34.771742476437765,261.8976103238054,0.6300546422313721,0.5289063483915383,-0.5515371586513117,0.13818822330670819,11.36193852824961
63.201068,True,-95.44568304853253,-33.9694146598547,258.710600799941,0.6251543119384575,0.5324719725901615,-0.5519504160409366,0.14493592688817084,10.731949995850423
63.214962,True,-93.89483094045777,-33.28632623463512,255.66632876292692,0.6206649428792113,0.5357516818624791,-0.5520864751112162,0.1514783418893368,10.010549095939911
63.270536,True,-79.64183295032699,-219.2806653704491,589.5127599740619,-0.455449141188481,0.06994249803432112,-0.2568347175302209,0.8495351991710324,6.738201094184689
63.284428,True,-76.62962205094215,-216.63000462657783,585.9850826801481,-0.4554936583956965,0.06873925854440023,-0.25147368633003647,0.8512117401561453,6.924503845884344
63.298322,True,-73.91083456576239,-214.20558482666289,582.6202496569069,-0.45430878317647283,0.06768825180352389,-0.24616247192098908,0.8534786860339534,7.112431510165683
63.353898,True,-66.75222932613703,-207.3487894644077,571.859177536322,-0.44711738854353894,0.06745831941064029,-0.22986199270506624,0.861799791316959,7.840225538145496
63.367788999999995,True,-66.12499243124883,-206.48136132927831,570.8159533059951,-0.4459365495694162,0.06769624784456635,-0.22733724458773977,0.8630617527205946,8.013417311112864
63.381682,True,-66.07104002308473,-206.2685940191442,570.731044626956,-0.444639978136423,0.06760483199338319,-0.22640442584990006,0.8639825880708273,8.066239965807572
63.437256999999995,True,-70.35240551225775,-208.61222202945206,576.3797265634339,-0.43447031835517924,0.06784945398034033,-0.22782367602427464,0.8687510383911523,8.072773692381045
63.451149,True,-72.32786773267044,-210.01582522346413,578.6257751989851,-0.4310377371071229,0.06884627829410384,-0.2290877582154597,0.8700491125163203,8.145861156958919
63.465042999999994,True,-75.02081192559042,-211.95200752340622,581.974517795703,-0.4274807785576905,0.06955870800456361,-0.23163724797113736,0.8710717280780065,8.045126414250287
63.520618,True,-79.33411936195068,-87.64775250823672,465.4886413612908,0.7551617819524652,-0.14512378614036814,0.6387821855116624,0.025041750090720943,13.818815126774796
63.534510000000004,True,-80.57630355974972,-87.69511770651931,463.4047157069222,0.7521295434172968,-0.15282300409898666,0.6402771434430332,0.03148744069433244,13.253711529450227
63.548403,True,-81.87758715515639,-87.66789537730392,461.37383001925895,0.7489870253929344,-0.16092514847085637,0.6415856297835469,0.03859290139294992,12.758136917029617
63.603981,True,-89.39563418918564,-41.80234795233153,269.06419907423196,0.6973145447713511,0.49808463053826485,-0.4733053706585382,0.20407388999494108,7.413297866872833
63.617869,True,-91.30218650322398,-43.11515323185838,272.8555460761377,0.702184970464665,0.49329207785074153,-0.4734930645980282,0.19850317619827396,6.985564929771565
63.631763,True,-93.35495495910286,-44.43516948479426,277.1068618510864,0.7072882051867003,0.4881376377488539,-0.47370763867960647,0.1925256203037309,6.672473351611605
63.68734,True,-112.91080157981318,-48.788768993227045,294.294585328006,0.6553269310362125,0.5044607079770357,-0.5477893969684563,0.12646257997883115,6.285311309894496
63.701232000000005,True,-115.09320766843386,-49.86325636276414,298.5530454016993,0.6592737544880497,0.5012316911283617,-0.5475576825606369,0.11960557144488893,6.370128140567755
63.715126,True,-117.1260647143516,-50.84963084446795,302.4838733972908,0.6627099792822724,0.49789678352605454,-0.5476665683355494,0.11391051857340657,6.532437384094154
63.770697999999996,True,-123.50684349813764,-54.29349999886205,314.5051873411276,0.6742176896966235,0.48724232799656503,-0.5468885022450211,0.09454304215981614,6.939611286370007
63.784591,True,-124.37951460039811,-55.07883361484967,316.1595069668766,0.6767896788147726,0.4847543426755149,-0.546638906128172,0.09030428679759374,7.024960696735125
63.798485,True,-124.86738963628936,-55.67498861375896,317.0875689228873,0.6786642565210358,0.48290113883969676,-0.5465229418695838,0.08679856587691566,7.136435186324524
63.85406,True,-203.91379052827455,-302.5052683519302,716.4520660387494,-0.3483969320708302,0.11555473900400415,-0.38404433436694,0.8472169906570594,3.4062406498832933
63.867951,True,-203.11469792169586,-302.9092095751055,711.6682808493807,-0.3445793992341247,0.11976692312260682,-0.3834382818111541,0.8484668560355809,3.663060110508681
63.881845,True,-202.21212646546908,-303.2759923003472,706.8386848340919,-0.3412185359874466,0.12358405887347845,-0.38333558916800037,0.8493236822131844,3.9044283108236733
63.937419,True,-202.45904392740155,-305.39182288151983,697.6086178076285,-0.3351855651152733,0.13528213981139314,-0.3847033673658115,0.8493248487615389,4.617917365921121
63.951312,True,-204.0922478606228,-306.407522536626,699.0457154390699,-0.3351986166906949,0.13619594718819422,-0.38694115913668536,0.8481562890789135,4.784018209490386
63.965205000000005,True,-206.2799499057323,-307.5669367461647,701.5360242316891,-0.33534927805898496,0.13758714370660785,-0.3886562047708174,0.8470873591815187,4.818315156392028
64.02078,True,-212.39360015728775,-310.80365252419165,710.9474182490454,-0.34330501860980844,0.1382865255069169,-0.39574249296209185,0.8404798512306482,5.126620161688221
64.034673,True,-212.75557777110964,-311.0471395030453,711.441770753646,-0.34458555994785295,0.13915626767552863,-0.3959887103221103,0.8396959368363486,5.380852786848056
64.048566,True,-212.73600699873663,-311.20329341955267,711.5209467161429,-0.3452269841556017,0.13905583127729443,-0.39640282528013215,0.8392536001165187,5.589440806803926
64.104144,True,-208.860218592894,-309.0639210468959,708.4704807814453,-0.35115425856701304,0.14029026472885966,-0.3912900783273804,0.8389883210838577,6.756462388549519
64.118034,True,-207.2418657286068,-307.92568431758644,707.672495093143,-0.35454918455927936,0.1408576266258055,-0.3884902631612662,0.8387665468880988,7.164629052446741
64.13192599999999,True,-205.80242469058763,-306.82561529731754,706.7069857386306,-0.35651243815232964,0.1415135536067152,-0.3859285891473648,0.8390065075236337,7.582773729156213
64.187504,True,-145.61524679650765,-239.2150338473327,707.5277755079102,0.6950321267124541,-0.43116469223967796,0.03036176563800023,0.574548095628878,8.651655151564563
64.201392,True,-144.33522514681562,-83.6283217611158,428.4844398841583,0.31786517965440875,-0.7120071083878258,0.41283723646414755,0.4707154356478264,13.114144077896093
64.21529,True,-145.22593941494952,-237.1066608665571,714.9763447258532,0.6940346610396141,-0.4168596784965726,0.024495329338694152,0.5864672851574512,8.374665004628937
64.270864,True,-143.39173044942416,-228.91151043213566,729.239328248429,0.6894760118687935,-0.3883250339339489,0.022920030680005306,0.6109837716922835,7.914117540716182
64.284754,True,-149.7240157915821,-90.26714070257924,434.9244641029147,0.27307406827236536,-0.7648283100742425,0.35793377786670644,0.46081625406253307,18.943719962004305
64.298647,True,-149.43769849347643,-88.43272837951336,434.81927224378904,0.27546800157981405,-0.7622508536747288,0.36327617950279145,0.45947952466200975,19.572242927879806
64.354221,True,-175.53011304783453,-121.88431412225572,388.69220394429414,-0.22632954629391458,0.5651974007959347,0.5068626222767252,0.6102598764023996,18.348557867536467
64.368114,True,-206.95110654521883,-281.9421282579784,797.424141467112,-0.4807313087422082,0.06769496807163677,-0.3462778630806308,0.8027493018577442,6.958664854488811
64.382008,True,-177.0011976683165,-117.87110845038981,403.90260105062464,-0.25459654034366674,0.5388052147719116,0.5361536392103179,0.597836781522484,16.741649121914154
64.437582,True,-180.26897141650426,-116.81773203766981,432.0298983782737,-0.3326988849005435,0.5894897194115772,0.4988111365271108,0.5412954579252692,13.78046508108955
64.451474,True,-172.76666105216626,-112.60065161438997,420.3089288628379,-0.3372914271531465,0.5902636962457478,0.497120265117211,0.5391611114250501,13.114772487754188
64.465369,True,-89.8098796538094,-62.69574570187903,311.6310415391979,-0.5042114321935914,0.3616693857002642,0.591951266919361,0.5143537544191197,19.213200259750803
64.520942,True,-93.5239349055301,-60.6728873103432,320.1006381739806,-0.4678256642609211,0.4173835269062699,0.592336409076305,0.5060313407376061,9.604657825899036
64.534835,False,,,,,,,,
64.548727,False,,,,,,,,
64.604303,True,-60.338128941527835,-69.19492980064847,637.3538951264201,0.875877597231305,-0.032502671245919545,0.1690055941243715,0.45079831431013995,11.83257318032877
64.618195,True,-56.5858293297379,-66.50959270404026,627.6961711379873,0.8719024995157467,-0.02505025304328811,0.16139263530759276,0.4616393976136902,13.088060481313347
64.63208800000001,True,-52.80265374600648,-64.16781412751327,617.6113066384324,0.866315714186954,-0.017963302652857092,0.15242170449357362,0.4753335956039963,14.403835496834878
64.687667,True,-46.24297408344796,-102.14660031978181,609.8886338182375,0.6019474639570701,-0.10250655232782306,0.03972861412636647,0.7909319152652226,9.460574765525935
64.701556,True,-44.19325241961882,-102.79375692821887,609.1864229354607,0.5999207984815006,-0.1128785761805635,0.044233113556525885,0.7908203931701958,9.374109355482682
64.715449,True,-42.62969172469501,-104.24928403630781,609.6163735804415,0.5970288648413488,-0.1263508489234392,0.048740353026268377,0.7907062510878811,9.307790782546043
64.771027,True,-87.80694855737009,-77.68166483375543,303.2114219002764,-0.4417639127678611,0.4350160000093983,0.5572788753389906,0.5523096778192128,19.907215653349848
64.784916,True,-117.81324478881328,-100.62466578045404,332.7708518887638,-0.3860127310953627,0.6094493149912787,0.48918146070884827,0.4901705849882447,22.143545390776723
64.798809,True,-81.3573058569397,-49.08035731511477,431.67628862555256,0.6065252826086845,-0.42155853439640467,0.5528033690525488,0.38577703249177786,22.15209394776222
64.854387,True,-89.17537267183909,-146.76678376763465,674.4471711145081,0.6459437768543641,-0.13664742487916304,-0.005265679429113411,0.7510368772817769,1.995441264405586
64.868276,True,-99.07875131670792,-37.742983137051326,345.51250702986823,0.4144165276332519,-0.5949286745614394,0.5556909974886005,0.40684927076141025,13.787599500138255
64.88217,True,-75.11053916692256,-209.24586736543708,597.7791411662552,-0.49551696601289075,0.046806995879661875,-0.2646280048516952,0.8259806659833583,9.754880248229972
64.937744,True,-69.80942054454287,-217.9965615051275,564.0167001421779,-0.4449109883949791,0.07894656017116569,-0.259185127135224,0.853606890151691,7.0289182102906285
64.951636,True,-67.23988324381521,-218.9053806803732,553.4722190210761,-0.4350681758785459,0.08697660839622635,-0.25692448554997793,0.8585689026831121,6.832570147443128
64.965529,True,-64.34183118508207,-219.38485261804655,542.2467416561789,-0.42594508911479967,0.09524416876803556,-0.25435434461039225,0.863019812491283,6.896559137304989
65.021104,True,-48.58660241902776,-216.28286146077812,489.0295971134058,-0.3966490837192966,0.1309065182324758,-0.23713976516800495,0.877096186085059,8.698448017478214
65.03499599999999,True,-44.539375925401565,-215.17720321161823,479.0251587632998,-0.3975244384693446,0.13583449033490153,-0.23406824209703805,0.876775552862129,9.504362098000218
65.048891,True,-40.44603740624798,-213.8067681856115,469.5304674463346,-0.40066879255500565,0.14030176477220102,-0.23097988626378596,0.8754588657474938,10.237043302639698
65.10446499999999,True,-50.05459339077096,-77.62842478396635,201.90633480172784,-0.2639728705002294,0.5734534754394098,0.4473766692445055,0.6335010268042378,11.768687091411277
65.118358,True,-49.20636382393207,-77.11591744077957,199.82772230187825,-0.2627440206810036,0.5741925861672275,0.45388966838685374,0.6286911980604177,11.17238663473434
65.132251,True,-48.24850895568639,-76.64407130479286,197.69865867664723,-0.2624272728236796,0.575444311623039,0.45966362262039334,0.6234622079472896,10.46473590795509
65.18783499999999,True,-44.745287332183956,-75.01126741896687,190.15941648778067,-0.2642079029950622,0.5826874351876317,0.4787552893905214,0.6012178554816959,8.154637976539611
65.201719,True,-43.92132027498086,-74.63841962320681,188.47384559269295,-0.2653041928501608,0.5847155563408777,0.482774023916786,0.5955255202426654,7.801730884930436
65.215611,True,-43.028590748340434,-74.27294100443045,186.71495423178132,-0.2668429357377057,0.5869113097286214,0.4863616404294933,0.5897307155628314,7.562095152388107
65.27119,True,-40.16225623571201,-73.02702988486124,181.16488689680307,-0.27331585337386005,0.5950426946433521,0.498139029785303,0.5684013923721984,7.901855907600035
65.285078,True,-52.878970046008874,-64.02536563881709,188.63289217153084,-0.20539369384266273,0.5755355140419874,0.6077406546006858,0.507172159480015,6.958138937064243
65.298972,True,-52.106917383744396,-63.533658754697115,187.32877042699994,-0.20697980876249578,0.5747858804926338,0.6108630845958363,0.5036137828028623,6.798505795910099
65.354546,True,30.315933266209633,-159.66697565354806,322.27834631938214,-0.4622188577052097,0.19307629586466932,-0.11655030098894999,0.8576078934433002,21.295779259321627
65.368439,True,31.160214218723937,-158.28460754221965,320.7844144613873,-0.46145497676408953,0.19286031891100877,-0.11427655336220464,0.8583735032961192,21.40251646166293
65.382332,True,31.859131157410687,-156.9913926071296,319.5254963965589,-0.46174887214945504,0.19279741765199473,-0.11187301744409839,0.8585461914092806,21.465803982047543
65.437906,True,33.14643500263555,-153.18156582093474,320.1308521959052,-0.4651106008052011,0.18921360696688114,-0.10643278765321706,0.8582204854637139,21.53898365319989
65.451802,True,32.990109348635194,-152.6631169071124,322.07753571927,-0.4685800773194865,0.18749519647790477,-0.10596007500516055,0.8567676026448927,21.579905390691025
65.465693,True,32.72215927681014,-152.63566393572566,325.95191357330714,-0.47361950485537674,0.18386670986294948,-0.1072321258757511,0.8546220619694349,21.635496117197793
65.521267,True,-54.67787064028657,-13.493179418293238,170.30931702866118,0.540652047046802,0.55444666439918,-0.5878327741981703,0.23395916297338945,12.091571594101858
65.535159,True,-55.774462001944734,-13.48142564800723,172.33728046050584,0.5411565890320587,0.5529372957168006,-0.5883937400617396,0.23495254799371093,13.139223414802114
65.549051,True,-56.93953905772471,-13.566312385247786,174.68907916145852,0.5422653947397776,0.5510044830989004,-0.5886623254868466,0.23626038141221364,14.075052826070912
65.604627,True,-61.87346493759108,-15.32795416092985,185.5208543156718,0.550721167859198,0.5421140976776198,-0.5871981426933046,0.2408668544829585,14.888893541974866
65.61852,True,44.13091834118198,-112.17716720904346,451.58144351401404,0.6839282937087632,-0.24213991932847265,0.08314317476214438,0.6831526630429631,17.852373970033348
65.632413,True,10.94251581406071,-168.58641275625456,406.38666804713756,-0.49870094725877606,0.13102216664195837,-0.16105669633051106,0.8415410255113817,17.408023183279084
65.687991,True,-0.5315288829251299,-177.63420521038313,433.62518755019175,-0.4899599810085354,0.11759216032035165,-0.18375630257206188,0.8440052855914786,14.568038879366396
65.70188,True,-3.422245170052283,-179.96588173057407,439.5926407840581,-0.48696944067149767,0.11512312812470675,-0.18913393455575356,0.8448880304645883,14.026948390448775
65.71577400000001,True,-6.324604410413606,-182.3104987175651,445.3494132329031,-0.4839340897681581,0.1128866629557049,-0.19435712187557241,0.8457480164110545,13.416155632530103
65.771351,True,-17.597200662774927,-191.75168151774642,464.0265950075794,-0.468788334564753,0.10864926028440908,-0.2123594108261115,0.8504918084551095,11.095368506923995
65.785241,True,-20.389695385921353,-194.20223422397007,467.3199709101479,-0.46290350751981935,0.1090667390018784,-0.21626758838021107,0.8526740991642424,10.539648516654278
65.79913499999999,True,-23.020337507747975,-196.72288086739496,470.5363916676874,-0.4576510111983291,0.10918785499205233,-0.22053656530424412,0.8543987287181485,10.069431135795547
65.854712,True,-32.469767959867106,-205.7939907166985,478.00438635028644,-0.4331532869588031,0.1143388123110227,-0.23323416508014053,0.8630797704937008,8.467072578384247
65.868602,True,-34.27895720034549,-207.55323705632955,478.33376112549894,-0.4268174247650172,0.11668695807813731,-0.2347798708749054,0.8654995389735298,8.178241481084864
65.88249400000001,True,-36.05865060621707,-209.28826302637736,479.1687017731166,-0.42102148986991994,0.11809563016203893,-0.23696280485157734,0.8675499733855204,7.987778075340517
65.938068,True,-42.46868518379697,-215.81859938614335,482.2901461380927,-0.4098442538028588,0.12493909606140108,-0.24541192044987978,0.8695923753122723,7.867991359069679
65.951961,True,-43.87713192035241,-217.37116511050445,483.3329715123656,-0.408909770009189,0.12613124524798333,-0.24777719440407173,0.8691893757383785,8.018381396437308
65.965856,True,-45.12090881335092,-218.8418931436109,484.43254946801864,-0.4089018940985671,0.12700228138844982,-0.2502143701826705,0.8683676816181166,8.211445239937422
66.021429,True,-49.781861391190816,-223.61558035889206,488.60496356436425,-0.40739771390542723,0.1305444823061399,-0.2584000584297343,0.8661493235277411,9.060223349524533
66.035322,True,-50.42706608218579,-224.18478073826049,488.91181119305804,-0.4082641519310525,0.13201712565775922,-0.25901404360153446,0.8653343781442318,9.375468724027785
66.04921499999999,True,-51.0876977388573,-224.75982812082975,489.6503676713785,-0.40891202716332187,0.13266544770655636,-0.2601024062589114,0.8646025510512481,9.589241490826884
66.10478900000001,True,-80.4202216228922,-36.58863962375492,235.0337818259031,0.6382361140790067,0.4911831946610129,-0.5622085714286965,0.18792353280000584,5.361515054052073
66.118683,True,-80.43665825979626,-36.24986133870402,234.9456645241444,0.6369761290883159,0.49196827099611984,-0.562928539846345,0.18798960165715373,5.679504266389103
66.132576,True,-80.47654417129387,-35.90687340957549,234.97504589034148,0.6353298728601138,0.49281903898444096,-0.5639312029462622,0.18832669967263077,6.190938173451965
66.188153,True,-47.13596796106153,-219.99194119288612,484.84669056807513,-0.4289235831432027,0.13908972341956097,-0.2500688292469783,0.8568221456648466,11.538520923999773
66.202043,True,-46.20037818596596,-218.91709189261547,483.8633852639695,-0.43168181253891363,0.1395063220759819,-0.24782938711842165,0.8560195054462592,11.717540129068679
66.215936,True,-45.432296235162866,-218.09640999156673,484.0845500893271,-0.4359889096935305,0.13861308976838785,-0.24674637333519567,0.8542928708675004,11.884785693380572
66.271518,True,-43.54391022088006,-214.98616379963545,485.447613731047,-0.447963860806753,0.13644272855945183,-0.2410323623048102,0.8500677393926453,12.523600987307917
66.285404,True,-44.115365327432144,-215.14190403930192,488.1140924468262,-0.4493737277983605,0.13398129609648762,-0.24235858724721906,0.84933773038082,12.37569438510408
66.299296,True,-44.62905089075078,-215.0188553839082,489.36597012393963,-0.44930982440347,0.13367285534028253,-0.24157692390720914,0.8496427715665151,12.163502503650808
66.35487300000001,True,-51.55994479591982,-218.70247680708192,503.84930604324046,-0.441030668846971,0.12604392943556836,-0.24880284076623585,0.8530545254645133,10.369610690174927
66.368764,True,-54.33675569549173,-220.27143141107015,508.3011177810207,-0.436161935422086,0.12474534195351504,-0.2508574910359511,0.8551443649705636,9.780266750596812
66.38265700000001,True,-57.56152354548338,-222.15747399937916,513.1316663991037,-0.42963309897856106,0.12336491873610973,-0.2536053907942432,0.8578349508194512,9.226492035624645
66.438232,True,-75.4282222252992,-232.7223808097376,537.4564005729179,-0.39982455026892283,0.1204047276354883,-0.26803329000042897,0.8682172458646646,7.54811032337759
66.452125,True,-80.99484294889805,-236.08606581561375,544.1349780055,-0.3905439890431208,0.12058569017484327,-0.2725817724118262,0.8709957871862359,7.337255650350627
66.46601799999999,True,-86.53846433839576,-239.3059999907568,550.0427089624209,-0.38222271162215143,0.12251664311469257,-0.27616240155737665,0.8732867792690893,7.217546715704162
66.521592,True,-113.89247664449984,-256.7202045122998,582.4610486009965,-0.3545855395382058,0.12485942175887788,-0.30473903433936866,0.875107616752561,6.386434052174691
66.535485,True,-121.5207405149526,-261.60076169594896,591.0501834979715,-0.35158134752832365,0.12699663367037856,-0.3128274170484544,0.8731560102578187,6.11506476507772
66.549379,True,-129.69279416071385,-267.0366562538939,600.9020239295478,-0.34800957432476226,0.12694716984174134,-0.3236091908311108,0.8706611532950712,5.746846049101444
66.60495200000001,True,-161.1904311384669,-286.05553201815246,635.2455807407963,-0.326157948203561,0.13192926595625806,-0.3570717141500788,0.8652834521483758,5.342235972115449
66.61884500000001,True,-169.42966540857245,-290.7352084401622,644.0088075992571,-0.31862792834991166,0.13239365803043704,-0.3654975252937747,0.8644996943856543,5.297125682297732
66.632739,True,-111.69517683556577,-25.602041554990944,321.05971774249633,0.6834247174197634,0.6223969776245699,-0.23251136545773504,0.3024749953244016,6.490331084312546
66.688313,True,-115.15303723530481,-27.234012289578352,326.7358374094467,0.7035151954998409,0.6043078124174792,-0.219275627109276,0.302979598170991,2.843229639069552
66.702205,True,-115.7241286447096,-27.60634327420702,327.6713102035062,0.7080484632252264,0.5999758479383298,-0.21806178329635834,0.3019029881943693,2.255958552552878
66.716099,True,-116.18354432205305,-27.65527177092208,328.0286327086588,0.711598390180902,0.596611236262372,-0.216231466864461,0.3015405720547011,1.8885979078216635
66.77167600000001,True,-149.51983839817854,-72.31802568784342,362.21564704938555,0.7637555005386781,0.45192404254023444,-0.45821163454231495,0.04984268392718826,8.806966223681508
66.785575,True,-151.71439884493,-73.07882023112617,365.956894615011,0.765642857661877,0.44991371791829904,-0.45732739689097773,0.04712019729595591,8.418471152207665
66.79946000000001,True,-154.7002099031345,-74.08568684623494,371.7038095794738,0.7673155308749173,0.44827492847121525,-0.45639321039665004,0.04451631258437289,7.662876764115847
66.855037,True,-167.61916631819616,-76.92515307098999,398.0138135963351,0.7704098580077813,0.4464641431523065,-0.45329714859759934,0.04074450437780269,3.2956570028461813
66.868927,True,-170.37376316301945,-76.93575873101136,404.0061297963914,0.7708072897316972,0.44607021436707034,-0.4528703839230023,0.04225992565568658,1.808509707113771
66.882819,True,-172.69981994302253,-76.6284305577901,409.2557167492784,0.7707624570568116,0.4463012187886758,-0.45243637836251366,0.045186064596306044,0.8590755462661266
66.938397,True,-275.1372316037129,-334.5352073621527,800.7361166891357,-0.3412913096381104,0.11208049298663514,-0.46249989557790316,0.8105874731624002,2.195564876168692
66.952287,True,-272.14739734344,-331.9646908908949,803.1389014523157,-0.35515374263334337,0.10794818443015157,-0.46083933496922463,0.8061266128325535,2.8204983009474565
66.96618,True,-267.5588806723289,-328.55146704910885,803.5136532770908,-0.3664207388651527,0.10603162635846831,-0.45438066579478037,0.8050039421600281,3.384132590755898
67.021756,True,-185.5054478492426,-113.08997880761267,489.04287194547044,0.23083666624570187,-0.7902374602488185,0.33439871956832085,0.4587119862039088,7.204670966602441
67.035648,True,-183.3233851098914,-111.17841136526837,486.9598025759003,0.23571115118124572,-0.786210264944831,0.3432452234720855,0.45661404825934626,7.32895034207681
67.04954,True,-180.7246895587127,-109.15122739904754,484.1740749966936,0.24160862067160327,-0.7818383335696686,0.3520227443895808,0.4543501755371035,7.4614046649237995
67.10511500000001,True,-171.35338025656284,-102.50821929810374,473.1003224189355,0.2598632622970849,-0.767195099523648,0.3789539441707031,0.44752281771177205,8.226533310151712
67.11900800000001,True,-169.44099423314987,-101.46938431982502,470.74369701811526,0.2631604631476688,-0.7643610865990669,0.38401573110852,0.44612847722397997,8.33897629773928
67.132902,True,-167.39413733052376,-100.6405036252807,467.9212739164257,0.2663533202715557,-0.7622612479014734,0.387378490003353,0.44491752517823846,8.499304844956452
67.188476,True,-157.13149243628177,-98.55780710550391,451.17498689836043,0.27912224678543046,-0.7562620262709713,0.3920625011331678,0.44322174379782275,9.613319470776087
67.202371,True,-154.4466795574969,-98.24728565021498,446.5064396547017,0.2822524888717217,-0.7550002823126301,0.39239797009135996,0.44309360106161294,10.14361895465455
67.216261,True,-151.90395870318082,-98.12399411204622,441.86737935831064,0.2852712517331109,-0.7538298374676232,0.3930216686707693,0.44260010961747964,10.749827892135144
67.271836,True,-116.56063526631971,-49.459580795028806,300.79256923147955,0.6665291318092813,0.4966584793927839,-0.5466375836119114,0.10127498940875718,7.15925832067323
67.285729,True,-114.2271373440927,-49.48546208588636,296.53846047253444,0.6664506738624988,0.4966989351588414,-0.5466864221879967,0.10132927965589165,6.808893395949277
67.299622,True,-111.81790842425417,-49.407759936714164,292.12640516789764,0.6662314796855134,0.49720618548290996,-0.5464316709371851,0.10165654720863303,6.655285492257744
67.355199,True,-154.02422843029825,-278.5952546915381,639.7410465309437,-0.3576185641317044,0.13119154684854117,-0.3370713486834489,0.8609765656047706,5.670930120753987
67.369089,True,-151.5735149703551,-277.92848611321904,631.5664532935389,-0.3517634989875881,0.13632141040363246,-0.33403959450601156,0.8637687555982984,6.084544484252559
67.382982,True,-148.8554896725741,-277.10363451851,623.4860062990059,-0.3469321739682953,0.1406480261475883,-0.33145080738699817,0.8660234186723398,6.473626985034444
67.43856,True,-141.2562111971998,-274.2454256129849,602.6741249220723,-0.338818805564341,0.15152663700554436,-0.3228248890992072,0.8706466483320474,8.182721054419844
67.45245,True,-140.04365047677805,-273.5523777679543,599.2177164718898,-0.3385420667840038,0.15421121983813418,-0.32036414280493436,0.8711917037590001,8.544590144449867
67.466343,True,-139.0106665528449,-273.06800686798323,596.7430875573464,-0.3373250464381908,0.15508811472264114,-0.31938092610873536,0.8718688627053818,8.767856888428984
67.521917,True,-98.36238788499985,-20.26165506773835,284.1823906601721,0.6236991293653165,0.6608900502189647,-0.34301252044325126,0.2378363899189706,9.571736703669627
67.535809,True,-98.08098281850529,-20.15490419864793,283.56632437012377,0.6227134839639088,0.6615810275290319,-0.3437038788102392,0.23749969388181866,9.825941487217168
67.549703,True,-97.835231307707,-20.05054373263847,283.0982077689705,0.6217940424934246,0.6623088847981043,-0.3440325026994275,0.23740418472205863,10.131217886410004
67.605279,True,-96.37593256832618,-19.442636523907815,280.59742249316525,0.6169771306392743,0.6670213668182895,-0.3439760416193132,0.23685902825921026,12.231039491070852
67.61917100000001,True,-123.82771180898797,-267.08447192486216,580.6573249662996,-0.35142701946934823,0.14601178021154987,-0.31758350821083103,0.8685161629692595,8.572308906483322
67.633064,True,-120.95223914186317,-265.73098133368404,577.4587852398793,-0.35603460878231563,0.1457964658375592,-0.3163867281916167,0.8671114035247749,8.537860847353642
67.68863800000001,True,-97.86475208143854,-50.228949132278146,272.570955750453,0.682211563135892,0.4609046294262382,-0.5447769673175555,0.15928704146110576,6.99882369983126
67.702532,True,-96.79897009463652,-49.029101859571234,270.0949822653601,0.6785530086433958,0.46349163643509744,-0.5471641658088259,0.15922529029787527,6.3554623598032665
67.716424,True,-95.49094294065274,-47.75017912256822,267.2512380566818,0.6749171111513111,0.46635725272716055,-0.5490930067677494,0.15967052271066354,6.0040756806022415
67.77200199999999,True,-89.67296479171097,-42.61395745770865,254.8310394225949,0.6601988788219095,0.4782684281069462,-0.5556466722382908,0.16325907848851104,6.392885036191069
67.785891,True,-88.03944433503139,-41.36186159360536,251.36881218806718,0.6566270197441508,0.4813165844729244,-0.5568116494738783,0.16473035380102768,6.607978656595023
67.799784,True,-86.39857514780438,-40.14378448134504,248.08195424525908,0.6532217531678216,0.48437828610121625,-0.557603902437842,0.16660403695017578,6.970165844544317
67.855362,True,-80.22596270251302,-35.340005565118446,235.02770628383215,0.6382804778485787,0.496658608762123,-0.5619041574509646,0.17375838333497565,8.494082275830369
67.869251,True,-78.76867800735542,-34.1204119605919,231.956470570749,0.6347189793886788,0.49962436618816036,-0.5628185161543259,0.1753357573021423,9.069195916074246
67.883144,True,-77.4014018220518,-32.89709960995818,228.88963524919018,0.6307867635278076,0.5024540110943343,-0.5643081675001307,0.17664743922846096,9.718071653491576
67.93872,True,-72.46940915412856,-27.601769127160626,217.5435925663035,0.614804660465236,0.5142494572604324,-0.5698227041757619,0.18128654385640142,13.689027081147431
67.95261199999999,True,-71.4066381115855,-26.30812297903942,215.0841429614403,0.6110530166203204,0.5168025767435165,-0.5710727700376044,0.182770891752613,14.927847890933606
67.966506,True,-70.46648610859457,-25.064128521684083,212.66840693704955,0.6070959729445159,0.5194301307792946,-0.5724063366537029,0.18433069367808658,15.981289256123969
68.02207899999999,True,-24.52962477728041,-148.7143812303021,494.28607948109305,0.7223051001281579,-0.14457464172293596,-0.08256912085009147,0.6712345756749869,17.108378564760365
68.035977,True,-22.837283113317742,-145.73898675627908,492.8764476894059,0.7216613607592653,-0.13999613620857468,-0.07870459201472232,0.6733584108255809,17.06762921736928
68.049866,True,-21.49074529779802,-143.5155084011931,493.6289502092129,0.7192956625142399,-0.13952842215445269,-0.07261518369215499,0.6766628439604497,16.89600315317444
68.10544,True,24.846480720812377,-125.71492464445433,482.87890432899576,0.6970497959081499,-0.25527711604531744,0.07764837537138387,0.6655267882288263,16.77529828401321
68.119333,True,-4.795293074065219,-178.9825327365227,439.0614257762306,-0.49736098614165847,0.12402235394181509,-0.1788038055505807,0.8398093261613366,16.52876216941562
68.133227,True,-4.409505985408973,-177.23412310238018,444.21863034055974,-0.5010661404006967,0.11575619324852149,-0.17874932755064193,0.8387978925633716,15.72086071107824
68.18880100000001,True,-6.509731328447073,-172.09933189521328,467.5901888348332,-0.5114098743546049,0.08559737024309273,-0.18109579569713782,0.8356658084431209,13.258399917656211
68.202693,True,-7.764510603489622,-171.34844124111058,473.90605078893896,-0.5129338142410992,0.07873321072466957,-0.18250855201925975,0.8350991630799874,12.810971975210396
68.216587,True,-9.37887720190395,-170.91266729171417,480.54098409941366,-0.5144403416909492,0.07222306304691743,-0.1843285089631304,0.8343608121121519,12.296279049031114
68.272163,True,-18.859246337338938,-171.86319825006245,509.12766729433633,-0.5191927557914415,0.05003774233127411,-0.1957776194399069,0.8304253310217123,10.816523724291327
68.286053,True,-22.06404929241115,-172.90682034498798,517.0605327732704,-0.5204404259465646,0.04514924449017318,-0.2002830787483249,0.8288485972296854,10.487057291561815
68.29995,True,-25.637524589251015,-174.35080908673896,525.3453409920787,-0.5214175967939727,0.04051623018893354,-0.20556452120218915,0.8271791537918434,10.252953132037042
68.355522,True,-44.55590200860927,-183.44389667326644,564.7003043799284,-0.5279537083917925,0.022067431057184797,-0.23519584689112605,0.8157578218362705,9.641163158640056
68.369414,True,-50.23605965347628,-186.5595298554526,574.929919410192,-0.5291386550160245,0.01895649807911377,-0.2438930289145226,0.8125079232815573,9.690917626768393
68.383308,True,-56.18647367024798,-190.01344361158942,585.2436329263192,-0.5305289090061367,0.015997521796077534,-0.2535822480250283,0.8086898042461741,9.726295558612822
68.438885,True,-49.274322340287966,-137.63669977857808,610.3608282709406,0.5854142228931305,-0.33625456551655153,0.09638223276632268,0.7313914957194169,4.933759120002967
68.452774,True,-56.90814998188148,-143.22403025149364,621.4118664940984,0.5720447262023544,-0.3409386341376434,0.0813413663497962,0.7415586700300792,3.0792504277894075
68.466668,True,-62.70317617313384,-147.80955321850226,630.8575869544233,0.5624369943006365,-0.34206276678401376,0.06903280179701918,0.7495946660016897,2.955864099123936
68.52224199999999,True,-80.21078044301962,-164.66591876861185,661.9673497585284,0.5412215509937512,-0.3292902465143273,0.023709170087470314,0.7733595810127494,4.096505358194515
68.53614,True,-83.41136317633233,-168.2124621708064,667.2914999237261,0.5394848488457066,-0.32563957986471725,0.014983066405291741,0.7763314173808441,4.339255681943385
68.550029,True,-86.26076112497202,-171.38024476554466,671.9606740061021,0.5375784542991932,-0.3208362445600294,0.006180451934022474,0.7797661903826035,4.421687776271616
68.605603,True,-99.99585643607796,-52.4257625312308,401.4327421711031,0.7768952550032527,0.24514901023181498,-0.22440294000227612,0.5347700870973685,19.931825396405333
68.619495,True,-97.28200115769985,-49.5896320113118,397.78733101766,0.7873962230089696,0.24300780482721324,-0.22524732535199044,0.5198250063300559,19.91708476604174
68.633389,True,-159.82259854694973,-104.98432384429371,376.2742635778135,-0.3292673984002483,0.6038198596920189,0.5249958729153781,0.5013620356728888,19.33404905507992
68.688963,True,-84.28198967576577,-68.63137776781647,265.9449407185606,-0.3669910259704175,0.41675346392609125,0.5574875506651843,0.6171237866231686,22.92098507269813
68.702855,True,-80.24440278680466,-67.13530844653845,260.0548990791493,-0.36473158660210453,0.4233919868035069,0.5487151239016282,0.6217891990433022,22.530202656902823
68.71675,True,-85.7022926469437,-90.36545927072461,500.177127160181,-0.768884543157962,0.11017157741319539,-0.6294505128707999,0.02169872507193677,9.1528022358307
68.772324,True,-110.68141146950609,-82.62993274743783,281.2481682480915,-0.3680551268008717,-0.41601517364109475,-0.7329097369055008,0.3928232636760118,11.900544805918125
68.786216,True,-43.22248219185836,-125.21340307107681,580.304368561149,0.7779120849830775,-0.3173123548362638,0.27298912613286036,0.46866042559486865,6.938606398607231
68.80011,True,-37.479187521659796,-123.9117577746675,573.8811158286795,0.7810874171441564,-0.31114866032722216,0.26595494831492955,0.4715473713450734,7.173839873318014
68.855684,True,-7.385077016388007,-105.77209816318114,321.36286313475483,-0.5845698345453977,0.22946534686812328,0.07389522630106653,0.7747020450832516,11.890832858697005
68.869577,True,-5.6905787345469685,-105.36840677082553,322.6615974138075,-0.5915034544893826,0.22451140923439658,0.0737558547766933,0.7708945221863179,11.081356999390309
68.88347,True,-12.187015208287157,-112.83142913769815,537.4850948304345,0.8152950339487965,-0.27250863424991995,0.2781710682756077,0.42854860710551984,11.135920729959444
68.939046,True,-1.243774030898992,-114.2754975457443,540.0966174959883,0.9142773836559593,-0.178160620975089,0.2211785573191232,0.28885239249695593,12.65489768058736
68.952937,True,1.6230022740035768,-112.19013308921625,536.6351088009865,0.920670692359392,-0.16629762276507135,0.2122638468628811,0.2822315294366225,12.59867494044557
68.966831,True,4.590088109229591,-109.77956835958008,532.498104107163,0.9250765458356474,-0.15553972139565111,0.20196487901319937,0.2815154828035829,12.707101410683535
69.022406,True,13.002411750273554,-100.78539202744423,517.3676586114932,0.9348051240480758,-0.1205480747087664,0.16402950310467732,0.2910358463294577,13.552016647624379
69.036297,True,14.646729844847936,-98.4977850273776,513.6298787316366,0.9354945952848831,-0.11350797048578143,0.15570416132125645,0.2961790285894935,13.86938427071398
69.05019100000001,True,15.817664705805603,-96.41836867367994,510.77936080902964,0.9364795988381395,-0.10685543377050863,0.14949499614951922,0.29872918063009696,14.120890569909696
69.105765,True,29.24576101946717,-90.16517844363723,476.7016972563055,0.6422390983633062,-0.13182192452099645,0.049772392965586665,0.753441855518757,15.060257744970317
69.119657,True,29.722086074751097,-89.16140906061614,477.01585311595954,0.6419705143092731,-0.13422905815176317,0.053599742783946,0.7529830584273943,15.102591519836244
69.133553,True,30.244649518225984,-88.30427178512575,477.3755013386072,0.6419767647334641,-0.13760654182857593,0.057840575782573095,0.7520536822471354,15.213182218169896
69.189125,True,31.965116969379334,-86.0769801023277,478.6818802845488,0.6461007361225213,-0.15204939499780074,0.07378139146508744,0.7443058017617588,15.502289341626916
69.203019,True,32.20422092269928,-85.87758177239773,479.22073888843136,0.6479062326183351,-0.15631441706788474,0.07783897740537123,0.7414340229228285,15.576174198692382
69.216913,True,32.394047483097154,-85.90029453998588,479.79397566373086,0.6501374986204331,-0.16112660884348806,0.08188081633315263,0.7380074394792918,15.551619491682494
69.272486,True,31.892021034095183,-87.68857441170103,482.60134849020955,0.6602004243478546,-0.17633455958664543,0.0929176119287306,0.724160092921281,15.687732967182374
69.286378,True,31.48102632279154,-88.3701004524258,483.5504127594367,0.662904580993974,-0.17927059710638896,0.0948187290805025,0.7207142139058177,15.64106911619744
69.300271,True,30.89741620910467,-89.303198515347,484.7627009492613,0.665157530740274,-0.18261445438838475,0.09630177838367456,0.7175955600671424,15.63357889474995
69.35585,True,27.131842712564968,-94.20098474846887,491.68482471426927,0.6706674064462055,-0.19707265514335046,0.1000840086370928,0.7080612895368598,15.221308144407715
69.369739,True,25.884500455083604,-95.47283100949164,493.78505712794447,0.6716429389743209,-0.19893190879524325,0.09959502586977978,0.7066842923194313,15.076570245614853
69.383635,True,24.507247368044283,-96.88757799906911,496.0829879773428,0.6718268029820609,-0.2013504335833562,0.0990206359028143,0.7059048543225213,14.92054544944109
69.439206,True,17.834488156326426,-102.00974515569493,506.76729439192644,0.6687121018591422,-0.19806010015304878,0.08675555008899627,0.7113858278622426,14.003757257283553
69.4531,True,15.779692855977189,-103.42533795284592,509.738878886078,0.6665072332463186,-0.19381348327480602,0.08035354120256188,0.7153654661412111,13.686458379857962
69.466992,True,13.830999153752222,-104.52728813640857,512.2296662467086,0.6645044338487632,-0.18729181241731058,0.07306867146342189,0.7197337032870867,13.434351860482417
69.522567,True,7.207807200270647,-107.7439905781964,517.9393575095135,0.6642681590881053,-0.15784879556196113,0.04601244410083969,0.7291875105548674,12.738051389347511
69.53646,True,6.065919859262535,-108.17537333238259,518.3994683930881,0.6644792618189596,-0.15190652660925397,0.04111466942422935,0.7305486306497185,12.609674603749992
69.550353,True,5.3133024718161606,-108.5246526262597,518.9360797782639,0.666559595515115,-0.14908735709299795,0.03904218042632827,0.7293469501748185,12.664097216365949
69.605927,True,5.504119684705074,-108.88408556302974,520.3033527787923,0.6706994847502766,-0.1563797366928538,0.045601083650264135,0.7236215311041461,12.981266341375886
69.61982,True,6.128061961970131,-108.60844547005922,520.648301372055,0.6717594424916326,-0.16213665138157518,0.05104879802674441,0.721002758609234,13.13745560672313
69.633713,True,6.962116605072203,-108.13649097862304,521.0354473712911,0.6713797316521118,-0.17030835762979554,0.058238247726121115,0.718924631480916,13.291288354063921
69.689288,True,10.127377984458258,-104.35611930486202,520.1490788546738,0.6731081276658756,-0.19361233164091202,0.08548372652205519,0.7086129027943334,14.354861347618488
69.703181,True,10.278345274337168,-103.52950998990472,520.6688496826754,0.6727313366728034,-0.1984073133883963,0.09126816097434955,0.7069209357805032,14.455519840526032
69.717074,True,10.17181615981566,-102.67963420319478,521.6047024443725,0.672402242056958,-0.20341076072924866,0.09741368702360137,0.7049892629514242,14.562561782021703
69.772648,True,7.702418309779926,-101.05151910537813,527.3904654612817,0.6687489981016368,-0.2161896804945178,0.11165425987374641,0.7025454617587258,14.542218731177698
69.786541,True,7.294049872827814,-100.75854359152184,528.2421850871433,0.6681376960881976,-0.21698616492203332,0.11294542541972391,0.7026751412816175,14.535239336203926
69.800435,True,7.024433719929789,-100.48911303717108,528.8491688446095,0.6679564070227103,-0.2158392213409405,0.11293974324343517,0.7032014528172954,14.465288067840618
69.856012,True,3.523341585239717,-100.30456048989103,535.5865690729988,0.6598221400672576,-0.2065666274183145,0.1049802204311911,0.7148035570926505,13.853003532133123
69.869901,True,2.305425170286412,-100.26305443536664,537.9546469912631,0.6563347993552127,-0.20588276997801225,0.10384371948936656,0.7183685670351587,13.641761298881296
69.88379499999999,True,1.2127790324942964,-100.0137057327857,540.0036144388788,0.6529355898846017,-0.20250225179732212,0.10120420134088946,0.7227901930090184,13.429441478566188
69.939369,True,-1.9751996526237607,-97.90029025554793,546.715979406284,0.6399203400483365,-0.19966546128963958,0.10092118815717402,0.7351534368697198,12.93256419979447
69.95326200000001,True,-2.649024931622832,-97.45818360791066,548.1247799516632,0.6384268213861266,-0.19954834407675298,0.1018142602298143,0.7363596326014131,12.943988993065213
69.967155,True,-3.1133001987880218,-97.09243880690886,549.195404465664,0.6384321517737672,-0.200066604118822,0.10337727766403454,0.7359965217041812,12.790245447649145
70.02272900000001,True,-3.9820836589332966,-95.4869431538025,551.2549135318214,0.6497843519973943,-0.19883489400135718,0.11166350216541625,0.725104298091626,12.81026679801176
70.03662200000001,True,-4.113380867260175,-95.07180825280503,551.5161314152416,0.652439772702573,-0.19721047764514404,0.11275029686200402,0.7229922136927334,12.7844247323854
70.050516,True,-4.222795941944125,-94.73480809274811,551.7999881960853,0.6541837185738056,-0.19629035718450247,0.11354730110189404,0.7215405521810982,12.74559477519588
70.10609,True,-4.16918545421796,-93.37834093354859,551.7810528409472,0.6521947553257048,-0.1912570856321204,0.11230671785871967,0.7248792516308863,12.73240749386895
70.11998200000001,True,-4.020528526954741,-93.05368034185254,551.4692654388183,0.6497861673888602,-0.19032160199817838,0.11146057948865731,0.727414712322342,12.709714083220645
70.133875,True,-3.8489242987050107,-92.66691621165124,551.1760628697436,0.6478750176570158,-0.1892575166902425,0.11077870268529381,0.7294982062373612,12.79867051297586
70.189451,True,-3.5806114438030763,-91.82522425601081,550.6047257507097,0.6448951005004936,-0.18574818938992121,0.10905495076498853,0.7332904862348004,12.780625499427126
70.20334299999999,True,-3.7348737651072175,-91.72120165151608,550.8451847258144,0.6455375894337846,-0.185054828160292,0.10918357658377877,0.7328812167104282,12.808876472196074
70.21724,True,-3.939771761277716,-91.44518346546872,551.1586982241226,0.647006679053519,-0.18374686337045973,0.10954774118032795,0.7318597815592426,12.826287595407518
70.272811,True,-5.090709784156428,-90.743290565373,553.2067326641309,0.6512186892545674,-0.18002556750585982,0.11097430354507865,0.7288276324086794,12.77551132705373
70.28670600000001,True,-5.3876353289226016,-90.6980989990224,553.8176496135163,0.6505908080782338,-0.18031599437966758,0.111220826002819,0.7292788701712352,12.757917902212162
70.300597,True,-5.658021683510729,-90.52417602379603,554.3533048447559,0.650163012462741,-0.18011978642648513,0.11164559921221746,0.7296438719948218,12.694699172835847
70.356171,True,-6.456583682953489,-90.01799027578278,555.8954099801547,0.6472255551656129,-0.17948265460649793,0.11197081592972448,0.7323575587211486,12.690511007187629
70.370065,True,-6.589125574116435,-89.9771652641167,556.1649345889998,0.6466239866048773,-0.1798565099984139,0.11229423164633717,0.7327476109120826,12.72924885478793
70.38395799999999,True,-6.719022142257295,-90.02010305515488,556.4455983628202,0.6465630310393383,-0.18030946854778607,0.11242101273472616,0.7326706342831936,12.672025713376101
70.439534,True,-7.408640894771506,-90.4516407109096,557.645242625746,0.6480712236602045,-0.18029134928179258,0.11248128053479707,0.7313321269894876,12.67953248864682
70.453424,True,-7.5985729145216645,-90.69442252124325,558.0112402416968,0.6492153814070919,-0.18106365597444482,0.1129157440754531,0.7300584742125106,12.661615102302969
70.467317,True,-7.833494669765655,-90.79343651071011,558.5069562579805,0.6496674059169787,-0.18175675545750047,0.11365272769879978,0.7293694544065362,12.639806571374024
70.522895,True,-9.13340697315833,-92.08132451221127,561.0738011340784,0.6507116612476351,-0.1859450835931716,0.11509306394483096,0.7271535920530563,12.496519443969877
70.53678500000001,True,-9.534738316846733,-92.29304947055778,561.9687914725303,0.6512108043647497,-0.18707095871893079,0.11623355038872579,0.7262359853702013,12.426492253149984
70.550678,True,-9.87483769925224,-92.65460069302995,562.6453176611695,0.6513919283341199,-0.18930078233759284,0.11724019062972289,0.7253333765990907,12.411937975342429
70.606254,True,-11.466671832416372,-94.29075717042056,565.7450815689998,0.6527408147999127,-0.1941871069649083,0.11908632586248306,0.7225228322866479,12.154291933990905
70.62014500000001,True,-11.627888038017446,-94.58598911860933,566.0222291063994,0.653591395923884,-0.19522964965662962,0.11957903993966187,0.7213906876833989,12.075406357869428
70.634038,True,-11.959012546480048,-95.0133258519043,566.6605313388205,0.6554360278310224,-0.19721931953752425,0.12085519631087857,0.7189590912888619,12.027779809306953
70.689613,True,-12.212781469288254,-96.54055732763526,566.9318263697587,0.6609601484006025,-0.19936771067682224,0.12171617355729836,0.7131404989623755,12.004150850428031
70.70350599999999,True,-12.032412192979836,-96.82617565595228,566.5590795430305,0.6615766016517862,-0.20049674621438304,0.12198474809389472,0.7122058523606698,11.991427070573
70.717399,True,-11.976336603808583,-97.11121098751218,566.4349848365924,0.6632380767980776,-0.2000985737482661,0.12188634162991821,0.7107879669726915,12.045491606237439
70.772974,True,-11.221228910965548,-97.97587695168332,564.6876954556581,0.6649985129446058,-0.19945888654855404,0.11916737307430356,0.70978325392534,12.052262477627261
70.78686599999999,True,-11.063968301104625,-98.12437553225193,564.112582735998,0.6644024022840497,-0.19951177065043468,0.1177597459467272,0.7105611468731418,12.10341555339392
70.800761,True,-10.810037679006093,-98.16887422475337,563.5049555661709,0.6639047401207678,-0.19931161003487455,0.11665803319566166,0.711263862038134,12.137979289314819
70.85633299999999,True,-10.156055607321038,-98.35773558293546,561.6381346873972,0.6613059707295857,-0.1985038102820767,0.11205900572442498,0.7146421689327819,12.225011453697718
70.870228,True,-10.130261759495887,-98.46012055883821,561.3445324877639,0.6608631085958879,-0.19856066269878353,0.11083757414270093,0.7152262908225346,12.297861967469832
70.88412,True,-9.99808379344226,-98.47883514836327,560.7345598246701,0.660423187595379,-0.19947181761755386,0.1098206878279776,0.7155358997197122,12.392096412842296
70.939697,True,-9.947416030607368,-98.8472441877887,559.3193303860714,0.6596991887963505,-0.2048049716099406,0.10723607165515478,0.71508903560414,12.506241580349649
70.953587,True,-10.11012652015209,-98.95934807073257,559.1347224603936,0.6603164516690131,-0.2062521676310373,0.1065721472714962,0.714202075346106,12.583116738221953
70.96748,True,-10.111962960016283,-99.09151833882912,558.6376096456487,0.6602286000874136,-0.2080389435676968,0.1054871969668148,0.7139260780094359,12.59216580828325
71.023058,True,-10.105436032718657,-99.80815271376704,555.8268539388691,0.6623670593965593,-0.21925075463549032,0.10257526476959707,0.7089973908806506,12.752672312972411
71.036946,True,-9.962489890651286,-99.83416826079024,554.5638364887142,0.6628131875766351,-0.22219283077646831,0.10123173989865429,0.7078567363267311,12.794570578172927
71.050842,True,-9.744724485862813,-99.84032649655224,553.2842747636042,0.6636494064525218,-0.22507744617831993,0.10046408810044347,0.7062694779892498,12.938082503336386
71.10641700000001,True,-8.900122812161978,-99.32048338928185,547.8778527166055,0.6656991083550612,-0.23603776819476666,0.0965309683009704,0.701293548579899,13.297190911824988
71.12030800000001,True,-8.718524550027238,-99.13248108689696,546.568540632842,0.665854220231088,-0.23827458709609792,0.09486988153014353,0.7006162174279799,13.325023072465234
71.134203,True,-8.727109193943106,-98.85033713896789,545.7433331243532,0.666565472693442,-0.24044587674420212,0.09439719655038203,0.6992606239830101,13.40526332413256
71.189776,True,-8.519010910235709,-97.63536422403175,541.8464112908244,0.6657352860394946,-0.24746484351301162,0.08940985227776595,0.6982575158655013,13.60316930544315
71.20366800000001,True,-8.547288761990703,-97.24662331797394,541.1364305735756,0.665582055005625,-0.2484668170551148,0.08778664309179507,0.6982537319425247,13.654598064032204
71.217563,True,-8.547761077004807,-96.76022512847575,540.5310760541564,0.6651449658676525,-0.2502105937269642,0.08772114714795844,0.6980557524372718,13.743881617202678
71.273136,True,-8.424933669330356,-95.24977077063795,537.5274777686983,0.6629772978675845,-0.2555850431965919,0.08366068798490107,0.6986689326800536,13.961892247658287
71.28703,True,-8.491664669686212,-95.0135172526289,537.1126571503764,0.6629392458320092,-0.25680465306418004,0.08311986456821403,0.69832228563496,14.060503285323055
71.300922,True,-8.521938098265831,-94.65644340481177,536.5389132704266,0.6633853399316577,-0.25782405528783675,0.08255954027803558,0.6975891122915931,14.044984914819361
71.356497,True,-8.177214897006445,-93.35096158121623,533.7113090219351,0.6629483672665261,-0.2619184692114235,0.08004715189190087,0.6967715775622502,14.193326813220455
71.370388,True,-8.118168402706356,-93.01065433130043,533.0519470886876,0.6628626856377999,-0.2635489420248491,0.08000945738977545,0.6962424160267886,14.216462650214247
71.384283,True,-7.991248470642556,-92.72101095583801,531.9414353840235,0.6633371208624939,-0.2642976116054468,0.07908115804793048,0.6956125408784058,14.285835084761061
71.43985799999999,True,-7.57123263526038,-91.37289371569923,529.4053836183716,0.6644301898629147,-0.2671219022627741,0.07802212297558549,0.6936072090575692,14.375175100381743
71.45375,True,-7.475563436781392,-91.19227590496224,528.907332563614,0.6638653624021077,-0.2681773028411404,0.07785567046034386,0.693759475193485,14.393817834252722
71.467643,True,-7.3340594764008475,-90.9501741431314,528.3279564859347,0.6642282892160217,-0.2688940288842922,0.07801156516550534,0.6931168564794529,14.47073176672406
71.52322,True,-6.851606570516135,-89.65143929733436,527.7088355053047,0.6637269500968334,-0.2684662421061902,0.07888761343058556,0.6936635762469893,14.488327367923292
71.53711,True,-6.781847771350635,-89.21124725312214,527.4664822080584,0.6633861410356678,-0.26793343171088135,0.07850180283269313,0.6942391309955471,14.502478982333344
71.551003,True,-6.737407853204875,-88.74926609028209,527.3735966254029,0.6629035935837294,-0.2681674601134416,0.07891977994645714,0.6945622414753673,14.462693026770069
71.606579,True,-81.6820536771393,-54.413941439577854,270.86907501613416,-0.3259392640745421,0.5208340749738263,0.5250756946552884,0.5888896139031244,8.219404127710746
71.62047199999999,True,-81.62070182118231,-54.0698039664022,270.7464820039526,-0.32614398138391415,0.5210964514610411,0.5242274623931158,0.5892997194591514,8.266429343773833
71.634367,True,-81.67626370972629,-53.702533724507795,270.51001958407704,-0.32614502961792463,0.5219042627601382,0.5235078603712828,0.58922396446326,8.281652489838285
71.689939,True,-90.2387803894118,-255.18077752420194,1017.9127522648965,-0.40630446325519554,0.15295884986655092,-0.423796377935808,0.7949320118317662,4.287867191318122
71.70383100000001,True,-56.488972144734156,-187.45729727321682,695.8882482471133,-0.4973543756702947,0.4532954227354663,-0.06883588640438948,0.7364940634326989,2.937810352629032
71.717725,True,-56.64229808142598,-186.97644460081452,694.2955937552198,-0.4969851913476685,0.455041923218795,-0.07181948826724265,0.735380533329169,2.9138365502453674
71.773299,True,-60.38790868027556,-199.61305458090226,1088.9503436324405,0.9823804172939868,0.034457693114148515,0.04476309656632117,0.17815063370175774,0.3047047123273574
71.78719500000001,True,-60.58831048479687,-199.69670371456317,1089.245946285714,0.9824471445549534,0.03545858573273412,0.04678532912300026,0.17706334977206656,0.26056692588167246
71.801084,True,-60.62219233450645,-199.9566539913523,1090.1392750701832,0.9823404278146657,0.0380124316889935,0.04427216063164309,0.17777039886042686,0.2912197502057675
71.856659,True,-60.521619611536956,-199.333394700171,1093.9430597345363,0.9813374834867021,0.0387052827034307,0.04365316336743914,0.1832294897740257,0.2186023022763993
71.870551,True,-60.46591886174455,-199.09990152900264,1094.322988309524,0.9810466551424354,0.03875848342157462,0.04288640832650424,0.1849486317266265,0.25261586655751417
71.884444,True,-59.702139002097184,-197.70390519987674,1090.5144331124736,0.9804618858712443,0.03933260819211088,0.04232636953151609,0.1880316854386275,0.2321474473809474
71.940019,True,-58.78766709762421,-196.00098835219998,1093.7367485028583,0.9805113898753444,0.036059936895574615,0.04131189591828085,0.18865424069297873,0.22983823334985304
71.953912,True,-58.492725777501114,-195.14437686172658,1092.7998039483584,0.9811826631769087,0.03521530288691129,0.04107931501713055,0.1853454984653665,0.16995669163739666
71.967806,True,-58.175827173089196,-194.7970328178822,1093.6800105126367,0.9811611493600514,0.033036754448215196,0.04314762122752755,0.1853905462109571,0.25364108090846627
72.023383,True,-56.503694872375256,-193.82291116486374,1094.345323237217,0.980369890724198,0.0289570611783225,0.039734091923176125,0.19093864959295054,0.2279080864542754
72.037273,True,-56.13252713443825,-193.91706619175844,1094.5358478821177,0.9799709388628494,0.028155966371272063,0.040996439671111294,0.19283021670956535,0.24861408919524725
72.051166,True,-55.96644101736106,-194.61931360677679,1096.1727217920773,0.9801255741683034,0.028361743745418288,0.04304788853277322,0.19156291302296205,0.28152413629723416
72.10674300000001,True,-54.67907792075196,-197.04230608801646,1099.6500898467411,0.9805288158587473,0.030393477649378928,0.04332012810197797,0.18911066677542981,0.26848149974217633
72.120632,True,-54.53494535138357,-197.72138611445484,1100.0135860486096,0.9800014977514391,0.03076781841167987,0.042799310278010316,0.19188179901921057,0.29305250944313044
72.134526,True,-54.49981959389665,-198.2602669199507,1100.0933078559108,0.9801269539537313,0.03168712724526438,0.0416248616664615,0.19134902924125458,0.2230173111276791
72.1901,True,-54.23434564142503,-200.43144999855383,1102.9092183885682,0.9792752662327718,0.03444963717707194,0.037181387859496054,0.19608855101699355,0.2332058502887205
72.203993,True,-54.2753795644967,-200.9957778439727,1104.496206832631,0.9790939467747077,0.03446250597717835,0.035930601246835225,0.19722162904950283,0.2562368109004276
72.217887,True,-54.19957000575503,-200.53648942012614,1103.10218205972,0.9787434967438335,0.0360843093994573,0.03341886810375379,0.19910366508801855,0.21402583119524546
72.273466,True,-54.697189683221126,-199.37168914672088,1102.890482919189,0.9775569029240098,0.03719829469612721,0.026966611148747308,0.20560056006847505,0.2695961468432462
72.28735400000001,True,-54.91976070093534,-198.85443598516997,1102.7743382256044,0.9773493186536446,0.0374826629341414,0.024875588287019006,0.2067959487369056,0.2484576965612744
72.301246,True,-55.32459619316457,-198.58913607040407,1104.5930988268738,0.9766254891678209,0.036609045767642845,0.023872444075325076,0.21045792474879088,0.2101382733280961
72.356821,True,-55.91948347046759,-196.31970213037428,1106.0745899830854,0.9747504664261822,0.03505198270836134,0.021109966942067238,0.21951595843094843,0.2231064357406776
72.370714,True,-55.93561229504251,-195.60881214315333,1106.023572216728,0.9752904244736853,0.034464388744420864,0.02046026134541313,0.2172606074374496,0.2595233777206518
72.384607,True,-55.95979283468903,-194.81202082193903,1106.1969151124438,0.9751778168535674,0.03408207510805667,0.020358286333657848,0.21783520801421358,0.2334885553140436
72.44018399999999,True,-56.06408503610308,-192.05886906953214,1109.070072978064,0.9757763560211126,0.033025718147577814,0.01786218835281644,0.2155243540722112,0.2623827842470964
72.454075,True,-56.04200020658313,-191.22460935905687,1109.781304869498,0.9757057623706338,0.03279234202812282,0.018548624433186566,0.2158213986440817,0.21240641257845552
72.467969,True,-56.023190599241765,-190.22483596783874,1110.6957235672176,0.9756546989662975,0.031941111583653634,0.019000753129783034,0.21614033671734004,0.18847666232547147
72.523546,True,-56.255441807773636,-186.42801500631822,1113.8027017910224,0.9756472544579512,0.026512834860153784,0.01849127679770748,0.21695063295305397,0.25424807989851705
72.537435,True,-56.85649359250084,-185.3426270918897,1116.4295070575238,0.975934752214601,0.02602595670681499,0.01947538391337008,0.21562633980742518,0.21931911719031844
72.551329,True,-57.10840760362199,-184.04368151541976,1116.6724764881346,0.9765606782184375,0.02499766353685602,0.018712769488428684,0.21296523386063837,0.2575042410539745
72.606905,True,-58.92099611658503,-177.95537465277408,1118.8358547608852,0.9762141345177388,0.02254981049888969,0.016005138033925823,0.21503791565852123,0.26579753063284545
72.620795,True,-59.340914404962675,-175.88853569033608,1118.8379475886127,0.9759586277128005,0.021434140189461652,0.01592123034443827,0.2163142368213549,0.3000485928654656
72.634689,True,-60.1407918827678,-174.60432216036637,1122.1011511159704,0.975921176457018,0.019754331598670218,0.016874066444918956,0.21657074965805492,0.28453893035362676
72.690263,True,-61.7543275720856,-167.3717699813886,1124.7612043096744,0.9751280892123909,0.006659618334678298,0.016223584987129048,0.22094717559360896,0.2427989127324863
72.704156,True,-62.18125927117258,-165.97625926558257,1126.5325573743048,0.9748111220975523,0.0027104775624401086,0.018079666582470486,0.2222814774167229,0.2564588709721924
72.71805,True,-62.05949670311083,-164.26217457472066,1126.3522057824578,0.9746173721358021,-0.00016970388311001857,0.016730837012696596,0.22325104305366603,0.22422714817145722
72.773623,True,-63.35328035329425,-160.37260584018998,1129.7386217427345,0.9737187730372201,-0.005984483069286499,0.013249828266735078,0.22728919694562316,0.218799093265446
72.787516,True,-63.96623575570305,-160.23570110334236,1131.8987891076238,0.9731601449938665,-0.008198586620131709,0.012980164684486062,0.22961626836466176,0.27082978280978837
72.801409,True,-64.43728945182085,-159.26198818273795,1130.789358921765,0.972255334003971,-0.00702124933073012,0.011507760703948702,0.23353337877537528,0.26344688789720794
72.856984,True,-68.2690135035342,-158.77940026122613,1135.677655843164,0.9693272042370454,-0.009556794881049841,0.015342043263239182,0.24510826282706966,0.16589269572474508
72.870877,True,-69.62045211327104,-159.24224364011408,1137.6554538184143,0.9689207710323884,-0.011594087478736867,0.020262467033579805,0.2462672309245595,0.23368505552966523
72.88477,True,-70.49120715786587,-159.0715319843289,1135.1364407989442,0.9680167804363324,-0.011207155246786055,0.020081510948339057,0.2498292324428498,0.24466080231794599
72.940344,True,-76.56916725422963,-161.6201894597593,1140.9474320940826,0.9706470930951749,-0.014400580973919839,0.038920165887116456,0.2369009595185716,0.21194175519295094
72.95423600000001,True,-77.94029622042196,-161.87817361997313,1140.683357938071,0.9707419190630014,-0.01586431600935623,0.043406534157969565,0.23563599649423156,0.232153728510254
72.968129,True,-80.08796312982354,-162.65879864990973,1144.2396460976677,0.9715735311222947,-0.016597304069024908,0.04867748725967718,0.231084195379692,0.1829057421797788
73.023705,True,-86.2357923151956,-163.09738574032644,1147.946651433202,0.9735479697788159,-0.01961323547085495,0.056651193683083814,0.22047746775621413,0.2167925532119272
73.037598,True,-87.81661405857005,-163.10497215563078,1148.3660612972153,0.9734038218126501,-0.020693007076315217,0.05804045643696434,0.22065381155841177,0.22357598771221213
73.05149,True,-89.57463227572276,-163.09361208363265,1150.0404544778107,0.9737005212009394,-0.020580665897921912,0.058318379842280506,0.21927767277310364,0.2123108115478402
73.107067,True,-95.6277853295546,-161.8434305819981,1153.580907583415,0.9731434021267064,-0.02070331660001089,0.061469515014191636,0.2208727921291779,0.2200130422072055
73.12095699999999,True,-97.41100476067527,-161.7505237668961,1156.0464207652115,0.9726515323360116,-0.020664928141272486,0.06322703894448828,0.22254055570982334,0.20051166554344274
73.134851,True,-99.06292151527914,-161.48810907761484,1157.5708990058097,0.9725865077800775,-0.020900455319994553,0.06653874490616249,0.22183609101740567,0.2470832962267725
73.190426,True,-104.25112984313557,-159.51112526477806,1161.433366202747,0.9717487589230803,-0.018853395430945465,0.06663851270280041,0.2256284725759052,0.2056077230142574
73.204319,True,-105.05824514697521,-159.2072844144726,1161.4963147547119,0.9716631400214157,-0.018795823180834434,0.06528351103333695,0.226396825379327,0.19510278749788998
73.218213,True,-106.66784233985186,-159.1878702491585,1166.0483814941238,0.9712398549391916,-0.020778782253410198,0.07045389147559364,0.22648981337293875,0.19550878577143047
73.27378599999999,True,-110.41246107831806,-158.01920705781768,1171.6075765239013,0.9718048207667768,-0.027929009726165917,0.06546096314070197,0.22478928589872824,0.23239643628093912
73.287679,True,-110.85877186604,-157.29973071043506,1170.9858512713738,0.9724355731750688,-0.029850702804035487,0.06194128622652435,0.22280320605050685,0.27048096060044685
73.30158,True,-112.0323033307644,-156.80422005611013,1173.1588710793196,0.9724461149418068,-0.03248551784810022,0.060960809086248256,0.22265898683924062,0.21718406589560427
73.357146,True,-115.26689557757398,-153.6846879166358,1177.3803734605385,0.9734963822018964,-0.04301242060359882,0.04834031545487505,0.21935801652859999,0.2535025395725108
73.371045,True,-115.95443553049446,-152.96852004141633,1176.4672125351449,0.9742975904842113,-0.04443912519479702,0.04440011560696393,0.21632845181036456,0.30671501369435833
73.384933,True,-116.98643812878922,-152.15450635387558,1176.836984330036,0.9741851128936106,-0.04760597370156645,0.045329655582230344,0.21596819073462034,0.2461195068799
73.440507,True,-120.37378136728242,-151.22514514077972,1174.9691145254164,0.9748390634768966,-0.051373591288616474,0.045358840908311444,0.21211348375115582,0.37487946468968025
73.45439900000001,True,-121.76924987086792,-151.69505959375564,1176.1667089793677,0.9747192747096616,-0.04949818325634309,0.04537337647982696,0.21310448627518958,0.3156006127409698
73.468292,True,-123.65941594478578,-152.57679046483,1178.8744386015796,0.9740115983197166,-0.04583093956801206,0.04340235203121038,0.2175250954606003,0.304897388587492
73.52387,True,-134.35750235361823,-153.45723044431332,1181.8459685659143,0.9662330964140788,-0.03600855507853337,0.04042694684747709,0.25191794164729253,0.2722695995333191
73.537761,True,-137.87203470823644,-152.41096619442862,1181.5820612329303,0.9648920282233165,-0.03496789772733802,0.04303220396030244,0.25672718870806016,0.26559921412534504
73.551655,True,-141.92453066218908,-151.37431540331437,1182.452244096988,0.9665794804095579,-0.035448966700801235,0.04463155682555499,0.24995100109093737,0.21532084424846365
73.607228,True,-161.7029538246452,-139.75712202742318,1180.087406613347,0.975057299266897,-0.02566580026749253,0.04684679217642269,0.21542958920666577,0.2944754670221371
73.62111999999999,True,-167.9530542020675,-136.18501267883684,1180.310111125345,0.9782322703820656,-0.02393621089133118,0.04748675682212653,0.20058337647430058,0.372762423284786
73.635013,True,-174.69273982383766,-132.2420209384815,1181.5694913236614,0.9808437069147639,-0.0207642755035238,0.049112926732054314,0.1873563126674158,0.3046168254079878
73.690588,True,-202.6400765736567,-116.90734092258101,1181.1331997388213,0.9885419180525997,-0.007450005023437524,0.04613372147545825,0.14353067066262437,0.3943333881174088
73.704481,True,-210.1321871817401,-113.05423784051047,1181.1573644799655,0.9890770467322382,-0.003572447883039345,0.043695177519801426,0.14072869183315026,0.2879424229870642
73.718374,True,-218.0575217886404,-109.72308381666095,1183.0763005483368,0.9898228812529399,0.0008678943739508613,0.04448741037214824,0.13516945226590263,0.23257963184907804
73.77395,True,-247.9553273145202,-95.68012297969237,1178.4773462587373,0.9913276346976116,0.02158268743955063,0.046944490306436895,0.12083014159386778,0.28925281885574494
73.787841,True,-255.60103254337403,-92.36553954161339,1178.2584113398095,0.9919045638982078,0.027128769711294513,0.047535137951759614,0.11458523740763772,0.21563070554536182
73.801734,True,-262.90317011077013,-89.1266710555225,1177.113734786739,0.9919354561304184,0.032677447895548564,0.046560356429212246,0.11326238775320376,0.22667591059153733
73.857309,True,-290.3940244418677,-76.35639276402914,1173.9079532238954,0.9932823220155923,0.046968162591391034,0.047612303432460444,0.09443139857037583,0.18854756064331793
73.871201,True,-297.25754534961067,-73.77640476487183,1174.8331615413122,0.9937410952499872,0.04831546420749903,0.04587768164246831,0.08966320235683015,0.16882494185702906
73.885096,True,-304.3192997265439,-70.70172957461475,1176.123677436371,0.9939254029776371,0.05197138959153382,0.046851353830107786,0.08494832914161826,0.14078380166708285
73.940669,True,-326.61651867390026,-59.168320404498076,1171.01330473486,0.9951940286361611,0.06245469214081681,0.0341879377726193,0.06722679307670935,0.09377125952851967
73.95456200000001,True,-333.1552035024653,-56.82155559105905,1174.3528621537268,0.995370902124293,0.06345180402953658,0.03628314941928869,0.06240327585860865,0.11232995182935765
73.968456,True,-338.8389439350335,-54.15912120803784,1175.0332623412855,0.9954752169184006,0.06472683869079043,0.036151129636414744,0.059435887142121176,0.0833010402879746
74.024033,True,-359.3758362962295,-45.68912794512764,1176.3233671652479,0.9962506657383218,0.07387345128012428,0.02974448738160607,0.03380221416296553,0.042689157788446716
74.03792200000001,True,-364.3112148818441,-43.90832784069701,1177.2035978298188,0.9962181712566985,0.07699532905294251,0.030160099770401048,0.026672887804431788,0.069640571956715
74.051816,True,-368.8287376868697,-42.29654158800813,1177.4674128097138,0.9960374740653324,0.0814321538984783,0.02838492662627483,0.021735926698162808,0.09702510198635332
74.107394,True,-388.0025346231546,-39.01876972208425,1183.0148361360345,0.9953442086977626,0.09010163201369761,0.034110565044542296,0.0028410337264876745,0.06182389842206688
74.121284,True,-391.6188935178713,-38.75412647256909,1181.3462689948335,-0.9953085001609416,-0.09137134744698833,-0.03157869315692947,0.003879756641702046,0.07726155884221486
74.135177,True,-396.021181927521,-38.931063472125686,1181.6074807320879,-0.9952047241322135,-0.09282329866993609,-0.029187999811724274,0.009972610287565662,0.04908641468090135
74.190753,True,-418.6846200676268,-42.30569910794893,1194.5987362840024,-0.9944874930187299,-0.09974818745133954,-0.02079873861409987,0.024745460221143743,0.11125825285526736
74.204644,True,-421.879097027291,-43.880159041586914,1191.170351849226,-0.9943868987980404,-0.10164144397718934,-0.014188351068529195,0.02573719213518669,0.04459599564369186
74.21853599999999,True,-426.85512268125063,-46.1641683927987,1191.9974604589033,-0.9938450879238304,-0.1055203602773271,-0.008286036511840927,0.032691533698208965,0.026880388742682813
74.274111,True,-445.5025216182801,-57.413277145927914,1195.9086886641223,-0.9930401607991601,-0.11136385438656778,0.02108616359547683,0.03201100874652738,0.07701616137297786
74.288005,True,-451.4169471520466,-60.638423964332446,1200.4834135138392,-0.9933654667610529,-0.10854314704165423,0.02579324872303656,0.027895214593210236,0.03362793599941256
74.301897,True,-386.86464899805827,-60.15421962520682,1056.0522151816328,0.2780674581469011,-0.5279575348590864,0.23771752674109087,0.7664396307507441,1.1147174232347303
74.357473,True,-467.50093914198385,-74.2676325815215,1198.7491409619959,0.9950460151541908,0.07679320099932704,-0.06274924692608047,0.006983123674440673,0.04844585637786892
74.37136500000001,True,-470.4965056315166,-76.22683666436541,1198.9023592453048,0.995251136365889,0.06609711540205347,-0.07018134359704017,0.013450870189264226,0.12577695928873026
74.385259,True,-403.4520203696919,-76.00112830828047,1053.349437575502,0.2840467411356255,-0.5748969826566489,0.1988475660533257,0.7411278929153726,0.6705946344686352
74.440832,True,-411.37361146387207,-81.41446269554403,1048.1289351373705,0.2818409168652019,-0.611594874307415,0.1463185965531112,0.7246435507228416,0.827462805972653
74.454724,True,-413.8492542002079,-82.20786791150523,1048.2665297790509,0.2817973086263335,-0.6195577766544207,0.1327948000451599,0.7204887086686036,0.8238258410416791
74.468617,True,-414.91760170590584,-82.96064162627975,1045.469573451765,0.2805802049682135,-0.6288297620941189,0.11994096399229395,0.7151657458528397,0.9157755592639033
74.524195,True,-422.5800514095961,-84.25474923493296,1047.3343991516408,0.28506698561853044,-0.6560398303001749,0.07883737845676989,0.6943581370792355,1.0571932862108484
74.53808500000001,True,-422.64959225253097,-83.9797427557914,1045.388048795609,0.2861626219130788,-0.6627435283567459,0.0673788385100167,0.6887249534916857,1.1141875576737252
74.551979,True,-424.1293263680192,-83.67613995797903,1047.9405292162703,0.28980581057395566,-0.6669756597257371,0.05597998925645899,0.6841215552033404,1.1714213114854866
74.607556,True,-490.3842236914314,-76.01848084181346,1198.5126889802798,0.9499763877209608,-0.18751458073303737,-0.21770052166542125,0.12243213488194807,0.29159294910282896
74.62144500000001,True,-489.7181696364391,-74.81309778768559,1202.7690766372104,0.9477340954404155,-0.19596419187040906,-0.21840998713260054,0.1252804747957647,0.20114597921235544
74.635339,True,-483.8878331463374,-73.16620913551,1196.2158477723776,0.9460315738770945,-0.20230939356600133,-0.21920611598510906,0.12666431706406972,0.24158861109495094
74.690916,True,-464.8673162970693,-66.10252868725846,1188.870018122417,0.9510929578056136,-0.20508341885431614,-0.19301631124098836,0.12691603727865167,0.2505587050895762
74.70480599999999,True,-459.74721134601333,-64.35507720590219,1188.6748830192614,0.9548540888981862,-0.19919087744006594,-0.18144464780757422,0.12511795650927351,0.2812194920262874
74.718701,True,-455.346502509723,-62.859037868123664,1190.1408635495284,0.9593168358340662,-0.19104848596601842,-0.16712851819507382,0.12361125717881111,0.21544152912204845
74.77427300000001,True,-428.8220319165718,-56.291576982788804,1182.0913193229321,0.9788016681644411,-0.13152916839879844,-0.12180026155753987,0.09905588596011085,0.22078083601127507
74.78816499999999,True,-421.54133264352913,-55.215938441469234,1179.3416487703048,0.9831250823088648,-0.11447296707634723,-0.11149792708391167,0.08904619362957614,0.16943737754284938
74.802059,True,-414.82880578662224,-54.7384121677179,1178.4976952867964,0.986437146199078,-0.09736517352683012,-0.10276311314577992,0.08307540044620228,0.18802845587770636
74.857634,True,-389.1921909331774,-55.2157551688639,1177.2683026146926,0.9946712020441705,-0.03625802489199994,-0.07056613572506121,0.06584053420020365,0.15874105960779977
74.871527,True,-384.5524418064201,-56.05736756377387,1181.0200461817753,0.9956674314746055,-0.02387043775351324,-0.061656062479298654,0.06538423404588284,0.12396384914700781
74.88542100000001,True,-377.4055895923297,-57.14625032500983,1177.4174041374827,0.9965088846727419,-0.0100779096734324,-0.05763138940015631,0.05955754747057456,0.1364693290685386
74.940995,True,-357.0388249621598,-63.96588219984183,1178.1649297157185,0.9974200955411925,0.04084316176402574,-0.030468751538870065,0.050563270536809236,0.14747708461838913
74.95488800000001,True,-353.91084678694233,-66.47518492474862,1181.4569625570757,0.9969761909255876,0.05502985996824694,-0.022936361890097425,0.049840872209744314,0.09473626989161121
74.96878,True,-350.7829377782278,-68.53362392436415,1181.9043394291045,0.9960595470497272,0.07008874962946719,-0.017965623944125726,0.05128530259994751,0.1341237746753889
75.024355,True,-343.7861564580781,-77.59324706464041,1182.7990243906336,0.9908721685015086,0.12918976914797603,-0.0002753705791513003,0.03850030399431155,0.012221803434683215
75.038247,True,-344.9873898658534,-80.33116838080223,1186.214679471017,0.9889323514326486,0.14368762763982085,0.006555149160732842,0.036382687814575806,0.031594974243538965
75.052139,True,-344.7052704962861,-82.69877420599138,1183.5100661389245,0.9869742643955715,0.1569711351963809,0.0073056020283747665,0.03447451689267156,0.012791164130199477
75.107719,True,-356.55310426010385,-94.22095176451049,1189.1652041533594,0.980407311748551,0.19386173820444305,0.016901853353820617,0.030552526630990114,0.03008800440634319
75.12160899999999,True,-361.03359531825475,-97.15982355506353,1190.3022496792953,0.9797395842082017,0.19731692484430943,0.017749494678790233,0.02934848793673493,0.10642557632800743
75.135501,True,-366.51441665624213,-99.83391938853046,1191.8123362705014,0.97945869469331,0.1985333082206956,0.016076326100915483,0.03141246019847461,0.05247594246930894
75.191079,True,-390.57558971078805,-109.62862650952023,1192.6788781221437,0.9832079076660453,0.17835125994344214,0.005509557958388883,0.03824504086345176,0.08979024466357761
75.20496899999999,True,-327.576670760058,-98.49151743626078,1030.2193066958287,0.34599895845153816,-0.4729683066245473,0.3036579321963328,0.751250665153387,1.3132792943066403
75.21886199999999,True,-334.191314377877,-101.02377386626327,1030.4125905175874,0.344467573503334,-0.4833861537284452,0.2986264290644683,0.7473300295401953,1.1877940051913973
75.27443600000001,True,-365.8340625162896,-108.97157897283434,1043.0468358337214,0.3303168030581568,-0.5272912951302084,0.27143943015047994,0.7342855952944528,0.8752516015833859
75.28832799999999,True,-443.4393444263748,-120.06442663183574,1197.198436680008,0.9884490497519494,0.12878829130986802,-0.06735033432208107,0.04296492211859433,0.1208642949923198
75.302221,True,-381.17928481781394,-110.37961700542085,1047.945723967772,0.32268898700770277,-0.5501771005066995,0.2570937936580607,0.7260025874640462,0.7768830790405092
75.357797,True,-480.95943530698213,-113.63780547524699,1206.391497649896,0.9884654011560435,0.08999797655675892,-0.11737212913701879,0.032562220976984406,0.1679805518972755
75.371689,True,-487.63752421106074,-111.00473144485075,1208.5787198921264,0.987797491544696,0.08485284626877082,-0.12702333225255613,0.03035100066804116,0.16402675979677953
75.385582,True,-493.9790228219285,-107.99601146265945,1211.5776802119215,0.9868410626571292,0.07964995680732029,-0.13763947726410775,0.02925706295586003,0.18035577468928007
75.441156,True,-514.8513569755597,-90.27803486637379,1219.46743025684,0.9823194971940274,0.06788717912321866,-0.17435965447833318,0.006200583308169727,0.15377669792720827
75.455049,True,-519.6837752059395,-84.63780007685769,1223.1886504813008,-0.980513589181977,-0.06582677016165842,0.18506705085364752,0.0031818937592868976,0.12949202439386498
75.468942,True,-521.4647244080741,-78.27607968266443,1221.5863207908842,-0.9786871991890709,-0.06288452140439936,0.19514401348447954,0.011649768768555922,0.22040881126200051
75.524519,True,-527.2732122281396,-53.33534438522582,1225.5430635172222,-0.9725329083898899,-0.03602013174474174,0.22452180329256488,0.049721746289201896,0.17590113460760312
75.53841,True,-528.6356369007733,-47.5379248000519,1229.6130535170419,-0.972078518191086,-0.028196257167880583,0.22627054133386967,0.055407289029720225,0.20675510765666744
75.552303,True,-524.0353646311845,-41.3578695635492,1221.7755567532372,-0.9716489042664284,-0.019136572251566775,0.22863154851235376,0.05709477616343639,0.218797515285619
75.60788099999999,True,-514.4041699439075,-19.021770640212473,1218.3943708848433,-0.9763286528540088,0.01972664101940295,0.21096567188836424,0.04343623527723089,0.1672117445001823
75.621771,True,-460.13918353826574,-24.626710272701697,1112.5516735203882,0.17844519282898236,-0.6637908115208453,0.10414506784550216,0.7188135200037494,0.30796681261224623
75.63566800000001,True,-508.20988310536745,-7.074415274164942,1219.294892029848,-0.9802408195034917,0.03781879225879535,0.18915599647463258,0.043791365917239415,0.21094257635121325
75.691242,True,-445.6339559962482,5.41121050932791,1117.3423656768389,0.15885486030983093,-0.6376192479577305,0.0879922121888767,0.7486415688324219,0.10481408095858888
75.70513199999999,True,-488.03311302582057,24.331888194156775,1215.13896222093,-0.98336247568915,0.04345527071335922,0.1501520340864758,0.09254321970532751,0.08276780050875299
75.719024,True,-485.3427443362396,30.58453929061183,1216.4325280137011,-0.9832418551452553,0.039577718713413826,0.14286690400197127,0.10610422335067456,0.10296356348357535
75.7746,True,-477.9779749591082,51.3489281166453,1222.8407129511866,-0.978096732781761,0.01835370790578591,0.13677909244311434,0.15582491006957652,0.13640170423278228
75.788492,True,-477.7569707707848,55.333073994874304,1226.6303484733596,-0.9761800903510279,0.015254850275829306,0.13780567454797335,0.16688114575259452,0.09395358781176548
75.802385,True,-476.8211771163193,59.148779601833795,1227.7210942060478,-0.9735044662905479,0.009197623608314883,0.14379125870614376,0.17756275440535965,0.1279315263863495
75.85796,True,-477.9799818176516,70.33389094302797,1235.6963954558187,-0.9639988690866804,-0.005126547066981734,0.1647306360945885,0.20867131198764083,0.1922332587562751
75.871852,True,-477.64677215586266,72.14113740215359,1235.1458102134563,-0.9614995232299972,-0.0070157420739734334,0.17349947558823822,0.21299619283509735,0.20821774031593976
75.885745,True,-474.7694308200645,73.19101014681857,1229.0240994155931,-0.9581780289166041,-0.009861892207110168,0.18286166070026064,0.2199073009918705,0.2219543434427571
75.94131900000001,True,-474.9667268129154,75.97929196766799,1227.5126241894611,-0.9476432255775948,-0.02138388650817316,0.20927754795214573,0.2402456125256706,0.22488421672615308
75.955212,True,-476.87612699919754,76.57650945307564,1230.8439057481912,-0.9453590481551799,-0.02428577388863071,0.2141654521613392,0.2446214020855327,0.2105810561476518
75.969105,True,-476.63055680782054,76.06109756827738,1228.1434465080072,-0.9418591909522356,-0.02712996673423065,0.2224667703659649,0.2503472895933501,0.2601880938079573
76.024678,True,-487.5322661763971,77.27069525515289,1236.180653055636,-0.9405771931127686,-0.06715888233427278,0.25554448780091954,0.2133102038681755,0.7582578537033691
76.038573,True,-489.19420326939616,75.33432746286783,1238.9374960904015,-0.9375416614583997,-0.07496606324297825,0.2613995485362483,0.21694699448648397,0.5808370752887008
76.052466,True,-486.4424551282822,72.95985936524185,1232.8067913947805,-0.9327857828276737,-0.08227900734701737,0.2684294489299216,0.22602318299619648,0.4720609783007065
76.108041,True,-478.81723940804454,64.4147321485486,1213.1680018781537,-0.9131415566347982,-0.12252776345993716,0.28502467543609206,0.2644246189760589,0.30254410131313125
76.121933,True,-479.6428453730279,62.99802924517927,1212.6441690855731,-0.9082772003942534,-0.13899682216912976,0.28681309061481614,0.27101782547064673,0.3569738057620591
76.135826,True,-473.9086139817895,60.98621894315264,1196.5998520033622,-0.9021178202564218,-0.1520585342150255,0.2915489454654907,0.27939372388466527,0.4295676001635714
76.19140399999999,True,-435.1679112150967,-50.991312041821395,967.791112633556,-0.0010320820971350547,-0.7500555826414406,-0.38810974184172786,0.5355244028450068,1.879761313125646
76.20529300000001,True,-426.02996892368685,-54.77915635834645,951.0616771521534,0.011608711644515522,-0.7574930773903192,-0.36568089217393285,0.5406911878499361,1.970548537998515
76.219187,True,-487.6135327174346,44.524522183552286,1190.1630497211536,-0.8655519049468657,-0.253991470022241,0.3183911354980737,0.2914366446331696,0.5378143528935652
76.27476399999999,True,-490.2781255585502,26.909858375640823,1170.4802247313303,-0.8362961086774655,-0.2967796965409606,0.35826253031185135,0.2901354678534393,0.6284314263363437
76.288654,True,-492.40091180841046,22.580804966669756,1168.6760875721252,-0.8301592240252258,-0.3048607257321463,0.3680206058691739,0.2871522842109912,0.6122702883881155
76.302547,True,-493.7965139309766,18.75429566199681,1163.922030891378,-0.8263199322940767,-0.31233410901150094,0.37616222176793224,0.2795438369131342,0.6310143449155454
76.35812200000001,True,-516.5977966063109,2.5024987064858664,1183.5374478039298,-0.810019509519058,-0.33695612185763163,0.4037657000752635,0.2594267248837364,0.6355852457099169
76.372015,True,-521.443515852804,-1.6585656000380975,1187.6879664791682,-0.8076633720737901,-0.33882102841797235,0.40920183800001647,0.2558007894624057,0.593591332512063
76.385908,True,-525.1526702703885,-5.619784880690429,1189.3176254771763,-0.8073809043187817,-0.339186898844761,0.41314883469633046,0.24979264076934737,0.5792088619601049
76.44148200000001,True,-483.7471328742227,-122.5047557248911,1075.056377736522,0.1731324502219993,-0.7752484570608068,-0.19408943649813507,0.5756251168467215,1.4295231196460916
76.455375,True,-495.8194750449351,-128.0213616697142,1097.3696413434957,0.1725111269298819,-0.7707204534841461,-0.20489031922465936,0.5781434517095144,0.9852567375807916
76.469267,True,-508.56649995889853,-133.5159618284716,1120.8902330271385,0.1711588225614846,-0.7659761641235078,-0.21609283097072748,0.5807659269077861,0.6801513334971916
76.52484299999999,True,-552.1629648013675,-40.36094316890644,1211.996005783069,-0.8591640142947706,-0.3352569218561564,0.3668723510040033,0.1218387087801973,0.29312297675581267
76.538735,True,-552.4218117909788,-42.96391962072655,1213.2231304651593,-0.8644704149390205,-0.33267990233405403,0.35960671876280775,0.112685367722738,0.28785435667363823
76.552628,True,-554.6855819059665,-45.73695388719986,1217.945825726556,-0.8688642451126026,-0.3317557981039289,0.3519322355724232,0.10562535469445,0.31330816304452735
76.60820600000001,True,-547.540992114624,-51.975995092253775,1207.635016853927,-0.8855274151622222,-0.3238586311091977,0.3261479146975247,0.06770761988614016,0.23832880322455988
76.622096,True,-547.8173033471344,-54.00934663675788,1211.480419172313,-0.8906897820239373,-0.3221588438572619,0.31583166116272976,0.05599779754502858,0.1924292724870545
76.635989,True,-549.0157543080912,-56.289531940040774,1218.6118895041566,-0.8957970330197569,-0.3198084217503662,0.3049455953651875,0.047732932844230275,0.1548539936449003
76.691564,True,-537.5745118618614,-59.7447071851104,1212.1501669482038,-0.9131832591259411,-0.3088909362951441,0.26553895071362826,0.013106882952814414,0.1053046842747259
76.70545600000001,True,-535.7590067945636,-59.94776790782059,1213.0563390765128,-0.9184068347998912,-0.3038457376188658,0.2533788204059279,0.0024138958952998613,0.06958199522318048
76.71935,True,-532.5221763191043,-60.02752997540986,1212.7034582835458,0.9243045615559226,0.2964887417789979,-0.2402778139928723,0.004698466561250911,0.08787466134027297
76.77492699999999,True,-514.964761162246,-57.57144916499833,1204.0167377036887,0.946456044936982,0.26095299983737574,-0.18903999032216995,0.019707078350532228,0.12291234812880614
76.788817,True,-508.9130452848391,-55.89228238201267,1197.0367887562998,0.95143384539924,0.2514705276776448,-0.17576974716976052,0.025322075709157753,0.1654041246207622
76.80270900000001,True,-503.9671563954051,-54.594417321532234,1192.4396180131,0.9562531809513033,0.24200620275107612,-0.16236803859868018,0.025484736454130654,0.14279374688776378
76.85828500000001,True,-428.2629528463535,-48.49001814926758,1067.8829099224051,0.2643090669077294,-0.5423024720485939,0.32662794944858403,0.7275733149307791,0.6766709908296289
76.87217600000001,True,-420.8588375346939,-46.13922173789169,1055.2954186431675,0.26787057261004676,-0.5388399507613939,0.3173093694900745,0.7329472203554875,0.7434408321138501
76.886069,True,-416.62328946219293,-44.58591543108627,1050.8441637654764,0.27008161732313407,-0.534903278889258,0.30492086450702766,0.740241628528096,0.8421349568613518
76.94164500000001,True,-465.5453120134801,-41.02834285870931,1159.297217901809,0.9934971450789296,0.10837727452724476,-0.03171421527771283,0.014560138576995695,0.045699572164014116
76.95553699999999,True,-462.7359813564066,-40.81691010841511,1157.6742412186943,0.9954063577828262,0.09004150617020562,-0.026287353745984586,0.019175116301149438,0.0768690035399472
76.969431,True,-458.0726815674714,-41.09983801452485,1151.7513980436902,0.9970454852336536,0.06992953246065382,-0.025337669586910264,0.01918758361356249,0.1090703553540549
77.02500500000001,True,-445.01461728805043,-46.76934099145419,1139.8861840527936,0.9986201972006994,-0.011372580052819511,-0.017862529632791262,0.048055137091636245,0.041598637047206066
77.038898,True,-440.7457144719832,-49.216565222720355,1134.343088997428,0.9979418958762454,-0.028869168623253384,-0.018601031762168582,0.054152979376115976,0.0875106425679098
77.052791,True,-438.1509962270977,-51.93386357457873,1132.6636593052363,0.9966919275330561,-0.04495992949072605,-0.01840583763158942,0.0651539060357052,0.11238239470667867
77.10836599999999,True,-426.91768896649234,-67.25407622783243,1122.3943233554398,0.9897513997656188,-0.1007233923322872,-0.014794325284471268,0.10014036567963773,0.21579401251298824
77.122258,True,-423.60693329412055,-72.07097180533914,1118.987805316512,0.9868406764984945,-0.11438395614027773,-0.014361009255189974,0.1133823231322456,0.27971621759772447
77.136152,True,-422.12522522917294,-77.58552596236392,1120.5392622200961,0.9845074698674184,-0.12806912594892275,-0.007014632269048326,0.11955808499663745,0.2766114089529491
77.19172900000001,True,-412.1145010577832,-100.55061723643365,1115.961945442235,0.9679700043024264,-0.17843474946440838,0.016246637319228558,0.17587256104961907,0.2793864807417766
77.205617,True,-409.00303278141286,-106.57021072479318,1114.1726348790148,0.9630011656849696,-0.1906356135846565,0.021802873357041383,0.1892391408667033,0.2982132850292378
77.219511,True,-406.8824711312807,-112.80565867583778,1113.2669605682247,0.958475194660786,-0.20238750443129383,0.0278485978863531,0.19896998483642084,0.34022169897278853
77.275087,True,-397.5140348445498,-134.93210665140106,1108.0827064236819,0.938975126218706,-0.2413521112522715,0.047627851296661576,0.2404297371738762,0.28411458907232334
77.28897900000001,True,-396.43398323706856,-139.98605804703067,1108.4249429659842,0.9347114346947798,-0.24813538673810562,0.05168894391022263,0.24914176040279332,0.2464299783791828
77.30287200000001,True,-394.5991750330797,-144.33278177400123,1107.554046901944,0.932264428939211,-0.2501816150952281,0.053927381209102836,0.25570301437198245,0.21995181675503211
77.358447,True,-388.89115822130606,-154.7242195819267,1103.017097128376,0.9349211081808002,-0.22951489088370425,0.0581115756911356,0.2643264669141536,0.22824984525544456
77.37234,True,-388.20510411462345,-155.37347815898937,1100.9887304356541,0.940622106060856,-0.21384010028888034,0.05175444210985052,0.25850327429256953,0.24641277830222286
77.386232,True,-388.0203825107241,-154.70849930341376,1099.2042330197253,0.9484738434080026,-0.19157472649425847,0.04218797203689044,0.24883060011766356,0.26827097356476776
77.44180800000001,True,-394.2606522779738,-145.760621573958,1098.2001565012088,0.9823034417666332,-0.06337516109998953,-0.01833125423841836,0.17529261925997777,0.32856612420160136
77.4557,True,-396.0252641294351,-142.72123693245945,1098.57841437251,0.9869456304811232,-0.028951915525205672,-0.034954836181290215,0.15452594762427085,0.24967214603506585
77.469592,True,-399.2315812264936,-139.4066176380231,1102.2571402883357,0.9898694828467373,0.005552909901198551,-0.046046907376541456,0.1341911116334398,0.269649176149035
77.525167,True,-415.6453431903955,-127.13964156241411,1117.8756790741863,0.9900346710502439,0.10714891749483699,-0.057417440777886186,0.07108935991157508,0.21830046495823063
77.53905999999999,True,-418.1052794949627,-123.27372679799832,1117.4298898128404,0.9881205407748873,0.12305133463650382,-0.06172665067241193,0.0683080269052283,0.10096429534604624
77.552952,True,-422.70301019900455,-120.28599840374598,1122.9188267570682,0.987070868396495,0.13471818491799528,-0.06358103988018951,0.05915710255872733,0.16054181798862266
77.608528,True,-377.7675489406408,-98.1374633737329,1008.0626323325115,0.30470835053966633,-0.5496322545058709,0.2861470083842493,0.7233098198634758,0.5436196914713541
77.62242,True,-385.2454161064731,-95.35306048173112,1017.4739604425872,0.29924329574213493,-0.5513084296501983,0.2859636311687282,0.724387511625382,0.5232524697164027
77.636314,True,-453.96425857018414,-97.76337374305137,1148.42525572031,0.9834677511398858,0.15713041080533008,-0.08861444335008901,0.015770126751482084,0.1556511268324369
77.69188899999999,True,-420.61461190089926,-80.42477311436292,1048.33749851453,0.26595670950436473,-0.5820661018185659,0.25215672310710363,0.7258671150942418,0.380049633523141
77.70578,True,-426.4345500964567,-77.77283166015924,1051.3749920863286,0.2604494607880755,-0.5921564377941173,0.23761359272074264,0.7246079023227137,0.34855965429695335
77.719674,True,-431.6342901197795,-75.22946677015439,1054.2179695735624,0.2562086139868574,-0.6020718262414751,0.2214580015803516,0.7230650148508262,0.30920627530945227
77.775249,True,-508.1466587087485,-62.19712600704722,1183.5025552137322,0.9896749956332799,-0.013898722110133441,-0.1418339245453887,0.015276334312448805,0.18614737229226822
77.78914200000001,True,-510.3818316254321,-59.668686773808474,1185.7569325876107,0.9885087535754508,-0.04468520193547723,-0.14234952509067555,0.0242958749411025,0.16760630648338695
77.80303599999999,True,-508.72923328771304,-56.73655359226935,1180.6748021930953,0.9865868564140581,-0.07249856500382351,-0.1428121257855559,0.03154408901876646,0.1945226126301255
77.85861,True,-505.349942124509,-47.54034480531342,1180.40720321724,0.9737612597825321,-0.17292190211274075,-0.1331778263017782,0.06442585892311432,0.1943997286303948
77.872503,True,-502.9953365095466,-45.38544427867273,1179.0408158136777,0.969881089737074,-0.1924367337854872,-0.13113205576356896,0.07143639976664241,0.1928555692750083
77.88639599999999,True,-498.53761516024247,-42.75868971880544,1174.7855432834083,0.9668777249264049,-0.2075489253701188,-0.12821243938403504,0.07504984347780665,0.21711314555165545
77.941969,True,-480.6016169421798,-33.10938446354841,1165.921053051598,0.9538839658256139,-0.26733150574290404,-0.10404733765750593,0.08839342342287376,0.23077019914157523
77.955862,True,-475.76489736921855,-30.576682563715053,1165.1448112469943,0.9497002481985068,-0.2829455719446801,-0.0963136778588335,0.0934607797201451,0.28109310643079716
77.96975599999999,True,-468.996545326145,-28.266024332001866,1161.1982602339062,0.9457376185542311,-0.29840228795095625,-0.08437939769475081,0.09703890272296722,0.321481622536834
78.025329,True,-440.03975360947135,-19.65979654334686,1147.963297363089,0.9211681701900398,-0.36897489819671936,-0.04324591849055556,0.115915992267514,0.25757047580751985
78.03922299999999,True,-433.9733450260778,-17.443349638953475,1147.6695236801484,0.9142256994159937,-0.38536398825579754,-0.03418009931072805,0.12048936838589262,0.2902763148689816
78.053117,True,-426.5269459820433,-15.327533218988915,1144.1759100352629,0.9078807682655463,-0.39982326410251223,-0.0269194972961504,0.1231633417916913,0.2778741636496087
78.10869100000001,True,-399.8757302250481,-7.614927822069166,1134.3490878260284,0.8897957183541126,-0.43909352343102803,-0.003965091725226846,0.12427684952244436,0.3012876117384225
78.12258299999999,True,-394.13591267997435,-5.986309512015755,1132.846231757903,0.8882325426161025,-0.443005407061601,0.002351570567485984,0.1215879503395991,0.3142965975013727
78.136476,True,-388.34120582000594,-5.03910073583915,1130.1967810191766,0.8869753878281401,-0.4453977131895688,0.005140223147465309,0.1219389871149403,0.30245726115213484
78.192054,True,-373.93678492561577,-2.8623509545506587,1131.4664704558015,0.8890293684055282,-0.44358478452162436,0.028604836151702517,0.10973187505053462,0.2774951256161277
78.20594899999999,True,-371.6618244277011,-3.1271067807779707,1131.4954046494481,0.8922831493213759,-0.43884327611107926,0.029436666909373757,0.10188642250314135,0.2974828015339533
78.219837,True,-369.7651831857497,-3.396204513230213,1131.0942575478505,0.8952674347801078,-0.43334044126043303,0.029755597208413743,0.0991306543165591,0.2542885146431219
78.275415,True,-375.8793469298193,-6.576869239416727,1141.2033741611679,0.9173777801822172,-0.3895182684643547,0.02800477546307836,0.07687170813596461,0.2567102628213903
78.289304,True,-379.16963996713963,-7.995594949704766,1143.182203011466,0.9251967466920633,-0.3722296560402949,0.023410447087868002,0.07005721976849762,0.26389393843853204
78.30319800000001,True,-384.20870028932615,-9.314452722681121,1148.1403287116402,0.9332932861165977,-0.3526609760468363,0.02035178795622453,0.0646504662810731,0.2507211721752354
78.358773,True,-411.2138034708691,-19.093470770953516,1165.9924109557303,0.9629250707401887,-0.26605800374472294,-0.005765799563113441,0.04421766998354333,0.1802349515559642
78.372664,True,-418.74766591473195,-22.563462049203856,1169.6526899222968,0.9687103155829028,-0.24372213224026512,-0.017266845999744294,0.04360851715838012,0.20017108280042012
78.386556,True,-427.7185555807599,-26.704671836615198,1175.586906222223,0.9739462825507501,-0.22193509877358908,-0.025119091920245595,0.03927444282270582,0.16690951425415715
78.44216499999999,True,-462.6777013006253,-45.7219630818798,1197.655022741718,0.9890820281106956,-0.13063741309897542,-0.06424924356355322,0.022861379414909726,0.11441691954819908
78.456025,True,-472.0497879978458,-51.39537129070633,1205.5085795103635,0.9915377349685921,-0.10708709112171143,-0.07144291038967407,0.016768589788570015,0.1343168393534198
78.469918,True,-481.4844529931708,-57.52847712986378,1213.8766807742268,0.9936071378088464,-0.08128160050853407,-0.07793586270853159,0.00800989500307319,0.12317051102660916
78.525493,True,-509.9569527278231,-83.57297896622326,1234.5816232349027,-0.9944165304906232,-0.03288572183267523,0.09739635061584388,0.023837870568720627,0.18389173993282057
78.539385,True,-515.097062964912,-90.70452828484235,1237.4997514711968,-0.9925784450491607,-0.061159373632531905,0.10043917749761858,0.03097633071021149,0.09648732945656595
78.553281,True,-521.0472272957373,-97.92722671885781,1243.637827165557,-0.9902182933668066,-0.08863400250460274,0.10119208650496572,0.03703925904381455,0.16436231851269933
78.608853,True,-481.6517417190382,-123.18735783043257,1160.1641024464054,0.26123537733491486,-0.5562483436478349,0.28843136502505495,0.7342691641949214,0.7919805290652323
78.62274599999999,True,-528.7715752888796,-134.6861510370914,1246.6186042805289,-0.970270421502892,-0.2094191700079165,0.10272000157047345,0.06455634490239795,0.1381437310420356
78.636639,True,-528.4395478928823,-141.78341113307798,1246.8826654247857,-0.9659616881361642,-0.23083842883835826,0.1001570899189221,0.06000161800770841,0.11362836924804542
78.69223600000001,True,-513.9397769804573,-167.02958426538387,1240.0865480283207,-0.948460494644099,-0.2999674962995137,0.08369648717896845,0.05862669440769357,0.17988717039325794
78.70610799999999,True,-507.0239269929203,-171.30339863046953,1234.4292939384757,-0.9442582111322548,-0.3153847793977777,0.0772376935146799,0.054251362508803115,0.06296345006701391
78.720004,True,-498.8790386213028,-174.50338608870786,1227.6527095969186,-0.9403205646305773,-0.329211112949998,0.06900324203068545,0.05153475945719288,0.08661542559687155
78.775578,True,-465.59318270856494,-179.79642878655707,1206.6620894616092,-0.9283268597637707,-0.368197023700003,0.030294924546646285,0.04150193641637353,0.08590432047854556
78.789467,True,-457.7117223345109,-179.7128979070676,1204.383138734705,-0.9270422367389369,-0.3724859118350064,0.019538435745445934,0.038277752221545676,0.034840741998056354
78.80336,True,-448.94699125790834,-178.91584363791637,1200.551176023699,-0.9264420732168132,-0.3743411202991,0.012663045786513909,0.037595982476273056,0.024823460217819678
78.858935,True,-410.97438748334844,-170.5065911683279,1179.364476250056,-0.9290219840558529,-0.3690991088578563,-0.011593528444608377,0.023443358962980904,0.028048673765977344
78.872827,True,-338.4513715407352,-141.21874263842273,1028.5862401482243,0.36080518112283977,-0.40189094847947116,0.4598809700035412,0.7048494734578357,1.9214145299080092
78.88672,True,-392.5950052199171,-165.73922123345392,1170.286409254226,-0.9329918940998297,-0.3590959249035875,-0.021070248295617242,0.011501604166830106,0.03216135716447294
78.942296,True,-360.1488849985366,-155.9643059367902,1151.6805738493313,0.9475029810280102,0.3157006564295997,0.04180713490653,0.028694249316916068,0.08228474014862393
78.956187,True,-354.28701626326716,-153.7973313178981,1148.3542785434806,0.9524578742652925,0.29935108421791823,0.04339344198526749,0.03646827827398359,0.11287450613193849
78.97008100000001,True,-349.5767851909416,-151.28907548310013,1144.6738192685925,0.957366569512242,0.2814038125539305,0.045499070034128154,0.04680791051204306,0.09018747129510253
79.025655,True,-346.1046347468135,-142.58157231795047,1143.5326182968026,0.9752670618994008,0.20549032644820242,0.04513049968306655,0.06775781658730146,0.12082555904824505
79.039552,True,-347.4832971209733,-140.6303600562166,1142.81443316608,0.9790528827627976,0.1883655326264288,0.04008657757143805,0.06608286593987057,0.05568127863894889
79.053441,True,-349.3843205695886,-138.8020903047377,1141.6055934650713,0.982093020063407,0.17157391936794408,0.03516759165849489,0.06941851793578133,0.11185571683506894
79.109016,True,-365.3100271005828,-136.20511537339434,1144.3165556787073,0.9893651000327315,0.11921588670984747,0.006507126778643474,0.08307784598973829,0.13870328064249618
79.122908,True,-371.0164628947359,-136.67054489191582,1146.9846338711375,0.9902531903261286,0.10744450846152757,-0.0009152726299131816,0.08861974343450718,0.11771978373020572
79.136801,True,-376.13893681455596,-136.9178196057149,1147.311262860798,0.9910618463750468,0.09591864646015126,-0.009893971405489362,0.09218535269099441,0.14232572972985952
79.19237600000001,True,-402.0212972778794,-142.85108374073266,1156.9570550851151,0.9909064771228044,0.041727857057633155,-0.04671760473634767,0.11908234524541875,0.1189368835285558
79.20627,True,-409.70483578635685,-144.7830082145459,1161.1264967770724,0.9900039972073637,0.023677346906164375,-0.05650783436698576,0.12703674040245488,0.20546492052473683
79.220162,True,-417.58950820709686,-146.5516564694654,1165.388725471581,0.9877799016608626,0.002956486500624604,-0.062887262107673,0.14257390128291034,0.23189220476520803
79.27574,True,-443.60499167497517,-150.68119813244425,1172.1062125380279,0.9731779777919375,-0.10907606287429232,-0.08787859786006195,0.1824948987966186,0.2757253948193745
79.289631,True,-450.9031434471618,-151.40224533224722,1176.4864309074062,0.9657764626515877,-0.13850727685101835,-0.09356989510093786,0.1983336410655074,0.27977446006094236
79.303522,True,-457.6655877285789,-151.82665755129034,1180.1403896639256,0.9581736890344126,-0.16501492891851638,-0.09960081513824931,0.21154888914857956,0.2556780975123432
79.359099,True,-478.2998068525148,-149.5416980401529,1187.0950300167801,0.9278022892181279,-0.2574262751552736,-0.11069620976587786,0.24629448659024297,0.3130003084199025
79.37299,True,-482.3446622700736,-147.9132942572906,1187.9031273937596,0.9189531745635946,-0.27682733168446566,-0.11112784583232492,0.25795792926874306,0.2974527766085847
79.38688400000001,True,-484.22405191576706,-146.05392408915142,1184.595316748807,0.9124033717738507,-0.29555801988670727,-0.10873125901201885,0.2614250511523682,0.2244471780267302
79.442464,True,-492.4459927157624,-133.6594467001199,1178.6863286768044,0.88053845761485,-0.3729223435705441,-0.0950357654210915,0.27667517709028633,0.2380756645705353
79.456351,True,-492.5625175675164,-129.88234945270446,1174.64600754031,0.8728065537801536,-0.3901090222279394,-0.09302848898318242,0.27815350203130446,0.2408689730480281
79.47024400000001,True,-496.3914288038064,-126.42157535049256,1179.2042022385563,0.8648302396351365,-0.4073632174877307,-0.08895758973533953,0.27966124665236547,0.21249369409947322
79.525818,True,-497.65401430615526,-112.27924134621747,1171.6759377761127,0.8661039294185561,-0.4193482812951125,-0.09148909216623809,0.256204505103188,0.2631443410197754
79.53971,True,-498.40565146677335,-109.2743372706803,1170.4856224732043,0.8731833975204764,-0.4104156031609718,-0.09181848505602885,0.24633138813116992,0.22870881034956325
79.553604,True,-497.5586183487131,-106.61713392187251,1166.6106481063157,0.880669532569398,-0.3994930107101716,-0.09238715574018619,0.23725750199300213,0.2521340357854845
79.609178,True,-498.8368882186483,-103.96190884222423,1161.9287864383216,0.9077818635575324,-0.3438532829935121,-0.08455069718616579,0.2248292409272656,0.24678303545680694
79.623071,True,-498.8006609803406,-105.49371746947341,1161.6547758184176,0.9106675005611551,-0.33528409659084063,-0.07960234136539136,0.22788757149987393,0.23315689910561502
79.636964,True,-498.09877411840927,-107.57113541225527,1159.9720623994933,0.9124130360972198,-0.3287043487402957,-0.07264073531359982,0.23276431481687918,0.263646902772633
79.69253900000001,True,-492.4945189147428,-122.98205877933577,1154.1801349508012,0.9027122430929474,-0.3389001216647662,-0.03209558064342555,0.26311059919521984,0.23152455385534482
79.706432,True,-488.7469476886644,-127.71767848869274,1150.3659980926689,0.8986198479224,-0.34570279543099486,-0.021406992363484503,0.2692836549608389,0.258472241351277
79.720325,True,-484.7883825489933,-132.8895163879379,1148.0255861197288,0.8949792786728558,-0.3518534636045265,-0.0074030866236539025,0.27414672203795426,0.23392187662892877
79.775902,True,-467.46995164193504,-152.82768337635554,1143.1292484863102,0.89175579116635,-0.3592514338289511,0.06317927229868331,0.2678029046984535,0.22559413678717855
79.789792,True,-461.5525612010098,-157.1748338029,1140.5227973744911,0.8936213706567532,-0.3547527095201366,0.07993401271922,0.26306256785082677,0.185055508010336
79.803685,True,-456.4660373369675,-161.77771674491555,1139.594288372264,0.8982547784069967,-0.34648618407094356,0.09545420481201636,0.2529311607941165,0.20042319908985803
79.859262,True,-436.4755162581035,-174.8556025030974,1131.8358721982227,0.9256025978740223,-0.2882657932405125,0.1430696716675202,0.19923285950170708,0.2836332696905752
79.873153,True,-434.13134113467106,-177.12888533961174,1132.685406280058,0.9333278253295441,-0.26978408838769413,0.15228657264466114,0.18145113918239053,0.18363941942866002
79.887045,True,-433.1069107948902,-179.2827751949941,1132.6119624597973,0.9401549647421215,-0.2515835663201675,0.15933654728596544,0.16560862334840404,0.25815748467669003
79.94262300000001,True,-437.1257316288503,-181.57918071217065,1125.725460775903,0.9747676807457153,-0.14997861123794182,0.13676484352051654,0.09289651404421,0.3088516942282516
79.956513,True,-440.16844690730375,-182.11554086720648,1125.1074588776369,0.9807156936707394,-0.12210240781551114,0.12845893318981821,0.08237737964580542,0.2658700122181862
79.970405,True,-445.62817654315967,-184.13287892382823,1128.9938570295217,0.9851015112192013,-0.0956167329037197,0.12576555166079745,0.06793731668177477,0.27339665335116736
80.025984,True,-462.005648756312,-192.86622764374772,1127.3680505668692,0.9927564927665129,-0.008526244755826473,0.11787473748979845,0.02161933121091767,0.2497235764405651
80.039874,True,-466.29506638528363,-195.1060060145907,1126.1173039241883,0.9931443487812044,0.006506433409820556,0.11424794899034485,0.023861579154383278,0.22644749338595463
80.05376799999999,True,-471.2101942672636,-198.58682935620624,1126.5462645437797,0.9938865657885371,0.020609592470227926,0.10756739126520051,0.013928222416323471,0.1468154292219578
80.109341,True,-483.4450001747153,-211.39773705593754,1117.9207228026326,-0.9942186034156615,-0.07883751446177391,-0.07031435685823224,0.019232944530531856,0.08054453895566274
80.123234,True,-484.9814215519477,-214.661389274569,1114.5732681762331,-0.9931147314531946,-0.09505461223361163,-0.06356116855562395,0.02545051503624716,0.055504459645553846
80.13712799999999,True,-486.67043050837094,-217.90864631073848,1111.7557837017255,-0.9914277233308086,-0.11251778352506789,-0.059388626597399366,0.02972892249258214,0.07075092104310482
80.19270200000001,True,-481.25079895205903,-224.24016783305592,1087.1375386968064,-0.9807777995207789,-0.18582126306704644,-0.04507370504623437,0.03890664818191731,0.09418918769861583
80.206594,True,-477.6221658646262,-224.1177561934295,1079.268109233905,-0.9773463724774265,-0.20266771439886672,-0.044350050674179645,0.04186811138267786,0.08302138673508891
80.220488,True,-471.5689498842138,-222.36656629628834,1068.4983717145126,-0.9739566721916137,-0.21711658456183194,-0.045383289751378925,0.04700155755913378,0.08232305483579916
80.276066,True,-449.08754009480157,-213.31725352566943,1035.320130227146,-0.9588535994926957,-0.266989596854548,-0.07355648001801358,0.06249619315371741,0.11726312978053033
80.289954,True,-440.6910969155919,-209.19209504056855,1023.7652791475591,-0.9555437779379118,-0.277306286097832,-0.07570828921017214,0.0656168200969784,0.10376892881355937
80.303848,True,-432.8237643951721,-204.9086050210372,1013.6000666188418,-0.9530932334862824,-0.28509285926824546,-0.08096088172831489,0.061487279226623254,0.07167238502292028
80.359425,True,-403.9642148536023,-186.1517312558493,987.1743153601223,-0.9522117197094963,-0.28629621067576866,-0.09382607682818252,0.050239306400582995,0.07336528646869131
80.373315,True,-397.4221867705438,-181.05548557460085,983.4786036498169,-0.9541677211804355,-0.2790895591016375,-0.09866115997569735,0.044033548233568885,0.045466567006121464
80.387208,True,-389.34331544646574,-175.03302685428358,977.2145752907743,-0.9564520511647531,-0.271675615822899,-0.09994002234056891,0.037467659715435205,0.07420667833683084
80.442785,True,-366.41385965575984,-154.48039965530643,972.0605989016336,-0.9639203947668804,-0.24387300635123468,-0.10467100466232862,0.02067389921255513,0.11029641597240998
80.456676,True,-363.1562993155445,-150.67941338303876,975.3006129477291,-0.9647300336566573,-0.24021878454038495,-0.10554580581663044,0.021236303569192188,0.0943370999530858
80.47057000000001,True,-359.2190161271303,-146.74140101996366,976.0081146247427,-0.9656166299395588,-0.23698031840278116,-0.10536181445812196,0.01799279655801252,0.12425858404150605
80.52614299999999,True,-351.9484275897489,-140.88603247959588,993.3624390114337,-0.966768204612288,-0.23655841802437916,-0.09590980991339255,0.014165513577459371,0.052571394226089814
80.54003599999999,True,-351.97735858099793,-141.62466511231239,999.7527646932233,-0.966976280422395,-0.23766858336893198,-0.09094429712277882,0.014129840788845497,0.059350852193414086
80.55393,True,-353.18040039694824,-143.71887527109283,1008.5492585711137,-0.9668760208743267,-0.2393404739533542,-0.08756032522717537,0.01414521940882455,0.10323804871045753
80.609504,True,-359.0211502240862,-159.8832308493121,1040.3525356125294,-0.9680777806844361,-0.2440074193871937,-0.0566266992649021,0.008899817945406716,0.07456302433140108
80.623396,True,-360.43498465171905,-166.44964926228087,1049.7426604198365,-0.968803017823281,-0.24337275631315294,-0.04595166810029074,0.008880221835220194,0.04858936921635051
80.63728900000001,True,-360.8852980873629,-173.38333517436618,1057.609838548973,-0.9690211085002829,-0.24418882096970937,-0.03666870249257732,0.005031625166592865,0.039278409464288865
80.692878,True,-356.4030962506957,-204.57785291826806,1086.2539198906627,0.9675761029949587,0.25057010497698484,0.02064406033608953,0.02418532980449143,0.050643871546263944
80.706757,True,-352.3125041618996,-212.04542323929866,1090.4657262506619,0.966648192010703,0.25328164251947977,0.01984539717325799,0.03233949065939665,0.03528939516693042
80.720651,True,-346.8808358447878,-219.08377159575457,1092.7895498349726,0.965047496252559,0.25890604289536767,0.01477784532449318,0.03784978489363478,0.05636777330953355
80.776229,True,-318.53004825088783,-243.61097124162438,1105.1689288816829,0.9561635367549238,0.28478884068109156,0.000394817711247639,0.06816488335507025,0.10736141334693053
80.790116,True,-309.54509931082447,-247.4571609332209,1106.8563579246518,0.9551991448612347,0.28578097744628544,0.0005830041454048576,0.07696419097462172,0.18208875789248283
80.80400999999999,True,-298.77828394537215,-249.70179201570335,1105.5699722409263,0.9552947882888533,0.2835315459460058,0.0005550439305208091,0.08379392488634396,0.12872182799340062
80.859588,True,-250.3756830132726,-249.8878334328249,1099.6916251856055,0.9613653881209744,0.252478078064611,0.01969618339630616,0.10790491638209611,0.20512408150724423
80.873477,True,-236.69532550822822,-247.45520844712658,1095.9279615277592,0.963339242031885,0.24063967607276185,0.025582612773848816,0.11582564907952353,0.30271045432016036
80.887371,True,-222.71834224130663,-244.6404852064943,1093.1765601467591,0.9657900455652817,0.22743166904593587,0.03198386668673353,0.12042199165333554,0.3114972816545011
80.94295,True,-162.88998017530994,-223.791168989994,1066.7620115486436,0.9723285632800185,0.171364120263018,0.060075819079431006,0.14697754685064196,0.282841012932105
80.956838,True,-148.61488852577367,-217.65837850928148,1061.12037499792,0.9737215359296816,0.1579125904973743,0.06572473728638072,0.15036702809388358,0.3252463091527458
80.97072999999999,True,-134.6660991780245,-210.84111707057383,1054.8636061252867,0.9752128511778041,0.14548546732550297,0.07020744203876951,0.15121107359287822,0.3212376974715116
81.02630599999999,True,-82.69314908820382,-180.65093789206574,1027.788943097579,0.9801744153367785,0.11120229854153565,0.07570375038406578,0.14546857563085794,0.35540597531967383
81.04019899999999,True,-70.51842363543119,-172.52528556550646,1019.8439471884503,0.9809427178435407,0.10654123376039713,0.076877974556682,0.14314372793315966,0.4136873136175659
81.054092,True,-58.51552353476334,-164.5319132919089,1012.5430209908878,0.9816452771265737,0.1037806532530412,0.07460723120874295,0.14154817892445506,0.43263850196120934
81.109666,True,-17.015013804358617,-134.50074146241258,988.4266128610275,0.9847404150883974,0.09226109989820397,0.07369964990758268,0.12783804574775157,0.31686056557614634
81.123559,True,-7.563517531515669,-127.36071123797616,981.6524105530826,0.986026817794441,0.08619883551646401,0.0711804661484137,0.12350796162461773,0.41664353223497896
81.137451,True,1.6302037219423493,-120.77720269506155,976.5795228219597,0.9875767919052515,0.07804682191046572,0.06941307407333708,0.11739931357336371,0.35847086579747
81.193026,True,33.36144768193852,-98.98126805227619,955.8054333343565,0.991421480217738,0.038231642783382064,0.0660536965089832,0.10610701781904898,0.3276962437136349
81.206919,True,39.79785063478277,-95.02196909552771,950.1769590727014,0.9924710289189607,0.02828777925945412,0.06283189566977156,0.101258141340097,0.4094285870010683
81.220814,True,45.55815815020657,-91.97911564779885,947.1043883013645,0.9931992903780106,0.019678160742777923,0.06025525298223638,0.09765881460699952,0.3740805455134533
81.276387,True,59.69889852148901,-85.49214962909195,932.4006668157939,0.9936224910767074,0.0006797471133846888,0.05669285424654261,0.09746693515116117,0.36662763758780054
81.29028100000001,True,60.68783379959364,-85.03913344514305,929.7711851964425,0.9935556805698186,0.0008630492003097436,0.058367983919172355,0.09715731164834522,0.34045619047175124
81.30417299999999,True,60.20536312409221,-84.8338663459875,926.8687833876719,0.9936655408064277,0.004061693591638196,0.058587748888296515,0.09581112325424114,0.31710416418816245
81.359751,True,45.17342762211429,-87.69046647779304,923.2121537939057,0.9935417251853612,0.03796269720261809,0.05358013017435984,0.09253563414867477,0.33400672025401673
81.37364,True,38.58675540862839,-88.87720872919738,921.6056599535685,0.9932871531660249,0.049739714689968795,0.04895504062816469,0.0922496402973421,0.34821083559061566
81.387534,True,30.80501581723811,-90.55614645620368,921.8468637720339,0.9930299820547848,0.06091836273231729,0.048071483663832175,0.0887104293792187,0.396038443595816
81.44311,True,-9.32174979986121,-99.03827179139746,923.166992215841,0.990206179897916,0.11005097315194884,0.04096417330730437,0.07551450923851652,0.38613710644460164
81.457001,True,-21.17513354022864,-101.85917008789626,922.8492582951249,0.9887139863261262,0.1252315738393974,0.037419222515970865,0.07322231861330818,0.2967042487073405
81.470894,True,-33.6047201467454,-105.00835986112597,922.2268111099035,0.9868427560596817,0.14138846134240682,0.033914224047129314,0.07071423632507899,0.29526944934405047
81.52646899999999,True,-85.2152281592913,-121.69645507181252,921.9418450303589,0.9729763167486545,0.22161178648527824,0.03630650004667015,0.05373212438929264,0.29477753548815566
81.54036199999999,True,-98.28450769620099,-126.24228079176439,921.5924753799507,0.9678704225181745,0.24287381957103024,0.04300100690661586,0.04888830521184228,0.2302638871322796
81.554254,True,-111.19760644085635,-130.73505043904092,920.7658067933293,0.962575140842968,0.26314009132595406,0.049493036089176254,0.04191455530939625,0.23351528009468692
81.609828,True,-160.21618966832128,-148.09013862028704,915.2222618007696,0.9394988177843487,0.3340068422018565,0.07338545451382289,0.019899140935109146,0.13663501106102013
81.623721,True,-172.08071342252458,-152.370039571809,914.9590243207915,0.9337173822320004,0.3491426799705653,0.07809044576826467,0.01315756134341092,0.11565670652432092
81.637614,True,-183.36931088898362,-156.37895604070448,914.7745842053921,0.9282769704174166,0.3629350688155981,0.08095291497129005,0.005160191288166009,0.0222642781350962
81.693189,True,-222.62234850519584,-170.5182549573553,911.8104838244601,-0.9095295273839825,-0.4041418772358318,-0.09165074678447271,0.032023780145629184,0.05304344626122297
81.707082,True,-229.96436676811234,-172.62963118310293,909.5978018833337,-0.9073725764822914,-0.4074907680369443,-0.09636207101860433,0.03661465118712331,0.06340432021839597
81.72097500000001,True,-236.80149114449873,-175.12225294915038,909.1091667084861,-0.9076232564625013,-0.404502197857516,-0.10458860511735134,0.040733523496629516,0.0527411388233966
81.776549,True,-251.41930881166894,-177.21977789492365,903.1295808774694,-0.931466115485169,-0.33251893479184413,-0.13894340449678624,0.049967630068971494,0.06293817314378802
81.790442,True,-252.77372527636794,-176.7766898894483,902.9108935665304,-0.9418397816041534,-0.2977191355615843,-0.1476241876167554,0.05008234558002445,0.05084394664752961
81.80433500000001,True,-251.63530814789,-175.06028560316597,899.3252589754826,-0.952752550265274,-0.25796959411126985,-0.1526410799779682,0.049142315576728636,0.03506470061724813
81.859911,True,-237.4728577402131,-168.22432653573222,890.2938327226298,-0.9841472445558863,-0.05205961428170327,-0.16909058661909163,0.012343869357223326,0.42328993947705323
81.873803,True,-232.1884374181319,-166.67560006769034,888.5046192382185,-0.9853852922641623,0.002660826562644131,-0.17031256063830122,0.001541908006341933,0.3751918595792088
81.88769599999999,True,-226.51748775210888,-165.8493312718326,887.65260184852,0.9836378814507934,-0.05574566068011212,0.17129948632518568,0.00232926491833195,0.38467339905606207
81.943273,True,-199.74191697705228,-160.67546383023046,886.5867975372136,0.9540951028344993,-0.23957769061821685,0.17741336591958934,0.02880212662895336,0.4749502622637917
81.957163,True,-192.08952974000385,-159.3463138172063,886.2635124484958,0.9430723831993538,-0.27490811883688854,0.18462840765417693,0.030860287285398705,0.47210156971569756
81.971057,True,-183.97596345342782,-157.58606798367947,886.233129660707,0.9322203947956307,-0.3065209097426981,0.1881320159683709,0.04020462641616491,0.44006770183477717
82.026633,True,-150.421717157681,-148.51063421374016,888.5777851253234,0.894480282264684,-0.385570949648087,0.21734864643552,0.06324265427550628,0.45448494358393865
82.04052300000001,True,-141.78444267782663,-145.44993783094864,889.4714872319992,0.8897190433221519,-0.392253587980452,0.22422620589805944,0.06526680055692834,0.4821723446079892
82.054416,True,-133.48820553329116,-141.60078021534875,890.6524758680221,0.8877265804410942,-0.3933268488257898,0.22936219277206815,0.06803302799320929,0.4388952985502375
82.109992,True,-104.53728885235799,-116.74566184779087,892.4263159037445,0.9029298133102458,-0.3557550486325981,0.23037658355088333,0.07129324904481181,0.4668008924073447
82.123884,True,-98.59540594899835,-107.70610730495446,891.4598382474346,0.9105317473094029,-0.3363307117066752,0.23008432538622153,0.06981971581247234,0.4478033007236859
82.137776,True,-92.9473976507515,-97.95627342627137,891.1361362350807,0.9200661694432497,-0.31338768861136873,0.22616676907977445,0.06414821148609565,0.5234791315520304
82.19335099999999,True,-77.46413520180099,-50.19206575656916,891.8001537762328,0.9548843983823811,-0.20980912215201442,0.20777833356858727,0.03168725433324637,0.4481051097913672
82.207244,True,-75.44647397858334,-37.26703018551838,892.5745267590777,0.9616166260276178,-0.18403062637991252,0.20249983576518696,0.020494136150377002,0.510713608184927
82.221136,True,-74.1045773050246,-24.657189731726984,893.6729880310523,0.967335365950928,-0.16001732897343232,0.19648890179554618,0.0069896838249613735,0.5011813964474701
82.276712,True,-73.80369361157746,21.93038725569591,903.3461048381927,-0.9798477799516427,0.0909750447655861,-0.17522449174436572,0.03030258811826564,0.4447353721657171
82.290605,True,-74.96427022686662,32.464820980554066,906.6085336201235,-0.981631073067726,0.08115523119798808,-0.1693873277627018,0.03349922432709043,0.48578355116631683
82.304497,True,-76.55676715130943,42.48510456314655,909.7482026237758,-0.9832498546617577,0.07267065700951213,-0.1625743644742789,0.03883651546189795,0.4476123934607559
82.360076,True,-87.20743705185879,77.81191834502908,926.1106892433045,-0.9895514992764414,0.04482965695113835,-0.12961046089197512,0.04448888136107716,0.498975193003376
82.373982,True,-90.52607781788195,85.72386108028033,930.2603409979226,-0.9908624561922867,0.04097118682949776,-0.12158326828858519,0.041598841698261294,0.44962163439594555
82.387858,True,-94.09088079693849,92.49716633283377,935.0779508180165,-0.9918721667887018,0.0395659059964707,-0.11297951324514383,0.04312509037039122,0.3713517424769591
82.443435,True,-107.14302443820888,113.35125414818894,950.3401751078235,-0.9949355686294469,0.03619631939600489,-0.07940509427858729,0.04987856995534612,0.3379513376941273
82.457326,True,-110.13931301251918,116.02750808297344,954.4544587618146,-0.9953014466833927,0.03530714302090304,-0.07267433070791589,0.05335613870777784,0.2780722106561825
82.471218,True,-112.3118219560246,117.47450973843165,956.4185669067409,-0.9960267445460429,0.035248351455165035,-0.06372082944965875,0.05126337642950087,0.24975328804802593
82.52679300000001,True,-118.24893242304651,108.63934889771346,961.8250278457278,-0.997757335339976,0.045583708236011884,-0.04358684210949398,0.022419021246396317,0.27104618150347976
82.540685,True,-119.01305209356909,102.92805730578222,962.2144619900328,-0.9977708478074641,0.05083501750071163,-0.04045566055263857,0.015247156801393115,0.289359107512762
82.554579,True,-119.33245980132129,95.69110933450712,962.695403820168,-0.9976020501320091,0.05676154092472146,-0.038964754721269756,0.00707283067624404,0.22557335951658497
82.61015300000001,True,-118.8888639922848,55.9568971300476,962.5357883551737,0.9957034124947849,-0.07787403940931177,0.03993024696145908,0.030264231526905157,0.33418512082301294
82.624047,True,-118.36386677893029,43.63571406828015,962.4947998258342,0.9950736190281769,-0.08162151086680718,0.042028295181013,0.03741716293580015,0.23241793518162807
82.637939,True,-118.07042992457272,30.538260841441414,964.3987320877455,0.9943392737443415,-0.0852524526263707,0.045371191992414225,0.04430443485647033,0.31960691655924434
82.693514,True,-115.17472636050894,-27.203150969502524,970.1988375394063,0.9903999768370014,-0.09876744983857462,0.05005235669020494,0.08275045814621222,0.3107774684231392
82.707406,True,-114.61308955997922,-41.766556524806404,973.2728841136574,0.9888455964810519,-0.1016642232484649,0.05089633102500708,0.09622024485269103,0.36029530800749743
82.721299,True,-114.42379501004729,-56.38571829706862,977.6552323905036,0.9876390685664912,-0.10482148326141337,0.0542533452006545,0.10314117229569236,0.3549270704235473
82.77687399999999,True,-113.24293394353171,-106.09404366628758,988.9761249800192,0.9833446703362777,-0.11126513859419905,0.0633361234733792,0.1290033477015842,0.38660277255750947
82.790767,True,-113.6768528141856,-115.9163295196368,991.9866874346476,0.9831643490847681,-0.10972685044063096,0.06859824923390252,0.12900450063136118,0.352376808581324
82.80466,True,-113.95877402623458,-124.36220218741106,994.4537472772521,0.9823061302922137,-0.10783292274204796,0.07258146591749662,0.1348282535988339,0.34464827955059474
82.86023399999999,True,-117.66563847440149,-147.0622971685352,1000.1916121219015,0.9820699287179827,-0.08874473743609299,0.080011670832989,0.14581206814173184,0.3412451830492782
82.874126,True,-118.7268858591989,-149.30120545926144,999.3143388667933,0.9826622373421506,-0.07843737426934927,0.075464855625886,0.1500918424992271,0.3407317372717369
82.888019,True,-120.37570479874296,-150.66239423631467,999.357424708304,0.9832334597403286,-0.06757801404306032,0.0718067568666678,0.1533915425743898,0.4165600459566997
82.94359399999999,True,-127.28414998923041,-140.7384725721429,991.7144249224508,0.9856417903662668,-0.003749662915908852,0.053597049146840055,0.16007360005431445,0.4324155574694529
82.957487,True,-129.28481800969652,-134.92138632318293,988.9552749465015,0.9862765230664733,0.017383103636872125,0.04707710591683702,0.15729015816112843,0.38858222668528064
82.97138000000001,True,-131.31488592242775,-128.4227976233689,986.6951561794243,0.9867953051442779,0.03840799041578549,0.041031061147054154,0.15190886754425734,0.37694933701328265
83.026958,True,-138.64070730712984,-93.43249535035811,977.3231636667696,0.9851473360026259,0.12013640548153258,0.011481244306847235,0.12214807192122344,0.23786416461212403
83.040848,True,-139.1639843993542,-82.33310419226028,969.8994116984713,0.984865856005572,0.13004390911629607,0.005983084146740255,0.11442040936938427,0.24237634965883081
83.05474099999999,True,-140.49406218247168,-71.56268010354626,969.1564737290848,0.9856916270472164,0.13336835321502585,0.00803408245110954,0.10276357452371912,0.186772897609608
83.11031600000001,True,-135.16140766600503,-25.798463461739857,954.5998615502202,0.9959931760753354,0.06628324490368138,0.038752755285161505,0.045851375270684065,0.20292282519447583
83.124208,True,-132.64985102786758,-15.333204189051383,953.7902396079357,0.9976382426862169,0.03131797093960943,0.053651719319080325,0.029302123477475676,0.1427205271646412
83.13810400000001,True,-128.61099243461263,-5.163049138510104,948.872740924994,0.9977109074406901,-0.007087256132373332,0.06323377435079601,0.022895540084075856,0.15609315979692412
83.19367600000001,True,-112.73747628777272,29.168309473642747,942.0443767127113,0.9856311746703051,-0.15499709272188175,0.06258141680574111,0.02430339557314769,0.28735248936011826
83.20757,True,-109.10920591524606,36.73371117865743,942.1932149752903,0.9814564952481203,-0.18182084121571873,0.05491811359330702,0.02585208761855345,0.26712419291209055
83.221463,True,-105.79752925457154,44.13579251952658,943.2194003390795,0.9776463095157631,-0.20270030617349863,0.04972729172518878,0.02544554627153371,0.289642963580517
83.277036,True,-93.68947255788427,68.39569639395658,948.2784635949635,0.9721086509795369,-0.23181011102755025,0.03561586063782358,0.0005946319590875857,0.31118689405075883
83.290929,True,-91.09886344054277,73.02263622025825,950.3525769196226,-0.9728864948840169,0.22834393151543317,-0.03619920758356609,0.006366661816736796,0.2992737877146585
83.304823,True,-88.46542661743158,76.9894160227232,953.0209510578351,-0.9741858277997887,0.22293400113273984,-0.03426126073972224,0.009411167064343943,0.3144124522595891
83.36039699999999,True,-77.63790973374059,87.18699617375698,960.1435706066574,-0.9812743291807587,0.18724323504922877,-0.04148551807448722,0.01787774060788185,0.32164476798069674
83.374289,True,-75.17988610668418,88.3368990727162,960.8326471856798,-0.9828217184057058,0.1778071525381099,-0.04506867065567948,0.020369125206421264,0.27740613521390556
83.388182,True,-73.1111454403882,89.28497477947468,962.6365820284848,-0.9842624935559507,0.16758215691912234,-0.050565882808480234,0.024220981754583162,0.28197159497821256
83.44376,True,-67.46128926726661,89.27921789938291,968.306688537234,-0.9902992860032088,0.11061173677059444,-0.07263911115065036,0.04237838318495403,0.29378502818670954
83.45765,True,-66.52443000431296,88.25724424113939,967.6947534356727,-0.9916852072312389,0.09161091108150167,-0.07676763950398376,0.04769297909061727,0.2787114909694366
83.471542,True,-65.7609706975961,87.0494189921112,966.6401790823444,-0.9931722668889367,0.07037295763356703,-0.07771356335739983,0.05115757213639344,0.33736587526038847
83.527121,True,-66.54714891463709,80.3831381450314,961.5181142056347,-0.9932502849945689,-0.021313723413258556,-0.09832248476014961,0.05772595207582858,0.4092656508287466
83.54101,True,-67.62662831884059,78.34631045031551,959.4485072533656,-0.9914932788189602,-0.04393288661957972,-0.10511254149571762,0.0629470662573708,0.39000311663517817
83.554904,True,-68.53875890805548,76.09592501553693,955.8300418349025,-0.9896161798517907,-0.06453516294099991,-0.10944283770421871,0.06721082200788037,0.45736427125294815
83.610478,True,-73.5716344479157,65.42575474366832,938.5909820464885,-0.9829231375907036,-0.12497349337451019,-0.11526331133777029,0.07041378133625799,0.3924002158764808
83.624371,True,-74.8813449605928,62.09523282557815,933.0102171231713,-0.9821418939221088,-0.13450883682997142,-0.11313355372140572,0.06712281311229032,0.41199129802960166
83.63826300000001,True,-75.92611943889378,58.39129222627996,926.820830907592,-0.9816033211296089,-0.14222938995959675,-0.10905459655435566,0.0658241258917235,0.43192040055128306
83.69383900000001,True,-79.42845922702332,43.033933658345205,903.3203007566558,-0.9820068522373817,-0.1583981450960114,-0.09363167016781591,0.042493295124729186,0.40248693184515844
83.70773200000001,True,-79.58593071944559,38.968181705563765,897.3922655873562,-0.9823568968291964,-0.16131502868796077,-0.08687241196613678,0.037490969722048705,0.39004937232148135
83.72162399999999,True,-79.41486106168166,34.77451226285314,890.5247419357769,-0.983045777543134,-0.16334873740931102,-0.07892034894160155,0.026641467007938197,0.3879498874811509
83.777199,True,-74.4893850241212,18.439981158157778,865.1508759169783,0.9846806347581637,0.16776286209462107,0.046244923239239184,0.011003486205648234,0.24053840235756838
83.791091,True,-72.2135054335429,14.591231007768817,860.4961508978535,0.9853879734449157,0.1653879516460668,0.038052401606071,0.014470037057685452,0.09344184528583416
83.80498399999999,True,-69.308379632471,10.91388932028513,855.2233352769431,0.986677579878415,0.15876248933395093,0.030414592724968808,0.01835150934215779,0.06220337314969876
83.860559,True,-51.93019388921875,-3.250422810588235,836.3004856817013,0.9952763706012526,0.07800823235634857,0.024582789313842626,0.052300557138400566,0.2333667503393345
83.874452,True,-46.60876751584733,-6.951972922830734,831.4665362097406,0.9966119732529203,0.04643273113698565,0.02666064252102715,0.06243225439183732,0.219731325265336
83.888345,True,-41.183038305338954,-10.743593832377798,827.6289289695429,0.9967031708439131,0.0127672908885714,0.02968295280399793,0.07442249542907871,0.29769451827717835
83.943919,True,-20.57888767824225,-25.572965952007376,815.7193926917882,0.9880747548784097,-0.09123467217228766,0.03119595527178569,0.12004718130912768,0.4692548897987925
83.957812,True,-16.43031471656626,-28.8299245799502,815.774131129788,0.9857227512943947,-0.10467034427019452,0.03045218324134254,0.12832552804022893,0.455871144003894
83.97170600000001,True,-12.3592496582585,-31.90908299938672,815.6301631170769,0.9838754177928022,-0.11421212480445411,0.02926034917339585,0.13449380943724462,0.45621362471745586
84.027283,True,-0.49111059920334066,-43.36966419430406,825.3483352782366,0.9801021228049163,-0.12842467103781546,0.03160435564276428,0.14801384207746088,0.46016373828327317
84.041173,True,1.4931017940723053,-46.30665947068345,830.5669196064315,0.9792165615088194,-0.13013533156626142,0.03140910782595895,0.15235875127658777,0.4908904834954907
84.055067,True,3.3461680207051674,-49.16998613037724,834.5221512912182,0.9782873423630246,-0.1320602063479465,0.030085951818442275,0.1568719642727998,0.39986699934694847
84.11063899999999,True,6.715461920124181,-60.84857733966685,862.4653565780932,0.9745870376788792,-0.13617344123884217,0.02890898610361942,0.17550262223664675,0.42764485878240693
84.124534,True,6.388284658882715,-63.43326005326227,870.8525809312072,0.9746840462821353,-0.13324488513539,0.027159002546963035,0.1774801371675014,0.38684879771584635
84.138427,True,5.286421801162803,-65.60263548702756,881.131926703397,0.9747308284801969,-0.12779428540908547,0.028444581930229012,0.18099540984761078,0.41391330613428046
84.194,True,-3.3491827318106075,-69.19672642799945,915.143222331031,0.9798697543498689,-0.07555202648709824,0.013093626563062063,0.18432501932034953,0.4289035864718825
84.207893,True,-6.731202446391949,-69.07635439632556,923.7306219129545,0.9816563806391901,-0.05674458469585072,0.004937895269713347,0.181951695920555,0.40265559019626673
84.22178699999999,True,-10.196724400786186,-68.59455497055586,932.3548543779732,0.983185535246101,-0.03760628419115823,-0.0005354000484311366,0.1786943872060896,0.43453228999260896
84.277361,True,-29.58973208379092,-63.77409576864921,964.4099387539409,0.9873436487253423,0.04471527108036055,-0.02666446189061744,0.149806776635845,0.44064928070583653
84.291254,True,-36.05066887656573,-62.56244211955561,975.8743808300926,0.9879712959832464,0.06229348854058475,-0.03103716651180682,0.1380903106432407,0.36152661134413566
84.305148,True,-42.11180006529907,-61.094185899112695,983.0270569801477,0.9878979972952542,0.07785675185764548,-0.0390064977187074,0.1283525078287279,0.26887909537569443
84.360721,True,-68.20545455569759,-54.50851127572729,1003.2705266479879,0.9862710851928314,0.1122189942109421,-0.058541384678109536,0.10606201078052678,0.18954997081878192
84.37461599999999,True,-74.67495109842713,-53.17753769430174,1007.0833654438629,0.9863742599099802,0.11369082262103129,-0.06057334860817671,0.10232832294719107,0.1585997279055254
84.388509,True,-81.35538440893629,-51.9840691644548,1012.3094577739829,0.9867975829030643,0.1125499135861281,-0.06109985304822462,0.09914562666053695,0.17673668929497408
84.444085,True,-106.02503092206231,-47.2586960049377,1020.3672357288037,0.9871195310477082,0.09916066299210476,-0.07057321445977749,0.10383455946809322,0.12668568125985147
84.457975,True,-111.64874423761233,-46.61411917276428,1020.9360372857146,0.9874120688606136,0.09571272990417205,-0.07328810478708916,0.10239791647983168,0.20045695890106505
84.471872,True,-116.97136872865389,-45.880735708226716,1021.7726338620704,0.9871324440061783,0.09405191309514865,-0.07585038078890492,0.10474013255534058,0.15741681753894804
84.527443,True,-135.25833079151195,-46.8216943128454,1025.196261578721,0.9872585976212861,0.09836038576089096,-0.07675378802002898,0.09876513534844504,0.1826563946259962
84.541336,True,-139.7561002145374,-47.752178603147016,1028.1963316340182,0.9870809381361344,0.10461415075347487,-0.07263665809888073,0.097216340862246,0.16322969082844777
84.55522900000001,True,-143.5878634736411,-49.048666078424624,1028.6769120176307,0.9867235474191601,0.11311960870660524,-0.06839135665313888,0.09435686212330269,0.0888078338578262
84.610805,True,-159.01685494975195,-54.61176517515648,1034.930202764062,0.9823184876413066,0.16004843499250462,-0.04215612398390364,0.08750856246790945,0.16234020030650473
84.624696,True,-162.39889768868582,-55.9785877366821,1034.4492531378035,0.9809345025387294,0.17138652927809697,-0.03742215397859804,0.08362859381040633,0.18146918418266308
84.63858900000001,True,-166.59627946514712,-57.6568924901953,1038.2159374870828,0.9797051096532191,0.18234527034504874,-0.02917902023843541,0.07795309666773738,0.1641634678940812
84.694164,True,-182.2205190974505,-63.53956977712069,1048.4884004621263,0.9784805513334831,0.19931941937831424,-0.01974392858167176,0.04957577034173239,0.10043452630271113
84.708057,True,-185.68977840477018,-65.14795305063024,1052.4620120161378,0.9797418596856009,0.19486596171470935,-0.01853205270903251,0.042304944949633265,0.1063470357729461
84.721949,True,-187.8891163682048,-66.30435814098286,1052.0881234037406,0.98113596322379,0.18709030414022026,-0.020086494008977183,0.04433928871861671,0.08021766093762067
84.777524,True,-194.07400178476155,-75.10148309990703,1062.352711619515,0.9891567595305757,0.1346239556080218,-0.012147403261867234,0.05742591963054553,0.13770608623320077
84.791417,True,-194.34945776450712,-77.50466696776769,1062.567233655012,0.9903824731733157,0.12088265398260573,-0.010014706250403403,0.0665555892164312,0.17568290299239558
84.80530999999999,True,-194.02585561959725,-80.54765055969973,1062.755612522996,0.9915379028140986,0.10873285420996077,-0.007441732932864099,0.07052924435530657,0.21329054321731977
84.860884,True,-193.6664218518785,-94.51339863562039,1075.4725204081906,0.9922160134142385,0.08651030582674774,0.004049728109781155,0.08948155906305501,0.21346766332952155
84.874778,True,-192.53637578432622,-97.99476742659776,1075.5655312041804,0.9921731713533484,0.08802795672196405,0.0050012641297187,0.08842208004282656,0.18251271362601304
84.888671,True,-191.54156102717113,-100.98327389376563,1077.0320146672475,0.9914930657259482,0.0913642502702414,0.00818171838154473,0.09234248141696336,0.25660704573323395
84.94424400000001,True,-187.70535828476756,-112.61271569280875,1086.1986424092584,0.9892222518713136,0.11232454680313635,0.030269559652914727,0.08891730060306485,0.2776246331198802
84.958138,True,-186.8601768045174,-114.6074246970513,1087.229422048324,0.988295959332537,0.11661454156652151,0.03909419818437425,0.09024294504575656,0.2566859135413997
84.972031,True,-185.67558147874382,-116.09938440943202,1088.3452284400091,0.9876649401300096,0.12141049747381527,0.04440100695807376,0.0883516141462881,0.26209736645806836
85.02760799999999,True,-183.03730126545202,-117.18434979101804,1091.2535711271505,0.9854437308896214,0.13341785630898012,0.06309242127703932,0.08437816806295662,0.21863002308433066
85.041498,True,-182.12047087935807,-115.20811164967269,1088.5706893284944,0.9849565912844556,0.13374353928141333,0.0648302242757701,0.08814885708924537,0.1601732315901374
85.055391,True,-181.14892182784914,-112.83578430348248,1086.0895717512,0.9852588592794531,0.13286896976723972,0.0637029078536193,0.08690659707603635,0.2585459474001541
85.110969,True,-177.88125673824334,-100.79903791703995,1084.8553193731236,0.9877078140742384,0.12481382458372803,0.0688789055077556,0.06411302196532212,0.2639557369233622
85.124859,True,-176.60245941326968,-97.96245485814696,1085.3027263143304,0.9881969024520804,0.1230705750553429,0.07052009095527505,0.05785699881017382,0.24849881203628235
85.138751,True,-174.68138304884275,-95.01538563500749,1082.8358529436312,0.9880626685167871,0.12222825231104657,0.07320752070798782,0.058592459687764706,0.2561803135601828
85.194326,True,-165.52854242528505,-86.9098585830309,1082.2008610647908,0.9870234969950246,0.11912166875975222,0.08387078678950888,0.0675302564404519,0.2742318739217795
85.20823200000001,True,-163.35490737763368,-84.75998147817177,1080.8688157832837,0.986617135097181,0.1201649992710563,0.086011407236028,0.06891327526751377,0.30491018711462464
85.222111,True,-161.66932200207754,-82.90972502556711,1081.7517301718467,0.9865477234582253,0.12280639301359611,0.08528410628990749,0.06609690150615989,0.28137826115605974
85.277687,True,-157.34058901996613,-74.62863527439931,1084.3141746831816,0.9848325740061555,0.13932418252007434,0.07734214091940848,0.06864230896120835,0.3200768596782751
85.29158,True,-157.0726065368239,-73.0360303827262,1087.3695788649995,0.9844122533264452,0.14062482655103606,0.07698504252949244,0.07232203595705751,0.20612537400059958
85.305472,True,-156.1822070544056,-71.25234875057146,1088.367030643979,0.9842744795649647,0.14041740806505779,0.07548221698748726,0.07608636742585895,0.2768289215888836
85.361048,True,-153.25721507093888,-63.81472124085829,1093.118720069475,0.986351886303726,0.12359199485825954,0.06378787594622262,0.08812537701653428,0.1928390680203842
85.37494000000001,True,-152.22828256293428,-62.67016672318824,1094.9411663758465,0.9876426156669335,0.11604888223328036,0.06112166313105735,0.08578381518140611,0.19988497041937908
85.388833,True,-150.98699054180258,-61.28216895386724,1095.740611547722,0.9884420718238228,0.10733335949666417,0.060498981823225356,0.0883271973185013,0.1875748374535641
85.444408,True,-144.04627926843523,-59.14323571201474,1099.5518109647696,0.9911094689338125,0.07305231388018386,0.05228144988189909,0.09814290613556288,0.28335428529602336
85.45830199999999,True,-141.7729918886457,-58.776602283275906,1097.9577501973072,0.9913714171957959,0.06773978738304216,0.04760462001433102,0.10162595399695283,0.29443482641604374
85.472193,True,-140.45404788895104,-58.71142579995252,1099.9742334712248,0.9914248377114631,0.06247624249556285,0.04584898083112738,0.10522063129055007,0.26380088298938253
85.52776700000001,True,-136.42041790957535,-59.73676386499113,1105.161309970685,0.9910711128863202,0.058239020099625914,0.033888774453821074,0.11505571131466677,0.3417482488037336
85.54166099999999,True,-134.85019601392307,-60.0298692717257,1104.681709290527,0.9907807280674725,0.05904486114582313,0.02929342872638709,0.11836024795433439,0.25013298379899
85.555555,True,-133.1519174434946,-60.80888568314995,1105.959893600778,0.9901397647329789,0.058178630699308814,0.028116605974241936,0.12428978112847287,0.23969125488968918
85.611128,True,-123.22291629383015,-63.61082763206728,1104.7715547504317,0.9893080362523398,0.05625990212121104,0.0198939318000968,0.1330739053961527,0.300150840857277
85.625022,True,-121.39177751939609,-64.14551039094924,1105.129125383787,0.989381371304957,0.05603411745961899,0.020367867478686026,0.13255123450807801,0.2422290290688603
85.638914,True,-119.25963607326048,-64.72139805677725,1103.0634304062519,0.9887242599407445,0.05571602685405718,0.019196204182561547,0.13766469373520082,0.2884822938802662
85.694489,True,-110.11989229687936,-68.96831850452406,1098.1714801288688,0.9874752368216762,0.05170757991258593,0.022699501843534673,0.14732180917845675,0.292146829782969
85.70838099999999,True,-107.44383918491842,-69.83292243532945,1096.0471546846966,0.986802667303111,0.05148743811983771,0.024690647602928946,0.15152528317171873,0.3909868702104193
85.722274,True,-104.08270145342198,-70.528204497369,1090.1796739595782,0.9864567196905198,0.051023843490364464,0.025651847510322862,0.15375854542820525,0.36352073300379845
85.777849,True,-93.44625287605206,-74.47697176606832,1079.2998707476177,0.983954637231459,0.05333189914722639,0.03189883208634919,0.16724665890709178,0.3263556717037044
85.791742,True,-90.67171335179175,-75.41752093622274,1077.860843212595,0.9828192155998328,0.05254539669855831,0.03474125878741073,0.17348894970973427,0.3597927700622372
85.80563400000001,True,-87.19618886745496,-76.16304408073263,1072.7482926315552,0.9821917164642501,0.05280100745709631,0.03420777087193425,0.17703478226749425,0.31782440379293636
85.86121,True,-75.17612263106514,-79.29479207414184,1056.4380716319763,0.9775421885058458,0.05137613694329906,0.0470860091207057,0.1988835588706857,0.37984763951347134
85.875103,True,-72.35945713907441,-80.85235166304916,1055.0868539295757,0.9773459118351698,0.05202646255363233,0.052465682558570995,0.19833196405748355,0.32834162031168407
85.888996,True,-69.06219529970068,-81.87478102944186,1048.4752879240234,0.9759754920387552,0.052418796718039624,0.05653298443919255,0.20378451943349526,0.34702391633667706
85.94457000000001,True,-55.7742291905038,-86.90452245833481,1029.4809247575117,0.9729594741710434,0.05249914951390272,0.07375668676130416,0.21249388715706305,0.3338311369904304
85.958464,True,-52.48011772020497,-88.39018939577107,1024.979524485723,0.9732866943980438,0.05164158209016832,0.0783734356300999,0.20953224595390502,0.3472895818942757
85.972355,True,-49.06199037034728,-90.13982294133102,1020.1255394445003,0.973406393562183,0.05110957139129652,0.08087284953424805,0.20815231656811603,0.3280110300173273
86.02793,True,-35.73248849406078,-96.13886110769549,1001.957414196413,0.9724748583267381,0.053753854623222096,0.09272256069431398,0.20689538364551635,0.2030831764297038
86.041821,True,-32.27605798801014,-97.37350855485053,995.4168896051156,0.9716719752643574,0.05534184368685076,0.09315246642827019,0.2100320709356841,0.25377577779418037
86.05571400000001,True,-28.984232302726724,-98.68014481782234,991.035797064478,0.9712323907784299,0.05532331310495588,0.0962188275748595,0.21068676121205498,0.2320664317186693
86.11129,True,-17.198901997975433,-102.93015123760168,970.5789428912365,0.9713649726024011,0.0549145719227958,0.10501566586996228,0.20592763222443236,0.22972114980212904
86.125182,True,-14.610779588126425,-103.69885963341855,964.5925670220638,0.9712398497695127,0.05491942533584259,0.10712671832592346,0.20542852080758714,0.18313287402133033
86.13907499999999,True,-12.190133376099812,-104.31105778803978,959.1565825250241,0.9709794292923798,0.05486164810671076,0.10988747562882088,0.2052166907392897,0.18341771262112547
86.194651,True,-3.3321080648518624,-106.56420372680013,938.3276110040161,0.968910548096454,0.05546393918138125,0.11519682010172892,0.21181547128659634,0.21882852915059703
86.208543,True,-1.2810405748096856,-106.98084287284286,931.9246428803804,0.9688789953867979,0.05529262364859009,0.1164607335627358,0.21131283824309918,0.22062871651372395
86.222436,True,0.4685051263351788,-107.4145205104117,927.0844737745713,0.9688645713853492,0.055378497267416685,0.11749773611751488,0.21078175054293774,0.22050681538202388
86.278012,True,7.5028852621810245,-109.36158759547385,906.4233316974864,0.9718129629327069,0.05538212542619295,0.11605388996622862,0.1975952425614982,0.28265268769994384
86.291903,True,9.295690446283013,-110.12365107297123,901.26010487711,0.972433115621036,0.05525210193588238,0.11589420653431011,0.19465244351668115,0.30079665622129
86.305796,True,11.286391522496013,-110.85735585708271,896.5661473442788,0.9729539311817361,0.05547045873703427,0.11249202912002057,0.19398252341375702,0.3324554464907612
86.361372,True,19.49511670507635,-114.60017596136964,877.061506986458,0.9745886771134421,0.0536159326885556,0.09604655386313207,0.19513406082799462,0.2478646241547385
86.375263,True,21.578497844848496,-115.28439584644994,871.1098013019044,0.9741247488127844,0.05261258110419165,0.0905058679224945,0.2003037142231279,0.25905841085282705
86.38915700000001,True,23.560622159172855,-116.1923855367242,866.8509066807854,0.9730534255702109,0.05101060478731666,0.08481660123814515,0.20825727679896325,0.22656703393165795
86.444733,True,32.7559859614974,-118.72179010847292,847.6873806746116,0.9689034103795159,0.0397677047431263,0.0677046060596629,0.2346503725390455,0.24403642003417236
86.458623,True,34.96135025313322,-119.48222832173049,843.821969964582,0.9693031137071979,0.03649810444221157,0.06513405934024614,0.23425822598900894,0.1869195218383266
86.472518,True,37.44403164278119,-120.26542848221477,840.3977759440568,0.9693889633738989,0.03234768951424178,0.06344120311538415,0.23497633587074393,0.21527991839521252
86.528091,True,46.09455213230618,-122.07678712806373,825.0738736434623,0.9718407329543761,0.02260290282961748,0.05941751290489002,0.22690142730836432,0.22923216798346388
86.541984,True,48.26606373364611,-122.27893554901688,820.8977771245416,0.9715880877695454,0.02141868185842194,0.05754946659417138,0.22857359135843364,0.2538170320323991
86.55587799999999,True,50.125911665351204,-122.68310387650844,817.572969508761,0.9720030186754464,0.01931303577489436,0.057841572562505134,0.2269173656168121,0.1992319053722238
86.611453,True,57.14012725170605,-123.80765844584361,806.5757487080186,0.9697866107653969,0.011672256679883447,0.0522178802857555,0.23801466547804553,0.24018032204311174
86.625345,True,58.56895572412043,-124.1718318574989,804.5833552902071,0.9698656241909576,0.009802037723529276,0.05242921206754546,0.23773045406747317,0.19343323871960175
86.63923799999999,True,60.18405044258801,-124.38888819139494,801.5518460647372,0.9694236673657103,0.009376156285189055,0.04991318547799235,0.24008022567461,0.22422096300020578
86.694815,True,66.12479197201216,-125.79774377213731,793.2674805058506,0.9701265424382218,0.009646966570295686,0.04665881566968896,0.23787472041634558,0.18850240512946084
86.708705,True,67.51826367110915,-126.34056378191809,791.1723353576555,0.9704790065563074,0.009560973934230886,0.04528926642656871,0.2367022770432407,0.23084415823207757
86.722599,True,68.84591200536927,-126.84758760029574,790.20521326015,0.9705276381322797,0.010293665080441121,0.045094525523087924,0.23650925531242542,0.162423007128921
86.778175,True,73.9380765750601,-128.73239986269775,782.190720206056,0.9695737779060163,0.0143358703040585,0.041220080760269735,0.24087772201222138,0.17826682395822646
86.792066,True,75.095281788581,-129.1444801688997,781.1611588857037,0.9691423555191905,0.015967539372956478,0.04009307002822662,0.24269461914265777,0.13403444399765732
86.805959,True,76.23861122060573,-129.64928014274292,779.3928217292125,0.968636975241581,0.01663202709845145,0.03802668034906243,0.24498930068692285,0.1621433609736409
86.861533,True,81.3394848169543,-131.54910185531452,773.117403652086,0.9672181962435592,0.020797387386989497,0.03357031771944673,0.25085745614082694,0.16169965477495177
86.875426,True,82.58402735097626,-132.0748559595567,771.7187386562231,0.9665349227674109,0.022519425739094157,0.0326774942063702,0.25344683842527843,0.12526571561070737
86.889319,True,83.91567698586366,-132.43559292041553,769.9189143885808,0.9667236686562221,0.024257918813457045,0.031190384736513838,0.2527529658276695,0.18793447809101912
86.944895,True,89.05425874680105,-134.17205585571804,764.6740664994718,0.9643523660705803,0.03065221445475624,0.032278274380650826,0.26085066380230004,0.11737321997239868
86.95878599999999,True,90.45757019674656,-134.71548340972316,763.8557430010574,0.9642086624272196,0.03193670553342202,0.03292575944943999,0.2611466953738096,0.16589248732632364
86.97268,True,91.91214428478574,-134.9463407720344,761.7902738947078,0.9637585249556907,0.03278744807798415,0.033399185705518,0.26263850292364455,0.18913956031770435
87.028256,True,97.85794432035118,-134.93348155464355,752.4474898158361,0.963420999363954,0.032217394736710134,0.03749099539206394,0.2633940825558753,0.30046407698879857
87.04214900000001,True,99.21264694380453,-134.54389915368714,748.5420222959021,0.9633805538692175,0.030926170691237424,0.03847674614067537,0.2635545871341309,0.3431426647203135
87.05604,True,100.42885876608797,-133.99160445065544,744.9121801058553,0.9634561743191434,0.02999101067443828,0.04005957566284719,0.26315008995392464,0.3827809283288337
87.111615,True,104.52022246675281,-131.71578424299662,730.6421857437344,0.9604400347402925,0.0301229093446643,0.050096091399676794,0.27228281551936795,0.5763566244417377
87.125507,True,105.99683051890233,-131.71711061453595,729.9743636305847,0.9601692407768649,0.02946278302731777,0.0483992894352507,0.27361374648293313,0.6010451575955814
87.1394,True,107.34332033672258,-131.52355738940392,728.6345595574937,0.9595116202009231,0.02905452114765103,0.04943712393827057,0.2757702962195031,0.5437277282762667
87.194976,True,120.259380116982,-142.75910527176595,777.7758198704701,0.9633950121918429,0.030200927802132405,0.028515861501244882,0.2648486361803873,0.9322953808992446
87.208868,True,121.26941297387724,-141.7723406743739,776.1341354289547,0.9632280970680338,0.029741745849471337,0.024037770181706334,0.2659497079848208,0.868232648617409
87.222761,True,122.35199387296575,-140.8507261890371,774.9361401281177,0.9630598436063461,0.02746879394667574,0.021764573953386917,0.2669972028180499,0.8484295040444756
87.278337,True,125.76753730251747,-137.2362995181612,771.5836579126162,0.9626130620788365,0.02566062098738375,0.01907478535997251,0.26898657551859156,0.6567841171448603
87.29222800000001,True,126.52099237700166,-136.4737201738568,770.1323974357634,0.9616667712725627,0.02610879077706964,0.018328471577874334,0.2723589895780612,0.6617516006227946
87.306122,True,127.0678818921122,-135.6778546962753,768.358912737477,0.9612373574556304,0.027254847297105263,0.017954455111585832,0.27378377138204185,0.6443943084487651
87.361697,True,127.73026679694966,-132.41435845112164,757.0511600225855,0.9592954114285659,0.027875848611946013,0.026192876522663413,0.2798020441235748,0.34917436759328696
87.37558800000001,True,127.69229642220999,-131.73993548839067,754.1729404091378,0.9591853662943557,0.028204070203939557,0.02991479155037167,0.27977324524906155,0.2664106722519639
87.389482,True,127.54958313241849,-131.12374387363516,750.748456720579,0.9596254353684611,0.02970223961084087,0.03132365375364873,0.277948969185916,0.20958800594621174
87.445058,True,127.89038178342385,-130.1696650206652,744.899858005085,0.9605851997034877,0.0326158833685084,0.04035170953436963,0.273100746612594,0.22758490068822798
87.45894899999999,True,128.10054791373432,-129.86723866936745,744.0515221728497,0.9605432107630981,0.03298188243875725,0.040519689585371554,0.2731795937540348,0.22919925445170747
87.472842,True,128.43636389369934,-130.0902169143338,745.6317479764682,0.9609366314898174,0.03273322889034305,0.04063988353195392,0.27180457290841253,0.2488012554026076
87.528419,True,129.73938297285721,-129.99582933514407,750.3235453431713,0.961070691191499,0.03597982642783309,0.04186610946132712,0.27073198462961445,0.18923827486052355
87.54230899999999,True,130.15438366382966,-130.06660833037208,751.7396806094717,0.961717936127926,0.03628300113196594,0.04252699779681566,0.26827897721791394,0.19746621633684763
87.556204,True,130.57931198192782,-129.7316303025765,751.3676065692338,0.9621229886495195,0.03643508880003744,0.04221148208345166,0.2668520747466065,0.24026962556827997
87.611779,True,132.92217882998133,-129.50266316922347,752.4695020802711,0.9640302678891016,0.04025069577301932,0.046245210745517476,0.25862502695322714,0.3553961634226382
87.62567,True,133.73112545308936,-129.81971413714132,754.0994749717828,0.9645370850872482,0.04074755915861194,0.047237208038336455,0.25646928488759196,0.4100315557075197
87.639563,True,134.47059477925941,-129.77290593236287,753.2825629163493,0.9646877372624167,0.04203367272082324,0.04707253306605663,0.255724297953601,0.35820297028710657
87.695138,True,137.75997920369014,-130.3905029347741,754.5928219320872,0.966844162765483,0.043688910130239025,0.05073064928231807,0.2464346673691396,0.4663332026945466
87.70903,True,138.73860769277175,-130.7482451457394,755.063653184686,0.9670732867150781,0.04323496832581403,0.05268804683775035,0.24520188693479814,0.5372515257997287
87.722924,True,139.60299443670982,-131.15962251366267,755.5207135269505,0.9673799728329564,0.0441565541470152,0.053229324100198254,0.2437064339392915,0.544410977479784
87.778499,True,142.4759581822411,-131.57278056634274,753.3453189059508,0.9662592731266594,0.039589809222109404,0.04648378881572965,0.2502297374011158,0.736232130436478
87.79239100000001,True,142.83336189053435,-131.54796426922383,752.6085589215761,0.9655944513105785,0.03693078719347233,0.04565007957306486,0.25333681688705706,0.7125455005959975
87.806284,True,143.26730867404214,-132.00909423218377,754.1301565492156,0.9652614799608608,0.03413182585266698,0.045232694889332764,0.2550672403127864,0.7520154669746847
87.86186000000001,True,142.10090999682947,-132.7712887134382,750.5393739191973,0.9623287018886125,0.024935056293429902,0.04111182223264596,0.2676033082040142,0.8769310952031044
87.87575100000001,True,141.18505606587655,-132.9330906322724,748.3385228338332,0.9611759426653078,0.02197569036876516,0.038960999884181544,0.2722864608501453,1.0469962047355805
87.889644,True,139.73190668916163,-133.06952773677713,746.7339954248511,0.9604941721162024,0.019355382067941938,0.03959638715299439,0.2747879921689542,0.9701899846823809
87.945219,True,132.18930932226013,-135.65211653001106,743.1948263033396,0.9597840888053905,0.009902661646549163,0.03918572775873631,0.27781454049120335,1.0523484733787631
87.959113,True,129.71813656780742,-136.09068609673105,739.9690360711696,0.9599158582724465,0.008511095474805734,0.042354360734441855,0.27693900847960706,1.0573501612808351
87.973005,True,127.30804233089977,-136.84520422091194,738.1717149487214,0.9599734618861979,0.00829465550204048,0.044207579790185685,0.2764558573324602,1.0579212560678943
88.02858,True,118.3158448424274,-139.83719080338574,732.3787288837442,0.9576932177939187,0.006242439922085533,0.046606211895178315,0.2839235699059353,1.0867437503552284
88.04247199999999,True,115.64946433104149,-140.23151040541865,728.5950262927512,0.9571879772143416,0.006627491540467879,0.04916645359117316,0.2851839975760659,1.093073377320224
88.056366,True,113.15643410260071,-140.90227427251244,725.9119236165806,0.9571795684776458,0.007447628093818273,0.051289380802731974,0.2848178469506361,1.0778968567647147
88.111941,True,101.79878877123686,-139.57080543152261,695.9952986433341,0.955102899425659,0.012249914705829902,0.06054196437660793,0.2897638032049909,1.755096729627375
88.12583199999999,True,98.12201508555961,-134.07959112343295,667.9075857375645,0.9517055371260222,0.01791840466475798,0.058683196736416,0.30081852303130274,2.6333503613310993
88.139726,True,95.34318492529108,-129.26706403332537,642.5426610499718,0.9483383096512531,0.022353942718031598,0.05336965354263592,0.3119397886988802,3.6432945655701254
88.195302,False,,,,,,,,
88.209192,False,,,,,,,,
88.223086,False,,,,,,,,
88.278661,False,,,,,,,,
88.292553,False,,,,,,,,
88.306447,False,,,,,,,,
88.362022,False,,,,,,,,
88.37591400000001,False,,,,,,,,
88.389808,False,,,,,,,,
88.445382,False,,,,,,,,
88.45927400000001,False,,,,,,,,
88.473167,False,,,,,,,,
88.528743,False,,,,,,,,
88.54263499999999,False,,,,,,,,
88.556528,False,,,,,,,,
88.612103,False,,,,,,,,
88.625996,False,,,,,,,,
88.63988800000001,False,,,,,,,,
88.695464,False,,,,,,,,
88.709355,False,,,,,,,,
88.723249,False,,,,,,,,
88.778824,False,,,,,,,,
88.792716,False,,,,,,,,
88.806609,False,,,,,,,,
88.862184,False,,,,,,,,
88.876076,False,,,,,,,,
88.88997,False,,,,,,,,
88.945544,False,,,,,,,,
88.959436,False,,,,,,,,
88.97333,False,,,,,,,,
89.028904,False,,,,,,,,
89.04279700000001,False,,,,,,,,
89.056691,False,,,,,,,,
89.112267,False,,,,,,,,
89.12615799999999,False,,,,,,,,
89.14005,False,,,,,,,,
89.195644,False,,,,,,,,
89.209518,False,,,,,,,,
89.223411,False,,,,,,,,
89.278986,False,,,,,,,,
89.292879,False,,,,,,,,
89.306772,False,,,,,,,,
89.362347,False,,,,,,,,
89.376239,False,,,,,,,,
89.390133,False,,,,,,,,
89.445708,False,,,,,,,,
89.459599,False,,,,,,,,
89.473492,False,,,,,,,,
89.529068,False,,,,,,,,
89.54296000000001,False,,,,,,,,
89.556854,False,,,,,,,,
89.612428,False,,,,,,,,
89.62632,False,,,,,,,,
89.64022800000001,False,,,,,,,,
89.69578800000001,False,,,,,,,,
89.70967999999999,False,,,,,,,,
89.723574,False,,,,,,,,
89.779149,False,,,,,,,,
89.793041,False,,,,,,,,
89.806934,False,,,,,,,,
89.862511,False,,,,,,,,
89.876401,False,,,,,,,,
89.890294,False,,,,,,,,
89.945871,False,,,,,,,,
89.959762,False,,,,,,,,
89.973656,False,,,,,,,,
90.02923,False,,,,,,,,
90.04312300000001,False,,,,,,,,
90.057016,False,,,,,,,,
90.11259,False,,,,,,,,
90.126483,False,,,,,,,,
90.140376,False,,,,,,,,
90.19595100000001,False,,,,,,,,
90.209846,False,,,,,,,,
90.223736,False,,,,,,,,
90.279312,False,,,,,,,,
90.293204,False,,,,,,,,
90.307097,False,,,,,,,,
90.362673,False,,,,,,,,
90.376564,False,,,,,,,,
90.390457,False,,,,,,,,
90.446033,False,,,,,,,,
90.459924,False,,,,,,,,
90.473818,False,,,,,,,,
90.529393,False,,,,,,,,
90.543285,False,,,,,,,,
90.557178,False,,,,,,,,
90.612754,False,,,,,,,,
90.626646,False,,,,,,,,
90.640538,False,,,,,,,,
90.696115,False,,,,,,,,
90.71000500000001,False,,,,,,,,
90.7239,False,,,,,,,,
90.77947400000001,False,,,,,,,,
90.79336599999999,False,,,,,,,,
90.807259,False,,,,,,,,
90.862835,False,,,,,,,,
90.876727,False,,,,,,,,
90.89062,False,,,,,,,,
90.946195,False,,,,,,,,
90.960087,False,,,,,,,,
90.973982,False,,,,,,,,
91.029556,False,,,,,,,,
91.043454,False,,,,,,,,
91.057345,False,,,,,,,,
91.112916,False,,,,,,,,
91.126811,False,,,,,,,,
91.14070299999999,False,,,,,,,,
91.196277,False,,,,,,,,
91.21017,False,,,,,,,,
91.224063,False,,,,,,,,
91.279641,False,,,,,,,,
91.29353,False,,,,,,,,
91.307424,False,,,,,,,,
91.363001,False,,,,,,,,
91.37689200000001,False,,,,,,,,
91.390784,False,,,,,,,,
91.44636100000001,False,,,,,,,,
91.46025900000001,False,,,,,,,,
91.47414500000001,False,,,,,,,,
91.52972100000001,False,,,,,,,,
91.543612,False,,,,,,,,
91.557505,False,,,,,,,,
91.613079,False,,,,,,,,
91.626974,True,46.973941133132094,-196.15857441974794,675.0310295945009,0.012366334773875555,0.625083737588882,0.24568016941651433,0.740782457352796,4.543986230985322
91.640865,False,,,,,,,,
91.69644,False,,,,,,,,
91.710334,False,,,,,,,,
91.724234,False,,,,,,,,
91.779804,False,,,,,,,,
91.793693,False,,,,,,,,
91.807586,False,,,,,,,,
91.863164,False,,,,,,,,
91.877054,False,,,,,,,,
91.890947,False,,,,,,,,
91.94652400000001,False,,,,,,,,
91.960415,True,20.96705420818212,-435.38365494900603,1321.2909796628323,-0.5132251380895435,0.29211093960991963,-0.7251072879695982,0.35424649261009356,3.3945395034055004
91.974307,False,,,,,,,,
92.02988400000001,False,,,,,,,,
92.043776,False,,,,,,,,
92.057667,False,,,,,,,,
92.113243,False,,,,,,,,
92.127136,False,,,,,,,,
92.141028,False,,,,,,,,
92.196602,False,,,,,,,,
92.210496,False,,,,,,,,
92.224388,False,,,,,,,,
92.279967,False,,,,,,,,
92.293857,False,,,,,,,,
92.30775,False,,,,,,,,
92.363326,False,,,,,,,,
92.377218,False,,,,,,,,
92.391116,False,,,,,,,,
92.44668700000001,False,,,,,,,,
92.460576,False,,,,,,,,
92.47447,False,,,,,,,,
92.530046,False,,,,,,,,
92.543937,False,,,,,,,,
92.55783,False,,,,,,,,
92.61340700000001,False,,,,,,,,
92.627298,False,,,,,,,,
92.64119000000001,False,,,,,,,,
92.696765,False,,,,,,,,
92.710658,False,,,,,,,,
92.724551,False,,,,,,,,
92.78012600000001,False,,,,,,,,
92.794019,False,,,,,,,,
92.80791400000001,False,,,,,,,,
92.86348699999999,False,,,,,,,,
92.87738,False,,,,,,,,
92.891284,False,,,,,,,,
92.946851,False,,,,,,,,
92.960739,True,-228.358356829774,-181.1747918504185,888.8840247643654,0.466289203015563,-0.04712849399694512,0.8772380449065493,0.10395526332623027,2.9422885233089895
92.97463099999999,True,-231.20176481352323,-190.691960735858,895.7991804685884,0.4589425810192789,-0.025056779141732474,0.884660138119582,0.07823237928535214,2.895487212515812
93.03021000000001,False,,,,,,,,
93.0441,False,,,,,,,,
93.057993,False,,,,,,,,
93.11357000000001,False,,,,,,,,
93.127461,True,-64.41939609759412,-282.68385216536467,860.0700312670733,-0.6067581019515957,0.418588084685533,0.22732091581136551,0.6363598214140141,1.9423081467404222
93.141354,True,-65.8379810810579,-147.41147765843593,679.4197680735899,0.7019153448844359,0.3980009574773854,-0.5280790897198424,0.26465555248947764,2.6509795293143186
93.196928,False,,,,,,,,
93.21082000000001,False,,,,,,,,
93.224714,False,,,,,,,,
93.280288,False,,,,,,,,
93.294182,False,,,,,,,,
93.30807700000001,False,,,,,,,,
93.363652,False,,,,,,,,
93.377542,False,,,,,,,,
93.391435,False,,,,,,,,
93.447012,False,,,,,,,,
93.460903,False,,,,,,,,
93.47479399999999,False,,,,,,,,
93.53036999999999,False,,,,,,,,
93.544262,False,,,,,,,,
93.558155,False,,,,,,,,
93.613731,False,,,,,,,,
93.627624,False,,,,,,,,
93.641515,False,,,,,,,,
93.697092,False,,,,,,,,
93.710986,False,,,,,,,,
93.72487699999999,False,,,,,,,,
93.78045,False,,,,,,,,
93.794344,False,,,,,,,,
93.808243,False,,,,,,,,
93.863814,False,,,,,,,,
93.877704,False,,,,,,,,
93.891596,False,,,,,,,,
93.947175,False,,,,,,,,
93.961065,False,,,,,,,,
93.97495699999999,False,,,,,,,,
94.030535,False,,,,,,,,
94.044425,False,,,,,,,,
94.05832099999999,False,,,,,,,,
94.113895,False,,,,,,,,
94.127785,False,,,,,,,,
94.14167900000001,False,,,,,,,,
94.197253,False,,,,,,,,
94.211146,False,,,,,,,,
94.22503999999999,False,,,,,,,,
94.280613,False,,,,,,,,
94.294506,False,,,,,,,,
94.30839999999999,False,,,,,,,,
94.363978,False,,,,,,,,
94.377865,False,,,,,,,,
94.39175900000001,False,,,,,,,,
94.447338,False,,,,,,,,
94.461228,False,,,,,,,,
94.47511999999999,False,,,,,,,,
94.530698,False,,,,,,,,
94.544588,False,,,,,,,,
94.55848,False,,,,,,,,
94.614058,False,,,,,,,,
94.627948,False,,,,,,,,
94.641841,False,,,,,,,,
94.697418,False,,,,,,,,
94.711308,False,,,,,,,,
94.725201,False,,,,,,,,
94.780776,False,,,,,,,,
94.794669,False,,,,,,,,
94.80856,False,,,,,,,,
94.864139,False,,,,,,,,
94.878029,False,,,,,,,,
94.89192299999999,False,,,,,,,,
94.9475,False,,,,,,,,
94.961389,False,,,,,,,,
94.97528299999999,False,,,,,,,,
95.03086,False,,,,,,,,
95.044751,False,,,,,,,,
95.05864299999999,False,,,,,,,,
95.114221,False,,,,,,,,
95.12811,False,,,,,,,,
95.14200500000001,False,,,,,,,,
95.19758,False,,,,,,,,
95.21147,False,,,,,,,,
95.22536500000001,False,,,,,,,,
95.28093799999999,False,,,,,,,,
95.294831,False,,,,,,,,
95.308727,False,,,,,,,,
95.36429799999999,False,,,,,,,,
95.378191,False,,,,,,,,
95.39208900000001,False,,,,,,,,
95.447659,False,,,,,,,,
95.461553,False,,,,,,,,
95.47544400000001,False,,,,,,,,
95.531023,False,,,,,,,,
95.544913,False,,,,,,,,
95.558808,False,,,,,,,,
95.614383,False,,,,,,,,
95.62827300000001,False,,,,,,,,
95.642166,False,,,,,,,,
95.697743,False,,,,,,,,
95.711633,False,,,,,,,,
95.72552800000001,False,,,,,,,,
95.78110099999999,False,,,,,,,,
95.794996,False,,,,,,,,
95.808887,False,,,,,,,,
95.864458,False,,,,,,,,
95.87835199999999,True,94.82117119312836,-71.50876366623363,289.9683948776711,-0.6402641459096408,0.11448730584373304,0.5790444060531625,0.49159135069871,8.732040000617065
95.89224800000001,False,,,,,,,,
95.947825,False,,,,,,,,
95.961715,False,,,,,,,,
95.97561,False,,,,,,,,
96.031182,False,,,,,,,,
96.045075,False,,,,,,,,
96.05896700000001,False,,,,,,,,
96.114544,False,,,,,,,,
96.128435,False,,,,,,,,
96.14232799999999,False,,,,,,,,
96.19790300000001,False,,,,,,,,
96.211795,False,,,,,,,,
96.22568799999999,False,,,,,,,,
96.28126300000001,False,,,,,,,,
96.295155,False,,,,,,,,
96.30904799999999,False,,,,,,,,
96.36462399999999,False,,,,,,,,
96.378519,False,,,,,,,,
96.39240799999999,False,,,,,,,,
96.447987,False,,,,,,,,
96.46187699999999,False,,,,,,,,
96.475769,False,,,,,,,,
96.531348,False,,,,,,,,
96.545237,False,,,,,,,,
96.55913000000001,False,,,,,,,,
96.61470600000001,False,,,,,,,,
96.628597,False,,,,,,,,
96.64249000000001,False,,,,,,,,
96.698065,False,,,,,,,,
96.711962,False,,,,,,,,
96.725852,False,,,,,,,,
96.78142600000001,False,,,,,,,,
96.795319,False,,,,,,,,
96.809212,False,,,,,,,,
96.86478699999999,False,,,,,,,,
96.87867999999999,False,,,,,,,,
96.89257099999999,False,,,,,,,,
96.94815,False,,,,,,,,
96.962039,False,,,,,,,,
96.975931,False,,,,,,,,
97.03151,False,,,,,,,,
97.0454,False,,,,,,,,
97.059292,False,,,,,,,,
97.11486900000001,False,,,,,,,,
97.128761,False,,,,,,,,
97.142654,False,,,,,,,,
97.19822500000001,False,,,,,,,,
97.212121,False,,,,,,,,
97.22601399999999,False,,,,,,,,
97.28158900000001,False,,,,,,,,
97.295481,False,,,,,,,,
97.30937399999999,False,,,,,,,,
97.364949,False,,,,,,,,
97.378842,False,,,,,,,,
97.39273399999999,False,,,,,,,,
97.44830999999999,False,,,,,,,,
97.46220299999999,False,,,,,,,,
97.476096,False,,,,,,,,
97.531671,False,,,,,,,,
97.545563,False,,,,,,,,
97.55945600000001,False,,,,,,,,
97.615033,False,,,,,,,,
97.628924,False,,,,,,,,
97.642817,False,,,,,,,,
97.698398,False,,,,,,,,
97.712283,False,,,,,,,,
97.72617699999999,False,,,,,,,,
97.781751,False,,,,,,,,
97.795644,False,,,,,,,,
97.809536,False,,,,,,,,
97.865112,False,,,,,,,,
97.879004,False,,,,,,,,
97.89289699999999,False,,,,,,,,
97.948472,False,,,,,,,,
97.962365,False,,,,,,,,
97.976259,True,91.78805918231599,-115.87899604849324,780.918847303703,0.7256014314533243,-0.2562454511205371,0.6254828186330499,0.12888783902205106,9.408179579255918
98.031836,False,,,,,,,,
98.045725,False,,,,,,,,
98.059618,False,,,,,,,,
98.115196,False,,,,,,,,
98.129087,False,,,,,,,,
98.14297900000001,False,,,,,,,,
98.198554,True,71.77379383880326,-114.06426155097984,652.1135193451754,-0.06672062730187509,0.6615047791280915,0.3106943708078198,0.6792855018557896,5.746189868649306
98.212446,True,67.99584390655362,-111.73793939671307,636.1418862023866,-0.07307310751975171,0.6631491837350909,0.3172638909984556,0.673971145181609,4.77774576175614
98.22634,True,63.761398969735495,-109.2145194676813,617.6222742432427,-0.08049468668785072,0.6648338533550547,0.3239810747464482,0.6682460744772324,3.700327914271934
98.281914,True,44.29376857064649,-100.93671074543595,521.8452406296756,-0.14052974749923694,0.6629788832217699,0.3663527097117521,0.6375704530141529,3.377995325508646
98.295807,True,23.897367740668344,-90.7421891260301,512.6671120987601,-0.595597382794455,-0.30130904341994097,-0.6427176838102377,0.37601941024282104,3.6257945218566103
98.309699,True,21.90353295935675,-90.91265583958533,502.3584992235023,-0.5871465868764475,-0.3083753763095416,-0.6414164932158546,0.3856791348205944,3.405625984220549
98.365274,True,15.460480996721984,-92.2372997424577,464.4542172035383,-0.5537648614770309,-0.334659621637144,-0.6344906379753865,0.4228108869939314,5.187836691286313
98.379166,True,14.54100283044971,-92.86197755206629,457.67282863951243,-0.5462908371273583,-0.3402855416021591,-0.6323370568068829,0.43118663944517616,5.766038320898044
98.393059,True,13.741719371305853,-93.28170030831458,451.41984067598645,-0.5398690690522246,-0.3449751649785379,-0.6305711133371624,0.43807943897590845,6.429354209016902
98.448635,True,162.5920410864607,-137.8176870382738,880.5053078897005,0.9469903863470966,0.018091079584536127,-0.1918431318814172,0.25705667420935013,6.277711432662379
98.462528,True,162.86141522597745,-138.07552428000773,885.0648349283371,0.9527588236948459,0.021612664763546036,-0.17105576314350193,0.2500468805820745,5.921783427985392
98.476421,True,163.04224680028767,-138.2874901037949,889.9983828318877,0.9583628368805278,0.02486256913053633,-0.1466349431363138,0.24376365396413438,5.574994422382743
98.531998,True,162.88210072082677,-137.91258820842728,894.8534737159418,0.971855666806499,0.03431923334386053,-0.08184983836279311,0.2182185992961409,4.503141840179984
98.545888,True,161.59032119450066,-136.65519104642937,888.9838191966485,0.9734346488390669,0.03604715798010585,-0.0669331283396502,0.21597579302270808,4.21627566673965
98.55978,True,160.83949161418897,-135.69038477741336,884.3527480263768,0.9749106394922389,0.036882419455328996,-0.0545505857105176,0.21263387721290897,3.974338861913581
98.615355,True,158.47203332275515,-131.98921107195258,864.7950327589106,0.9755307720302044,0.03348609365005109,-0.030987114027433944,0.2150771794460403,3.599114168477767
98.629249,True,158.31099602276348,-131.17987076818486,860.8301405201793,0.9750441705125507,0.031577561553734035,-0.031158517408533766,0.2175336064811925,3.565635708847079
98.643143,True,158.77977849721026,-131.00439121842484,859.0622730677779,0.9740816860166095,0.029660305210381564,-0.03640749871743521,0.22126822930327444,3.6970954848952986
98.698716,True,163.59244174106772,-135.40791929188583,880.3627027435995,0.9749337620087364,0.03008561444309809,-0.051387567091816265,0.21437894823759623,4.263109691633267
98.71260799999999,True,164.04351821156698,-135.66567742785216,881.2220885152514,0.9746722700636749,0.029245484177902188,-0.05599491769686918,0.21453027016308,4.377392579351974
98.7265,True,163.81472862243842,-135.44714466014676,880.4059336939035,0.9743810880126681,0.029211828571386246,-0.0576186718162218,0.21542574835172218,4.386878735086086
98.782076,True,161.25196101403523,-133.4499243855329,864.737604390904,0.9704155716715216,0.023033213324934944,-0.0739125100012192,0.22869199856287387,4.660110624656908
98.795969,True,160.5572947569562,-132.9370254669179,860.6664499080729,0.9695964994401067,0.02185873315728662,-0.07630390503086004,0.23147902309991553,4.7600803130115565
98.809861,True,159.88596715735292,-132.6226198889046,857.6302259429075,0.9684018747299344,0.02079532269671632,-0.08056712561434476,0.2351048741386062,4.868261994364545
98.865437,True,157.594186395358,-132.1864489512944,847.9453179296178,0.9642667185970437,0.01710921493650599,-0.09098897442359774,0.2482296853796663,5.0859573798433715
98.87933,True,157.228722224333,-132.411609098028,847.5571621374901,0.9643787046096797,0.017270236003702023,-0.08971170981219685,0.24824838804371901,5.028231266172089
98.89322100000001,True,156.7473450718771,-132.65707895024676,846.9964435063395,0.964600247218347,0.01760002874670733,-0.08765348872602605,0.24809971376157475,5.040196640839831
98.948797,True,158.47519765702023,-134.23316419296677,840.6539059973544,0.9530400147985565,0.005868120568769431,-0.14183289022609286,0.2675139745954798,6.43142077072482
98.96269000000001,True,156.62228469044905,-132.87822339412423,833.2663895188516,0.9543059475152348,0.004912052643997707,-0.12954538216364905,0.26924714341278855,6.246527082318309
98.976583,True,155.19672674642825,-131.86935060179843,827.0254838471544,0.9545512585702034,0.004701561409647481,-0.12354976691993805,0.271192266070367,6.173707310510525
99.03216,True,149.61321701864674,-130.1956534482893,813.5690295113374,0.9614447548850606,0.01190400364657057,-0.07781096303224654,0.2634914268684704,5.229042261002477
99.046051,True,148.03266398825522,-129.665905137095,809.850541136811,0.9624389462510082,0.014368445693208534,-0.0678478682702041,0.26249093180298455,4.948346909095745
99.059943,True,146.50778561118184,-129.11749769765325,805.4334182886091,0.9631379412708714,0.016198590195479166,-0.057942173600558575,0.2621938524806201,4.744757234789585
99.11552,True,140.93697396457299,-127.50482140855571,793.2344702818435,0.9662408120435314,0.02700328301001128,-0.02174178898145442,0.255297494033969,3.677728368351379
99.12941000000001,True,139.8570552966591,-127.24634436791581,791.3350698837388,0.9664279553220599,0.02982132030125802,-0.01622058858423426,0.2546852734916046,3.4987923353884818
99.143303,True,139.17441157097562,-127.53745141752329,792.0542924443283,0.9670410487321668,0.03232753007461048,-0.010507314891150754,0.25234131092638074,3.1816770035629696
99.198879,True,134.8510098680888,-126.21120706702115,786.8576997551193,0.9690053259094157,0.04711919979270421,0.021531854105886625,0.2415467628200492,1.962493353404077
99.21277,True,132.96182263920414,-124.76570794265571,780.3269747425338,0.968909353758694,0.050689263376462,0.029313247496529693,0.24038717997944176,1.6031175185458948
99.226664,True,130.82835388718928,-122.69939313494619,771.4719521783559,0.9682471413466539,0.05096636848765032,0.03700091515627117,0.24193146722741937,1.4621142281051187
99.282239,True,127.29902926914383,-119.40926451101865,758.6650674831898,0.9672598632991779,0.055468970551579205,0.05255578071875776,0.2420112395518965,1.089898254978756
99.29613099999999,True,126.43127295506171,-118.55570564044648,754.9151556004763,0.9669183570116909,0.05622988486462296,0.05576906977078722,0.24248072455109637,1.0791484410949248
99.310024,True,125.52941924628075,-117.42489210372219,749.9623652507189,0.9663803063846721,0.05626065715530931,0.057416998750547656,0.24422761953308994,1.1406287169056122
99.365602,True,123.40538709463186,-114.60346462871158,739.0576847272811,0.965480093669193,0.05505554130895743,0.06024904739571614,0.24736032096440416,1.4519143673339059
99.379492,True,123.43191013932214,-114.60467943930665,739.6173037741121,0.965977903774412,0.055092335111788494,0.05946618526595312,0.2455917279580861,1.450269424643148
99.393385,True,123.49706578737518,-114.90440531845982,741.5744761751565,0.9664395668573779,0.054868052370729774,0.05963696689434234,0.24377754740994884,1.3832180667774658
99.448959,True,124.30140362126318,-116.29332425771278,749.7697768739145,0.9668100807229435,0.052780429785599006,0.050311927286165826,0.2448697695039026,1.3972669078683948
99.46285499999999,True,124.23755714939576,-116.12106050271076,749.8075502006527,0.9666768725289431,0.05171181225870652,0.04690858966312782,0.2462951416621901,1.4239082227392328
99.476745,True,124.00879649801027,-115.77223044293996,749.3239347745634,0.9661864463109346,0.050737538977882315,0.04241405922231343,0.24921978389325655,1.548852742365457
99.53232000000001,True,122.62858037873175,-112.55933534784032,738.2312828146606,0.9643737434748622,0.04156911614097556,0.026643200706444548,0.25989503907472883,2.2206772751958117
99.54621300000001,True,121.92894759554423,-110.97824237327451,731.0184222510828,0.9628978923409147,0.03775682472531438,0.022329190007399746,0.26627707070962675,2.5303174875002927
99.560105,True,121.3836851537723,-109.55766228255106,725.0020698653775,0.961366109357629,0.03431060454619933,0.01801801665873141,0.2725313509854145,2.772481826688395
99.61567699999999,True,120.9331239189532,-106.42664590710702,713.1938064002691,0.9569429893256081,0.028346932873388603,0.011743703509282116,0.2886497046683517,3.2009925256727128
99.629572,True,121.1937234817958,-106.08122810192404,712.2612416395582,0.9563418907971207,0.027601217787153232,0.009365208416763528,0.29079314564577513,3.24216782301936
99.64346400000001,True,121.47152672200714,-105.66890722488894,711.0999833468318,0.9561241256029659,0.027033073715889522,0.008866454170390354,0.2915771859317522,3.2671200401516556
99.699038,True,122.66191812997701,-105.18945590466758,712.2451463973989,0.9582520160820719,0.028714037535683835,0.017121818951180465,0.2839637671232846,3.0896824296541214
99.71293399999999,True,122.66847936694084,-104.8079987912166,710.9444636060307,0.958644127981587,0.029745298200337004,0.0191101180598801,0.28240300371832616,3.0828469029526944
99.72682499999999,True,122.813068591498,-104.430965715313,709.5765625442012,0.9587007869602402,0.030112195152098904,0.020336280934274364,0.28208596644055184,3.0465118988721596
99.782401,True,124.0305991088024,-103.83808260438953,707.5212434249994,0.9581171118296127,0.028623760128555692,0.020895895038400444,0.2841753718145338,3.1509117998849367
99.796295,True,124.11870625719772,-103.61630153014734,706.7293910829944,0.9580267626260148,0.028684201061171987,0.02138848157421284,0.28443711353785955,3.1841960708015473
99.810186,True,124.3087810342726,-103.43696166075514,706.4501000998149,0.9581688728311989,0.02882980234086298,0.02252428164866382,0.2838554392126176,3.166719067731034
99.86576,True,124.22447016686142,-102.96677797844359,708.7717537907262,0.9599879422993044,0.033830153512329215,0.035240168193383443,0.27574771422258737,2.808017791178513
99.879655,True,123.99771550704267,-102.56380414893596,708.7356270642672,0.959904821275562,0.03550135639116399,0.03980921021172656,0.2752046775922197,2.703896178069321
99.893546,True,123.74660268506648,-102.36457950275802,708.4197606554811,0.9600518886550097,0.0369428753286859,0.0428607559990008,0.27404114772711125,2.6013167162155795
99.94912,True,122.16126474913463,-100.88707437840328,707.1957052041655,0.96017183885588,0.045104651911015266,0.06207278523694816,0.2686681588447572,2.3417403910120553
99.963015,True,121.93317944494251,-100.67668394223203,707.6343088802782,0.9610122134060287,0.047571898101861125,0.06495154813233114,0.264525493271717,2.220632300439461
99.97690700000001,True,121.84589213314892,-100.52798349153056,709.3159155550201,0.9614021556553546,0.04929634202488027,0.07001089311404633,0.26148468522951185,2.1963917994503173
100.032481,True,119.93852548053825,-99.7956326787824,716.041433105821,0.9615008174785701,0.06517332548127418,0.09900853967842067,0.24792322340696502,2.061316591327281
100.046374,True,119.36877631375225,-99.5959060817521,718.4306902498579,0.9614046032042857,0.06950194056074295,0.10809663783388686,0.24328129004284393,2.2396826052089023
100.06026700000001,True,118.76044700214632,-99.27348762792376,720.6955311022954,0.9610994764206129,0.07461578264193842,0.11641350550582413,0.23909867657643005,2.4079749981401823
100.11584500000001,True,123.3571879444392,-98.59247248933211,692.8177107904679,0.5472317636094707,0.05841322700953674,0.14017096882613583,0.8230901477393245,1.9096143674823844
100.12973600000001,True,122.3814118975328,-98.82539745978174,696.7083962991563,0.5405371758670612,0.07137374019953989,0.15016727616102496,0.8247273124408873,1.4251459078760904
100.14362799999999,True,121.29392581699622,-99.1919441133036,700.351514623853,0.5337592782743373,0.08350753099634026,0.1595235579978841,0.8262443703691115,1.1173081788030774
100.199204,True,118.58713356759318,-102.34915461391073,719.5974349897871,0.5088138910319264,0.12106794793158858,0.19458409258786702,0.8298120312386063,1.9639436892510718
100.213094,True,118.28257831680108,-103.69260595818581,725.6925592577326,0.5034178198647099,0.1279636975344627,0.20379007383603226,0.8298586605934022,2.4396439861904846
100.22698799999999,True,118.01417097621704,-105.36305066271163,731.7634536217616,0.4976360167529847,0.13387683394613326,0.21173431611357016,0.8304239685502227,2.8149749191097264
100.282563,True,116.66414213121158,-110.63462852077075,747.6102292682414,0.4862502545619637,0.1437083331452337,0.23786084815274552,0.8284508566228298,3.831519919727772
100.296456,True,117.1078308091669,-112.83594252179505,754.6322734082833,0.48240759146211154,0.14430323236911433,0.24186512729391962,0.8294339955817135,4.059758669271108
100.310348,True,117.84575112792653,-115.03680093787244,762.2327821504335,0.47729716498677105,0.14411514610186946,0.24592646053444261,0.8312270550028007,4.2072862963743685
100.365923,True,124.48623693682747,-127.78005200650264,804.962572697713,0.45664460882506275,0.11899856072289167,0.2530578900990078,0.8445571313034567,4.222479441638752
100.37981699999999,True,126.43856668341031,-130.50572214264025,814.3000416524187,0.45739412430839843,0.10511648962542573,0.2507023042103693,0.8466932699157308,3.878128305043381
100.393709,True,127.3821335651075,-131.8979770244057,816.0689072732725,0.46301479750560315,0.09338567158456726,0.24446589000273003,0.8468369632099899,3.4440281003627473
100.449284,True,121.96688033747941,-123.53595799146018,760.5601096534411,0.5233598945717806,0.045042510065171425,0.20273046111540388,0.8264175416681203,0.8845974342197195
100.463176,True,119.39124087608798,-119.32894068892884,736.3851487911392,0.5424985418767604,0.0313938461239176,0.18861704236349705,0.8180057272520672,0.7335934917956373
100.477069,True,117.06052693746867,-115.11627759692287,712.3409684278578,0.5600846945749252,0.016954118774092142,0.1749092079703122,0.8095828936722322,1.456034001653038
100.532644,True,103.56748454552474,-103.63597864263393,669.2116432850513,0.9537036847038204,0.07732368126979493,0.0727736499742642,0.2813793275396515,3.9638137692691555
100.546537,True,103.46336610727371,-102.0021180015209,655.0466162243066,0.9507847175874772,0.06467462424714707,0.05333282732563701,0.2982972063396591,4.38531672850477
100.560431,True,103.89367452273684,-101.21100443293842,645.1390826341002,0.9478064464207059,0.05305348077439232,0.034731435599240586,0.31247719225935605,4.815520311987663
100.616005,True,108.79468492364944,-105.43279649374765,637.1008196409724,0.9340436049379852,0.017950589083443356,-0.04762167577699805,0.3535144925207465,6.208123512295028
100.629898,True,110.39676033907476,-107.43862409084929,639.5216672022668,0.9299961072627804,0.010597160785222118,-0.06904479353101486,0.36087083166366735,6.507485288285408
100.643791,True,112.05628206440069,-109.62025699380162,642.2557777225442,0.924940215799117,0.00360811418632913,-0.0920207767080781,0.36878822563029784,6.93164775453224
100.699365,True,117.9385300258245,-119.2706422882016,655.4184563239304,0.9013562743824517,-0.02052237757853083,-0.18586576493016405,0.3906272085721058,8.76652553997793
100.713258,True,91.33735581831122,-208.06342012022841,720.557602404567,-0.46290540816633674,0.19459799908259168,-0.24508567641725368,0.8293269639041685,8.927802605960693
100.72715,True,90.49605477911277,-209.5543257002983,725.4476335004699,-0.45401491824998724,0.20768099997862036,-0.253516949792437,0.828533772650383,8.312427579873994
100.782726,True,87.73641611293212,-212.67255030493087,736.0782519068242,-0.42343013461908263,0.25402369414234416,-0.28148088211075406,0.8227681307129574,6.6915672165608795
100.796618,True,88.13977260364818,-213.81643072761227,741.3375800411953,-0.41879810945247886,0.2591378675281684,-0.28589684160888323,0.8220211098810346,6.59204181606702
100.810513,True,88.80385481813995,-214.74678738790678,745.3335699246579,-0.4156215125050609,0.2633985060518727,-0.28842932812299393,0.8213942464073907,6.679038165594018
100.866086,True,73.84220695703033,-164.69110018089177,539.1589301612852,-0.5324974325912184,0.47084043797816755,0.006548113035422507,0.7033582930938993,6.844889279065398
100.879979,True,75.03811355563612,-164.59004072690567,541.0645020832379,-0.5320376642514802,0.4701560389854288,0.008824677793178581,0.7041387277271487,7.13593529646084
100.893871,True,97.79104037372862,-217.896714886978,770.1086827412047,-0.4193006553597647,0.2655210880738422,-0.28349100247500425,0.8205597868032969,8.066812299191618
100.949446,True,81.4591560217347,-161.29940967248763,537.232787709213,-0.5261336258069047,0.4561053563900142,0.03762050106165124,0.716753799827729,9.113736733677914
100.96334,True,142.98015083981105,-135.3374510409797,733.9355484470739,0.9031596235887893,-0.04404306421087429,-0.22618810661909605,0.36221794991129497,9.201139014755153
100.977232,True,145.03342005154937,-135.58422042596376,742.835338402874,0.9105925778289106,-0.041210206904786675,-0.21002301985686317,0.3535720678729699,8.705290243735353
101.032807,True,150.36281246063461,-135.7430593256271,778.8710471393686,0.9412466134106295,-0.019482693663273133,-0.12573324188029775,0.3128360421641253,6.131412273996054
101.0467,True,151.11950253988064,-135.9823353336883,788.5174218445829,0.9483804337416686,-0.01189100978188189,-0.09997122277797385,0.3007306292990593,5.390824403292493
101.060592,True,151.40760269497397,-135.88949002132674,796.8979201744302,0.9546598928558022,-0.002866026849196375,-0.0740515376227165,0.28832732204624517,4.562741603124615
101.11617,True,147.50764092764834,-132.9868111353344,814.2344666499392,0.968870197357666,0.037103236833612864,0.024857458096897052,0.243507694468875,1.8670782735302
101.13006,True,145.2820309582628,-131.58253184710182,813.6746846160678,0.9699350745008465,0.04802865680000819,0.04667596367970441,0.23396699295754386,1.7330658692053518
101.143952,True,142.92338978129186,-130.26210799031045,812.5507228145726,0.9703218186521881,0.058631954114109736,0.06791421890190412,0.2245562759648796,1.9867171632564586
101.199529,True,139.4112507020371,-125.10957133549063,759.3917358818742,0.5351609838443039,0.036038007136058724,0.13448927881024642,0.8331966258318368,1.5678631771301998
101.213421,True,136.61873184282038,-124.31168384805035,757.4073757919979,0.5298571613408719,0.049679307798593295,0.14508703269751727,0.834106173035229,1.0059535969209967
101.22731200000001,True,133.98783560332112,-123.68509387233657,755.9380435820617,0.5256820671339141,0.06090291606109339,0.15568777709542375,0.834092629851239,0.8243736924967089
101.282886,True,124.68941791180798,-122.56923260729596,758.5802123017381,0.5002087996599202,0.09176136386818838,0.19609340300641012,0.8384022818082005,2.025911673088965
101.296781,True,122.7295029337758,-122.35277792239737,760.3232610385377,0.4938290781083794,0.09556595205554655,0.2019990044168797,0.840354920635879,2.294564593338876
101.310673,True,120.94120021060489,-122.06278039229811,761.9321362916875,0.48867312519555,0.09409153955616066,0.20637521645112183,0.8424693637933183,2.3111144654708338
101.366246,True,110.26469684720225,-114.82660308192474,754.3847559650239,0.4689212693143598,0.0940139218939737,0.2172175847680528,0.8509352187694768,2.480918949363428
101.38014100000001,True,107.98516177305657,-113.80221210818318,758.138287897431,0.4590744473630596,0.09600402285456072,0.22218807459210543,0.8547902309239942,2.676109791438033
101.394035,True,106.83606249150972,-114.26502417540783,768.1446344209139,0.44188311270640845,0.09568845884165468,0.22918649264111662,0.8620072999344425,3.0736964546538514
101.44961,True,116.29819181920486,-127.22097882078376,854.7591337284372,0.2771519624101189,-0.008882999296189874,0.2652602537831001,0.9234418659659358,5.197319579002334
101.46350199999999,True,122.52962765151204,-130.95109432171776,871.2759241027436,0.1947871293808464,-0.11095477793935975,0.2558532868163251,0.9403648797702305,4.891991057570962
101.477396,True,124.08364999220137,-131.06205874097753,883.8713806867828,0.1640645152402278,-0.15181940208418804,0.2502737192677247,0.9420173933817193,4.558890765004103
101.532971,True,125.43474932636765,-123.25091787105349,910.3696327179563,0.14522471113333563,-0.2555447349874904,0.2283358100286014,0.9281537747350893,4.16718012451215
101.546863,True,125.50395120107916,-121.22423422935611,913.2358106465077,0.15072729038407312,-0.26577268656243586,0.2233541265555091,0.9256128224919349,4.26893899503706
101.560755,True,125.55678141099304,-119.0734153388222,913.0870427605419,0.15788346921889276,-0.2698124849991446,0.21879447973867305,0.9243392281634901,4.3568699488185025
101.616331,True,127.14016631598221,-110.43553233124085,907.9577259811047,0.1954172026729716,-0.251014439155093,0.20043122220139983,0.9266235445972533,4.645930014456768
101.630224,True,128.12030549978442,-108.59350480948899,906.960672154484,0.2007040073642933,-0.24768032140443313,0.19473425245471035,0.927604943247833,4.699271418567256
101.644116,True,129.58259643480466,-106.93591767685594,907.8454620893326,0.20131513082234204,-0.24472318428261144,0.19083278806952705,0.9290670740986214,4.698787109906671
101.699693,True,139.03990362934223,-100.88065124415435,922.2013482297273,0.19663125404287318,-0.24752906577229974,0.17663753007753438,0.9321291190063358,4.854390471031009
101.713583,True,142.36078171874894,-99.48035800081699,925.4122255161402,0.1927093943928231,-0.2575361444626419,0.17212389517902535,0.9310808709862256,4.9029540936607185
101.72748,True,146.27175879334496,-98.29515851838988,929.2542370996875,0.1908190079939983,-0.2666055595464266,0.16870485602477672,0.9295419589027611,4.928451556868491
101.783054,True,163.83293103067254,-94.7404989790325,937.2999536660018,0.17197870484756353,-0.3126426697088711,0.14943439155009425,0.9221427485906493,5.4795555988118885
101.796944,True,168.85411109617885,-94.67458084379011,942.3469574291813,0.16881773880038403,-0.31488068837702327,0.14584983845707206,0.922539184953996,5.543103844314113
101.810837,True,173.56974899524383,-94.63995875762092,945.7513062478487,0.16769675681215115,-0.31522668139953314,0.14237143016444606,0.923168626504093,5.774001922885835
101.866413,True,193.36206898727707,-97.39409466234831,959.1340931935083,0.1767343758238996,-0.3078782813460188,0.12610230922764987,0.9263229090792328,6.257796305629971
101.880303,True,197.63332763025647,-98.33458578544446,957.4984052263745,0.17646707578961499,-0.3086925929529384,0.12077224455151984,0.9268129903946327,6.409644475599751
101.894197,True,201.99753351304236,-99.42190164488287,957.4211754929009,0.17610055131788546,-0.3065942494418894,0.11727767299881815,0.9280272137446636,6.518340167470809
101.94977300000001,True,124.21695513865045,-49.9340023198989,761.0834885788577,0.8134977578940653,-0.077616765561471,0.5119384948490071,0.2647942844867266,6.416084291671321
101.96366499999999,True,127.0922035510498,-51.70122045928393,760.7985484486788,0.8173797315896929,-0.07775813188559436,0.5049856097381965,0.2661457895014796,6.373166990256965
101.977559,True,129.08113992321537,-53.08303910997076,756.0946572141346,0.8216836552721022,-0.07662599103374147,0.49783986738236197,0.2666831352025967,6.378870081514048
102.033133,True,211.3538259841502,-107.19558910733842,966.7899850450664,0.4277157763172835,0.13552054947639028,0.08520711367584159,0.8896252824296041,4.853829965343099
102.04702499999999,True,206.09240781424904,-105.07687786515943,939.97003427168,0.4475536382182002,0.13832761412871422,0.0821395051679573,0.8796671607931451,4.326580542619977
102.060918,True,199.64123158838922,-102.51934435180854,910.6847409003251,0.4657984009350491,0.143464806121945,0.07931182325101994,0.8695742255744147,3.801161101001189
102.116494,True,175.64476624647594,-94.28435851461532,809.602409927472,0.5225547890721353,0.130698438239808,0.07492528555895363,0.8391904505196425,1.528276368099164
102.130386,True,170.467501215226,-93.17247813573829,791.4149914971289,0.5331158182543142,0.12484528133108477,0.07410214267958831,0.8334926829353029,1.0663812839332636
102.144279,True,165.5853298935289,-92.25508477471789,775.6596670183401,0.5425148637712423,0.11585516972129328,0.07337660372408951,0.828776855529906,0.5881584537102593
102.19985700000001,True,148.0589886225063,-90.9925699927949,730.4965060586759,0.5742486226640235,0.06899691825695031,0.06983551920975006,0.8127736123277012,1.1204410939000164
102.213746,True,144.62888453822296,-91.52435329436999,725.7927965975707,0.5819640873479437,0.05601120887680129,0.06997312617654965,0.8082600491985948,1.4529911744278659
102.227639,True,141.42377211861353,-92.36649983425497,721.9739460479071,0.5871580035080428,0.0433400889051536,0.06869570136699844,0.8053868736351734,1.761006874786988
102.283216,True,124.98800294662543,-96.26107386605642,760.8611579703825,0.9424115089573684,0.03470437910423647,0.08875219362277262,0.320591955580347,2.4031494378860265
102.297108,True,122.10307771650956,-98.11287452792772,764.532164904685,0.9433292852468228,0.03475186293917879,0.08496060375877386,0.318910431668391,2.262392011539636
102.311,True,119.09764785081776,-100.05703197790037,769.0375404462325,0.9442326944250138,0.03590315775241543,0.08297624865674215,0.3166236317793385,2.031443377137771
102.366574,True,106.69893170793556,-107.1338034044743,784.5123141645236,0.947876219631005,0.045026187900589994,0.08628404580994804,0.30341123594857605,1.450506531754987
102.38046700000001,True,103.54772757414091,-108.47188490971807,786.7688239425752,0.948716243546618,0.04661351115619988,0.0897385009724524,0.29951906659126437,1.3648228457918683
102.39436,True,100.05769970992164,-109.2453098539124,787.6043976833914,0.9496897438373536,0.04996295052962297,0.0920973894560997,0.29514600603749985,1.2780925200316926
102.44993600000001,True,86.86005716337085,-111.39929607895668,788.0201166450811,0.9498723628786723,0.05835664486256144,0.09254734880273446,0.29286854469071594,1.2045915700820744
102.46382799999999,True,83.32058113933252,-111.49309682701953,788.1475633349277,0.9495778044301224,0.06118651662899565,0.09436954768276927,0.29266464082056054,1.2419473186487013
102.47772,True,79.97736670071328,-111.6069072401258,788.5806075182873,0.9494218290091339,0.06321281642956268,0.0974888855472625,0.2917160393854718,1.345682464269827
102.533295,True,67.81205327277699,-111.52891749141877,786.3504409037358,0.9524109462203095,0.06408492032038006,0.10262093359240916,0.2797775124914219,1.1344336688610654
102.547189,True,65.2537587160047,-111.25505296760765,784.7945138852323,0.9542388730858179,0.06384451562587863,0.10143340865394158,0.27397685034551283,0.9928428018696448
102.561082,True,62.77189138592552,-111.37321637783694,784.8684392033271,0.9560870592498041,0.06314584909216969,0.10288965934700671,0.267065263328924,0.963233532342028
102.616656,True,54.15711497705971,-110.06896868379604,781.5903033883802,0.9611015743498302,0.05834709259320029,0.10150234570917814,0.2501532617891132,0.8964911651443567
102.63054799999999,True,52.19869946099564,-109.57983565564487,781.4249870285607,0.961883525478647,0.056330330169711965,0.10202686976767883,0.2473812748797884,0.9472643233539327
102.644441,True,50.518960974897624,-109.06910614766761,780.9470058323102,0.9616476851356557,0.05439504461557627,0.1024526589511338,0.2485525326130213,1.0130483775552588
102.700018,True,45.710169579376576,-106.59808444665478,777.9999228532973,0.961131284849682,0.05190070050549171,0.10496048545436004,0.25003253201018383,1.1906989462709137
102.71391,True,44.88971071397093,-106.32504773855183,777.9579505634745,0.9613011342103076,0.05119192896876488,0.10662173520727153,0.2488198572377683,1.215129118298601
102.727802,True,44.38256958234818,-105.92886182432623,776.457859266759,0.9616290907205463,0.05035399676651452,0.10642929612764986,0.24780389790192195,1.333427727307549
102.783375,True,43.946609591909805,-105.24597343605605,775.4267668466762,0.9643334565824887,0.046794805600063466,0.10991956738746295,0.2361967810743295,1.5006384165025575
102.797269,True,44.4318846551345,-104.96349049885038,775.4453040606516,0.9644426483658539,0.045855987418614984,0.11055402648988434,0.2356383110994382,1.525004118657723
102.811161,True,45.13897736047625,-104.77146631318648,775.1263011562185,0.9645583546372924,0.046155016048014606,0.11055159708888113,0.23510686798582525,1.5662383673248692
102.866736,True,49.746883177744465,-105.15029632697596,782.7981862173799,0.9650378694334144,0.05177294804589325,0.12066504274970535,0.22685109624655828,1.1290741160446638
102.88063000000001,True,51.68000734349057,-104.86944148384399,783.0663885279095,0.965053192250139,0.05100143888651224,0.12070457194435982,0.22693963001435066,1.1289888541307882
102.894522,True,53.59010522321363,-104.43852233231674,782.7033861502011,0.9651906604642151,0.050124356288005795,0.12082974110865602,0.2264833581590063,1.0890654078516089
102.950098,True,62.26937175349447,-103.21285304576249,782.6096071898163,0.9648935019544485,0.049846719817157756,0.1298058664157069,0.2228144327767345,0.8333951629561824
102.963993,True,64.90474334895853,-103.01738404677955,782.1729345618626,0.9651918689158303,0.0489032818187632,0.12953960807177262,0.2218842381665106,0.8567380564729911
102.977883,True,67.51695866550821,-102.65204409168285,780.913895696944,0.9655025908559317,0.04695210007825427,0.12869761518756576,0.2214433814629783,0.8507329680617657
103.033457,True,78.07477096354165,-101.53571932198884,777.6287574856201,0.9661277729083771,0.03209212426321836,0.12072529255631252,0.22581546827568388,0.8719734322130794
103.04735000000001,True,80.72091899366097,-101.3143819474758,776.4166963540199,0.9657074148849547,0.027487691024880027,0.11890630985371418,0.22916130815500105,0.9302293631281644
103.061243,True,83.25972808409169,-101.10514187725984,775.94933679946,0.9650214034508353,0.023318748626926383,0.11646757273317096,0.23372041277110997,0.9011234219853869
103.116817,True,92.97517095369307,-100.32141153410527,771.0632349377677,0.9615075300979012,0.012499327102454612,0.10767798993791655,0.2524925481473652,0.9000471129367293
103.13071099999999,True,95.26304195885119,-100.31914073093809,770.1337162264406,0.9602086988347994,0.010874713906539442,0.10578198817395555,0.258246328642631,0.9059120486408507
103.144604,True,97.23471994148477,-100.26500843615088,768.2315766802825,0.9584450617909246,0.009121857008482103,0.10412677619465525,0.26543825973776974,0.8753193477131214
103.200181,True,103.48882322015591,-101.33416791987365,763.5243697310967,0.9519198409292964,0.005070311935216157,0.0943839968710693,0.2914010458400327,0.8131236124622513
103.21407099999999,True,104.43058315128972,-101.37230252299226,761.2710713309973,0.9506026333482928,0.005294444267317163,0.09303717722817094,0.296092360564412,0.8249155857018342
103.227963,True,105.28386957779774,-101.81668700940783,760.0022440113485,0.9507451205149804,0.005701215158747733,0.09112135127972933,0.2962230769261996,0.764416867814986
103.283542,True,107.25934090243985,-103.32597103426413,753.930841685215,0.9514263994008758,0.012900061701109952,0.07937631529626857,0.2971881483188391,0.7889661634347561
103.297432,True,107.47000443403836,-103.81367298332916,752.3417013136019,0.9512315432740177,0.015528014288249991,0.07540092911618672,0.2987174781314447,0.7649502766956013
103.311324,True,107.73854054699142,-104.27409704322298,750.9574405008192,0.9508489601270806,0.017574888722020357,0.07047976222266068,0.3010149189470438,0.8626862040375571
103.3669,True,107.96578729662848,-106.46866166067348,744.3339445880988,0.9493052537533708,0.026758485868828657,0.053300533910472896,0.3086463538017489,0.810882406658571
103.38079300000001,True,107.91531476813492,-107.21028940640717,743.115731884804,0.9490049160030655,0.030149909323988526,0.04901383455780371,0.3099649922034909,0.8106400930453956
103.394684,True,107.81885197820381,-107.80901691051503,741.911178642606,0.9479736236926133,0.03277100774049479,0.04463806855867894,0.3134956342122147,0.793992654117659
103.450259,True,107.03560670404421,-111.52621089748074,741.8318335447092,0.9413968900738745,0.04229938696781011,0.029520902200562995,0.33333342699862833,1.0282640999200323
103.464152,True,106.57778802836904,-112.63712097965549,741.9456433905073,0.9396607468794028,0.04373294798964312,0.026715863446269625,0.33824750209646537,1.0907410873723253
103.478047,True,105.9239199638215,-113.51366014988761,740.2096576489556,0.9369474020210979,0.0460596471286132,0.021090382829046097,0.3457792221988292,1.057671461132316
103.533624,True,102.4665149540654,-116.89173954761002,735.6635559385252,0.9334946544949247,0.04910578124834995,0.006098354817234254,0.3551607556387857,1.1783823881267672
103.54751300000001,True,101.43567476709177,-117.38259097752737,733.6323784266407,0.9326553971318498,0.049957973576999756,0.002587156008454846,0.3572833857048203,1.1584934784450776
103.561405,True,100.43316280539315,-118.46131933421402,733.8491985052077,0.9331108068477144,0.05031395169658931,-0.00044848469941699006,0.35605129864972423,1.0842272972125722
103.61698,True,96.25462808822009,-121.53163984026374,729.7020140520046,0.9295934464147229,0.05787191960320082,-0.00931378316458928,0.36389575258224943,1.1396307628919464
103.63087300000001,True,95.31844599973843,-122.40677507157596,729.3357448060377,0.929275746000332,0.05958247978003194,-0.010923026535697473,0.3643860637978475,1.1272318828277759
103.644766,True,94.34165274837943,-123.19786440509668,729.0562809055045,0.9292478359158398,0.06093375010721078,-0.012223956438311966,0.36419241127815183,1.152265504376304
103.700341,True,90.66886639904322,-126.99783746105044,725.0972822765732,0.9291563934305141,0.06615228204213712,-0.02077208559926377,0.36312641405944834,1.0378066769886685
103.71423399999999,True,89.89336008403652,-127.8287688491518,722.9655496950885,0.928643303857456,0.06599972188743955,-0.025242359448818294,0.36418192459393983,0.9558840803194628
103.728126,True,88.7590894831191,-128.96724020236542,721.9387812275347,0.9288739721063038,0.06579349660854787,-0.028447667050190317,0.3633938496822422,0.9714354032308858
103.78370100000001,True,85.08563939725967,-131.62374863540862,722.6206941637884,0.9326285452149126,0.06550005622800145,-0.03047359079272711,0.35353231754486264,0.9613514483250546
103.797595,True,84.12653426231557,-131.9040331820983,723.6144334463039,0.9333905471561473,0.06608569175061864,-0.028772509720142777,0.3515493002550202,0.9707063059162904
103.811487,True,83.47815493937614,-132.40173698396467,725.0335654863538,0.934054892372496,0.06514717497100322,-0.02700873491783288,0.35009688925558974,0.8572065882862626
103.867062,True,81.38589240386511,-133.575567503642,725.4777662710451,0.9367325341082459,0.06837462648706676,-0.0236160847818711,0.3424899276409068,0.8783495037035471
103.880954,True,81.1646392073178,-134.00599451051778,725.6471259439091,0.9375945315843671,0.06865145957872483,-0.022902589999046933,0.3401160725577922,0.9102628585199999
103.894847,True,80.89465189548973,-134.49671365608256,726.628283641021,0.9391500413734998,0.06880461870721949,-0.02258203754647474,0.3357873967452582,0.9368843260215579
103.950422,True,80.75956224220216,-139.38125783909393,749.3283693120648,0.9512354137499776,0.07330902417171603,-0.00827178141866755,0.2995138598380072,0.3465742524121278
103.964315,True,80.60588190442732,-139.3923021196194,751.965150843316,0.9536554413046034,0.07249693541956041,-0.003914662815018493,0.29201056323348795,0.2907450993750092
103.978207,True,80.21937718798111,-139.17241940326014,753.3060613784863,0.9545212574920515,0.0733977137440307,-0.00011657142422754527,0.28896700680881365,0.22939350730407912
104.033782,True,79.83354187619784,-138.4773459449485,756.1590733498936,0.9560406637283797,0.08159886827416808,0.006052257997597526,0.2815870099406302,0.2748740955448332
104.04767600000001,True,79.88890353347415,-138.10696868349498,757.3999604933764,0.9555449965593337,0.0828553486284606,0.0062056039790144525,0.28289616687635555,0.2343095375045881
104.061567,True,79.91235760476718,-137.47330242882828,758.2797088913123,0.9546498303999563,0.08299081211317723,0.004837879440836314,0.28588952646895943,0.27615453592564687
104.117142,True,79.30542027316397,-132.65609887028094,760.4761851797329,0.95751815110511,0.07648107721002326,0.012900447035871709,0.27774667162599975,0.2895162115883331
104.131035,True,78.90035960921341,-131.85521877296185,762.3972413563196,0.960177571711043,0.07486475590660355,0.015182820961750653,0.2687448251665003,0.29039969672715216
104.144928,True,78.19592136963209,-130.62102402004925,762.5830455637104,0.9622707766860783,0.07409820290090481,0.018520740465519624,0.2611539600225064,0.27277137464223494
104.200503,True,73.18391847298459,-129.18726782670726,768.0482074038824,0.9666111403321127,0.07651958918147421,0.03341424715021126,0.2422625516763495,0.2993975310477338
104.21439500000001,True,71.57863714806493,-129.54345731813783,768.715077186441,0.966226991480802,0.07730332358489114,0.038479811463627944,0.24279394804321439,0.3239005679567515
104.228289,True,69.75703073498856,-130.03920374943073,769.6350995960717,0.9649654405291856,0.0783469110707423,0.04379304360744921,0.24654741824157064,0.33306451270314374
104.283863,True,62.34610683596266,-133.8734338997796,773.3271862168027,0.9649561362320348,0.08638542758637377,0.05681849606515181,0.24118223722686633,0.321362983514603
104.297757,True,60.40730673391335,-134.76547832083003,774.4886868998296,0.9654281507066041,0.0871034552180048,0.058460887617407725,0.2386289976748345,0.3242167899763313
104.31165,True,58.19909713750622,-135.5710346472978,775.300521599353,0.9657157078933116,0.08673089473574284,0.05995962621177778,0.2372251391632036,0.3376040169323665
104.367223,True,49.46819913703616,-137.33192302366086,780.3273809217503,0.9660637987765005,0.08000850244019281,0.06053566179759966,0.23802270875175202,0.3546045823923478
104.381117,True,47.35756031805125,-137.30854953549976,780.4019318448766,0.9656630641591667,0.07851030302816443,0.05975690414473558,0.24033329200132045,0.3671639733814374
104.39501,True,45.433466739779554,-137.19388348132932,780.7219555350467,0.9653194910848618,0.07704679503847091,0.059887722686930066,0.24214774865221547,0.3666237365165652
104.450585,True,38.52772685088443,-137.29979021552688,783.2951374901403,0.9627784575125894,0.07081456990479712,0.062006140673028474,0.25337359167386464,0.3100847118680676
104.464477,True,37.02609595171631,-137.28376594364696,782.8112523705071,0.9619212642710525,0.0708065859673531,0.06155462992062267,0.2567195673534899,0.32495670812023053
104.47837,True,35.70682761608465,-137.76636204968554,783.8526545861887,0.9613572284743903,0.06994035374210085,0.06318309099267795,0.25866681888305565,0.3098907001391923
104.533944,True,32.499314132477785,-138.71421943182423,784.0428505452721,0.9624351885471942,0.06789645912946132,0.0645100988613763,0.25484706360620185,0.2949766755471674
104.54784,True,32.115031513311266,-138.87479361174658,784.581365746503,0.9634625912206466,0.06681459273933818,0.061762739660873554,0.251914686957821,0.34226568471529584
104.561732,True,31.926524320780704,-138.5982785189926,784.8389089031658,0.9646056056599276,0.06580112297314664,0.059608986933178246,0.2483002344374994,0.28969051705450566
104.61730499999999,True,31.409691609371137,-137.72509171028074,787.5072352535592,0.9661032961985675,0.06195779101787751,0.04803196090652468,0.2459645989526184,0.36653811306480194
104.631199,True,31.356417807511114,-137.61417368880444,788.8822945724571,0.9659694957120556,0.06088854556066881,0.047503492310217596,0.2468581304953037,0.32173380117828315
104.645092,True,31.51807622167966,-137.3645835383543,789.1638617077425,0.965523366712566,0.060638799591169634,0.04649719127506468,0.24884849913090445,0.3248206926713349
104.700666,True,32.012689897648706,-137.2250278519113,792.0864842181305,0.9667104791947247,0.06200956133771987,0.04856020838869023,0.24344931685888163,0.34918111371134614
104.714561,True,32.16119088568569,-137.46178334081506,792.6926056064715,0.9674979704622398,0.06328123838826602,0.04914956643496006,0.23984887354071474,0.33040796029460795
104.728452,True,32.375237848482534,-137.8242638327308,792.5304050629273,0.968402252225771,0.06536933262143081,0.04919000918382316,0.23559344480094974,0.32421814630891754
104.78402899999999,True,32.12353847134934,-140.78856965108264,793.2749226209276,0.9721954681227952,0.07216256919344412,0.056041000307439956,0.21561062509403878,0.3181677283356302
104.79791800000001,True,31.815073222511035,-141.89359572032214,793.8785329108109,0.9729528735425023,0.07397026698748346,0.05660650358805781,0.2113925476896557,0.35863392428396706
104.811815,True,31.56579647565901,-142.7404594488506,793.4136964912116,0.9735539029671035,0.07534085364523795,0.056866916542501575,0.20804496531393055,0.3592816764814727
104.867386,True,29.784272816228903,-145.98391373323318,795.4164304501236,0.9756183013963269,0.07499206932493953,0.058863040183364836,0.19768728340305794,0.31029847053387716
104.88127899999999,True,29.39424598632738,-146.56898228652418,794.8145282902476,0.9756559276761501,0.07509559107342735,0.05865627250188934,0.19752368133443565,0.3404853669856026
104.895172,True,29.017151669612257,-147.45130721016963,795.1842679657902,0.97579149904299,0.07515035787515119,0.061559916146148023,0.19594323369473718,0.372768428657437
104.95075,True,27.35464053367854,-150.0326260976512,795.3186176945952,0.9778725180007372,0.07674675410211083,0.06778497675526382,0.18242935947915895,0.2763046220652019
104.96464,True,27.0946461430337,-150.3567226182416,795.5093439680551,0.9788952810238283,0.0757491936872014,0.06857509968038143,0.17698458732003958,0.30025531019100377
104.978534,True,26.82890004164735,-150.49458251443667,795.9149462080283,0.9794764124934511,0.0747483353316318,0.06817952245641452,0.1743278418719285,0.3436232662483385
105.03410799999999,True,26.28099776730114,-149.7505705202998,796.4150910756956,0.9824567300728083,0.07227336402878258,0.06539597399531193,0.15899277018724,0.36441535175417744
105.048,True,26.318935532255264,-149.57644871317135,796.8578968178518,0.9825586589316575,0.07160433271520333,0.06548088059978803,0.15863024796901007,0.414393189703052
105.061895,True,26.355549142582536,-149.6170318946537,798.3863212188483,0.9826042542473988,0.0708497655740055,0.06600109499054387,0.15847096173454214,0.3757663576245391
105.11746799999999,True,27.066092974802043,-148.58321317187966,801.3969763631023,0.9827521663779643,0.06369231077719734,0.06310288922611824,0.16173896994415102,0.354753138181721
105.131362,True,27.10628824444966,-148.52241654128775,802.7125205903766,0.982430901954837,0.06092438744296114,0.06368212588668185,0.16450631824175685,0.4017968312429874
105.14525599999999,True,27.484942215161915,-148.17061728508926,802.536864592184,0.9820884096201166,0.05792742337979474,0.06305815269682587,0.16784051563574312,0.3167108524675515
105.200829,True,29.676147539078645,-148.59185164507807,801.9302410980629,0.9803322315545379,0.04362180783021103,0.07453495634026075,0.1774553294220257,0.30357178892572223
105.214722,True,30.035919112605622,-149.29638814521334,801.4346941155018,0.9802846198058472,0.04150673917447281,0.0799306090914619,0.17587027180702158,0.2894319904538004
105.228615,True,30.44674106427158,-150.22681600142528,801.6331265554638,0.9799899518119163,0.03941724991203925,0.08589309781857761,0.17518090793285196,0.3239280928751457
105.28419,True,31.009629866149474,-155.5374823662736,801.4181696683919,0.977644976136392,0.04881664258656258,0.08777607232480575,0.18472302825874085,0.280839308374552
105.298083,True,31.31131396930524,-156.9280021125669,800.9015945176111,0.9766598640185336,0.05257958412267003,0.08515270940926387,0.1900523965359243,0.20031605405086922
105.311975,True,31.483530729160982,-158.35206709315608,801.9449379104383,0.9762928029913587,0.05632747533103903,0.08215927465197653,0.19217032012974344,0.262322668214688
105.367551,True,29.78371681177441,-157.36734833321097,800.2504629253731,0.9809298847972642,0.07105699790271976,0.07044913398879939,0.16662647953103726,0.33619424665438424
105.381443,True,27.968423306485775,-156.34479699745205,800.2211833969845,0.9830513374836093,0.07552575778578245,0.0668673854729421,0.15308390033763639,0.36240381049271353
105.395335,True,25.664077534640185,-155.35717610043537,801.3549987115038,0.9844910871330179,0.07977920167405939,0.064311398092269,0.14239600560168827,0.34245097099093563
105.45091099999999,True,12.513284020239006,-152.1111199769136,808.1279528056964,0.9883561514314994,0.09712983177498619,0.03781827011538238,0.1108498631138453,0.36608783739175177
105.46480199999999,True,8.617758129087484,-152.4414758007851,811.5263020950296,0.9889796102509634,0.09876527239427062,0.02970481083554066,0.10621852799753327,0.37142284761577515
105.478697,True,4.780244004424436,-152.7136353298695,813.5254920837579,0.9896168024216287,0.0994771184185472,0.02215221077065128,0.10135169872234906,0.35011034491682747
105.53427099999999,True,-11.904747488950639,-159.90873944415287,827.375422075943,0.9919594610301009,0.08442369470332416,-0.004770300487890162,0.09416109429465472,0.3819748665872808
105.548164,True,-16.19113463580175,-162.62378761572322,831.0024069416091,0.992448738687717,0.0752851540915011,-0.010917043905173245,0.09622091666031439,0.39331981609763095
105.562057,True,-20.464718582932132,-165.67225748527818,832.5209520054498,0.9930164297390407,0.06310824239102882,-0.018531817020663328,0.09794024590819156,0.37909952805624414
105.61763099999999,True,-36.81326926610289,-179.7501143361306,838.8377543301821,0.9912868913660013,-0.0325473188555879,-0.042988626726955484,0.12017882098511672,0.3802001718008803
105.631525,True,-40.03064930886818,-183.04763236352218,837.5033194952331,0.9884446749412786,-0.06788733577369042,-0.04798626981288297,0.1267507480499627,0.3377693510297167
105.645417,True,-42.78510722480755,-186.68910255966836,836.348147492812,0.984056059094329,-0.10652416961858187,-0.05133390561693742,0.1328574573779036,0.33208744322027994
105.70099099999999,True,-48.35841128985332,-201.51588221625505,824.2152919547135,0.9540401626463627,-0.24828297203820604,-0.06513060315042934,0.15466395309456765,0.4332433003862429
105.71488400000001,True,-48.3558382513566,-204.92769488536317,818.8695077693864,0.945041688009917,-0.2750451927361598,-0.06723522602893364,0.16348019530491656,0.39839727477631404
105.72877899999999,True,-48.4135550296246,-208.66295752028145,815.7063242497709,0.9369543520895606,-0.2991094281016961,-0.06479337628426424,0.1686769412539653,0.3788937932931284
105.78435,True,-41.32462697205509,-220.22324497828805,793.1611039032172,0.9275043878363521,-0.32314122307286985,-0.05351564993466648,0.1801428203047619,0.3267408613082076
105.79824400000001,True,-37.95039916760114,-222.86885556827133,786.9433702487727,0.9328691038487116,-0.30829579796979295,-0.05004979820976433,0.1794546007708692,0.38163915933039366
105.812137,True,-33.93121015155239,-224.93903366565692,779.5916497980119,0.9407809688138989,-0.2847554493436992,-0.046633958631128174,0.17796285199175663,0.3266580598200056
105.86771499999999,True,-14.381796185990599,-228.16628662557054,754.0358059885014,0.9762514393685148,-0.1288045723289967,-0.014476644814399984,0.17358840984629412,0.49300362472048037
105.881606,True,-8.635538225717841,-226.73873270411767,745.6522530931505,0.981146296876089,-0.07881025777941401,-0.007128347463095283,0.17632377621161915,0.5097564189385392
105.8955,True,-2.6715980688122176,-224.64980810043258,736.5755578665642,0.9845179054547689,-0.028986924113702413,0.0018779862950579537,0.1728604212561588,0.5597721704797288
105.95107300000001,True,20.636467499659904,-215.44146808393123,708.7373266678451,0.9834143386222536,0.1401952892786588,0.03538946771060498,0.10949477170800714,1.1146336812742963
105.96496499999999,True,27.422128912690916,-209.45074527915114,695.2127536797121,0.9803537786902952,0.16209560560284206,0.030831489257327465,0.10807822408831078,1.6810735209057657
105.978857,False,,,,,,,,
106.034435,False,,,,,,,,
106.048326,False,,,,,,,,
106.06222,False,,,,,,,,
106.11779700000001,False,,,,,,,,
106.131686,True,68.88116948621966,-177.88643819870632,694.5710961310086,0.9763322084938302,0.19566072138884383,0.07309352508545405,0.05612162999895502,1.5025979887625442
106.14558,True,68.52429542272984,-176.7269737952223,701.0442817363241,0.977709082855041,0.187479025680047,0.08205972926876111,0.04693362403599828,0.9451334084389722
106.20115200000001,True,64.22726264493454,-166.36919475985374,728.0626775632783,0.9865945765217579,0.13871874838357603,0.07602341385412266,0.040108490007877744,0.3454579171013919
106.215045,True,62.471781685945366,-163.1038396960722,735.6529503805017,0.9888819664356839,0.1270793545359228,0.06699283785057529,0.03840903260633364,0.38719187921638903
106.228939,True,60.27663165110198,-159.68380479861824,743.6568507613553,0.9907569805135721,0.11612431035281359,0.060559304352458446,0.03533158310999801,0.3216927555390583
106.284512,True,48.270639287342256,-143.53052085820957,774.0554240614084,0.9951766898268176,0.0878911768513738,0.031201635218181277,0.03041307312209859,0.3793232832782304
106.29840700000001,True,44.64394328795055,-139.95747930370945,782.1779048319445,0.9958261184776948,0.08388709166253855,0.026072070492606025,0.0247698354915328,0.4010939861031032
106.31230000000001,True,40.784234827057226,-135.82123690833546,788.5512435647694,0.9962282044532648,0.08097475814130704,0.018904145235293917,0.024800937254545484,0.3708666723698407
106.367874,True,24.70420174099611,-121.9218630623338,808.1060012138713,0.9962746125434344,0.08500252104159227,-0.009025203663111658,0.011402346988344393,0.2919322972040589
106.38176700000001,True,20.729390786220428,-118.80749061423379,810.0049923520536,0.9958880824211482,0.08908131644525456,-0.015674583313036592,0.005074819195938567,0.3213497939936184
106.395659,True,17.026433559486495,-116.12992626234526,811.4645444554913,-0.9954693189985234,-0.09260629439701519,0.021514676575378845,0.0014240303810778455,0.28364606995413183
106.451234,True,3.2862389970596055,-107.35531078556387,802.5590624326785,-0.9939942416807565,-0.10039812592078162,0.03599666975622767,0.024492929256297622,0.21010970061573556
106.465127,True,0.7070251262643622,-106.29932802791667,796.2468731364401,-0.9937903005403599,-0.09998878627982966,0.0377770287695167,0.03091888205506111,0.1589699171819649
106.47902,True,-1.4078744207377765,-105.72322688374051,788.3764775215242,-0.993916640870161,-0.0981576703856193,0.03825003450749852,0.03212036123736363,0.19248568789442722
106.53459299999999,True,-6.264850855531539,-108.54802095322535,745.8247798034109,-0.995644505738626,-0.08498602126390692,0.035656511911814306,0.014071515216932617,0.18596780027517054
106.54848799999999,True,-6.3030073684330805,-110.15297297009522,732.6720125303859,-0.9959742915470946,-0.08214912512147393,0.03446836568651574,0.009932954542325744,0.1826993726283678
106.56238,True,-6.10024903648916,-112.15127345452046,719.820883060319,-0.9962737519793307,-0.07918164052241516,0.033939120562620495,0.0041249262589944415,0.21624852795448668
106.617954,True,-3.406632777281425,-121.31161226732833,662.8607306997073,0.9971570596166853,0.06299177810667635,-0.025090571878554128,0.032867880223289896,0.3415556572297018
106.631847,True,-2.499287286649987,-123.58491281789615,649.3322073860303,0.9971480182137006,0.058352146615329795,-0.022735745526364086,0.042118198361668795,0.340839925004282
106.645741,True,-1.347200654378974,-125.07126546184794,634.2963846373735,0.9969193897998359,0.05454591025166477,-0.023364269405151315,0.0512892272422154,0.36122451503566433
106.70131699999999,True,3.102774930934709,-131.16628271385193,583.794437008702,0.9971887431287801,0.03833905540548433,-0.022588374611182325,0.060286754268943046,0.4514441694787875
106.715208,True,4.350176893635438,-132.5688858628334,572.5643457614292,0.9973236501368945,0.03600511612468086,-0.02512158380189399,0.058464301225226355,0.45906772153635883
106.729104,True,5.362757368521214,-133.9730311897569,562.0209289944853,0.9973451826296084,0.035220101356032256,-0.028007474575900988,0.05725131014976049,0.48278590511313474
106.784674,True,8.947812925393594,-136.2980421158514,529.5885657212888,0.9915470880569596,0.05031694002140204,-0.03275456186389778,0.11502050421446933,0.5800385146646377
106.798568,True,9.717457859703195,-136.74827728877025,522.5634846809515,0.9891656903840766,0.05626882834314494,-0.032750685243719664,0.13157677811813706,0.6747671558707481
106.812465,True,10.333833588308504,-137.3543529792937,517.9299067267476,0.9875860048335564,0.06139098864689054,-0.03001403603671753,0.14143615948773003,0.5946892009348768
106.868035,True,6.494256684173344,-130.67928976047213,524.5541810363843,0.9495820798619314,0.10088716513299548,0.025013865921019698,0.2957870180183735,3.609065942632018
106.881929,False,,,,,,,,
106.895825,False,,,,,,,,
106.951398,False,,,,,,,,
106.96529,False,,,,,,,,
106.97918399999999,False,,,,,,,,
107.034758,False,,,,,,,,
107.04865,False,,,,,,,,
107.06254399999999,False,,,,,,,,
107.118117,False,,,,,,,,
107.13201,False,,,,,,,,
107.145905,False,,,,,,,,
107.201479,True,27.127851983770682,-146.96052783123594,539.7199403619239,0.9661076799773077,0.18890739523937264,-0.01155244039052612,0.17554625553899722,3.207004474631084
107.215372,True,26.55718843179769,-145.793385129874,542.0880583437772,0.9643356727010397,0.19363825006849167,-0.01288281642141256,0.17998603142382358,2.866546897339713
107.22926600000001,True,25.79222263956484,-144.57148473738826,545.6203080562194,0.9622392358899342,0.1990231825123793,-0.012723427202315592,0.18526613327002533,2.434308829573724
107.28484,True,21.868935017166237,-138.58917964890173,559.5304593495676,0.9536518266098999,0.22383401109101642,-0.014949954981788275,0.20055679477033664,0.9749828426960864
107.298732,True,20.608715928010753,-136.80027391521685,563.4460460459646,0.9522889197206709,0.22933067355139586,-0.01400664653184866,0.2008906901741166,0.7569320401977513
107.31262600000001,True,19.403217154068535,-135.0771143242706,568.2731007052506,0.95145202771562,0.2342517698927435,-0.01264670401464461,0.19926165746454655,0.6991013772446156
107.368203,True,13.932139722678079,-128.55295876532597,593.7502641723884,0.9500060931147571,0.2528530172284249,-0.006824263876199857,0.18304973134606098,0.5325557914162293
107.382092,True,12.616438933787688,-127.03035563607303,600.1283627713011,0.9490822722025481,0.2576016288666214,-0.006550283419003399,0.18122178451621782,0.4716114123860335
107.39598699999999,True,11.26071364367351,-125.62592814966523,606.9779017718434,0.9481232546097799,0.26232756183370076,-0.006315578069567829,0.17946213484797194,0.4829736033366357
107.451561,True,6.210287910229302,-119.43062349969756,634.249141743836,0.9456188709558454,0.2777773114878659,-0.0032409485411679204,0.1692164660052883,0.4557737532292743
107.465453,True,5.1195191483012525,-117.90253022835117,641.2224968689511,0.9453890824851222,0.2795135695422117,-0.00097668173159508,0.16766243840677414,0.437635075208118
107.47934699999999,True,3.971080623287822,-116.29450931884476,648.7407345232658,0.9451898345128581,0.28057108315355295,0.002422701536130989,0.1670035165763426,0.44586004705426074
107.534921,True,-0.03160536127982727,-108.96688700000202,677.4093640394882,0.9438555113776098,0.28532235913411824,0.003610198683948868,0.1664779008929242,0.42039198404943834
107.548814,True,-1.1505790195464654,-107.1291856795738,685.2950776492115,0.9437482690735092,0.2863302623232751,0.0038695343570256183,0.16534573536229982,0.447802459122591
107.562708,True,-2.1725547277971375,-105.1037280934263,692.6914644767752,0.9439888867003019,0.2867008252408067,0.0029966737225129944,0.16333596829592012,0.40338514250692464
107.61828200000001,True,-5.860823286136709,-97.13532219162215,722.7815695638305,0.9454217171026906,0.28486062719048183,-0.002159666916905568,0.15820093471927885,0.36819062505587213
107.63217399999999,True,-6.477379761901517,-94.92589631551274,730.4118984582061,0.9455453512158161,0.28360976506065744,-0.0038970235516894666,0.15966935574441077,0.39841510709612693
107.646069,True,-7.148251690761267,-92.8403940616035,738.3563776929649,0.9459287056235817,0.28249621386136403,-0.005232811663434312,0.15933421074390955,0.3787915825272203
107.701644,True,-8.219513900129567,-83.76432499650598,769.9218330450523,0.9464391789688735,0.2773913838657136,-0.008848426601480709,0.16501092696081465,0.3999529844359563
107.715535,True,-8.32839017264527,-81.31109157655149,777.2222956356668,0.9464718641536722,0.2769610330444954,-0.010108629833561745,0.1654732973723747,0.41748602874855967
107.729428,True,-8.37158572801781,-78.90796318119448,785.8866875105733,0.9462963354691668,0.27720563605405973,-0.011025512905463422,0.1660081892036104,0.399021718851952
107.785005,True,-6.796578095193387,-67.61597078962738,816.2950386952258,0.9447225655171764,0.27965444720431426,-0.014758791613909068,0.170513467009474,0.3603156638282495
107.798896,True,-6.242776123934339,-64.53039275534502,823.8369683844352,0.9437892532838125,0.28196318380397956,-0.015016916408189107,0.17185197289148677,0.3597399110287676
107.81278999999999,True,-5.5645260634001295,-61.39881776600718,831.1041068559276,0.9432261821281831,0.2840318442267311,-0.013865405515326525,0.17163342140430873,0.33287507166734864
107.868363,True,-2.6522724621087295,-47.751822225265805,858.7951641705812,0.9411536648354749,0.29507845762624085,-0.012655169680532973,0.16431168458764595,0.3064012022524868
107.882256,True,-1.9530049534541818,-44.29616470955947,865.6064609670491,0.9408859785009392,0.29669672181294005,-0.011770232894548656,0.16299108056391587,0.27578464163204486
107.896154,True,-0.9911766560079606,-40.900142301853485,872.7606802568934,0.940862328684795,0.2977463524768784,-0.012118880534253852,0.16117791654918515,0.2807325842965675
107.951727,True,3.7223966218792213,-26.434522913549863,895.4047608822639,0.9420298634790387,0.29558778075926045,-0.013313258735751735,0.1582098521626073,0.2818725154274757
107.965616,True,5.119503149235115,-22.829535998318367,900.9539477949969,0.9432249429907651,0.2935191244671861,-0.013602233812621956,0.15488127623244605,0.2865992935093321
107.97950999999999,True,6.517301236224471,-19.24286666794969,905.6798436158338,0.9443067427224023,0.29108655612387246,-0.015122328360251592,0.15272428647047248,0.2192791190091195
108.035081,True,12.707478693082635,-3.877514781602522,923.9816001614821,0.9491384461155798,0.2766163491432384,-0.01414408008505027,0.14973159483060322,0.2673017595784356
108.048976,True,14.504614161278315,0.31862656002416256,927.1210218008711,0.9503179470922896,0.2728257816096678,-0.012074332847415895,0.14938575169560162,0.36024098465438464
108.062869,True,16.226880709426688,4.283889819047553,933.493032521246,0.9521689760694607,0.26898789258024913,-0.007957920600447069,0.14476334534607949,0.2240376243433152
108.118442,True,23.407478700126937,20.949986161064654,947.4108359351012,0.9572364110842687,0.25774474735328423,0.0037433586226366215,0.13134719552591542,0.3834275136427365
108.132336,True,25.32814746909262,25.270758079711403,950.5425855342879,0.958494136266465,0.25472501206336934,0.006502820904639925,0.127913534437924,0.30929071931491
108.14623,True,27.249740071163284,29.78388517899258,952.3611921568813,0.9593638820769338,0.25271024555497823,0.0070396101118927286,0.12533522029856706,0.35477738926274127
108.20180400000001,True,34.268830709332455,48.71107005977998,962.9453264211617,0.9635436728844308,0.24347836315043847,0.01704546438633707,0.10959621008875339,0.3287772708146996
108.215698,True,35.659121761654035,53.75881614203747,965.4697259522632,0.9645387750616315,0.24081196677889358,0.02063966084928217,0.10605919318340569,0.34174370756771033
108.22959,True,37.372075278189,58.5328227044221,966.1267822572095,0.9655536370474826,0.2376571188506489,0.01913588140237009,0.10420693780617961,0.29900513093132364
108.28516499999999,True,43.440989092461685,77.81150002224534,972.7677886668279,0.9712153765303653,0.22215595367793187,0.022519596486847107,0.08294752805538573,0.2720797902519675
108.299056,True,44.998279336782936,82.78698443761198,973.4073113326965,0.9724747209674153,0.21817179202420425,0.020111933007829524,0.07930634523784118,0.29680867875341127
108.31294899999999,True,46.41380624325132,88.00197329669311,973.4683481276044,0.9733341698907484,0.21520162002307186,0.01933432665641736,0.07703921258213904,0.32417593143453727
108.36852499999999,True,52.56620043590724,108.63695645656654,974.2275449975596,0.9775762855849425,0.20047365688240992,0.010761816844572817,0.06355393029817047,0.29345172119192153
108.382417,True,53.95635651878401,113.674352208342,974.3154621040948,0.9784115634430101,0.19715623458477624,0.010793709302966617,0.06102235266556547,0.3281697170563105
108.39631299999999,True,55.26612964948249,118.56394202051395,975.9193940114909,0.9790783395255063,0.19451716677676756,0.009579953910172608,0.05896525573755529,0.306511993520062
108.451883,True,60.36703030715009,135.6020018009166,975.2947750100715,0.9817324050215109,0.18473072346309322,-0.001716159441184336,0.04553130281745196,0.2843926029126612
108.465777,True,61.68570103528101,139.18939305090043,975.6622450589771,0.9823545160351437,0.1822527661632114,-0.004039054446123423,0.041799761846186764,0.3053669120005832
108.47967299999999,True,62.89020932212159,142.92035919073984,976.6997862579096,0.9826284458456703,0.18000615123339597,-0.006628093975491476,0.04466756433156516,0.2409761426963064
108.53524300000001,True,67.63533521599014,155.23056233919908,974.7460803943859,0.9843681615181562,0.16929011232180838,-0.01776343652594204,0.04521770430067898,0.2893168047041277
108.549139,True,68.56883309655339,158.0524416295267,975.3954697957035,0.9844628883753885,0.16811309319877776,-0.02182289133640434,0.04576648031524511,0.2555466641746621
108.563032,True,69.55676189778457,160.48616923191386,974.2408501725982,0.9843679526815181,0.16721515562390973,-0.026107973389109956,0.04875652970404529,0.26757176540911937
108.618604,True,72.61229169187828,170.77781452023737,973.1172633674829,0.9832509512115671,0.16637426969821353,-0.039296055788333555,0.06319010463209196,0.24286705730109928
108.6325,True,73.2221829672401,173.72558751663954,972.8740391977909,0.9828667450672698,0.16633506646802343,-0.041383291797781815,0.06777189877765182,0.24635824461999756
108.646392,True,73.8086776829344,176.72232891198774,972.2188148768605,0.9828891626897016,0.1661582907368416,-0.04340280183369284,0.06660715486743025,0.2909312443827954
108.70196700000001,True,75.86523494019798,189.26319412637505,969.5082278921973,0.982910324746863,0.16832157451204827,-0.04483077084490582,0.05954278331798749,0.3050917779905573
108.71586,True,76.47577547630942,192.09554396127814,970.3412228212509,0.9832200068640684,0.16913249717532558,-0.04381363182062198,0.052468868561718424,0.2190492588275984
108.729753,True,76.79109838512848,194.69961310367614,968.4137253971002,0.9827177754246534,0.17110397049287257,-0.04513154024108488,0.05433552448869712,0.22480151705723764
108.78532799999999,True,78.43294212492633,202.83086798870326,967.6250374176846,0.9822732000556442,0.1746755696557876,-0.04537170321579535,0.050687418213676616,0.24878721814913002
108.79922,True,78.82574892103453,204.26176988946796,965.9165318779677,0.982235578332954,0.17421770541328035,-0.046154993738797716,0.052260657577474466,0.24408355483177477
108.813113,True,79.0523055907434,205.88440458342453,966.8265493965267,0.9823278210287109,0.17358548518430952,-0.04464202480642394,0.05391865157341481,0.24045975464095937
108.86868700000001,True,80.64870720410482,210.5808180946013,963.3177403247671,0.9832943869286966,0.16702648244049773,-0.04823536748783979,0.05392264942846978,0.29369897893543573
108.88258,True,80.96941588056792,212.19928600226353,963.8525368999468,0.983313202108186,0.1664956060824248,-0.04782234711520856,0.05556422258418046,0.2457779901611477
108.89647500000001,True,81.49126497690271,213.20056230880266,962.8382979960955,0.9835458161520843,0.1644973596029449,-0.049384772506953105,0.05603026376724022,0.21746415802483782
108.952046,True,82.89469929678461,217.56723102186845,960.7648989819907,0.9843703741193787,0.15940557970964242,-0.051949514057348004,0.05390803003925049,0.25994737574493487
108.96594,True,83.19940062548098,219.00300593818037,960.3962290672076,0.9841707558886863,0.1597973952880897,-0.051292798230103756,0.05693649587356094,0.21858189732675637
108.97983599999999,True,83.79261335173747,219.82594153169015,960.2165543376741,0.9846816617777792,0.1575043831583285,-0.053194510327483506,0.05258077895472078,0.2161038927036517
109.03540799999999,True,85.2741100825368,224.01291237330773,961.0041405654043,0.9862264814285375,0.1496725991088612,-0.05355284293288716,0.045689532924841965,0.24680792234606003
109.049301,True,85.66803543914828,224.70637620545634,959.5761166439353,0.9865342867822892,0.14705454866444193,-0.055041688127179536,0.04577633982929941,0.22131513316843707
109.063199,True,85.82150982304944,225.61537453011076,959.8594468019427,0.9866316578159519,0.14506846217670097,-0.0553465032352972,0.04949623881325394,0.24104715662834986
109.118768,True,86.9267740740382,228.41347736599323,957.8207643356345,0.9871985777576988,0.13629274368682925,-0.058722644222638176,0.05843720687194347,0.21798959291417153
109.132662,True,87.06273872432513,229.64646260662317,959.1144294961047,0.9874917316660845,0.13465553597021854,-0.058133110632395645,0.05786629391876127,0.23827435095499774
109.146556,True,87.36802075651325,230.16870564821315,959.0261800708258,0.9879011185291159,0.13193271022329295,-0.05853769255448309,0.05673163608124834,0.24999418926899303
109.20213000000001,True,88.1172128819496,233.5902512734204,959.5638563047505,0.9883451135516038,0.12447918424788867,-0.06031542610412773,0.06356821990212767,0.24904619351537333
109.216023,True,88.44306883906954,234.61001330825897,961.7499708732852,0.9890488695934497,0.12177754292259046,-0.05929574105853723,0.05862233949591881,0.29501398832231773
109.22991499999999,True,88.57325890649284,235.44328403938863,960.600574174913,0.9890056378956346,0.12015439627773002,-0.06031003874383901,0.06159113972398982,0.25974512156006724
109.28549000000001,True,89.41187948345166,238.41986540332238,961.5829454889104,0.9897712826477968,0.11370470426015573,-0.059428292030255965,0.06238851161241282,0.24815309117342552
109.299382,True,89.61926485182059,239.04011354156867,961.1487869463832,0.9899982889106176,0.11158900648313957,-0.05927979626288513,0.06274701061553724,0.2581392256424943
109.313276,True,89.75517169979116,239.9447414504265,962.2292457557372,0.9900445797321396,0.11032396280298545,-0.05916256953334115,0.06434394874942981,0.23161898287182825
109.36885099999999,True,90.56467964965519,242.8594734646923,962.4079442562156,0.9905755294564209,0.10298486689548318,-0.061715181275637174,0.06592020959285767,0.24048446788705294
109.382742,True,90.70246926011842,243.7719671761125,964.1974699385653,0.9911068394716479,0.10098609253855102,-0.059859112314993405,0.06265723054187183,0.2761957416185582
109.396637,True,90.80220753157478,244.55383314299235,963.3802849209346,0.990922172577769,0.09956884037602891,-0.061257481556303985,0.06638384497229728,0.24200236273283413
109.452208,True,91.10013505385022,247.87750098612483,965.2476857726182,0.9915343753239928,0.09257661055814792,-0.06270611139590436,0.0660083125222026,0.25783846985561054
109.466103,True,91.13007731573441,248.87113518923692,965.9386256364376,0.9916278115347253,0.09029612948649722,-0.0637956159347582,0.0667159034872031,0.20002825317939768
109.479996,True,91.17617598744141,249.7076436203647,965.20682623626,0.9915178343322164,0.08843114053034391,-0.0649625149324535,0.0696576574348067,0.24614723212527637
109.535573,True,91.94532699931324,253.62734305218606,966.829560931721,0.991781070329189,0.07837551107035791,-0.06917949479489012,0.0737684573586313,0.2496653757328295
109.549464,True,92.1517596531821,254.98390273554085,967.6229036757497,0.9918289720226767,0.07578704828358279,-0.0695948424236643,0.07541996736228046,0.20276034785890276
109.56335700000001,True,92.4064077312536,256.2520227534301,969.8238406411151,0.9921542609698473,0.0732858581892587,-0.0674583503035445,0.07555445984959701,0.2731119938548216
109.618932,True,92.83306022941457,257.4538065104105,970.3726056561228,0.9903305756978766,0.07221135089508635,-0.06717947370115503,0.09755916129741238,0.2530820353996547
109.632824,True,92.9237425859288,257.7796096088211,971.4323214799314,0.9901085057846083,0.07174690611431736,-0.06719479309032339,0.10011187750483172,0.2813285366005031
109.64671799999999,True,93.0354598340518,258.02403810835307,971.9600618718944,0.9898001525887624,0.07145108913429604,-0.06884903104448921,0.10222627216630996,0.2990060541814015
109.702292,True,92.98018723001354,258.70277173938,971.5319047132562,0.9878053924036923,0.07089862311553188,-0.07122692934136039,0.11891432426377453,0.331376541235679
109.716185,True,93.04990282237986,258.97477120874805,972.1442849639145,0.9874704196022934,0.07075705459851321,-0.07074026027173888,0.12203042740112095,0.3505209792026312
109.73007700000001,True,93.12364483167572,259.25995092533174,972.7957201206405,0.9873688625944438,0.07083722044289956,-0.07137074073962842,0.1224378811690041,0.3332630946701115
109.785652,True,93.15601972862358,259.2134738484866,972.8024446520669,0.9874184132935288,0.07074560869547492,-0.07161588466522013,0.12194712379885926,0.32243473203503104
109.799544,True,93.12084298805831,259.2613321849283,972.8936498847446,0.9874296033578964,0.07097208835820507,-0.07114903342515398,0.1219981808438493,0.31791507927674895
109.81343700000001,True,93.12271264351496,259.2767397671779,972.8942125495261,0.9873631941385357,0.07104108575052788,-0.07106359068555385,0.12254408624984867,0.3153892624743254
109.86901300000001,True,93.14681771856623,259.22794422104977,972.6165593522335,0.9873376694514313,0.07105057728086146,-0.07121786254840842,0.12265462895589656,0.3138875127372232
109.882905,True,93.13971934979837,259.23902044793317,972.6528407677023,0.9873315807783757,0.07106902960463282,-0.07121589379936627,0.12269408746588693,0.3181901883061117
109.89679799999999,True,93.09062195480237,259.1826170667098,972.4065273563843,0.987273515095298,0.07108325924257794,-0.07090825305386378,0.12332962456634643,0.3249028829725014
109.95237300000001,True,93.0804075075121,259.14194113115246,972.345203550392,0.9872887445968966,0.0710297129860162,-0.07103891325164466,0.12316325535415795,0.3313217356667212
109.96626499999999,True,93.07602964447466,259.05217369319524,972.208873323919,0.9873737108645755,0.07084374152559218,-0.0713144392518667,0.12242781601566083,0.33047620672118194
109.980159,True,93.07321670447438,259.112682901613,972.2717629272395,0.9873287384762196,0.07096188102673935,-0.07123222034367324,0.12276947668298574,0.3329504634441804
110.03573200000001,True,93.18703305234943,259.2904961242486,973.7640241675474,0.9876951278921533,0.07055498448129663,-0.06915836051832917,0.12123303870382582,0.3199234597887434
110.049626,True,93.23000193158724,259.3188534030427,973.756461052413,0.9877321861422683,0.07061383092850501,-0.06874374237838755,0.12113262658767796,0.29621212954402004
110.06352000000001,True,93.23000193158724,259.3188534030427,973.756461052413,0.9877321861422683,0.07061383092850501,-0.06874374237838755,0.12113262658767796,0.29621212954402004
110.11909200000001,True,93.22349435817713,259.3946005207433,974.2938413986693,0.9877764281695144,0.0706086613113666,-0.06833847647438314,0.12100412196967895,0.32438358257778616
110.132986,True,93.20745745471032,259.417230017331,974.1954252470711,0.9877768980107947,0.0706558170368393,-0.06863222155815785,0.12080634684908235,0.33714597060163987
110.14688000000001,True,93.21975024222589,259.228341051659,973.5282876117184,0.987811538179422,0.07044796182472336,-0.0691997891668347,0.12031973609351013,0.30156386058359924
110.202455,True,93.22145835998086,259.32822553235536,973.6742604858209,0.9876634698595282,0.07072985308489706,-0.06907751176084131,0.12143498489544276,0.3520998793776401
110.216347,True,93.2304490309807,259.3376735105556,973.4658865276905,0.987584325075939,0.07087168208653609,-0.06921463079844718,0.12191694068488355,0.3666773134411209
110.230239,True,93.23526782526682,259.21860063926175,973.1152221628536,0.987554114005369,0.07073719226999774,-0.06945076309839185,0.12210533586162006,0.3319156745913831
110.285814,True,93.2468209957175,259.18669103385224,973.1830056494593,0.9876738732597233,0.07061029552398988,-0.06937959775802241,0.12124758826915336,0.3327712258765668
110.299708,True,93.24609911187105,259.1279316377556,973.2008909948316,0.9877430036425152,0.07045127484861818,-0.06940541984030457,0.12076118715985566,0.32398648960962545
110.31360000000001,True,93.26673432227307,259.2209740008868,973.5790447965652,0.987810534414139,0.07051546950501662,-0.06882454899556267,0.1205035191042047,0.3239032765666611
110.369175,True,93.26301684309317,259.26069746120226,974.2533734728489,0.9880125009988117,0.07030443152969086,-0.06826301232870322,0.11928430712030566,0.32862303186646613
110.383072,True,93.28338520369573,259.090540308551,973.3751937700596,0.9878533563962069,0.07036640528573264,-0.06906776803395644,0.1200997863558487,0.35130332950246485
110.39696099999999,True,93.26351521461436,259.3276815637899,974.2431796380865,0.9879381466845855,0.07047945030076339,-0.06822725005898711,0.11981614148401368,0.33725950801429094
110.452535,True,93.2767972093845,259.26923425541463,973.7768529992627,0.9878793940481545,0.07052956077030137,-0.06856631747802043,0.12007724172424501,0.3273294041411703
110.466427,True,93.25189879323143,259.34723537962566,974.2737515204713,0.9879459694643458,0.07046916698871616,-0.06820177285405332,0.11977218417743975,0.3174462950081846
110.48032099999999,True,93.25554332015159,259.29800840422007,974.0103102050942,0.987932818672077,0.07044967277698111,-0.06841398432197687,0.1197710989573595,0.30654419253738024
110.535896,True,93.25232143733417,259.46277674861983,974.296398473615,0.9877793488650248,0.0707770975200504,-0.06803775943819006,0.12105132677114866,0.32520020995117693
110.549788,True,93.2750965716855,259.28478291963955,973.7901377499281,0.9878055774047156,0.0706136219412509,-0.06850127158577525,0.12067076462675695,0.3339848468813968
110.563681,True,93.24395913642947,259.24637436516116,974.0647849069791,0.987880052631857,0.07035713216229328,-0.06842795194957256,0.12025178151679862,0.3038341153605278
110.61925500000001,True,93.24044318347089,259.2557198014349,974.1071434858083,0.9879334689710388,0.07032775115145111,-0.06846695250247353,0.11980711464622176,0.3070395816498668
110.633148,True,93.24054222189551,259.29818859680245,974.1059743616546,0.9878879162591567,0.07043586126157611,-0.06844028820632414,0.12013401394990886,0.31212353464471454
110.647042,True,93.2468316042275,259.31629774517967,973.9658204146897,0.9878230852512411,0.07056093220821978,-0.06852498484539182,0.12054473668545375,0.32279271040001895
110.70261900000001,True,93.2646703072885,259.2339563054849,973.5660907065154,0.9877811032234978,0.07057885123611125,-0.06885294742637826,0.1206912983750716,0.3368596776910755
110.71651,True,93.27759063851235,259.2240832882644,973.3511151710676,0.9876721473085186,0.07070270930664846,-0.06892499129541804,0.12146687574234565,0.3428251040986826
110.730402,True,93.29310662775552,259.1295704584933,972.976875837447,0.9876606308896628,0.07065614365315268,-0.06923248189197549,0.12141272999885835,0.34470404158423174
110.78597599999999,True,93.28146817292593,259.09334683170033,973.2060619163798,0.9878245763326206,0.0704054633627726,-0.06917156724005939,0.1202537791818047,0.3316227178865458
110.799868,True,93.28774773294468,258.9864164284289,972.903658907408,0.987849483220137,0.07028479817287815,-0.06946000855402854,0.11995312775905502,0.327095723822546
110.81376300000001,True,93.25078776604899,259.05631404572955,972.8412050420998,0.9877531151934854,0.07043570550372903,-0.06951636527810597,0.12062367004149024,0.33569969166906666
110.86933599999999,True,93.28244594741341,259.04816152663915,972.9847722293333,0.9878105366592776,0.07039398279279628,-0.06937041968475727,0.12026128106850457,0.3286674926857149
110.88323,True,93.28244594741341,259.04816152663915,972.9847722293333,0.9878105366592776,0.07039398279279628,-0.06937041968475727,0.12026128106850457,0.3286674926857149
110.89712300000001,True,93.2579728160129,259.08460419457555,973.5212517301076,0.987913596502434,0.07025041620584849,-0.06903163321259859,0.11969226576739314,0.3331180201251808
110.952698,True,93.05768195133477,259.06922471683725,972.931595566969,0.9876811754500215,0.07052185588975189,-0.06971516692924876,0.12104692893070762,0.2865889514027389
110.96659,True,93.08723747581574,258.9812978319198,972.8022489846951,0.987711770226702,0.07028616162805776,-0.07014410022285976,0.12068603748219858,0.28521765001683336
110.98048299999999,True,93.08299143639323,259.10610883540727,972.9005352809318,0.9876099528787586,0.0705475413728667,-0.0699945824776347,0.12145115810415884,0.2948519387937269
111.036056,True,92.94611868175448,258.6585392790577,971.4400574715717,0.9876972985687699,0.07009202781321856,-0.07180112040430246,0.11994062341705754,0.30800172821423716
111.04995,True,92.93263592870554,258.7402080317146,971.6856729284681,0.9876889634133962,0.07007143970336244,-0.07138779894541193,0.1202675644178365,0.30879002902384645
111.063844,True,92.92670700674888,258.5783255350768,971.4527937885605,0.9878052127924546,0.06991723742815342,-0.07146355819232511,0.11935410064577037,0.29976469238634873
111.119417,True,92.88637057128305,258.6761815893359,971.5395018189017,0.9877181467944789,0.07013210217275877,-0.0714941697710735,0.11992887236380964,0.31038416971722316
111.133311,True,92.85124439617171,258.7166697695561,971.8116283942295,0.9877684351851841,0.07006307951388943,-0.0713636868812696,0.1196323849781294,0.2902522100891868
111.14720299999999,True,92.89338517618458,258.76457736677355,971.9942721384589,0.9877398583600363,0.07000915239191248,-0.07180593127926115,0.11963527498768695,0.28764615828655493
111.202783,True,92.88583114270465,258.84658209942256,972.1707945758192,0.9877105196988114,0.07011774341486542,-0.07163265897431624,0.1199174445315629,0.28657708949557975
111.216671,True,92.89340248371786,258.807502804934,971.9985074354164,0.9876958816377414,0.070116660694532,-0.0717741197919484,0.11995405377469985,0.2922458006963891
111.230564,True,92.87881675601251,258.74507237619747,971.9622140049187,0.9877697544390801,0.07009568495477347,-0.07165014769276329,0.11943099891437554,0.28494536809592885
111.28613800000001,True,92.87602453491606,258.8165127967807,972.0316153650707,0.9877168463937064,0.07023874293201637,-0.07155543725538076,0.11984060138614375,0.2891128100506585
111.300031,True,92.8311132081032,258.89616371404134,972.2559170466791,0.9876864508753481,0.07034380045135048,-0.0715105272676251,0.1200561076548196,0.29830143899345785
111.313925,True,92.81189324103214,258.8473860863026,972.2486794473623,0.9877560452885232,0.07051084873103418,-0.07117558968383997,0.11958365540643037,0.3078210954154643
111.36949899999999,True,92.82594761886338,258.96162027842195,972.7231923296622,0.9877775265955965,0.07040178958232707,-0.07089802808538219,0.1196353442336158,0.2899557682600934
111.383392,True,92.83360804374036,258.92237915782306,972.5503026945743,0.9877630082412375,0.07040051690964808,-0.0710404130476167,0.11967149402886006,0.2956360286511696
111.397285,True,92.82208317870106,258.87473687078864,972.4234014652458,0.98781663262466,0.07029699523502964,-0.07135228402388359,0.11910283093016098,0.29902409355995063
111.452863,True,92.81622963880214,258.8572880368747,972.5504607543618,0.9878758677123707,0.07017950664894984,-0.07127922825429675,0.11872395907108484,0.28916338073691383
111.466755,True,92.81622963880214,258.8572880368747,972.5504607543618,0.9878758677123707,0.07017950664894984,-0.07127922825429675,0.11872395907108484,0.28916338073691383
111.480649,True,92.83121552441105,258.92116173308494,972.4008230560073,0.987808138664057,0.07038531456470627,-0.071262574737605,0.11917480490626331,0.2896991374722587
111.536236,True,92.83522727882384,258.9014282927373,972.3103968840248,0.9877997194243706,0.07038669697268725,-0.07133628374495167,0.11919967204597942,0.29276535199852727
111.550115,True,92.83700325176837,258.8447851480449,972.2654598105581,0.987844741763661,0.07026752414506385,-0.07140465463508518,0.11885544378299635,0.28836117605937106
111.564009,True,92.8274908257652,258.9367287606831,972.5245746095695,0.9878104282366336,0.07040019809739874,-0.07119393824918371,0.11918805783876653,0.30526434942004077
111.619587,True,92.83269088577666,258.9621364284469,973.1280657468568,0.9879244114046725,0.07024485878793366,-0.07073186336142266,0.11860868716082965,0.331132516275912
111.633475,True,92.83269088577666,258.9621364284469,973.1280657468568,0.9879244114046725,0.07024485878793366,-0.07073186336142266,0.11860868716082965,0.331132516275912
111.64737,True,92.83088971391254,259.01854832736075,973.1713701797242,0.9878790146955879,0.07036394850027729,-0.07066552746670816,0.11895524495950839,0.33584181880306047
111.702946,True,92.59986462065316,259.0240060788217,972.0525979019486,0.9874823950366,0.0706232738333007,-0.07244838475901935,0.12100456285469706,0.27438660183108643
111.716837,True,92.62584143130461,258.81255187602454,971.3756582117336,0.9874932899600216,0.07029165284411451,-0.07309032397618423,0.12072236895220162,0.2722984762534694
111.73073,True,92.61411139339732,258.785064453275,971.2074592068951,0.987411538280185,0.07031620898292935,-0.07331061445639128,0.12124206627014378,0.26901133748397377
111.786305,True,92.59225600104803,258.96125883484655,971.7465526465897,0.9874157168234841,0.07064563178100836,-0.0728466465570874,0.1212961786933707,0.2535783795514936
111.800196,True,92.59048974679675,258.7142983911913,970.9669879264497,0.9873733906891925,0.07042783253043439,-0.07376162529341242,0.12121439847669328,0.2588944793240809
111.81409,True,92.61292003467636,258.77801813072523,971.2646694216032,0.9874529239054397,0.07045300553632064,-0.07329173687526479,0.12083632892182579,0.2618063944002624
111.869665,True,92.61292003467636,258.77801813072523,971.2646694216032,0.9874529239054397,0.07045300553632064,-0.07329173687526479,0.12083632892182579,0.2618063944002624
111.88355800000001,True,92.62415449617063,258.74919991726813,971.3508451712614,0.9874934124773683,0.0701985787561783,-0.07340836527812147,0.12058246871585034,0.256511539450235
111.89744999999999,True,92.59207539821358,258.9309619704661,971.8430180924393,0.9874805571170309,0.07033914682461719,-0.07297230668282581,0.12087016255970978,0.22835740599753232
111.953025,True,92.58906759454918,258.9110919932827,971.8243643714703,0.9875445221504786,0.07026472863264396,-0.07308741360653953,0.12032005091866566,0.2307864555523812
111.966918,True,92.59852904772376,259.0275984084452,972.2737744119911,0.9876030190468418,0.07035264383368263,-0.07260692443335055,0.12007921052165713,0.24706660859126334
111.980812,True,92.64477956657409,258.7317029373346,971.6266082386602,0.9877586243978231,0.06996739309343278,-0.07314796570022633,0.11868798989513506,0.2644441651518258
112.036386,True,92.64851597537601,258.74189520855543,971.5831783155726,0.9877173841260217,0.06982976520556461,-0.07319148463051067,0.11908475790027072,0.27158684432417357
112.050278,True,92.63650941412868,258.9700255426879,971.925832169512,0.9875899779987662,0.07021714574898102,-0.07279973085072164,0.12014901991828802,0.27296331205299007
112.064172,True,92.65093635482229,258.94114284180347,971.8073522368428,0.9875980363284732,0.07018051965560365,-0.07284077580365665,0.12007928498011007,0.262309609528204
112.119748,True,92.63119126609679,259.0397473457571,972.0524727547186,0.9875574515027288,0.07032318954702207,-0.07266805369973416,0.12043372851847642,0.27301043322010576
112.133638,True,92.6328358484724,259.1422886320096,972.1478410829968,0.9874805364542213,0.07058546243202576,-0.07259945367865145,0.12095123787254711,0.27810765406642113
112.14753200000001,True,92.62815073428993,259.1776023354262,972.3802719070535,0.9874965858997234,0.07058991356078398,-0.0724323734454346,0.12091777461123004,0.29060336023285455
112.20310799999999,True,92.62451084567341,258.7587211589704,971.4021992200708,0.9875565830772335,0.070155519168382,-0.07334372070619963,0.12012866845181046,0.2839421293857886
112.216999,True,92.65781968857597,258.90193678461856,971.9989934775616,0.987709885022391,0.07019069450886317,-0.07245030384046537,0.11938761622062356,0.27071165746258297
112.230893,True,92.64016565501124,258.93138446183247,971.9285741513773,0.9876156622015005,0.0702882896895774,-0.0726072173923153,0.12001271636518668,0.2662828528477051
112.286467,True,92.65458864918855,258.9024943559418,971.8099108036124,0.9876236245961209,0.0702517012101664,-0.07264854323269791,0.1199435858346122,0.2553901040194095
112.300359,True,92.6496783470742,258.98140501381897,972.0532146921736,0.9875972223432833,0.0703621586215916,-0.07244366347960962,0.12021983478442527,0.27142005998624974
112.314252,True,92.62683424174995,259.1106688129904,972.2450370668295,0.9875288175354547,0.07056613381749473,-0.07227412460726745,0.12076301672006731,0.26651093446787094
112.369828,True,92.64016565501124,258.93138446183247,971.9285741513773,0.9876156622015005,0.0702882896895774,-0.0726072173923153,0.12001271636518668,0.2662828528477051
112.38372100000001,True,92.64016565501124,258.93138446183247,971.9285741513773,0.9876156622015005,0.0702882896895774,-0.0726072173923153,0.12001271636518668,0.2662828528477051
112.397614,True,92.62452506605402,259.15683117683295,972.2585791961437,0.9874828720283807,0.07067848322330549,-0.0722420043644863,0.12109179272450758,0.2715224792400387
112.453187,True,92.61434462342507,259.1603188344698,972.2167332377426,0.9874651024841887,0.07070885943303293,-0.0723129955269123,0.12117656230267994,0.27311630743262527
112.46708,True,92.62653949667607,259.1545621828144,972.2550842536432,0.987485254435035,0.07067291606041876,-0.07223731699396731,0.12107840948081865,0.27067816915406917
112.480972,True,92.62452506605402,259.15683117683295,972.2585791961437,0.9874828720283807,0.07067848322330549,-0.0722420043644863,0.12109179272450758,0.2715224792400387
112.536548,True,92.54238369702792,258.9471856524632,972.3311789513534,0.98754935041858,0.07009315121831113,-0.07209809121907901,0.12097560036095238,0.2696213732109113
112.550441,True,92.61221219453165,259.1864496525321,972.3573548339491,0.987418676368408,0.07072071648980312,-0.07166268786803294,0.12193193587226721,0.29875754314236097
112.564333,True,92.69154157533275,259.2032518994978,972.3046140117224,0.9874392736417587,0.07054089448849991,-0.07197979533269698,0.1216822589306329,0.28135310998479157
112.61991099999999,True,92.5918927573975,258.90022890134105,971.672004533284,0.98745685135541,0.07049461604464044,-0.07206357462115877,0.12151673560789533,0.2895063613164971
112.633801,True,92.75941941354439,259.2361011616073,972.2665191242977,0.987330522756975,0.07041298801722383,-0.07216114166189512,0.12252844398333289,0.23742503784106378
112.64769500000001,True,92.7659432378059,259.22137289984346,972.211585136048,0.9872882376060484,0.07043146998527267,-0.07260028342891271,0.12259911405266334,0.23231707258296533
112.70327099999999,True,92.74007978330926,259.10663093669876,971.9748315576844,0.9873682767384944,0.0702619727255603,-0.07307038192478,0.121769702982866,0.24721459262446227
112.71716099999999,True,92.68885142908532,259.0744294358385,971.9297495228116,0.987366782435352,0.07045621066533857,-0.07278659208668145,0.12183953108227562,0.25204617928492223
112.731058,True,92.68032305753222,259.0635153210986,971.7926540581914,0.9873422427765404,0.07048531617567794,-0.07292693493769317,0.12193759876756445,0.24869899260023826
112.78663,True,92.68974212802377,259.06092930544423,971.7927975057702,0.9873755232375977,0.07031725248760189,-0.07317877296929089,0.1216138450201441,0.25488262639105524
112.800522,True,92.6470281487703,259.1108485040302,971.8814466882714,0.9873258337676499,0.0704347185482206,-0.073267332780311,0.12189563710529987,0.27514636161699246
112.814414,True,92.6715366378379,259.079207904927,971.8081947408464,0.9873522261777253,0.07036817396338282,-0.073234193664633,0.12174011020711241,0.2622765304084466
112.86999,True,92.67126200373538,259.1232670249877,971.8179963665189,0.9873080734693125,0.07047578572795273,-0.07319733216126006,0.12205770050601507,0.26613790822357863
112.883882,True,92.67352997071097,259.0769810814363,971.8048236342022,0.9873546136651089,0.07036266322728896,-0.07322946191035469,0.12172677768719106,0.2613718150741421
112.897776,True,92.66077225438563,259.1128852051156,971.9867953448146,0.9873545606018724,0.07039207337671508,-0.07313276566740341,0.12176833024332344,0.2744417962884962
112.95335,True,92.66077225438563,259.1128852051156,971.9867953448146,0.9873545606018724,0.07039207337671508,-0.07313276566740341,0.12176833024332344,0.2744417962884962
112.96724499999999,True,92.66077225438563,259.1128852051156,971.9867953448146,0.9873545606018724,0.07039207337671508,-0.07313276566740341,0.12176833024332344,0.2744417962884962
112.981135,True,92.6715366378379,259.079207904927,971.8081947408464,0.9873522261777253,0.07036817396338282,-0.073234193664633,0.12174011020711241,0.2622765304084466
113.036709,True,92.67760487893858,258.9780305758801,971.4573734272636,0.9873651463625734,0.07026720966419146,-0.07354126415996093,0.12150831025151108,0.252438151097251
113.050602,True,92.66614722810601,259.0425208596892,971.8588520386514,0.9873877462065366,0.07028519237929937,-0.07326567918757465,0.12148074179294518,0.2747643917263116
113.064495,True,92.67889710229912,259.0065607056818,971.6766103906217,0.9873877334173033,0.0702557301701,-0.073362748956479,0.1214392989968865,0.26162070704048335
113.12007399999999,True,92.67690454614463,259.00878317893427,971.6799735991542,0.9873853549660901,0.07026123335782941,-0.07336749564994192,0.12145258526511638,0.2625555089553307
113.13396300000001,True,92.67429156337,259.04191320699454,971.9080379375445,0.9874035177156453,0.07026036870223658,-0.07319645599409547,0.12140861840289492,0.2737602013096649
113.147858,True,92.67826416017454,259.0374778830922,971.9013695713303,0.987408290293649,0.07024937689440611,-0.07318697205785647,0.12138187849231655,0.2719315322833247
113.203432,True,92.67826416017454,259.0374778830922,971.9013695713303,0.987408290293649,0.07024937689440611,-0.07318697205785647,0.12138187849231655,0.2719315322833247
113.217328,True,92.67889710229912,259.0065607056818,971.6766103906217,0.9873877334173033,0.0702557301701,-0.073362748956479,0.1214392989968865,0.26162070704048335
113.231217,True,92.69510939964262,258.99048354226784,971.6645362773928,0.9874086327159459,0.0702102740202127,-0.07331219077054524,0.12132613957616895,0.25486491150003016
113.286791,True,92.69510939964262,258.99048354226784,971.6645362773928,0.9874086327159459,0.0702102740202127,-0.07331219077054524,0.12132613957616895,0.25486491150003016
113.300683,True,92.69510939964262,258.99048354226784,971.6645362773928,0.9874086327159459,0.0702102740202127,-0.07331219077054524,0.12132613957616895,0.25486491150003016
113.314576,True,92.69510939964262,258.99048354226784,971.6645362773928,0.9874086327159459,0.0702102740202127,-0.07331219077054524,0.12132613957616895,0.25486491150003016
113.37015099999999,True,92.55817553653974,259.1532318940586,972.5940968110303,0.9874144026300973,0.07029142323354505,-0.07239690608732953,0.12178095617720057,0.31304333119996247
113.38404399999999,True,92.57522628043392,259.1704987530644,972.6945813688117,0.9874194872022032,0.07032503700508351,-0.07257305242381554,0.121615367143555,0.30910627182339245
113.397937,True,92.5771997281819,259.11447080140033,972.646673517908,0.9874638347762316,0.07020905041859081,-0.07264256660628124,0.12128034368845972,0.3060756001805292
113.45351099999999,True,92.57522628043392,259.1704987530644,972.6945813688117,0.9874194872022032,0.07032503700508351,-0.07257305242381554,0.121615367143555,0.30910627182339245
113.467404,True,92.59580539739873,258.97753176703276,972.214972144435,0.9874680535161471,0.07010667116305327,-0.07302174195582727,0.12107734364943717,0.3163679479634596
113.48129700000001,True,92.59109726633521,259.21815517992144,972.7877390154856,0.9874551514305312,0.07039725258052425,-0.07238180436539088,0.12139779709381461,0.3187552612600875
113.536871,True,92.57887256837151,259.1889433623763,972.6118275665527,0.9873721520619144,0.0704199272358252,-0.0726159236098659,0.12191880420595916,0.31574476548875424
113.550764,True,92.54459875221247,259.13120756377697,973.2483975379288,0.9876653254599909,0.06985728753974126,-0.07222053588138987,0.12008896060256793,0.2544539912242435
113.56465700000001,True,92.66745684496823,258.7923806763406,970.8900948209587,0.9873065610435019,0.07035213510742261,-0.07391738768920061,0.12170682562405942,0.35946478157908174
113.620234,True,92.66697619370765,258.8227920929306,971.1136594551721,0.98732744763336,0.07034501829352026,-0.07374286429905333,0.12164735720947847,0.37005078877138503
113.634129,True,92.55562848948927,259.34837024410405,973.5951758966664,0.9875813856552645,0.07026631959223502,-0.07175510852800296,0.1208174467464193,0.2868880022335486
113.64801700000001,True,92.56689350968742,259.26203206048933,973.3364818614887,0.9875887027791999,0.07019400245281016,-0.07198600954777222,0.12066221691954845,0.2926076538875156
113.703593,True,92.56725068624617,259.2173487842916,973.3241283270762,0.9876321473106063,0.07008664170286254,-0.07202437017390947,0.12034572844312814,0.28902518741762195
113.717488,True,92.55340029557145,259.1998099031447,973.3429198005207,0.9876135807748381,0.07004432079089487,-0.07217838350785018,0.12043043281595564,0.29675613168758086
113.73137799999999,True,92.56867329974959,259.2454066604376,973.5443819357962,0.9876554990556413,0.07007400038565233,-0.07184365645025974,0.12026944201650257,0.2982725696983748
113.786955,True,92.56867329974959,259.2454066604376,973.5443819357962,0.9876554990556413,0.07007400038565233,-0.07184365645025974,0.12026944201650257,0.2982725696983748
113.800845,True,92.57188770497196,259.1821026804337,973.0913282181994,0.9876158065870555,0.07008246908674495,-0.07219258378420625,0.12038146432348136,0.276932289767895
113.814739,True,92.56986115591623,259.18439391150065,973.0948662407089,0.9876134193282623,0.07008807712662718,-0.07219727680798296,0.12039496928419027,0.27789795272677076
113.870315,True,92.56725068624617,259.2173487842916,973.3241283270762,0.9876321473106063,0.07008664170286254,-0.07202437017390947,0.12034572844312814,0.28902518741762195
113.884206,True,92.56725068624617,259.2173487842916,973.3241283270762,0.9876321473106063,0.07008664170286254,-0.07202437017390947,0.12034572844312814,0.28902518741762195
113.898099,True,92.58185698983431,259.1880204800349,973.2026444969476,0.9876400293458915,0.07004993239282753,-0.07206697204369425,0.12027689281761639,0.2779679973189106
113.953681,True,92.58287730934548,259.2020237993131,973.181643614804,0.9876183358879193,0.07009792421735675,-0.07207144162870698,0.12042429547211361,0.2804890322585107
113.967567,True,92.58624988060245,259.13852939197824,972.7297787464197,0.9875792143902296,0.0701055614459752,-0.07241863674384467,0.12053234674096798,0.25904032427560963
113.981459,True,92.58287730934548,259.2020237993131,973.181643614804,0.9876183358879193,0.07009792421735675,-0.07207144162870698,0.12042429547211361,0.2804890322585107
114.037034,True,92.58287730934548,259.2020237993131,973.181643614804,0.9876183358879193,0.07009792421735675,-0.07207144162870698,0.12042429547211361,0.2804890322585107
114.050927,True,92.58755023625513,259.16677933033213,972.9493508167338,0.9876021631851493,0.07009357587362391,-0.07223904173708666,0.12045903346021898,0.2682983117260362
114.064821,True,92.58689771545771,259.197471673112,973.1745893525181,0.9876230642804996,0.07008680063242753,-0.072062153541804,0.12039754692361478,0.278673744537145
114.120395,True,92.58287730934548,259.2020237993131,973.181643614804,0.9876183358879193,0.07009792421735675,-0.07207144162870698,0.12042429547211361,0.2804890322585107
114.134288,True,92.58287730934548,259.2020237993131,973.181643614804,0.9876183358879193,0.07009792421735675,-0.07207144162870698,0.12042429547211361,0.2804890322585107
114.148182,True,92.58287730934548,259.2020237993131,973.181643614804,0.9876183358879193,0.07009792421735675,-0.07207144162870698,0.12042429547211361,0.2804890322585107
114.203756,True,92.58287730934548,259.2020237993131,973.181643614804,0.9876183358879193,0.07009792421735675,-0.07207144162870698,0.12042429547211361,0.2804890322585107
114.21764900000001,True,92.58287730934548,259.2020237993131,973.181643614804,0.9876183358879193,0.07009792421735675,-0.07207144162870698,0.12042429547211361,0.2804890322585107
114.23154,True,92.58287730934548,259.2020237993131,973.181643614804,0.9876183358879193,0.07009792421735675,-0.07207144162870698,0.12042429547211361,0.2804890322585107
114.287116,True,92.58287730934548,259.2020237993131,973.181643614804,0.9876183358879193,0.07009792421735675,-0.07207144162870698,0.12042429547211361,0.2804890322585107
114.30100900000001,True,92.58287730934548,259.2020237993131,973.181643614804,0.9876183358879193,0.07009792421735675,-0.07207144162870698,0.12042429547211361,0.2804890322585107
114.314902,True,92.56780624242151,259.1594369448243,972.9782826505768,0.9875608827467793,0.07008391799685453,-0.07239016048404454,0.12071210366697481,0.2783932387653567
114.370476,True,92.58287730934548,259.2020237993131,973.181643614804,0.9876183358879193,0.07009792421735675,-0.07207144162870698,0.12042429547211361,0.2804890322585107
114.384371,True,92.58287730934548,259.2020237993131,973.181643614804,0.9876183358879193,0.07009792421735675,-0.07207144162870698,0.12042429547211361,0.2804890322585107
114.398261,True,92.58287730934548,259.2020237993131,973.181643614804,0.9876183358879193,0.07009792421735675,-0.07207144162870698,0.12042429547211361,0.2804890322585107
114.453836,True,92.58287730934548,259.2020237993131,973.181643614804,0.9876183358879193,0.07009792421735675,-0.07207144162870698,0.12042429547211361,0.2804890322585107
114.46772800000001,True,92.58287730934548,259.2020237993131,973.181643614804,0.9876183358879193,0.07009792421735675,-0.07207144162870698,0.12042429547211361,0.2804890322585107
114.481622,True,92.58287730934548,259.2020237993131,973.181643614804,0.9876183358879193,0.07009792421735675,-0.07207144162870698,0.12042429547211361,0.2804890322585107
114.537197,True,92.58287730934548,259.2020237993131,973.181643614804,0.9876183358879193,0.07009792421735675,-0.07207144162870698,0.12042429547211361,0.2804890322585107
114.551089,True,92.58252106170852,259.24678735883055,973.1940349490834,0.9875747885836075,0.07020550539759783,-0.07203284801161787,0.12074142939871943,0.28433185381122306
114.564983,True,92.58252106170852,259.24678735883055,973.1940349490834,0.9875747885836075,0.07020550539759783,-0.07203284801161787,0.12074142939871943,0.28433185381122306
114.620558,True,92.58287730934548,259.2020237993131,973.181643614804,0.9876183358879193,0.07009792421735675,-0.07207144162870698,0.12042429547211361,0.2804890322585107
114.63445,True,92.58252106170852,259.24678735883055,973.1940349490834,0.9875747885836075,0.07020550539759783,-0.07203284801161787,0.12074142939871943,0.28433185381122306
114.648343,True,92.58252106170852,259.24678735883055,973.1940349490834,0.9875747885836075,0.07020550539759783,-0.07203284801161787,0.12074142939871943,0.28433185381122306
114.703917,True,92.58252106170852,259.24678735883055,973.1940349490834,0.9875747885836075,0.07020550539759783,-0.07203284801161787,0.12074142939871943,0.28433185381122306
114.717811,True,92.58252106170852,259.24678735883055,973.1940349490834,0.9875747885836075,0.07020550539759783,-0.07203284801161787,0.12074142939871943,0.28433185381122306
114.731705,True,92.58252106170852,259.24678735883055,973.1940349490834,0.9875747885836075,0.07020550539759783,-0.07203284801161787,0.12074142939871943,0.28433185381122306
114.787279,True,92.58287730934548,259.2020237993131,973.181643614804,0.9876183358879193,0.07009792421735675,-0.07207144162870698,0.12042429547211361,0.2804890322585107
114.801171,True,92.58252106170852,259.24678735883055,973.1940349490834,0.9875747885836075,0.07020550539759783,-0.07203284801161787,0.12074142939871943,0.28433185381122306
114.81506399999999,True,92.58252106170852,259.24678735883055,973.1940349490834,0.9875747885836075,0.07020550539759783,-0.07203284801161787,0.12074142939871943,0.28433185381122306
114.870638,True,92.58252106170852,259.24678735883055,973.1940349490834,0.9875747885836075,0.07020550539759783,-0.07203284801161787,0.12074142939871943,0.28433185381122306
114.88453100000001,True,92.58252106170852,259.24678735883055,973.1940349490834,0.9875747885836075,0.07020550539759783,-0.07203284801161787,0.12074142939871943,0.28433185381122306
114.898425,True,92.58287730934548,259.2020237993131,973.181643614804,0.9876183358879193,0.07009792421735675,-0.07207144162870698,0.12042429547211361,0.2804890322585107
114.953999,True,92.58287730934548,259.2020237993131,973.181643614804,0.9876183358879193,0.07009792421735675,-0.07207144162870698,0.12042429547211361,0.2804890322585107
114.96789100000001,True,92.58287730934548,259.2020237993131,973.181643614804,0.9876183358879193,0.07009792421735675,-0.07207144162870698,0.12042429547211361,0.2804890322585107
114.981785,True,92.58287730934548,259.2020237993131,973.181643614804,0.9876183358879193,0.07009792421735675,-0.07207144162870698,0.12042429547211361,0.2804890322585107
115.037359,True,92.58653134110503,259.0919631931416,972.488684362803,0.9875054357239654,0.07024627033312854,-0.07232194378424328,0.12111156991458304,0.2698056194665854
115.05125199999999,True,92.58653134110503,259.0919631931416,972.488684362803,0.9875054357239654,0.07024627033312854,-0.07232194378424328,0.12111156991458304,0.2698056194665854
115.065145,True,92.58653134110503,259.0919631931416,972.488684362803,0.9875054357239654,0.07024627033312854,-0.07232194378424328,0.12111156991458304,0.2698056194665854
115.120721,True,92.58653134110503,259.0919631931416,972.488684362803,0.9875054357239654,0.07024627033312854,-0.07232194378424328,0.12111156991458304,0.2698056194665854
115.13461500000001,True,92.58653134110503,259.0919631931416,972.488684362803,0.9875054357239654,0.07024627033312854,-0.07232194378424328,0.12111156991458304,0.2698056194665854
115.148506,True,92.59867096532406,259.12087586604787,972.6628370117594,0.9875873721708243,0.07022391615365016,-0.07208966610538496,0.12059379739267242,0.2726591271715868
115.204081,True,92.58653134110503,259.0919631931416,972.488684362803,0.9875054357239654,0.07024627033312854,-0.07232194378424328,0.12111156991458304,0.2698056194665854
115.217973,True,92.59867096532406,259.12087586604787,972.6628370117594,0.9875873721708243,0.07022391615365016,-0.07208966610538496,0.12059379739267242,0.2726591271715868
115.231866,True,92.59867096532406,259.12087586604787,972.6628370117594,0.9875873721708243,0.07022391615365016,-0.07208966610538496,0.12059379739267242,0.2726591271715868
115.287443,True,92.59867096532406,259.12087586604787,972.6628370117594,0.9875873721708243,0.07022391615365016,-0.07208966610538496,0.12059379739267242,0.2726591271715868
115.301333,True,92.58853064817687,259.03540700137967,972.4387944133749,0.9875494468020822,0.07012995789068377,-0.07239376647419668,0.12077674322000825,0.2663055607285512
115.315227,True,92.58653134110503,259.0919631931416,972.488684362803,0.9875054357239654,0.07024627033312854,-0.07232194378424328,0.12111156991458304,0.2698056194665854
115.370803,True,92.58853064817687,259.03540700137967,972.4387944133749,0.9875494468020822,0.07012995789068377,-0.07239376647419668,0.12077674322000825,0.2663055607285512
115.384694,True,92.58853064817687,259.03540700137967,972.4387944133749,0.9875494468020822,0.07012995789068377,-0.07239376647419668,0.12077674322000825,0.2663055607285512
115.398587,True,92.58853064817687,259.03540700137967,972.4387944133749,0.9875494468020822,0.07012995789068377,-0.07239376647419668,0.12077674322000825,0.2663055607285512
115.454162,True,92.58853064817687,259.03540700137967,972.4387944133749,0.9875494468020822,0.07012995789068377,-0.07239376647419668,0.12077674322000825,0.2663055607285512
115.46805499999999,True,92.60385241147867,259.1092567316364,972.5895059349132,0.9875103321040383,0.07027956934125426,-0.07250197199091576,0.12094457482007266,0.26576576400286056
115.481948,True,92.60385241147867,259.1092567316364,972.5895059349132,0.9875103321040383,0.07027956934125426,-0.07250197199091576,0.12094457482007266,0.26576576400286056
115.53752300000001,True,92.59911730020335,259.1444516656775,972.8206669765415,0.9875261410529124,0.07028419300943727,-0.07233597492803343,0.12091219823229803,0.2781960366579583
115.551416,True,92.59911730020335,259.1444516656775,972.8206669765415,0.9875261410529124,0.07028419300943727,-0.07233597492803343,0.12091219823229803,0.2781960366579583
115.565309,True,92.59911730020335,259.1444516656775,972.8206669765415,0.9875261410529124,0.07028419300943727,-0.07233597492803343,0.12091219823229803,0.2781960366579583
115.620882,True,92.59911730020335,259.1444516656775,972.8206669765415,0.9875261410529124,0.07028419300943727,-0.07233597492803343,0.12091219823229803,0.2781960366579583
115.634776,True,92.59911730020335,259.1444516656775,972.8206669765415,0.9875261410529124,0.07028419300943727,-0.07233597492803343,0.12091219823229803,0.2781960366579583
115.648668,True,92.59911730020335,259.1444516656775,972.8206669765415,0.9875261410529124,0.07028419300943727,-0.07233597492803343,0.12091219823229803,0.2781960366579583
115.704243,True,92.61021744490687,259.16632716303235,972.988837510412,0.9876308766386038,0.07023549945486024,-0.07214359401606112,0.12019787006779756,0.28210176349432636
115.718137,True,92.61021744490687,259.16632716303235,972.988837510412,0.9876308766386038,0.07023549945486024,-0.07214359401606112,0.12019787006779756,0.28210176349432636
115.732029,True,92.61126959392072,259.1733542084696,972.9950552387455,0.9876081332982938,0.07026177175482622,-0.07210337725826199,0.12039336136550625,0.28103414298905044
115.787605,True,92.61126959392072,259.1733542084696,972.9950552387455,0.9876081332982938,0.07026177175482622,-0.07210337725826199,0.12039336136550625,0.28103414298905044
115.80149800000001,True,92.61126959392072,259.1733542084696,972.9950552387455,0.9876081332982938,0.07026177175482622,-0.07210337725826199,0.12039336136550625,0.28103414298905044
115.815393,True,92.61126959392072,259.1733542084696,972.9950552387455,0.9876081332982938,0.07026177175482622,-0.07210337725826199,0.12039336136550625,0.28103414298905044
115.870966,True,92.61126959392072,259.1733542084696,972.9950552387455,0.9876081332982938,0.07026177175482622,-0.07210337725826199,0.12039336136550625,0.28103414298905044
115.884858,True,92.61126959392072,259.1733542084696,972.9950552387455,0.9876081332982938,0.07026177175482622,-0.07210337725826199,0.12039336136550625,0.28103414298905044
115.898749,True,92.61126959392072,259.1733542084696,972.9950552387455,0.9876081332982938,0.07026177175482622,-0.07210337725826199,0.12039336136550625,0.28103414298905044
115.95432799999999,True,92.61126959392072,259.1733542084696,972.9950552387455,0.9876081332982938,0.07026177175482622,-0.07210337725826199,0.12039336136550625,0.28103414298905044
115.96822900000001,True,92.61126959392072,259.1733542084696,972.9950552387455,0.9876081332982938,0.07026177175482622,-0.07210337725826199,0.12039336136550625,0.28103414298905044
115.982112,True,92.61126959392072,259.1733542084696,972.9950552387455,0.9876081332982938,0.07026177175482622,-0.07210337725826199,0.12039336136550625,0.28103414298905044
116.03768600000001,True,92.61126959392072,259.1733542084696,972.9950552387455,0.9876081332982938,0.07026177175482622,-0.07210337725826199,0.12039336136550625,0.28103414298905044
116.05157700000001,True,92.62557987285268,259.2121993489544,973.191326059998,0.9876729166742504,0.07026546383356201,-0.0718070533593547,0.12003633345067095,0.28305942814675983
116.065472,True,92.61126959392072,259.1733542084696,972.9950552387455,0.9876081332982938,0.07026177175482622,-0.07210337725826199,0.12039336136550625,0.28103414298905044
116.121043,True,92.61126959392072,259.1733542084696,972.9950552387455,0.9876081332982938,0.07026177175482622,-0.07210337725826199,0.12039336136550625,0.28103414298905044
116.134939,True,92.61126959392072,259.1733542084696,972.9950552387455,0.9876081332982938,0.07026177175482622,-0.07210337725826199,0.12039336136550625,0.28103414298905044
116.148833,True,92.61126959392072,259.1733542084696,972.9950552387455,0.9876081332982938,0.07026177175482622,-0.07210337725826199,0.12039336136550625,0.28103414298905044
116.204404,True,92.61126959392072,259.1733542084696,972.9950552387455,0.9876081332982938,0.07026177175482622,-0.07210337725826199,0.12039336136550625,0.28103414298905044
116.218299,True,92.62380368829233,259.19514876514705,972.9660659801534,0.9875457528296192,0.07006592673312868,-0.07224404454085302,0.12093365953111539,0.2896825532540369
116.232194,True,92.62380368829233,259.19514876514705,972.9660659801534,0.9875457528296192,0.07006592673312868,-0.07224404454085302,0.12093365953111539,0.2896825532540369
116.287764,True,92.62380368829233,259.19514876514705,972.9660659801534,0.9875457528296192,0.07006592673312868,-0.07224404454085302,0.12093365953111539,0.2896825532540369
116.30166,True,92.61886750768747,259.1857473042245,972.9870129511793,0.9875764558932877,0.07016328421023621,-0.07218746504430369,0.12065996521035492,0.2852062207981184
116.315553,True,92.61886750768747,259.1857473042245,972.9870129511793,0.9875764558932877,0.07016328421023621,-0.07218746504430369,0.12065996521035492,0.2852062207981184
116.37112699999999,True,92.61886750768747,259.1857473042245,972.9870129511793,0.9875764558932877,0.07016328421023621,-0.07218746504430369,0.12065996521035492,0.2852062207981184
116.385021,True,92.61886750768747,259.1857473042245,972.9870129511793,0.9875764558932877,0.07016328421023621,-0.07218746504430369,0.12065996521035492,0.2852062207981184
116.398911,True,92.61886750768747,259.1857473042245,972.9870129511793,0.9875764558932877,0.07016328421023621,-0.07218746504430369,0.12065996521035492,0.2852062207981184
116.454489,True,92.61886750768747,259.1857473042245,972.9870129511793,0.9875764558932877,0.07016328421023621,-0.07218746504430369,0.12065996521035492,0.2852062207981184
116.468381,True,92.61886750768747,259.1857473042245,972.9870129511793,0.9875764558932877,0.07016328421023621,-0.07218746504430369,0.12065996521035492,0.2852062207981184
116.482271,True,92.61886750768747,259.1857473042245,972.9870129511793,0.9875764558932877,0.07016328421023621,-0.07218746504430369,0.12065996521035492,0.2852062207981184
116.537848,True,92.61886750768747,259.1857473042245,972.9870129511793,0.9875764558932877,0.07016328421023621,-0.07218746504430369,0.12065996521035492,0.2852062207981184
116.55174000000001,True,92.61886750768747,259.1857473042245,972.9870129511793,0.9875764558932877,0.07016328421023621,-0.07218746504430369,0.12065996521035492,0.2852062207981184
116.565632,True,92.61886750768747,259.1857473042245,972.9870129511793,0.9875764558932877,0.07016328421023621,-0.07218746504430369,0.12065996521035492,0.2852062207981184
116.62121,True,92.61886750768747,259.1857473042245,972.9870129511793,0.9875764558932877,0.07016328421023621,-0.07218746504430369,0.12065996521035492,0.2852062207981184
116.63510099999999,True,92.61886750768747,259.1857473042245,972.9870129511793,0.9875764558932877,0.07016328421023621,-0.07218746504430369,0.12065996521035492,0.2852062207981184
116.648995,True,92.61886750768747,259.1857473042245,972.9870129511793,0.9875764558932877,0.07016328421023621,-0.07218746504430369,0.12065996521035492,0.2852062207981184
116.704571,True,92.55671316321386,259.00884242913827,971.9150537060908,0.9874014736799639,0.07014127808051072,-0.07270810893721595,0.12178695241544583,0.2888999837206776
116.71846099999999,True,92.5465102516751,258.97439054470203,971.7909916867665,0.9874029266331912,0.07009449727515904,-0.07294759551775745,0.1216588272018475,0.28911707638992235
116.732355,True,92.55430037551533,259.0059668306704,971.8737989449894,0.9873644449486195,0.0701649292081213,-0.07274112688718581,0.12205352932097581,0.2874281353127132
116.787927,True,92.55430037551533,259.0059668306704,971.8737989449894,0.9873644449486195,0.0701649292081213,-0.07274112688718581,0.12205352932097581,0.2874281353127132
116.801822,True,92.55430037551533,259.0059668306704,971.8737989449894,0.9873644449486195,0.0701649292081213,-0.07274112688718581,0.12205352932097581,0.2874281353127132
116.815716,True,92.55625675738303,258.9496619139069,971.8251886091929,0.9874089297560318,0.07004851789839588,-0.07281163423163671,0.12171802043577834,0.2847186255102737
116.871288,True,92.55625675738303,258.9496619139069,971.8251886091929,0.9874089297560318,0.07004851789839588,-0.07281163423163671,0.12171802043577834,0.2847186255102737
116.885184,True,92.56889108252838,259.0380364374964,972.0900800855417,0.9874838677236325,0.07011888801105191,-0.07247492271876885,0.12126969162398905,0.2921325717727272
116.89907600000001,True,92.56353900017172,259.1080140934177,972.2158568410845,0.9874503185300167,0.07022576184253208,-0.07234386281839786,0.1215589417571467,0.29209145119585916
116.954648,True,92.56353900017172,259.1080140934177,972.2158568410845,0.9874503185300167,0.07022576184253208,-0.07234386281839786,0.1215589417571467,0.29209145119585916
116.968544,True,92.5776758129896,259.1214462495361,972.3080095644852,0.9874604176368771,0.07027334166262679,-0.07248933352694661,0.1213625872202426,0.28780114116605143
116.982434,True,92.5776758129896,259.1214462495361,972.3080095644852,0.9874604176368771,0.07027334166262679,-0.07248933352694661,0.1213625872202426,0.28780114116605143
117.038008,True,92.5776758129896,259.1214462495361,972.3080095644852,0.9874604176368771,0.07027334166262679,-0.07248933352694661,0.1213625872202426,0.28780114116605143
117.051908,True,92.57964572473522,259.0650418184667,972.2589604396309,0.9875046052917831,0.07015695203695065,-0.0725601963876666,0.12102757747136779,0.2849885258261306
117.065795,True,92.5655124611971,259.05166920088,972.1671360197386,0.987494652130952,0.07010942832819457,-0.07241437218613615,0.12122350751051315,0.28924506103455955
117.121371,True,92.5655124611971,259.05166920088,972.1671360197386,0.987494652130952,0.07010942832819457,-0.07241437218613615,0.12122350751051315,0.28924506103455955
117.135265,True,92.57083304426695,258.9816817703,972.0411674958027,0.9875279711742102,0.07000254155520022,-0.07254558137458607,0.12093506086897972,0.2895094474552607
117.149155,True,92.56889108252838,259.0380364374964,972.0900800855417,0.9874838677236325,0.07011888801105191,-0.07247492271876885,0.12126969162398905,0.2921325717727272
117.204732,True,92.56889108252838,259.0380364374964,972.0900800855417,0.9874838677236325,0.07011888801105191,-0.07247492271876885,0.12126969162398905,0.2921325717727272
117.218627,True,92.56889108252838,259.0380364374964,972.0900800855417,0.9874838677236325,0.07011888801105191,-0.07247492271876885,0.12126969162398905,0.2921325717727272
117.232516,True,92.56889108252838,259.0380364374964,972.0900800855417,0.9874838677236325,0.07011888801105191,-0.07247492271876885,0.12126969162398905,0.2921325717727272
117.288094,True,92.56889108252838,259.0380364374964,972.0900800855417,0.9874838677236325,0.07011888801105191,-0.07247492271876885,0.12126969162398905,0.2921325717727272
117.30198399999999,True,92.56889108252838,259.0380364374964,972.0900800855417,0.9874838677236325,0.07011888801105191,-0.07247492271876885,0.12126969162398905,0.2921325717727272
117.315878,True,92.56889108252838,259.0380364374964,972.0900800855417,0.9874838677236325,0.07011888801105191,-0.07247492271876885,0.12126969162398905,0.2921325717727272
117.371449,True,92.57083304426695,258.9816817703,972.0411674958027,0.9875279711742102,0.07000254155520022,-0.07254558137458607,0.12093506086897972,0.2895094474552607
117.385345,True,92.57083304426695,258.9816817703,972.0411674958027,0.9875279711742102,0.07000254155520022,-0.07254558137458607,0.12093506086897972,0.2895094474552607
117.399239,True,92.57083304426695,258.9816817703,972.0411674958027,0.9875279711742102,0.07000254155520022,-0.07254558137458607,0.12093506086897972,0.2895094474552607
117.45481,True,92.57083304426695,258.9816817703,972.0411674958027,0.9875279711742102,0.07000254155520022,-0.07254558137458607,0.12093506086897972,0.2895094474552607
117.468705,True,92.57083304426695,258.9816817703,972.0411674958027,0.9875279711742102,0.07000254155520022,-0.07254558137458607,0.12093506086897972,0.2895094474552607
117.48259900000001,True,92.57083304426695,258.9816817703,972.0411674958027,0.9875279711742102,0.07000254155520022,-0.07254558137458607,0.12093506086897972,0.2895094474552607
117.538171,True,92.57083304426695,258.9816817703,972.0411674958027,0.9875279711742102,0.07000254155520022,-0.07254558137458607,0.12093506086897972,0.2895094474552607
117.55206600000001,True,92.5686003981197,259.0819220765563,972.0998541504989,0.987440026582693,0.07022573981606205,-0.07243882206444938,0.1215860042421495,0.2959074001358337
117.565962,True,92.5686003981197,259.0819220765563,972.0998541504989,0.987440026582693,0.07022573981606205,-0.07243882206444938,0.1215860042421495,0.2959074001358337
117.621532,True,92.57725074608439,258.9698186808605,971.896147466204,0.9874929679891208,0.07005574380076834,-0.07265011570366597,0.12112717127384076,0.29618094687223817
117.635429,True,92.5686003981197,259.0819220765563,972.0998541504989,0.987440026582693,0.07022573981606205,-0.07243882206444938,0.1215860042421495,0.2959074001358337
117.649318,True,92.5686003981197,259.0819220765563,972.0998541504989,0.987440026582693,0.07022573981606205,-0.07243882206444938,0.1215860042421495,0.2959074001358337
117.70489500000001,True,92.5686003981197,259.0819220765563,972.0998541504989,0.987440026582693,0.07022573981606205,-0.07243882206444938,0.1215860042421495,0.2959074001358337
117.71879,True,92.5686003981197,259.0819220765563,972.0998541504989,0.987440026582693,0.07022573981606205,-0.07243882206444938,0.1215860042421495,0.2959074001358337
117.732679,True,92.56321414734339,259.1519363315826,972.2256243521384,0.987406276068103,0.0703326274833544,-0.0723077646029831,0.12187598069647793,0.29606247139566483
117.78825599999999,True,92.5655124611971,259.05166920088,972.1671360197386,0.987494652130952,0.07010942832819457,-0.07241437218613615,0.12122350751051315,0.28924506103455955
117.80214699999999,True,92.5655124611971,259.05166920088,972.1671360197386,0.987494652130952,0.07010942832819457,-0.07241437218613615,0.12122350751051315,0.28924506103455955
117.81603999999999,True,92.5655124611971,259.05166920088,972.1671360197386,0.987494652130952,0.07010942832819457,-0.07241437218613615,0.12122350751051315,0.28924506103455955
117.871615,True,92.5655124611971,259.05166920088,972.1671360197386,0.987494652130952,0.07010942832819457,-0.07241437218613615,0.12122350751051315,0.28924506103455955
117.885508,True,92.5655124611971,259.05166920088,972.1671360197386,0.987494652130952,0.07010942832819457,-0.07241437218613615,0.12122350751051315,0.28924506103455955
117.8994,True,92.5655124611971,259.05166920088,972.1671360197386,0.987494652130952,0.07010942832819457,-0.07241437218613615,0.12122350751051315,0.28924506103455955
117.954978,True,92.5655124611971,259.05166920088,972.1671360197386,0.987494652130952,0.07010942832819457,-0.07241437218613615,0.12122350751051315,0.28924506103455955
117.968868,True,92.57661263126721,258.9661543708235,971.9100661797013,0.9875014519037765,0.07003830681835685,-0.07264335022589613,0.1210721344236944,0.29509166353664296
117.982761,True,92.57661263126721,258.9661543708235,971.9100661797013,0.9875014519037765,0.07003830681835685,-0.07264335022589613,0.1210721344236944,0.29509166353664296
118.038333,True,92.57661263126721,258.9661543708235,971.9100661797013,0.9875014519037765,0.07003830681835685,-0.07264335022589613,0.1210721344236944,0.29509166353664296
118.05223,True,92.57661263126721,258.9661543708235,971.9100661797013,0.9875014519037765,0.07003830681835685,-0.07264335022589613,0.1210721344236944,0.29509166353664296
118.06612200000001,True,92.57661263126721,258.9661543708235,971.9100661797013,0.9875014519037765,0.07003830681835685,-0.07264335022589613,0.1210721344236944,0.29509166353664296
118.121695,True,92.57440882413181,259.06618895440886,971.9673145684112,0.9874130995284742,0.07026179441397558,-0.0725378174679926,0.12172475574951805,0.30169275455856354
118.13558900000001,True,92.57440882413181,259.06618895440886,971.9673145684112,0.9874130995284742,0.07026179441397558,-0.0725378174679926,0.12172475574951805,0.30169275455856354
118.149481,True,92.57468643905686,259.0224065674265,971.9582735697911,0.9874571529882775,0.07015479158313948,-0.07257329327218143,0.12140755056355351,0.29782221710009343
118.205056,True,92.5820711601008,258.9839403572311,971.7885194934104,0.9874423552225408,0.07015403126891567,-0.07271229073865446,0.1214451719288119,0.3033750619009502
118.21894999999999,True,92.5820711601008,258.9839403572311,971.7885194934104,0.9874423552225408,0.07015403126891567,-0.07271229073865446,0.1214451719288119,0.3033750619009502
118.23284699999999,True,92.59102877412245,258.93756738502253,971.7928025972157,0.9875097103242724,0.07000196742037793,-0.07268291170312252,0.12100202857350778,0.2842436308836987
118.288416,True,92.61061241242041,258.96878266286694,971.7635077449681,0.9874607527295269,0.0701651612451863,-0.07289686608471582,0.12117821124814498,0.2883998072848123
118.302311,True,92.59947128860587,259.05454397342044,972.021828837412,0.9874540937498104,0.07023617888215085,-0.07266705244029555,0.12132926853160593,0.2827218246680188
118.31620299999999,True,92.57964572473522,259.0650418184667,972.2589604396309,0.9875046052917831,0.07015695203695065,-0.0725601963876666,0.12102757747136779,0.2849885258261306
118.371778,True,92.58525437925671,258.98194046507103,972.0966807479078,0.987425751574399,0.07006718009776003,-0.07309709436887993,0.12139930063928803,0.27904850953426336
118.385673,True,92.62769443395703,259.126311266653,972.4725544691287,0.9873848171819093,0.07010239935433299,-0.07299439812449592,0.12177312612336012,0.2847661476660998
118.399563,True,92.62769443395703,259.126311266653,972.4725544691287,0.9873848171819093,0.07010239935433299,-0.07299439812449592,0.12177312612336012,0.2847661476660998
