output_frame_index,sensor_frame_index,sensor_timestamp,actual_exposure_us,analogue_gain,pts_ms,elapsed_ms,frame_unix_ms,frame_time_iso8601,mean_luma
0,29,14909479791000,9992.0,1.00,0.000,722.455,1789131957013.081,2026-09-11T17:05:57.013081+04:00,84.2
1,30,14909493683000,9992.0,1.00,13.892,736.347,1789131957026.973,2026-09-11T17:05:57.026973+04:00,84.2
2,31,14909507575000,9992.0,1.00,27.784,750.239,1789131957040.865,2026-09-11T17:05:57.040865+04:00,84.2
3,35,14909563164000,9992.0,1.00,83.373,805.828,1789131957096.454,2026-09-11T17:05:57.096454+04:00,84.2
4,36,14909577041000,9992.0,1.00,97.250,819.705,1789131957110.331,2026-09-11T17:05:57.110331+04:00,84.2
5,37,14909590937000,9992.0,1.00,111.146,833.601,1789131957124.227,2026-09-11T17:05:57.124227+04:00,84.2
6,41,14909646509000,9992.0,1.00,166.718,889.173,1789131957179.799,2026-09-11T17:05:57.179799+04:00,84.3
7,42,14909660402000,9992.0,1.00,180.611,903.066,1789131957193.692,2026-09-11T17:05:57.193692+04:00,84.3
8,43,14909674297000,9992.0,1.00,194.506,916.961,1789131957207.587,2026-09-11T17:05:57.207587+04:00,84.3
9,47,14909729871000,9992.0,1.00,250.080,972.535,1789131957263.161,2026-09-11T17:05:57.263161+04:00,84.3
10,48,14909743771000,9992.0,1.00,263.980,986.435,1789131957277.061,2026-09-11T17:05:57.277061+04:00,84.3
11,49,14909757656000,9992.0,1.00,277.865,1000.320,1789131957290.946,2026-09-11T17:05:57.290946+04:00,84.3
12,53,14909813231000,9992.0,1.00,333.440,1055.895,1789131957346.521,2026-09-11T17:05:57.346521+04:00,84.2
13,54,14909827122000,9992.0,1.00,347.331,1069.786,1789131957360.412,2026-09-11T17:05:57.360412+04:00,84.2
14,55,14909841017000,9992.0,1.00,361.226,1083.681,1789131957374.307,2026-09-11T17:05:57.374307+04:00,84.2
15,59,14909896591000,9992.0,1.00,416.800,1139.255,1789131957429.881,2026-09-11T17:05:57.429881+04:00,84.1
16,60,14909910483000,9992.0,1.00,430.692,1153.147,1789131957443.773,2026-09-11T17:05:57.443773+04:00,84.1
17,61,14909924376000,9992.0,1.00,444.585,1167.040,1789131957457.666,2026-09-11T17:05:57.457666+04:00,84.1
18,65,14909979952000,9992.0,1.00,500.161,1222.616,1789131957513.242,2026-09-11T17:05:57.513242+04:00,84.1
19,66,14909993843000,9992.0,1.00,514.052,1236.507,1789131957527.133,2026-09-11T17:05:57.527133+04:00,84.1
20,67,14910007736000,9992.0,1.00,527.945,1250.400,1789131957541.026,2026-09-11T17:05:57.541026+04:00,84.1
21,71,14910063311000,9992.0,1.00,583.520,1305.975,1789131957596.601,2026-09-11T17:05:57.596601+04:00,84.2
22,72,14910077203000,9992.0,1.00,597.412,1319.867,1789131957610.493,2026-09-11T17:05:57.610493+04:00,84.3
23,73,14910091097000,9992.0,1.00,611.306,1333.761,1789131957624.387,2026-09-11T17:05:57.624387+04:00,84.3
24,77,14910146671000,9992.0,1.00,666.880,1389.335,1789131957679.961,2026-09-11T17:05:57.679961+04:00,84.5
25,78,14910160564000,9992.0,1.00,680.773,1403.228,1789131957693.854,2026-09-11T17:05:57.693854+04:00,84.5
26,79,14910174457000,9992.0,1.00,694.666,1417.121,1789131957707.747,2026-09-11T17:05:57.707747+04:00,84.5
27,83,14910230032000,9992.0,1.00,750.241,1472.696,1789131957763.322,2026-09-11T17:05:57.763322+04:00,84.6
28,84,14910243924000,9992.0,1.00,764.133,1486.588,1789131957777.214,2026-09-11T17:05:57.777214+04:00,84.6
29,85,14910257817000,9992.0,1.00,778.026,1500.481,1789131957791.107,2026-09-11T17:05:57.791107+04:00,84.6
30,89,14910313392000,9992.0,1.00,833.601,1556.056,1789131957846.682,2026-09-11T17:05:57.846682+04:00,84.6
31,90,14910327284000,9992.0,1.00,847.493,1569.948,1789131957860.574,2026-09-11T17:05:57.860574+04:00,84.7
32,91,14910341178000,9992.0,1.00,861.387,1583.842,1789131957874.468,2026-09-11T17:05:57.874468+04:00,84.7
33,95,14910396753000,9992.0,1.00,916.962,1639.417,1789131957930.043,2026-09-11T17:05:57.930043+04:00,84.9
34,96,14910410645000,9992.0,1.00,930.854,1653.309,1789131957943.935,2026-09-11T17:05:57.943935+04:00,85.0
35,97,14910424539000,9992.0,1.00,944.748,1667.203,1789131957957.829,2026-09-11T17:05:57.957829+04:00,85.0
36,101,14910480113000,9992.0,1.00,1000.322,1722.777,1789131958013.403,2026-09-11T17:05:58.013403+04:00,85.1
37,102,14910494005000,9992.0,1.00,1014.214,1736.669,1789131958027.295,2026-09-11T17:05:58.027295+04:00,85.1
38,103,14910507899000,9992.0,1.00,1028.108,1750.563,1789131958041.189,2026-09-11T17:05:58.041189+04:00,85.1
39,107,14910563474000,9992.0,1.00,1083.683,1806.138,1789131958096.764,2026-09-11T17:05:58.096764+04:00,85.1
40,108,14910577365000,9992.0,1.00,1097.574,1820.029,1789131958110.655,2026-09-11T17:05:58.110655+04:00,85.1
41,109,14910591259000,9992.0,1.00,1111.468,1833.923,1789131958124.549,2026-09-11T17:05:58.124549+04:00,85.1
42,113,14910646834000,9992.0,1.00,1167.043,1889.498,1789131958180.124,2026-09-11T17:05:58.180124+04:00,85.0
43,114,14910660728000,9992.0,1.00,1180.937,1903.392,1789131958194.018,2026-09-11T17:05:58.194018+04:00,84.9
44,115,14910674619000,9992.0,1.00,1194.828,1917.283,1789131958207.909,2026-09-11T17:05:58.207909+04:00,84.9
45,119,14910730196000,9992.0,1.00,1250.405,1972.860,1789131958263.486,2026-09-11T17:05:58.263486+04:00,84.9
46,120,14910744086000,9992.0,1.00,1264.295,1986.750,1789131958277.376,2026-09-11T17:05:58.277376+04:00,84.9
47,121,14910757982000,9992.0,1.00,1278.191,2000.646,1789131958291.272,2026-09-11T17:05:58.291272+04:00,84.8
48,125,14910813557000,9992.0,1.00,1333.766,2056.221,1789131958346.847,2026-09-11T17:05:58.346847+04:00,84.1
49,126,14910827447000,9992.0,1.00,1347.656,2070.111,1789131958360.737,2026-09-11T17:05:58.360737+04:00,84.1
50,127,14910841340000,9992.0,1.00,1361.549,2084.004,1789131958374.630,2026-09-11T17:05:58.374630+04:00,84.2
51,131,14910896915000,9992.0,1.00,1417.124,2139.579,1789131958430.205,2026-09-11T17:05:58.430205+04:00,85.1
52,132,14910910807000,9992.0,1.00,1431.016,2153.471,1789131958444.097,2026-09-11T17:05:58.444097+04:00,85.3
53,133,14910924700000,9992.0,1.00,1444.909,2167.364,1789131958457.990,2026-09-11T17:05:58.457990+04:00,85.4
54,137,14910980276000,9992.0,1.00,1500.485,2222.940,1789131958513.566,2026-09-11T17:05:58.513566+04:00,85.4
55,138,14910994167000,9992.0,1.00,1514.376,2236.831,1789131958527.457,2026-09-11T17:05:58.527457+04:00,85.4
56,139,14911008061000,9992.0,1.00,1528.270,2250.725,1789131958541.351,2026-09-11T17:05:58.541351+04:00,85.4
57,143,14911063637000,9992.0,1.00,1583.846,2306.301,1789131958596.927,2026-09-11T17:05:58.596927+04:00,85.2
58,144,14911077528000,9992.0,1.00,1597.737,2320.192,1789131958610.818,2026-09-11T17:05:58.610818+04:00,85.2
59,145,14911091421000,9992.0,1.00,1611.630,2334.085,1789131958624.711,2026-09-11T17:05:58.624711+04:00,85.2
60,149,14911146995000,9992.0,1.00,1667.204,2389.659,1789131958680.285,2026-09-11T17:05:58.680285+04:00,85.0
61,150,14911160888000,9992.0,1.00,1681.097,2403.552,1789131958694.178,2026-09-11T17:05:58.694178+04:00,85.0
62,151,14911174782000,9992.0,1.00,1694.991,2417.446,1789131958708.072,2026-09-11T17:05:58.708072+04:00,85.0
63,155,14911230356000,9992.0,1.00,1750.565,2473.020,1789131958763.646,2026-09-11T17:05:58.763646+04:00,84.8
64,156,14911244248000,9992.0,1.00,1764.457,2486.912,1789131958777.538,2026-09-11T17:05:58.777538+04:00,84.8
65,157,14911258142000,9992.0,1.00,1778.351,2500.806,1789131958791.432,2026-09-11T17:05:58.791432+04:00,84.8
66,161,14911313717000,9992.0,1.00,1833.926,2556.381,1789131958847.007,2026-09-11T17:05:58.847007+04:00,84.7
67,162,14911327609000,9992.0,1.00,1847.818,2570.273,1789131958860.899,2026-09-11T17:05:58.860899+04:00,84.7
68,163,14911341502000,9992.0,1.00,1861.711,2584.166,1789131958874.792,2026-09-11T17:05:58.874792+04:00,84.7
69,167,14911397078000,9992.0,1.00,1917.287,2639.742,1789131958930.368,2026-09-11T17:05:58.930368+04:00,84.8
70,168,14911410969000,9992.0,1.00,1931.178,2653.633,1789131958944.259,2026-09-11T17:05:58.944259+04:00,84.8
71,169,14911424863000,9992.0,1.00,1945.072,2667.527,1789131958958.153,2026-09-11T17:05:58.958153+04:00,84.9
72,173,14911480438000,9992.0,1.00,2000.647,2723.102,1789131959013.728,2026-09-11T17:05:59.013728+04:00,85.1
73,174,14911494330000,9992.0,1.00,2014.539,2736.994,1789131959027.620,2026-09-11T17:05:59.027620+04:00,85.1
74,175,14911508223000,9992.0,1.00,2028.432,2750.887,1789131959041.513,2026-09-11T17:05:59.041513+04:00,85.1
75,179,14911563800000,9992.0,1.00,2084.009,2806.464,1789131959097.090,2026-09-11T17:05:59.097090+04:00,85.2
76,180,14911577691000,9992.0,1.00,2097.900,2820.355,1789131959110.981,2026-09-11T17:05:59.110981+04:00,85.2
77,181,14911591583000,9992.0,1.00,2111.792,2834.247,1789131959124.873,2026-09-11T17:05:59.124873+04:00,85.1
78,185,14911647158000,9992.0,1.00,2167.367,2889.822,1789131959180.448,2026-09-11T17:05:59.180448+04:00,85.0
79,186,14911661051000,9992.0,1.00,2181.260,2903.715,1789131959194.341,2026-09-11T17:05:59.194341+04:00,85.0
80,187,14911674944000,9992.0,1.00,2195.153,2917.608,1789131959208.234,2026-09-11T17:05:59.208234+04:00,84.9
81,191,14911730518000,9992.0,1.00,2250.727,2973.182,1789131959263.808,2026-09-11T17:05:59.263808+04:00,84.8
82,192,14911744411000,9992.0,1.00,2264.620,2987.075,1789131959277.701,2026-09-11T17:05:59.277701+04:00,84.7
83,193,14911758304000,9992.0,1.00,2278.513,3000.968,1789131959291.594,2026-09-11T17:05:59.291594+04:00,84.7
84,197,14911813879000,9992.0,1.00,2334.088,3056.543,1789131959347.169,2026-09-11T17:05:59.347169+04:00,84.4
85,198,14911827771000,9992.0,1.00,2347.980,3070.435,1789131959361.061,2026-09-11T17:05:59.361061+04:00,84.3
86,199,14911841665000,9992.0,1.00,2361.874,3084.329,1789131959374.955,2026-09-11T17:05:59.374955+04:00,84.3
87,203,14911897240000,9992.0,1.00,2417.449,3139.904,1789131959430.530,2026-09-11T17:05:59.430530+04:00,83.9
88,204,14911911132000,9992.0,1.00,2431.341,3153.796,1789131959444.422,2026-09-11T17:05:59.444422+04:00,83.8
89,205,14911925025000,9992.0,1.00,2445.234,3167.689,1789131959458.315,2026-09-11T17:05:59.458315+04:00,83.8
90,209,14911980600000,9992.0,1.00,2500.809,3223.264,1789131959513.890,2026-09-11T17:05:59.513890+04:00,83.5
91,210,14911994492000,9992.0,1.00,2514.701,3237.156,1789131959527.782,2026-09-11T17:05:59.527782+04:00,83.4
92,211,14912008385000,9992.0,1.00,2528.594,3251.049,1789131959541.675,2026-09-11T17:05:59.541675+04:00,83.4
93,215,14912063960000,9992.0,1.00,2584.169,3306.624,1789131959597.250,2026-09-11T17:05:59.597250+04:00,83.2
94,216,14912077852000,9992.0,1.00,2598.061,3320.516,1789131959611.142,2026-09-11T17:05:59.611142+04:00,83.2
95,217,14912091748000,9992.0,1.00,2611.957,3334.412,1789131959625.038,2026-09-11T17:05:59.625038+04:00,83.2
96,221,14912147320000,9992.0,1.00,2667.529,3389.984,1789131959680.610,2026-09-11T17:05:59.680610+04:00,83.0
97,222,14912161213000,9992.0,1.00,2681.422,3403.877,1789131959694.503,2026-09-11T17:05:59.694503+04:00,83.0
98,223,14912175106000,9992.0,1.00,2695.315,3417.770,1789131959708.396,2026-09-11T17:05:59.708396+04:00,83.0
99,227,14912230680000,9992.0,1.00,2750.889,3473.344,1789131959763.970,2026-09-11T17:05:59.763970+04:00,82.8
100,228,14912244573000,9992.0,1.00,2764.782,3487.237,1789131959777.863,2026-09-11T17:05:59.777863+04:00,82.8
101,229,14912258466000,9992.0,1.00,2778.675,3501.130,1789131959791.756,2026-09-11T17:05:59.791756+04:00,82.8
102,233,14912314041000,9992.0,1.00,2834.250,3556.705,1789131959847.331,2026-09-11T17:05:59.847331+04:00,82.6
103,234,14912327933000,9992.0,1.00,2848.142,3570.597,1789131959861.223,2026-09-11T17:05:59.861223+04:00,82.6
104,235,14912341827000,9992.0,1.00,2862.036,3584.491,1789131959875.117,2026-09-11T17:05:59.875117+04:00,82.6
105,239,14912397402000,9992.0,1.00,2917.611,3640.066,1789131959930.692,2026-09-11T17:05:59.930692+04:00,82.4
106,240,14912411294000,9992.0,1.00,2931.503,3653.958,1789131959944.584,2026-09-11T17:05:59.944584+04:00,82.4
107,241,14912425187000,9992.0,1.00,2945.396,3667.851,1789131959958.477,2026-09-11T17:05:59.958477+04:00,82.3
108,245,14912480764000,9992.0,1.00,3000.973,3723.428,1789131960014.054,2026-09-11T17:06:00.014054+04:00,82.2
109,246,14912494656000,9992.0,1.00,3014.865,3737.320,1789131960027.946,2026-09-11T17:06:00.027946+04:00,82.2
110,247,14912508549000,9992.0,1.00,3028.758,3751.213,1789131960041.839,2026-09-11T17:06:00.041839+04:00,82.2
111,251,14912564123000,9992.0,1.00,3084.332,3806.787,1789131960097.413,2026-09-11T17:06:00.097413+04:00,82.1
112,252,14912578022000,9992.0,1.00,3098.231,3820.686,1789131960111.312,2026-09-11T17:06:00.111312+04:00,82.1
113,253,14912591910000,9992.0,1.00,3112.119,3834.574,1789131960125.200,2026-09-11T17:06:00.125200+04:00,82.1
114,257,14912647487000,9992.0,1.00,3167.696,3890.151,1789131960180.777,2026-09-11T17:06:00.180777+04:00,82.1
115,258,14912661377000,9992.0,1.00,3181.586,3904.041,1789131960194.667,2026-09-11T17:06:00.194667+04:00,82.1
116,259,14912675270000,9992.0,1.00,3195.479,3917.934,1789131960208.560,2026-09-11T17:06:00.208560+04:00,82.1
117,263,14912730844000,9992.0,1.00,3251.053,3973.508,1789131960264.134,2026-09-11T17:06:00.264134+04:00,82.1
118,264,14912744737000,9992.0,1.00,3264.946,3987.401,1789131960278.027,2026-09-11T17:06:00.278027+04:00,82.1
119,265,14912758631000,9992.0,1.00,3278.840,4001.295,1789131960291.921,2026-09-11T17:06:00.291921+04:00,82.1
120,269,14912814207000,9992.0,1.00,3334.416,4056.871,1789131960347.497,2026-09-11T17:06:00.347497+04:00,82.1
121,270,14912828096000,9992.0,1.00,3348.305,4070.760,1789131960361.386,2026-09-11T17:06:00.361386+04:00,82.1
122,271,14912841991000,9992.0,1.00,3362.200,4084.655,1789131960375.281,2026-09-11T17:06:00.375281+04:00,82.2
123,275,14912897566000,9992.0,1.00,3417.775,4140.230,1789131960430.856,2026-09-11T17:06:00.430856+04:00,82.2
124,276,14912911461000,9992.0,1.00,3431.670,4154.125,1789131960444.751,2026-09-11T17:06:00.444751+04:00,82.2
125,277,14912925351000,9992.0,1.00,3445.560,4168.015,1789131960458.641,2026-09-11T17:06:00.458641+04:00,82.2
126,281,14912980926000,9992.0,1.00,3501.135,4223.590,1789131960514.216,2026-09-11T17:06:00.514216+04:00,82.3
127,282,14912994818000,9992.0,1.00,3515.027,4237.482,1789131960528.108,2026-09-11T17:06:00.528108+04:00,82.3
128,283,14913008711000,9992.0,1.00,3528.920,4251.375,1789131960542.001,2026-09-11T17:06:00.542001+04:00,82.3
129,287,14913064285000,9992.0,1.00,3584.494,4306.949,1789131960597.575,2026-09-11T17:06:00.597575+04:00,82.2
130,288,14913078179000,9992.0,1.00,3598.388,4320.843,1789131960611.469,2026-09-11T17:06:00.611469+04:00,82.2
131,289,14913092072000,9992.0,1.00,3612.281,4334.736,1789131960625.362,2026-09-11T17:06:00.625362+04:00,82.2
132,293,14913147649000,9992.0,1.00,3667.858,4390.313,1789131960680.939,2026-09-11T17:06:00.680939+04:00,82.1
133,294,14913161540000,9992.0,1.00,3681.749,4404.204,1789131960694.830,2026-09-11T17:06:00.694830+04:00,82.1
134,295,14913175432000,9992.0,1.00,3695.641,4418.096,1789131960708.722,2026-09-11T17:06:00.708722+04:00,82.0
135,299,14913231010000,9992.0,1.00,3751.219,4473.674,1789131960764.300,2026-09-11T17:06:00.764300+04:00,81.9
136,300,14913244899000,9992.0,1.00,3765.108,4487.563,1789131960778.189,2026-09-11T17:06:00.778189+04:00,81.9
137,301,14913258792000,9992.0,1.00,3779.001,4501.456,1789131960792.082,2026-09-11T17:06:00.792082+04:00,81.9
138,305,14913314370000,9992.0,1.00,3834.579,4557.034,1789131960847.660,2026-09-11T17:06:00.847660+04:00,81.8
139,306,14913328260000,9992.0,1.00,3848.469,4570.924,1789131960861.550,2026-09-11T17:06:00.861550+04:00,81.8
140,307,14913342153000,9992.0,1.00,3862.362,4584.817,1789131960875.443,2026-09-11T17:06:00.875443+04:00,81.8
141,311,14913397729000,9992.0,1.00,3917.938,4640.393,1789131960931.019,2026-09-11T17:06:00.931019+04:00,81.7
142,312,14913411620000,9992.0,1.00,3931.829,4654.284,1789131960944.910,2026-09-11T17:06:00.944910+04:00,81.7
143,313,14913425513000,9992.0,1.00,3945.722,4668.177,1789131960958.803,2026-09-11T17:06:00.958803+04:00,81.7
144,317,14913481088000,9992.0,1.00,4001.297,4723.752,1789131961014.378,2026-09-11T17:06:01.014378+04:00,81.7
145,318,14913494981000,9992.0,1.00,4015.190,4737.645,1789131961028.271,2026-09-11T17:06:01.028271+04:00,81.7
146,319,14913508872000,9992.0,1.00,4029.081,4751.536,1789131961042.162,2026-09-11T17:06:01.042162+04:00,81.7
147,323,14913564448000,9992.0,1.00,4084.657,4807.112,1789131961097.738,2026-09-11T17:06:01.097738+04:00,81.8
148,324,14913578341000,9992.0,1.00,4098.550,4821.005,1789131961111.631,2026-09-11T17:06:01.111631+04:00,81.8
149,325,14913592235000,9992.0,1.00,4112.444,4834.899,1789131961125.525,2026-09-11T17:06:01.125525+04:00,81.8
150,329,14913647811000,9992.0,1.00,4168.020,4890.475,1789131961181.101,2026-09-11T17:06:01.181101+04:00,81.8
151,330,14913661701000,9992.0,1.00,4181.910,4904.365,1789131961194.991,2026-09-11T17:06:01.194991+04:00,81.8
152,331,14913675594000,9992.0,1.00,4195.803,4918.258,1789131961208.884,2026-09-11T17:06:01.208884+04:00,81.8
153,335,14913731171000,9992.0,1.00,4251.380,4973.835,1789131961264.461,2026-09-11T17:06:01.264461+04:00,81.8
154,336,14913745063000,9992.0,1.00,4265.272,4987.727,1789131961278.353,2026-09-11T17:06:01.278353+04:00,81.8
155,337,14913758959000,9992.0,1.00,4279.168,5001.623,1789131961292.249,2026-09-11T17:06:01.292249+04:00,81.8
156,341,14913814529000,9992.0,1.00,4334.738,5057.193,1789131961347.819,2026-09-11T17:06:01.347819+04:00,81.8
157,342,14913828421000,9992.0,1.00,4348.630,5071.085,1789131961361.711,2026-09-11T17:06:01.361711+04:00,81.8
158,343,14913842316000,9992.0,1.00,4362.525,5084.980,1789131961375.606,2026-09-11T17:06:01.375606+04:00,81.8
159,347,14913897891000,9992.0,1.00,4418.100,5140.555,1789131961431.181,2026-09-11T17:06:01.431181+04:00,81.9
160,348,14913911782000,9992.0,1.00,4431.991,5154.446,1789131961445.072,2026-09-11T17:06:01.445072+04:00,81.9
161,349,14913925675000,9992.0,1.00,4445.884,5168.339,1789131961458.965,2026-09-11T17:06:01.458965+04:00,82.0
162,353,14913981251000,9992.0,1.00,4501.460,5223.915,1789131961514.541,2026-09-11T17:06:01.514541+04:00,82.1
163,354,14913995142000,9992.0,1.00,4515.351,5237.806,1789131961528.432,2026-09-11T17:06:01.528432+04:00,82.2
164,355,14914009035000,9992.0,1.00,4529.244,5251.699,1789131961542.325,2026-09-11T17:06:01.542325+04:00,82.2
165,359,14914064610000,9992.0,1.00,4584.819,5307.274,1789131961597.900,2026-09-11T17:06:01.597900+04:00,82.4
166,360,14914078504000,9992.0,1.00,4598.713,5321.168,1789131961611.794,2026-09-11T17:06:01.611794+04:00,82.4
167,361,14914092397000,9992.0,1.00,4612.606,5335.061,1789131961625.687,2026-09-11T17:06:01.625687+04:00,82.4
168,365,14914147973000,9992.0,1.00,4668.182,5390.637,1789131961681.263,2026-09-11T17:06:01.681263+04:00,82.4
169,366,14914161862000,9992.0,1.00,4682.071,5404.526,1789131961695.152,2026-09-11T17:06:01.695152+04:00,82.5
170,367,14914175756000,9992.0,1.00,4695.965,5418.420,1789131961709.046,2026-09-11T17:06:01.709046+04:00,82.6
171,371,14914231333000,9992.0,1.00,4751.542,5473.997,1789131961764.623,2026-09-11T17:06:01.764623+04:00,83.1
172,372,14914245224000,9992.0,1.00,4765.433,5487.888,1789131961778.514,2026-09-11T17:06:01.778514+04:00,83.2
173,373,14914259116000,9992.0,1.00,4779.325,5501.780,1789131961792.406,2026-09-11T17:06:01.792406+04:00,83.4
174,377,14914314689000,9992.0,1.00,4834.898,5557.353,1789131961847.979,2026-09-11T17:06:01.847979+04:00,83.9
175,378,14914328583000,9992.0,1.00,4848.792,5571.247,1789131961861.873,2026-09-11T17:06:01.861873+04:00,83.9
176,379,14914342478000,9992.0,1.00,4862.687,5585.142,1789131961875.768,2026-09-11T17:06:01.875768+04:00,84.0
177,383,14914398054000,9992.0,1.00,4918.263,5640.718,1789131961931.344,2026-09-11T17:06:01.931344+04:00,83.8
178,384,14914411944000,9992.0,1.00,4932.153,5654.608,1789131961945.234,2026-09-11T17:06:01.945234+04:00,83.8
179,385,14914425837000,9992.0,1.00,4946.046,5668.501,1789131961959.127,2026-09-11T17:06:01.959127+04:00,83.7
180,389,14914481413000,9992.0,1.00,5001.622,5724.077,1789131962014.703,2026-09-11T17:06:02.014703+04:00,83.7
181,390,14914495305000,9992.0,1.00,5015.514,5737.969,1789131962028.595,2026-09-11T17:06:02.028595+04:00,83.7
182,391,14914509197000,9992.0,1.00,5029.406,5751.861,1789131962042.487,2026-09-11T17:06:02.042487+04:00,83.6
183,395,14914564773000,9992.0,1.00,5084.982,5807.437,1789131962098.063,2026-09-11T17:06:02.098063+04:00,83.7
184,396,14914578666000,9992.0,1.00,5098.875,5821.330,1789131962111.956,2026-09-11T17:06:02.111956+04:00,83.7
185,397,14914592558000,9992.0,1.00,5112.767,5835.222,1789131962125.848,2026-09-11T17:06:02.125848+04:00,83.7
186,401,14914648132000,9992.0,1.00,5168.341,5890.796,1789131962181.422,2026-09-11T17:06:02.181422+04:00,83.7
187,402,14914662024000,9992.0,1.00,5182.233,5904.688,1789131962195.314,2026-09-11T17:06:02.195314+04:00,83.7
188,403,14914675919000,9992.0,1.00,5196.128,5918.583,1789131962209.209,2026-09-11T17:06:02.209209+04:00,83.6
189,407,14914731495000,9992.0,1.00,5251.704,5974.159,1789131962264.785,2026-09-11T17:06:02.264785+04:00,83.5
190,408,14914745385000,9992.0,1.00,5265.594,5988.049,1789131962278.675,2026-09-11T17:06:02.278675+04:00,83.5
191,409,14914759280000,9992.0,1.00,5279.489,6001.944,1789131962292.570,2026-09-11T17:06:02.292570+04:00,83.5
192,413,14914814857000,9992.0,1.00,5335.066,6057.521,1789131962348.147,2026-09-11T17:06:02.348147+04:00,83.3
193,414,14914828747000,9992.0,1.00,5348.956,6071.411,1789131962362.037,2026-09-11T17:06:02.362037+04:00,83.4
194,415,14914842638000,9992.0,1.00,5362.847,6085.302,1789131962375.928,2026-09-11T17:06:02.375928+04:00,83.4
195,419,14914898216000,9992.0,1.00,5418.425,6140.880,1789131962431.506,2026-09-11T17:06:02.431506+04:00,83.5
196,420,14914912105000,9992.0,1.00,5432.314,6154.769,1789131962445.395,2026-09-11T17:06:02.445395+04:00,83.5
197,421,14914925999000,9992.0,1.00,5446.208,6168.663,1789131962459.289,2026-09-11T17:06:02.459289+04:00,83.5
198,425,14914981576000,9992.0,1.00,5501.785,6224.240,1789131962514.866,2026-09-11T17:06:02.514866+04:00,83.5
199,426,14914995466000,9992.0,1.00,5515.675,6238.130,1789131962528.756,2026-09-11T17:06:02.528756+04:00,83.4
200,427,14915009359000,9992.0,1.00,5529.568,6252.023,1789131962542.649,2026-09-11T17:06:02.542649+04:00,83.4
201,431,14915064934000,9992.0,1.00,5585.143,6307.598,1789131962598.224,2026-09-11T17:06:02.598224+04:00,83.2
202,432,14915078827000,9992.0,1.00,5599.036,6321.491,1789131962612.117,2026-09-11T17:06:02.612117+04:00,83.1
203,433,14915092719000,9992.0,1.00,5612.928,6335.383,1789131962626.009,2026-09-11T17:06:02.626009+04:00,83.1
204,437,14915148294000,9992.0,1.00,5668.503,6390.958,1789131962681.584,2026-09-11T17:06:02.681584+04:00,82.9
205,438,14915162189000,9992.0,1.00,5682.398,6404.853,1789131962695.479,2026-09-11T17:06:02.695479+04:00,82.9
206,439,14915176080000,9992.0,1.00,5696.289,6418.744,1789131962709.370,2026-09-11T17:06:02.709370+04:00,82.9
207,443,14915231657000,9992.0,1.00,5751.866,6474.321,1789131962764.947,2026-09-11T17:06:02.764947+04:00,83.0
208,444,14915245548000,9992.0,1.00,5765.757,6488.212,1789131962778.838,2026-09-11T17:06:02.778838+04:00,83.0
209,445,14915259442000,9992.0,1.00,5779.651,6502.106,1789131962792.732,2026-09-11T17:06:02.792732+04:00,83.0
210,449,14915315019000,9992.0,1.00,5835.228,6557.683,1789131962848.309,2026-09-11T17:06:02.848309+04:00,83.1
211,450,14915328907000,9992.0,1.00,5849.116,6571.571,1789131962862.197,2026-09-11T17:06:02.862197+04:00,83.1
212,451,14915342800000,9992.0,1.00,5863.009,6585.464,1789131962876.090,2026-09-11T17:06:02.876090+04:00,83.1
213,455,14915398382000,9992.0,1.00,5918.591,6641.046,1789131962931.672,2026-09-11T17:06:02.931672+04:00,83.2
214,456,14915412268000,9992.0,1.00,5932.477,6654.932,1789131962945.558,2026-09-11T17:06:02.945558+04:00,83.2
215,457,14915426161000,9992.0,1.00,5946.370,6668.825,1789131962959.451,2026-09-11T17:06:02.959451+04:00,83.2
216,461,14915481736000,9992.0,1.00,6001.945,6724.400,1789131963015.026,2026-09-11T17:06:03.015026+04:00,83.3
217,462,14915495630000,9992.0,1.00,6015.839,6738.294,1789131963028.920,2026-09-11T17:06:03.028920+04:00,83.4
218,463,14915509521000,9992.0,1.00,6029.730,6752.185,1789131963042.811,2026-09-11T17:06:03.042811+04:00,83.4
219,467,14915565095000,9992.0,1.00,6085.304,6807.759,1789131963098.385,2026-09-11T17:06:03.098385+04:00,83.4
220,468,14915578988000,9992.0,1.00,6099.197,6821.652,1789131963112.278,2026-09-11T17:06:03.112278+04:00,83.4
221,469,14915592881000,9992.0,1.00,6113.090,6835.545,1789131963126.171,2026-09-11T17:06:03.126171+04:00,83.5
222,473,14915648456000,9992.0,1.00,6168.665,6891.120,1789131963181.746,2026-09-11T17:06:03.181746+04:00,83.6
223,474,14915662349000,9992.0,1.00,6182.558,6905.013,1789131963195.639,2026-09-11T17:06:03.195639+04:00,83.6
224,475,14915676242000,9992.0,1.00,6196.451,6918.906,1789131963209.532,2026-09-11T17:06:03.209532+04:00,83.6
225,479,14915731818000,9992.0,1.00,6252.027,6974.482,1789131963265.108,2026-09-11T17:06:03.265108+04:00,83.7
226,480,14915745708000,9992.0,1.00,6265.917,6988.372,1789131963278.998,2026-09-11T17:06:03.278998+04:00,83.7
227,481,14915759602000,9992.0,1.00,6279.811,7002.266,1789131963292.892,2026-09-11T17:06:03.292892+04:00,83.7
228,485,14915815178000,9992.0,1.00,6335.387,7057.842,1789131963348.468,2026-09-11T17:06:03.348468+04:00,83.8
229,486,14915829070000,9992.0,1.00,6349.279,7071.734,1789131963362.360,2026-09-11T17:06:03.362360+04:00,83.8
230,487,14915842962000,9992.0,1.00,6363.171,7085.626,1789131963376.252,2026-09-11T17:06:03.376252+04:00,83.8
231,491,14915898538000,9992.0,1.00,6418.747,7141.202,1789131963431.828,2026-09-11T17:06:03.431828+04:00,83.7
232,492,14915912429000,9992.0,1.00,6432.638,7155.093,1789131963445.719,2026-09-11T17:06:03.445719+04:00,83.7
233,493,14915926323000,9992.0,1.00,6446.532,7168.987,1789131963459.613,2026-09-11T17:06:03.459613+04:00,83.7
234,497,14915981897000,9992.0,1.00,6502.106,7224.561,1789131963515.187,2026-09-11T17:06:03.515187+04:00,83.5
235,498,14915995794000,9992.0,1.00,6516.003,7238.458,1789131963529.084,2026-09-11T17:06:03.529084+04:00,83.5
236,499,14916009684000,9992.0,1.00,6529.893,7252.348,1789131963542.974,2026-09-11T17:06:03.542974+04:00,83.5
237,503,14916065258000,9992.0,1.00,6585.467,7307.922,1789131963598.548,2026-09-11T17:06:03.598548+04:00,83.4
238,504,14916079150000,9992.0,1.00,6599.359,7321.814,1789131963612.440,2026-09-11T17:06:03.612440+04:00,83.4
239,505,14916093043000,9992.0,1.00,6613.252,7335.707,1789131963626.333,2026-09-11T17:06:03.626333+04:00,83.4
240,509,14916148618000,9992.0,1.00,6668.827,7391.282,1789131963681.908,2026-09-11T17:06:03.681908+04:00,83.3
241,510,14916162510000,9992.0,1.00,6682.719,7405.174,1789131963695.800,2026-09-11T17:06:03.695800+04:00,83.2
242,511,14916176403000,9992.0,1.00,6696.612,7419.067,1789131963709.693,2026-09-11T17:06:03.709693+04:00,83.1
243,515,14916231982000,9992.0,1.00,6752.191,7474.646,1789131963765.272,2026-09-11T17:06:03.765272+04:00,82.9
244,516,14916245871000,9992.0,1.00,6766.080,7488.535,1789131963779.161,2026-09-11T17:06:03.779161+04:00,82.9
245,517,14916259765000,9992.0,1.00,6779.974,7502.429,1789131963793.055,2026-09-11T17:06:03.793055+04:00,83.0
246,521,14916315343000,9992.0,1.00,6835.552,7558.007,1789131963848.633,2026-09-11T17:06:03.848633+04:00,83.8
247,522,14916329232000,9992.0,1.00,6849.441,7571.896,1789131963862.522,2026-09-11T17:06:03.862522+04:00,83.8
248,523,14916343125000,9992.0,1.00,6863.334,7585.789,1789131963876.415,2026-09-11T17:06:03.876415+04:00,83.8
249,527,14916398703000,9992.0,1.00,6918.912,7641.367,1789131963931.993,2026-09-11T17:06:03.931993+04:00,83.9
250,528,14916412593000,9992.0,1.00,6932.802,7655.257,1789131963945.883,2026-09-11T17:06:03.945883+04:00,83.9
251,529,14916426487000,9992.0,1.00,6946.696,7669.151,1789131963959.777,2026-09-11T17:06:03.959777+04:00,83.9
252,533,14916482062000,9992.0,1.00,7002.271,7724.726,1789131964015.352,2026-09-11T17:06:04.015352+04:00,84.0
253,534,14916495953000,9992.0,1.00,7016.162,7738.617,1789131964029.243,2026-09-11T17:06:04.029243+04:00,84.0
254,535,14916509847000,9992.0,1.00,7030.056,7752.511,1789131964043.137,2026-09-11T17:06:04.043137+04:00,84.0
255,539,14916565419000,9992.0,1.00,7085.628,7808.083,1789131964098.709,2026-09-11T17:06:04.098709+04:00,84.2
256,540,14916579313000,9992.0,1.00,7099.522,7821.977,1789131964112.603,2026-09-11T17:06:04.112603+04:00,84.2
257,541,14916593206000,9992.0,1.00,7113.415,7835.870,1789131964126.496,2026-09-11T17:06:04.126496+04:00,84.2
258,545,14916648780000,9992.0,1.00,7168.989,7891.444,1789131964182.070,2026-09-11T17:06:04.182070+04:00,84.4
259,546,14916662675000,9992.0,1.00,7182.884,7905.339,1789131964195.965,2026-09-11T17:06:04.195965+04:00,84.5
260,547,14916676568000,9992.0,1.00,7196.777,7919.232,1789131964209.858,2026-09-11T17:06:04.209858+04:00,84.5
261,551,14916732141000,9992.0,1.00,7252.350,7974.805,1789131964265.431,2026-09-11T17:06:04.265431+04:00,84.6
262,552,14916746035000,9992.0,1.00,7266.244,7988.699,1789131964279.325,2026-09-11T17:06:04.279325+04:00,84.6
263,553,14916759927000,9992.0,1.00,7280.136,8002.591,1789131964293.217,2026-09-11T17:06:04.293217+04:00,84.6
264,557,14916815506000,9992.0,1.00,7335.715,8058.170,1789131964348.796,2026-09-11T17:06:04.348796+04:00,84.6
265,558,14916829396000,9992.0,1.00,7349.605,8072.060,1789131964362.686,2026-09-11T17:06:04.362686+04:00,84.6
266,559,14916843288000,9992.0,1.00,7363.497,8085.952,1789131964376.578,2026-09-11T17:06:04.376578+04:00,84.6
267,563,14916898866000,9992.0,1.00,7419.075,8141.530,1789131964432.156,2026-09-11T17:06:04.432156+04:00,84.6
268,564,14916912754000,9992.0,1.00,7432.963,8155.418,1789131964446.044,2026-09-11T17:06:04.446044+04:00,84.6
269,565,14916926651000,9992.0,1.00,7446.860,8169.315,1789131964459.941,2026-09-11T17:06:04.459941+04:00,84.6
270,569,14916982225000,9992.0,1.00,7502.434,8224.889,1789131964515.515,2026-09-11T17:06:04.515515+04:00,84.6
271,570,14916996114000,9992.0,1.00,7516.323,8238.778,1789131964529.404,2026-09-11T17:06:04.529404+04:00,84.6
272,571,14917010008000,9992.0,1.00,7530.217,8252.672,1789131964543.298,2026-09-11T17:06:04.543298+04:00,84.6
273,575,14917065585000,9992.0,1.00,7585.794,8308.249,1789131964598.875,2026-09-11T17:06:04.598875+04:00,84.6
274,576,14917079476000,9992.0,1.00,7599.685,8322.140,1789131964612.766,2026-09-11T17:06:04.612766+04:00,84.6
275,577,14917093369000,9992.0,1.00,7613.578,8336.033,1789131964626.659,2026-09-11T17:06:04.626659+04:00,84.6
276,581,14917148944000,9992.0,1.00,7669.153,8391.608,1789131964682.234,2026-09-11T17:06:04.682234+04:00,84.6
277,582,14917162836000,9992.0,1.00,7683.045,8405.500,1789131964696.126,2026-09-11T17:06:04.696126+04:00,84.6
278,583,14917176729000,9992.0,1.00,7696.938,8419.393,1789131964710.019,2026-09-11T17:06:04.710019+04:00,84.7
279,587,14917232303000,9992.0,1.00,7752.512,8474.967,1789131964765.593,2026-09-11T17:06:04.765593+04:00,84.7
280,588,14917246197000,9992.0,1.00,7766.406,8488.861,1789131964779.487,2026-09-11T17:06:04.779487+04:00,84.7
281,589,14917260090000,9992.0,1.00,7780.299,8502.754,1789131964793.380,2026-09-11T17:06:04.793380+04:00,84.7
282,593,14917315668000,9992.0,1.00,7835.877,8558.332,1789131964848.958,2026-09-11T17:06:04.848958+04:00,84.7
283,594,14917329558000,9992.0,1.00,7849.767,8572.222,1789131964862.848,2026-09-11T17:06:04.862848+04:00,84.7
284,595,14917343450000,9992.0,1.00,7863.659,8586.114,1789131964876.740,2026-09-11T17:06:04.876740+04:00,84.7
285,599,14917399028000,9992.0,1.00,7919.237,8641.692,1789131964932.318,2026-09-11T17:06:04.932318+04:00,84.7
286,600,14917412917000,9992.0,1.00,7933.126,8655.581,1789131964946.207,2026-09-11T17:06:04.946207+04:00,84.7
287,601,14917426810000,9992.0,1.00,7947.019,8669.474,1789131964960.100,2026-09-11T17:06:04.960100+04:00,84.7
288,605,14917482387000,9992.0,1.00,8002.596,8725.051,1789131965015.677,2026-09-11T17:06:05.015677+04:00,84.7
289,606,14917496278000,9992.0,1.00,8016.487,8738.942,1789131965029.568,2026-09-11T17:06:05.029568+04:00,84.7
290,607,14917510170000,9992.0,1.00,8030.379,8752.834,1789131965043.460,2026-09-11T17:06:05.043460+04:00,84.7
291,611,14917565746000,9992.0,1.00,8085.955,8808.410,1789131965099.036,2026-09-11T17:06:05.099036+04:00,84.7
292,612,14917579638000,9992.0,1.00,8099.847,8822.302,1789131965112.928,2026-09-11T17:06:05.112928+04:00,84.7
293,613,14917593530000,9992.0,1.00,8113.739,8836.194,1789131965126.820,2026-09-11T17:06:05.126820+04:00,84.8
294,617,14917649108000,9992.0,1.00,8169.317,8891.772,1789131965182.398,2026-09-11T17:06:05.182398+04:00,84.9
295,618,14917662999000,9992.0,1.00,8183.208,8905.663,1789131965196.289,2026-09-11T17:06:05.196289+04:00,84.9
296,619,14917676891000,9992.0,1.00,8197.100,8919.555,1789131965210.181,2026-09-11T17:06:05.210181+04:00,84.9
297,623,14917732466000,9992.0,1.00,8252.675,8975.130,1789131965265.756,2026-09-11T17:06:05.265756+04:00,85.0
298,624,14917746362000,9992.0,1.00,8266.571,8989.026,1789131965279.652,2026-09-11T17:06:05.279652+04:00,85.1
299,625,14917760253000,9992.0,1.00,8280.462,9002.917,1789131965293.543,2026-09-11T17:06:05.293543+04:00,85.1
300,629,14917815829000,9992.0,1.00,8336.038,9058.493,1789131965349.119,2026-09-11T17:06:05.349119+04:00,85.2
301,630,14917829720000,9992.0,1.00,8349.929,9072.384,1789131965363.010,2026-09-11T17:06:05.363010+04:00,85.3
302,631,14917843613000,9992.0,1.00,8363.822,9086.277,1789131965376.903,2026-09-11T17:06:05.376903+04:00,85.3
303,635,14917899189000,9992.0,1.00,8419.398,9141.853,1789131965432.479,2026-09-11T17:06:05.432479+04:00,85.4
304,636,14917913080000,9992.0,1.00,8433.289,9155.744,1789131965446.370,2026-09-11T17:06:05.446370+04:00,85.4
305,637,14917926974000,9992.0,1.00,8447.183,9169.638,1789131965460.264,2026-09-11T17:06:05.460264+04:00,85.4
306,641,14917982548000,9992.0,1.00,8502.757,9225.212,1789131965515.838,2026-09-11T17:06:05.515838+04:00,85.5
307,642,14917996439000,9992.0,1.00,8516.648,9239.103,1789131965529.729,2026-09-11T17:06:05.529729+04:00,85.6
308,643,14918010334000,9992.0,1.00,8530.543,9252.998,1789131965543.624,2026-09-11T17:06:05.543624+04:00,85.6
309,647,14918065909000,9992.0,1.00,8586.118,9308.573,1789131965599.199,2026-09-11T17:06:05.599199+04:00,85.7
310,648,14918079799000,9992.0,1.00,8600.008,9322.463,1789131965613.089,2026-09-11T17:06:05.613089+04:00,85.7
311,649,14918093693000,9992.0,1.00,8613.902,9336.357,1789131965626.983,2026-09-11T17:06:05.626983+04:00,85.8
312,653,14918149270000,9992.0,1.00,8669.479,9391.934,1789131965682.560,2026-09-11T17:06:05.682560+04:00,85.9
313,654,14918163163000,9992.0,1.00,8683.372,9405.827,1789131965696.453,2026-09-11T17:06:05.696453+04:00,85.9
314,655,14918177053000,9992.0,1.00,8697.262,9419.717,1789131965710.343,2026-09-11T17:06:05.710343+04:00,85.9
315,659,14918232628000,9992.0,1.00,8752.837,9475.292,1789131965765.918,2026-09-11T17:06:05.765918+04:00,86.0
316,660,14918246520000,9992.0,1.00,8766.729,9489.184,1789131965779.810,2026-09-11T17:06:05.779810+04:00,86.0
317,661,14918260413000,9992.0,1.00,8780.622,9503.077,1789131965793.703,2026-09-11T17:06:05.793703+04:00,86.0
318,665,14918315991000,9992.0,1.00,8836.200,9558.655,1789131965849.281,2026-09-11T17:06:05.849281+04:00,86.0
319,666,14918329882000,9992.0,1.00,8850.091,9572.546,1789131965863.172,2026-09-11T17:06:05.863172+04:00,86.1
320,667,14918343790000,9992.0,1.00,8863.999,9586.454,1789131965877.080,2026-09-11T17:06:05.877080+04:00,86.1
321,671,14918399355000,9992.0,1.00,8919.564,9642.019,1789131965932.645,2026-09-11T17:06:05.932645+04:00,86.1
322,672,14918413242000,9992.0,1.00,8933.451,9655.906,1789131965946.532,2026-09-11T17:06:05.946532+04:00,86.1
323,673,14918427134000,9992.0,1.00,8947.343,9669.798,1789131965960.424,2026-09-11T17:06:05.960424+04:00,86.1
324,677,14918482713000,9992.0,1.00,9002.922,9725.377,1789131966016.003,2026-09-11T17:06:06.016003+04:00,86.1
325,678,14918496602000,9992.0,1.00,9016.811,9739.266,1789131966029.892,2026-09-11T17:06:06.029892+04:00,86.1
326,679,14918510494000,9992.0,1.00,9030.703,9753.158,1789131966043.784,2026-09-11T17:06:06.043784+04:00,86.1
327,683,14918566072000,9992.0,1.00,9086.281,9808.736,1789131966099.362,2026-09-11T17:06:06.099362+04:00,86.1
328,684,14918579962000,9992.0,1.00,9100.171,9822.626,1789131966113.252,2026-09-11T17:06:06.113252+04:00,86.1
329,685,14918593855000,9992.0,1.00,9114.064,9836.519,1789131966127.145,2026-09-11T17:06:06.127145+04:00,86.1
330,689,14918649432000,9992.0,1.00,9169.641,9892.096,1789131966182.722,2026-09-11T17:06:06.182722+04:00,86.1
331,690,14918663322000,9992.0,1.00,9183.531,9905.986,1789131966196.612,2026-09-11T17:06:06.196612+04:00,86.1
332,691,14918677216000,9992.0,1.00,9197.425,9919.880,1789131966210.506,2026-09-11T17:06:06.210506+04:00,86.1
333,695,14918732790000,9992.0,1.00,9252.999,9975.454,1789131966266.080,2026-09-11T17:06:06.266080+04:00,86.1
334,696,14918746684000,9992.0,1.00,9266.893,9989.348,1789131966279.974,2026-09-11T17:06:06.279974+04:00,86.1
335,697,14918760577000,9992.0,1.00,9280.786,10003.241,1789131966293.867,2026-09-11T17:06:06.293867+04:00,86.1
336,701,14918816151000,9992.0,1.00,9336.360,10058.815,1789131966349.441,2026-09-11T17:06:06.349441+04:00,86.1
337,702,14918830051000,9992.0,1.00,9350.260,10072.715,1789131966363.341,2026-09-11T17:06:06.363341+04:00,86.1
338,703,14918843936000,9992.0,1.00,9364.145,10086.600,1789131966377.226,2026-09-11T17:06:06.377226+04:00,86.1
339,707,14918899514000,9992.0,1.00,9419.723,10142.178,1789131966432.804,2026-09-11T17:06:06.432804+04:00,86.1
340,708,14918913405000,9992.0,1.00,9433.614,10156.069,1789131966446.695,2026-09-11T17:06:06.446695+04:00,86.1
341,709,14918927297000,9992.0,1.00,9447.506,10169.961,1789131966460.587,2026-09-11T17:06:06.460587+04:00,86.1
342,713,14918982873000,9992.0,1.00,9503.082,10225.537,1789131966516.163,2026-09-11T17:06:06.516163+04:00,86.1
343,714,14918996765000,9992.0,1.00,9516.974,10239.429,1789131966530.055,2026-09-11T17:06:06.530055+04:00,86.1
344,715,14919010657000,9992.0,1.00,9530.866,10253.321,1789131966543.947,2026-09-11T17:06:06.543947+04:00,86.1
345,719,14919066234000,9992.0,1.00,9586.443,10308.898,1789131966599.524,2026-09-11T17:06:06.599524+04:00,86.1
346,720,14919080124000,9992.0,1.00,9600.333,10322.788,1789131966613.414,2026-09-11T17:06:06.613414+04:00,86.1
347,721,14919094019000,9992.0,1.00,9614.228,10336.683,1789131966627.309,2026-09-11T17:06:06.627309+04:00,86.1
348,725,14919149593000,9992.0,1.00,9669.802,10392.257,1789131966682.883,2026-09-11T17:06:06.682883+04:00,86.1
349,726,14919163486000,9992.0,1.00,9683.695,10406.150,1789131966696.776,2026-09-11T17:06:06.696776+04:00,86.1
350,727,14919177378000,9992.0,1.00,9697.587,10420.042,1789131966710.668,2026-09-11T17:06:06.710668+04:00,86.1
351,731,14919232953000,9992.0,1.00,9753.162,10475.617,1789131966766.243,2026-09-11T17:06:06.766243+04:00,86.1
352,732,14919246846000,9992.0,1.00,9767.055,10489.510,1789131966780.136,2026-09-11T17:06:06.780136+04:00,86.1
353,733,14919260740000,9992.0,1.00,9780.949,10503.404,1789131966794.030,2026-09-11T17:06:06.794030+04:00,86.1
354,737,14919316313000,9992.0,1.00,9836.522,10558.977,1789131966849.603,2026-09-11T17:06:06.849603+04:00,86.1
355,738,14919330206000,9992.0,1.00,9850.415,10572.870,1789131966863.496,2026-09-11T17:06:06.863496+04:00,86.1
356,739,14919344099000,9992.0,1.00,9864.308,10586.763,1789131966877.389,2026-09-11T17:06:06.877389+04:00,86.1
357,743,14919399676000,9992.0,1.00,9919.885,10642.340,1789131966932.966,2026-09-11T17:06:06.932966+04:00,86.1
358,744,14919413566000,9992.0,1.00,9933.775,10656.230,1789131966946.856,2026-09-11T17:06:06.946856+04:00,86.1
359,745,14919427459000,9992.0,1.00,9947.668,10670.123,1789131966960.749,2026-09-11T17:06:06.960749+04:00,86.1
360,749,14919483037000,9992.0,1.00,10003.246,10725.701,1789131967016.327,2026-09-11T17:06:07.016327+04:00,86.1
361,750,14919496927000,9992.0,1.00,10017.136,10739.591,1789131967030.217,2026-09-11T17:06:07.030217+04:00,86.1
362,751,14919510820000,9992.0,1.00,10031.029,10753.484,1789131967044.110,2026-09-11T17:06:07.044110+04:00,86.1
363,755,14919566397000,9992.0,1.00,10086.606,10809.061,1789131967099.687,2026-09-11T17:06:07.099687+04:00,86.1
364,756,14919580286000,9992.0,1.00,10100.495,10822.950,1789131967113.576,2026-09-11T17:06:07.113576+04:00,86.1
365,757,14919594183000,9992.0,1.00,10114.392,10836.847,1789131967127.473,2026-09-11T17:06:07.127473+04:00,86.1
366,761,14919649756000,9992.0,1.00,10169.965,10892.420,1789131967183.046,2026-09-11T17:06:07.183046+04:00,86.1
367,762,14919663647000,9992.0,1.00,10183.856,10906.311,1789131967196.937,2026-09-11T17:06:07.196937+04:00,86.1
368,763,14919677544000,9992.0,1.00,10197.753,10920.208,1789131967210.834,2026-09-11T17:06:07.210834+04:00,86.1
369,767,14919733115000,9992.0,1.00,10253.324,10975.779,1789131967266.405,2026-09-11T17:06:07.266405+04:00,86.1
370,768,14919747008000,9992.0,1.00,10267.217,10989.672,1789131967280.298,2026-09-11T17:06:07.280298+04:00,86.1
371,769,14919760900000,9992.0,1.00,10281.109,11003.564,1789131967294.190,2026-09-11T17:06:07.294190+04:00,86.1
372,773,14919816475000,9992.0,1.00,10336.684,11059.139,1789131967349.765,2026-09-11T17:06:07.349765+04:00,86.0
373,774,14919830369000,9992.0,1.00,10350.578,11073.033,1789131967363.659,2026-09-11T17:06:07.363659+04:00,86.0
374,775,14919844263000,9992.0,1.00,10364.472,11086.927,1789131967377.553,2026-09-11T17:06:07.377553+04:00,86.0
375,779,14919899839000,9992.0,1.00,10420.048,11142.503,1789131967433.129,2026-09-11T17:06:07.433129+04:00,86.0
376,780,14919913729000,9992.0,1.00,10433.938,11156.393,1789131967447.019,2026-09-11T17:06:07.447019+04:00,86.0
377,781,14919927621000,9992.0,1.00,10447.830,11170.285,1789131967460.911,2026-09-11T17:06:07.460911+04:00,86.0
378,785,14919983199000,9992.0,1.00,10503.408,11225.863,1789131967516.489,2026-09-11T17:06:07.516489+04:00,86.0
379,786,14919997088000,9992.0,1.00,10517.297,11239.752,1789131967530.378,2026-09-11T17:06:07.530378+04:00,86.0
380,787,14920010981000,9992.0,1.00,10531.190,11253.645,1789131967544.271,2026-09-11T17:06:07.544271+04:00,86.0
381,791,14920066559000,9992.0,1.00,10586.768,11309.223,1789131967599.849,2026-09-11T17:06:07.599849+04:00,86.0
382,792,14920080448000,9992.0,1.00,10600.657,11323.112,1789131967613.738,2026-09-11T17:06:07.613738+04:00,86.0
383,793,14920094342000,9992.0,1.00,10614.551,11337.006,1789131967627.632,2026-09-11T17:06:07.627632+04:00,86.0
384,797,14920149919000,9992.0,1.00,10670.128,11392.583,1789131967683.209,2026-09-11T17:06:07.683209+04:00,86.0
385,798,14920163811000,9992.0,1.00,10684.020,11406.475,1789131967697.101,2026-09-11T17:06:07.697101+04:00,86.0
386,799,14920177702000,9992.0,1.00,10697.911,11420.366,1789131967710.992,2026-09-11T17:06:07.710992+04:00,86.0
387,803,14920233277000,9992.0,1.00,10753.486,11475.941,1789131967766.567,2026-09-11T17:06:07.766567+04:00,86.0
388,804,14920247170000,9992.0,1.00,10767.379,11489.834,1789131967780.460,2026-09-11T17:06:07.780460+04:00,86.0
389,805,14920261063000,9992.0,1.00,10781.272,11503.727,1789131967794.353,2026-09-11T17:06:07.794353+04:00,86.0
390,809,14920316637000,9992.0,1.00,10836.846,11559.301,1789131967849.927,2026-09-11T17:06:07.849927+04:00,86.0
391,810,14920330531000,9992.0,1.00,10850.740,11573.195,1789131967863.821,2026-09-11T17:06:07.863821+04:00,86.0
392,811,14920344423000,9992.0,1.00,10864.632,11587.087,1789131967877.713,2026-09-11T17:06:07.877713+04:00,85.9
393,815,14920400001000,9992.0,1.00,10920.210,11642.665,1789131967933.291,2026-09-11T17:06:07.933291+04:00,85.9
394,816,14920413890000,9992.0,1.00,10934.099,11656.554,1789131967947.180,2026-09-11T17:06:07.947180+04:00,85.9
395,817,14920427791000,9992.0,1.00,10948.000,11670.455,1789131967961.081,2026-09-11T17:06:07.961081+04:00,85.9
396,821,14920483361000,9992.0,1.00,11003.570,11726.025,1789131968016.651,2026-09-11T17:06:08.016651+04:00,85.9
397,822,14920497250000,9992.0,1.00,11017.459,11739.914,1789131968030.540,2026-09-11T17:06:08.030540+04:00,85.9
398,823,14920511146000,9992.0,1.00,11031.355,11753.810,1789131968044.436,2026-09-11T17:06:08.044436+04:00,85.9
399,827,14920566722000,9992.0,1.00,11086.931,11809.386,1789131968100.012,2026-09-11T17:06:08.100012+04:00,85.9
400,828,14920580612000,9992.0,1.00,11100.821,11823.276,1789131968113.902,2026-09-11T17:06:08.113902+04:00,85.9
401,829,14920594504000,9992.0,1.00,11114.713,11837.168,1789131968127.794,2026-09-11T17:06:08.127794+04:00,85.9
402,833,14920650081000,9992.0,1.00,11170.290,11892.745,1789131968183.371,2026-09-11T17:06:08.183371+04:00,85.9
403,834,14920663972000,9992.0,1.00,11184.181,11906.636,1789131968197.262,2026-09-11T17:06:08.197262+04:00,85.9
404,835,14920677864000,9992.0,1.00,11198.073,11920.528,1789131968211.154,2026-09-11T17:06:08.211154+04:00,85.9
405,839,14920733442000,9992.0,1.00,11253.651,11976.106,1789131968266.732,2026-09-11T17:06:08.266732+04:00,85.9
406,840,14920747332000,9992.0,1.00,11267.541,11989.996,1789131968280.622,2026-09-11T17:06:08.280622+04:00,85.9
407,841,14920761226000,9992.0,1.00,11281.435,12003.890,1789131968294.516,2026-09-11T17:06:08.294516+04:00,85.9
408,845,14920816799000,9992.0,1.00,11337.008,12059.463,1789131968350.089,2026-09-11T17:06:08.350089+04:00,85.8
409,846,14920830697000,9992.0,1.00,11350.906,12073.361,1789131968363.987,2026-09-11T17:06:08.363987+04:00,85.8
410,847,14920844585000,9992.0,1.00,11364.794,12087.249,1789131968377.875,2026-09-11T17:06:08.377875+04:00,85.8
411,851,14920900160000,9992.0,1.00,11420.369,12142.824,1789131968433.450,2026-09-11T17:06:08.433450+04:00,85.8
412,852,14920914054000,9992.0,1.00,11434.263,12156.718,1789131968447.344,2026-09-11T17:06:08.447344+04:00,85.8
413,853,14920927946000,9992.0,1.00,11448.155,12170.610,1789131968461.236,2026-09-11T17:06:08.461236+04:00,85.8
414,857,14920983521000,9992.0,1.00,11503.730,12226.185,1789131968516.811,2026-09-11T17:06:08.516811+04:00,85.8
415,858,14920997415000,9992.0,1.00,11517.624,12240.079,1789131968530.705,2026-09-11T17:06:08.530705+04:00,85.8
416,859,14921011314000,9992.0,1.00,11531.523,12253.978,1789131968544.604,2026-09-11T17:06:08.544604+04:00,85.8
417,863,14921066884000,9992.0,1.00,11587.093,12309.548,1789131968600.174,2026-09-11T17:06:08.600174+04:00,85.8
418,864,14921080773000,9992.0,1.00,11600.982,12323.437,1789131968614.063,2026-09-11T17:06:08.614063+04:00,85.8
419,865,14921094667000,9992.0,1.00,11614.876,12337.331,1789131968627.957,2026-09-11T17:06:08.627957+04:00,85.8
420,869,14921150244000,9992.0,1.00,11670.453,12392.908,1789131968683.534,2026-09-11T17:06:08.683534+04:00,85.7
421,870,14921164134000,9992.0,1.00,11684.343,12406.798,1789131968697.424,2026-09-11T17:06:08.697424+04:00,85.7
422,871,14921178026000,9992.0,1.00,11698.235,12420.690,1789131968711.316,2026-09-11T17:06:08.711316+04:00,85.7
423,875,14921233603000,9992.0,1.00,11753.812,12476.267,1789131968766.893,2026-09-11T17:06:08.766893+04:00,85.7
424,876,14921247495000,9992.0,1.00,11767.704,12490.159,1789131968780.785,2026-09-11T17:06:08.780785+04:00,85.7
425,877,14921261388000,9992.0,1.00,11781.597,12504.052,1789131968794.678,2026-09-11T17:06:08.794678+04:00,85.7
426,881,14921316963000,9992.0,1.00,11837.172,12559.627,1789131968850.253,2026-09-11T17:06:08.850253+04:00,85.7
427,882,14921330855000,9992.0,1.00,11851.064,12573.519,1789131968864.145,2026-09-11T17:06:08.864145+04:00,85.7
428,883,14921344748000,9992.0,1.00,11864.957,12587.412,1789131968878.038,2026-09-11T17:06:08.878038+04:00,85.7
429,887,14921400322000,9992.0,1.00,11920.531,12642.986,1789131968933.612,2026-09-11T17:06:08.933612+04:00,85.6
430,888,14921414218000,9992.0,1.00,11934.427,12656.882,1789131968947.508,2026-09-11T17:06:08.947508+04:00,85.6
431,889,14921428107000,9992.0,1.00,11948.316,12670.771,1789131968961.397,2026-09-11T17:06:08.961397+04:00,85.6
432,893,14921483685000,9992.0,1.00,12003.894,12726.349,1789131969016.975,2026-09-11T17:06:09.016975+04:00,85.6
433,894,14921497577000,9992.0,1.00,12017.786,12740.241,1789131969030.867,2026-09-11T17:06:09.030867+04:00,85.6
434,895,14921511469000,9992.0,1.00,12031.678,12754.133,1789131969044.759,2026-09-11T17:06:09.044759+04:00,85.6
435,899,14921567045000,9992.0,1.00,12087.254,12809.709,1789131969100.335,2026-09-11T17:06:09.100335+04:00,85.6
436,900,14921580936000,9992.0,1.00,12101.145,12823.600,1789131969114.226,2026-09-11T17:06:09.114226+04:00,85.6
437,901,14921594828000,9992.0,1.00,12115.037,12837.492,1789131969128.118,2026-09-11T17:06:09.128118+04:00,85.6
438,905,14921650408000,9992.0,1.00,12170.617,12893.072,1789131969183.698,2026-09-11T17:06:09.183698+04:00,85.5
439,906,14921664296000,9992.0,1.00,12184.505,12906.960,1789131969197.586,2026-09-11T17:06:09.197586+04:00,85.5
440,907,14921678189000,9992.0,1.00,12198.398,12920.853,1789131969211.479,2026-09-11T17:06:09.211479+04:00,85.5
441,911,14921733765000,9992.0,1.00,12253.974,12976.429,1789131969267.055,2026-09-11T17:06:09.267055+04:00,85.5
442,912,14921747657000,9992.0,1.00,12267.866,12990.321,1789131969280.947,2026-09-11T17:06:09.280947+04:00,85.5
443,913,14921761550000,9992.0,1.00,12281.759,13004.214,1789131969294.840,2026-09-11T17:06:09.294840+04:00,85.5
444,917,14921817124000,9992.0,1.00,12337.333,13059.788,1789131969350.414,2026-09-11T17:06:09.350414+04:00,85.5
445,918,14921831017000,9992.0,1.00,12351.226,13073.681,1789131969364.307,2026-09-11T17:06:09.364307+04:00,85.5
446,919,14921844910000,9992.0,1.00,12365.119,13087.574,1789131969378.200,2026-09-11T17:06:09.378200+04:00,85.5
447,923,14921900484000,9992.0,1.00,12420.693,13143.148,1789131969433.774,2026-09-11T17:06:09.433774+04:00,85.5
448,924,14921914379000,9992.0,1.00,12434.588,13157.043,1789131969447.669,2026-09-11T17:06:09.447669+04:00,85.5
449,925,14921928271000,9992.0,1.00,12448.480,13170.935,1789131969461.561,2026-09-11T17:06:09.461561+04:00,85.5
450,929,14921983848000,9992.0,1.00,12504.057,13226.512,1789131969517.138,2026-09-11T17:06:09.517138+04:00,85.4
451,930,14921997739000,9992.0,1.00,12517.948,13240.403,1789131969531.029,2026-09-11T17:06:09.531029+04:00,85.5
452,931,14922011630000,9992.0,1.00,12531.839,13254.294,1789131969544.920,2026-09-11T17:06:09.544920+04:00,85.5
453,935,14922067207000,9992.0,1.00,12587.416,13309.871,1789131969600.497,2026-09-11T17:06:09.600497+04:00,85.4
454,936,14922081099000,9992.0,1.00,12601.308,13323.763,1789131969614.389,2026-09-11T17:06:09.614389+04:00,85.4
455,937,14922094990000,9992.0,1.00,12615.199,13337.654,1789131969628.280,2026-09-11T17:06:09.628280+04:00,85.4
456,941,14922150568000,9992.0,1.00,12670.777,13393.232,1789131969683.858,2026-09-11T17:06:09.683858+04:00,85.4
457,942,14922164459000,9992.0,1.00,12684.668,13407.123,1789131969697.749,2026-09-11T17:06:09.697749+04:00,85.4
458,943,14922178351000,9992.0,1.00,12698.560,13421.015,1789131969711.641,2026-09-11T17:06:09.711641+04:00,85.4
459,947,14922233929000,9992.0,1.00,12754.138,13476.593,1789131969767.219,2026-09-11T17:06:09.767219+04:00,85.4
460,948,14922247819000,9992.0,1.00,12768.028,13490.483,1789131969781.109,2026-09-11T17:06:09.781109+04:00,85.4
461,949,14922261712000,9992.0,1.00,12781.921,13504.376,1789131969795.002,2026-09-11T17:06:09.795002+04:00,85.4
462,953,14922317287000,9992.0,1.00,12837.496,13559.951,1789131969850.577,2026-09-11T17:06:09.850577+04:00,85.4
463,954,14922331179000,9992.0,1.00,12851.388,13573.843,1789131969864.469,2026-09-11T17:06:09.864469+04:00,85.4
464,955,14922345072000,9992.0,1.00,12865.281,13587.736,1789131969878.362,2026-09-11T17:06:09.878362+04:00,85.4
465,959,14922400646000,9992.0,1.00,12920.855,13643.310,1789131969933.936,2026-09-11T17:06:09.933936+04:00,85.3
466,960,14922414540000,9992.0,1.00,12934.749,13657.204,1789131969947.830,2026-09-11T17:06:09.947830+04:00,85.3
467,961,14922428432000,9992.0,1.00,12948.641,13671.096,1789131969961.722,2026-09-11T17:06:09.961722+04:00,85.3
468,965,14922484043000,9992.0,1.00,13004.252,13726.707,1789131970017.333,2026-09-11T17:06:10.017333+04:00,85.3
469,966,14922497901000,9992.0,1.00,13018.110,13740.565,1789131970031.191,2026-09-11T17:06:10.031191+04:00,85.3
470,967,14922511793000,9992.0,1.00,13032.002,13754.457,1789131970045.083,2026-09-11T17:06:10.045083+04:00,85.3
471,971,14922567371000,9992.0,1.00,13087.580,13810.035,1789131970100.661,2026-09-11T17:06:10.100661+04:00,85.3
472,972,14922581260000,9992.0,1.00,13101.469,13823.924,1789131970114.550,2026-09-11T17:06:10.114550+04:00,85.3
473,973,14922595153000,9992.0,1.00,13115.362,13837.817,1789131970128.443,2026-09-11T17:06:10.128443+04:00,85.2
474,977,14922650731000,9992.0,1.00,13170.940,13893.395,1789131970184.021,2026-09-11T17:06:10.184021+04:00,85.2
475,978,14922664621000,9992.0,1.00,13184.830,13907.285,1789131970197.911,2026-09-11T17:06:10.197911+04:00,85.2
476,979,14922678514000,9992.0,1.00,13198.723,13921.178,1789131970211.804,2026-09-11T17:06:10.211804+04:00,85.2
477,983,14922734087000,9992.0,1.00,13254.296,13976.751,1789131970267.377,2026-09-11T17:06:10.267377+04:00,85.2
478,984,14922747982000,9992.0,1.00,13268.191,13990.646,1789131970281.272,2026-09-11T17:06:10.281272+04:00,85.2
479,985,14922761875000,9992.0,1.00,13282.084,14004.539,1789131970295.165,2026-09-11T17:06:10.295165+04:00,85.2
480,989,14922817449000,9992.0,1.00,13337.658,14060.113,1789131970350.739,2026-09-11T17:06:10.350739+04:00,85.1
481,990,14922831342000,9992.0,1.00,13351.551,14074.006,1789131970364.632,2026-09-11T17:06:10.364632+04:00,85.1
482,991,14922845233000,9992.0,1.00,13365.442,14087.897,1789131970378.523,2026-09-11T17:06:10.378523+04:00,85.1
483,995,14922900808000,9992.0,1.00,13421.017,14143.472,1789131970434.098,2026-09-11T17:06:10.434098+04:00,85.1
484,996,14922914700000,9992.0,1.00,13434.909,14157.364,1789131970447.990,2026-09-11T17:06:10.447990+04:00,85.1
485,997,14922928595000,9992.0,1.00,13448.804,14171.259,1789131970461.885,2026-09-11T17:06:10.461885+04:00,85.1
486,1001,14922984166000,9992.0,1.00,13504.375,14226.830,1789131970517.456,2026-09-11T17:06:10.517456+04:00,85.0
487,1002,14922998061000,9992.0,1.00,13518.270,14240.725,1789131970531.351,2026-09-11T17:06:10.531351+04:00,85.1
488,1003,14923011956000,9992.0,1.00,13532.165,14254.620,1789131970545.246,2026-09-11T17:06:10.545246+04:00,85.0
489,1007,14923067526000,9992.0,1.00,13587.735,14310.190,1789131970600.816,2026-09-11T17:06:10.600816+04:00,85.0
490,1008,14923081421000,9992.0,1.00,13601.630,14324.085,1789131970614.711,2026-09-11T17:06:10.614711+04:00,85.0
491,1009,14923095313000,9992.0,1.00,13615.522,14337.977,1789131970628.603,2026-09-11T17:06:10.628603+04:00,85.0
492,1013,14923150887000,9992.0,1.00,13671.096,14393.551,1789131970684.177,2026-09-11T17:06:10.684177+04:00,85.0
493,1014,14923164782000,9992.0,1.00,13684.991,14407.446,1789131970698.072,2026-09-11T17:06:10.698072+04:00,85.0
494,1015,14923178676000,9992.0,1.00,13698.885,14421.340,1789131970711.966,2026-09-11T17:06:10.711966+04:00,85.0
495,1019,14923234252000,9992.0,1.00,13754.461,14476.916,1789131970767.542,2026-09-11T17:06:10.767542+04:00,85.0
496,1020,14923248152000,9992.0,1.00,13768.361,14490.816,1789131970781.442,2026-09-11T17:06:10.781442+04:00,85.0
497,1021,14923262034000,9992.0,1.00,13782.243,14504.698,1789131970795.324,2026-09-11T17:06:10.795324+04:00,84.9
498,1025,14923317611000,9992.0,1.00,13837.820,14560.275,1789131970850.901,2026-09-11T17:06:10.850901+04:00,84.9
499,1026,14923331502000,9992.0,1.00,13851.711,14574.166,1789131970864.792,2026-09-11T17:06:10.864792+04:00,84.9
500,1027,14923345396000,9992.0,1.00,13865.605,14588.060,1789131970878.686,2026-09-11T17:06:10.878686+04:00,84.9
501,1031,14923400971000,9992.0,1.00,13921.180,14643.635,1789131970934.261,2026-09-11T17:06:10.934261+04:00,84.9
502,1032,14923414862000,9992.0,1.00,13935.071,14657.526,1789131970948.152,2026-09-11T17:06:10.948152+04:00,84.9
503,1033,14923428757000,9992.0,1.00,13948.966,14671.421,1789131970962.047,2026-09-11T17:06:10.962047+04:00,84.9
504,1037,14923484331000,9992.0,1.00,14004.540,14726.995,1789131971017.621,2026-09-11T17:06:11.017621+04:00,84.9
505,1038,14923498224000,9992.0,1.00,14018.433,14740.888,1789131971031.514,2026-09-11T17:06:11.031514+04:00,84.9
506,1039,14923512117000,9992.0,1.00,14032.326,14754.781,1789131971045.407,2026-09-11T17:06:11.045407+04:00,84.9
507,1043,14923567689000,9992.0,1.00,14087.898,14810.353,1789131971100.979,2026-09-11T17:06:11.100979+04:00,84.8
508,1044,14923581583000,9992.0,1.00,14101.792,14824.247,1789131971114.873,2026-09-11T17:06:11.114873+04:00,84.8
509,1045,14923595477000,9992.0,1.00,14115.686,14838.141,1789131971128.767,2026-09-11T17:06:11.128767+04:00,84.8
510,1049,14923651050000,9992.0,1.00,14171.259,14893.714,1789131971184.340,2026-09-11T17:06:11.184340+04:00,84.8
511,1050,14923664944000,9992.0,1.00,14185.153,14907.608,1789131971198.234,2026-09-11T17:06:11.198234+04:00,84.7
512,1051,14923678838000,9992.0,1.00,14199.047,14921.502,1789131971212.128,2026-09-11T17:06:11.212128+04:00,84.7
513,1055,14923734409000,9992.0,1.00,14254.618,14977.073,1789131971267.699,2026-09-11T17:06:11.267699+04:00,84.7
514,1056,14923748304000,9992.0,1.00,14268.513,14990.968,1789131971281.594,2026-09-11T17:06:11.281594+04:00,84.7
515,1057,14923762196000,9992.0,1.00,14282.405,15004.860,1789131971295.486,2026-09-11T17:06:11.295486+04:00,84.6
516,1061,14923817772000,9992.0,1.00,14337.981,15060.436,1789131971351.062,2026-09-11T17:06:11.351062+04:00,84.6
517,1062,14923831666000,9992.0,1.00,14351.875,15074.330,1789131971364.956,2026-09-11T17:06:11.364956+04:00,84.6
518,1063,14923845557000,9992.0,1.00,14365.766,15088.221,1789131971378.847,2026-09-11T17:06:11.378847+04:00,84.5
519,1067,14923901133000,9992.0,1.00,14421.342,15143.797,1789131971434.423,2026-09-11T17:06:11.434423+04:00,84.4
520,1068,14923915025000,9992.0,1.00,14435.234,15157.689,1789131971448.315,2026-09-11T17:06:11.448315+04:00,84.4
521,1069,14923928917000,9992.0,1.00,14449.126,15171.581,1789131971462.207,2026-09-11T17:06:11.462207+04:00,84.4
522,1073,14923984493000,9992.0,1.00,14504.702,15227.157,1789131971517.783,2026-09-11T17:06:11.517783+04:00,84.3
523,1074,14923998385000,9992.0,1.00,14518.594,15241.049,1789131971531.675,2026-09-11T17:06:11.531675+04:00,84.3
524,1075,14924012279000,9992.0,1.00,14532.488,15254.943,1789131971545.569,2026-09-11T17:06:11.545569+04:00,84.3
525,1079,14924067858000,9992.0,1.00,14588.067,15310.522,1789131971601.148,2026-09-11T17:06:11.601148+04:00,84.2
526,1080,14924081745000,9992.0,1.00,14601.954,15324.409,1789131971615.035,2026-09-11T17:06:11.615035+04:00,84.2
527,1081,14924095640000,9992.0,1.00,14615.849,15338.304,1789131971628.930,2026-09-11T17:06:11.628930+04:00,84.1
528,1085,14924151211000,9992.0,1.00,14671.420,15393.875,1789131971684.501,2026-09-11T17:06:11.684501+04:00,84.1
529,1086,14924165106000,9992.0,1.00,14685.315,15407.770,1789131971698.396,2026-09-11T17:06:11.698396+04:00,84.1
530,1087,14924179000000,9992.0,1.00,14699.209,15421.664,1789131971712.290,2026-09-11T17:06:11.712290+04:00,84.0
531,1091,14924234574000,9992.0,1.00,14754.783,15477.238,1789131971767.864,2026-09-11T17:06:11.767864+04:00,84.0
532,1092,14924248467000,9992.0,1.00,14768.676,15491.131,1789131971781.757,2026-09-11T17:06:11.781757+04:00,84.0
533,1093,14924262362000,9992.0,1.00,14782.571,15505.026,1789131971795.652,2026-09-11T17:06:11.795652+04:00,83.9
534,1097,14924317935000,9992.0,1.00,14838.144,15560.599,1789131971851.225,2026-09-11T17:06:11.851225+04:00,83.9
535,1098,14924331829000,9992.0,1.00,14852.038,15574.493,1789131971865.119,2026-09-11T17:06:11.865119+04:00,83.9
536,1099,14924345720000,9992.0,1.00,14865.929,15588.384,1789131971879.010,2026-09-11T17:06:11.879010+04:00,83.9
537,1103,14924401296000,9992.0,1.00,14921.505,15643.960,1789131971934.586,2026-09-11T17:06:11.934586+04:00,83.8
538,1104,14924415188000,9992.0,1.00,14935.397,15657.852,1789131971948.478,2026-09-11T17:06:11.948478+04:00,83.8
539,1105,14924429082000,9992.0,1.00,14949.291,15671.746,1789131971962.372,2026-09-11T17:06:11.962372+04:00,83.9
540,1109,14924484655000,9992.0,1.00,15004.864,15727.319,1789131972017.945,2026-09-11T17:06:12.017945+04:00,83.8
541,1110,14924498549000,9992.0,1.00,15018.758,15741.213,1789131972031.839,2026-09-11T17:06:12.031839+04:00,83.8
542,1111,14924512441000,9992.0,1.00,15032.650,15755.105,1789131972045.731,2026-09-11T17:06:12.045731+04:00,83.8
543,1115,14924568027000,9992.0,1.00,15088.236,15810.691,1789131972101.317,2026-09-11T17:06:12.101317+04:00,83.8
544,1116,14924581909000,9992.0,1.00,15102.118,15824.573,1789131972115.199,2026-09-11T17:06:12.115199+04:00,83.7
545,1117,14924595801000,9992.0,1.00,15116.010,15838.465,1789131972129.091,2026-09-11T17:06:12.129091+04:00,83.7
546,1121,14924651377000,9992.0,1.00,15171.586,15894.041,1789131972184.667,2026-09-11T17:06:12.184667+04:00,83.7
547,1122,14924665268000,9992.0,1.00,15185.477,15907.932,1789131972198.558,2026-09-11T17:06:12.198558+04:00,83.7
548,1123,14924679162000,9992.0,1.00,15199.371,15921.826,1789131972212.452,2026-09-11T17:06:12.212452+04:00,83.6
549,1127,14924734736000,9992.0,1.00,15254.945,15977.400,1789131972268.026,2026-09-11T17:06:12.268026+04:00,83.6
550,1128,14924748630000,9992.0,1.00,15268.839,15991.294,1789131972281.920,2026-09-11T17:06:12.281920+04:00,83.6
551,1129,14924762523000,9992.0,1.00,15282.732,16005.187,1789131972295.813,2026-09-11T17:06:12.295813+04:00,83.5
552,1133,14924818097000,9992.0,1.00,15338.306,16060.761,1789131972351.387,2026-09-11T17:06:12.351387+04:00,83.5
553,1134,14924831989000,9992.0,1.00,15352.198,16074.653,1789131972365.279,2026-09-11T17:06:12.365279+04:00,83.5
554,1135,14924845884000,9992.0,1.00,15366.093,16088.548,1789131972379.174,2026-09-11T17:06:12.379174+04:00,83.4
555,1139,14924901457000,9992.0,1.00,15421.666,16144.121,1789131972434.747,2026-09-11T17:06:12.434747+04:00,83.4
556,1140,14924915349000,9992.0,1.00,15435.558,16158.013,1789131972448.639,2026-09-11T17:06:12.448639+04:00,83.4
557,1141,14924929256000,9992.0,1.00,15449.465,16171.920,1789131972462.546,2026-09-11T17:06:12.462546+04:00,83.4
558,1145,14924984818000,9992.0,1.00,15505.027,16227.482,1789131972518.108,2026-09-11T17:06:12.518108+04:00,83.3
559,1146,14924998711000,9992.0,1.00,15518.920,16241.375,1789131972532.001,2026-09-11T17:06:12.532001+04:00,83.3
560,1147,14925012603000,9992.0,1.00,15532.812,16255.267,1789131972545.893,2026-09-11T17:06:12.545893+04:00,83.3
561,1151,14925068178000,9992.0,1.00,15588.387,16310.842,1789131972601.468,2026-09-11T17:06:12.601468+04:00,83.2
562,1152,14925082072000,9992.0,1.00,15602.281,16324.736,1789131972615.362,2026-09-11T17:06:12.615362+04:00,83.2
563,1153,14925095963000,9992.0,1.00,15616.172,16338.627,1789131972629.253,2026-09-11T17:06:12.629253+04:00,83.1
564,1157,14925151538000,9992.0,1.00,15671.747,16394.202,1789131972684.828,2026-09-11T17:06:12.684828+04:00,83.0
565,1158,14925165432000,9992.0,1.00,15685.641,16408.096,1789131972698.722,2026-09-11T17:06:12.698722+04:00,82.9
566,1159,14925179324000,9992.0,1.00,15699.533,16421.988,1789131972712.614,2026-09-11T17:06:12.712614+04:00,82.9
567,1163,14925234903000,9992.0,1.00,15755.112,16477.567,1789131972768.193,2026-09-11T17:06:12.768193+04:00,82.7
568,1164,14925248792000,9992.0,1.00,15769.001,16491.456,1789131972782.082,2026-09-11T17:06:12.782082+04:00,82.6
569,1165,14925262684000,9992.0,1.00,15782.893,16505.348,1789131972795.974,2026-09-11T17:06:12.795974+04:00,82.6
570,1169,14925318259000,9992.0,1.00,15838.468,16560.923,1789131972851.549,2026-09-11T17:06:12.851549+04:00,82.4
571,1170,14925332153000,9992.0,1.00,15852.362,16574.817,1789131972865.443,2026-09-11T17:06:12.865443+04:00,82.4
572,1171,14925346045000,9992.0,1.00,15866.254,16588.709,1789131972879.335,2026-09-11T17:06:12.879335+04:00,82.3
573,1175,14925401617000,9992.0,1.00,15921.826,16644.281,1789131972934.907,2026-09-11T17:06:12.934907+04:00,82.2
574,1176,14925415513000,9992.0,1.00,15935.722,16658.177,1789131972948.803,2026-09-11T17:06:12.948803+04:00,82.1
575,1177,14925429407000,9992.0,1.00,15949.616,16672.071,1789131972962.697,2026-09-11T17:06:12.962697+04:00,82.1
576,1181,14925484979000,9992.0,1.00,16005.188,16727.643,1789131973018.269,2026-09-11T17:06:13.018269+04:00,82.2
577,1182,14925498873000,9992.0,1.00,16019.082,16741.537,1789131973032.163,2026-09-11T17:06:13.032163+04:00,82.2
578,1183,14925512765000,9992.0,1.00,16032.974,16755.429,1789131973046.055,2026-09-11T17:06:13.046055+04:00,82.2
579,1187,14925568340000,9992.0,1.00,16088.549,16811.004,1789131973101.630,2026-09-11T17:06:13.101630+04:00,82.3
580,1188,14925582233000,9992.0,1.00,16102.442,16824.897,1789131973115.523,2026-09-11T17:06:13.115523+04:00,82.4
581,1189,14925596126000,9992.0,1.00,16116.335,16838.790,1789131973129.416,2026-09-11T17:06:13.129416+04:00,82.4
582,1193,14925651701000,9992.0,1.00,16171.910,16894.365,1789131973184.991,2026-09-11T17:06:13.184991+04:00,82.5
583,1194,14925665595000,9992.0,1.00,16185.804,16908.259,1789131973198.885,2026-09-11T17:06:13.198885+04:00,82.5
584,1195,14925679486000,9992.0,1.00,16199.695,16922.150,1789131973212.776,2026-09-11T17:06:13.212776+04:00,82.5
585,1199,14925735065000,9992.0,1.00,16255.274,16977.729,1789131973268.355,2026-09-11T17:06:13.268355+04:00,82.5
586,1200,14925748954000,9992.0,1.00,16269.163,16991.618,1789131973282.244,2026-09-11T17:06:13.282244+04:00,82.5
587,1201,14925762848000,9992.0,1.00,16283.057,17005.512,1789131973296.138,2026-09-11T17:06:13.296138+04:00,82.5
588,1205,14925818424000,9992.0,1.00,16338.633,17061.088,1789131973351.714,2026-09-11T17:06:13.351714+04:00,82.5
589,1206,14925832315000,9992.0,1.00,16352.524,17074.979,1789131973365.605,2026-09-11T17:06:13.365605+04:00,82.5
590,1207,14925846208000,9992.0,1.00,16366.417,17088.872,1789131973379.498,2026-09-11T17:06:13.379498+04:00,82.6
591,1211,14925901781000,9992.0,1.00,16421.990,17144.445,1789131973435.071,2026-09-11T17:06:13.435071+04:00,82.6
592,1212,14925915675000,9992.0,1.00,16435.884,17158.339,1789131973448.965,2026-09-11T17:06:13.448965+04:00,82.6
593,1213,14925929570000,9992.0,1.00,16449.779,17172.234,1789131973462.860,2026-09-11T17:06:13.462860+04:00,82.5
594,1217,14925985141000,9992.0,1.00,16505.350,17227.805,1789131973518.431,2026-09-11T17:06:13.518431+04:00,82.5
595,1218,14925999035000,9992.0,1.00,16519.244,17241.699,1789131973532.325,2026-09-11T17:06:13.532325+04:00,82.5
596,1219,14926012928000,9992.0,1.00,16533.137,17255.592,1789131973546.218,2026-09-11T17:06:13.546218+04:00,82.5
597,1223,14926068501000,9992.0,1.00,16588.710,17311.165,1789131973601.791,2026-09-11T17:06:13.601791+04:00,82.5
598,1224,14926082396000,9992.0,1.00,16602.605,17325.060,1789131973615.686,2026-09-11T17:06:13.615686+04:00,82.4
599,1225,14926096288000,9992.0,1.00,16616.497,17338.952,1789131973629.578,2026-09-11T17:06:13.629578+04:00,82.4
600,1229,14926151863000,9992.0,1.00,16672.072,17394.527,1789131973685.153,2026-09-11T17:06:13.685153+04:00,82.4
601,1230,14926165760000,9992.0,1.00,16685.969,17408.424,1789131973699.050,2026-09-11T17:06:13.699050+04:00,82.3
602,1231,14926179649000,9992.0,1.00,16699.858,17422.313,1789131973712.939,2026-09-11T17:06:13.712939+04:00,82.3
603,1235,14926235226000,9992.0,1.00,16755.435,17477.890,1789131973768.516,2026-09-11T17:06:13.768516+04:00,82.2
604,1236,14926249117000,9992.0,1.00,16769.326,17491.781,1789131973782.407,2026-09-11T17:06:13.782407+04:00,82.2
605,1237,14926263010000,9992.0,1.00,16783.219,17505.674,1789131973796.300,2026-09-11T17:06:13.796300+04:00,82.2
606,1241,14926318584000,9992.0,1.00,16838.793,17561.248,1789131973851.874,2026-09-11T17:06:13.851874+04:00,82.0
607,1242,14926332477000,9992.0,1.00,16852.686,17575.141,1789131973865.767,2026-09-11T17:06:13.865767+04:00,82.0
608,1243,14926346369000,9992.0,1.00,16866.578,17589.033,1789131973879.659,2026-09-11T17:06:13.879659+04:00,81.9
609,1247,14926401943000,9992.0,1.00,16922.152,17644.607,1789131973935.233,2026-09-11T17:06:13.935233+04:00,81.8
610,1248,14926415836000,9992.0,1.00,16936.045,17658.500,1789131973949.126,2026-09-11T17:06:13.949126+04:00,81.8
611,1249,14926429731000,9992.0,1.00,16949.940,17672.395,1789131973963.021,2026-09-11T17:06:13.963021+04:00,81.8
612,1253,14926485303000,9992.0,1.00,17005.512,17727.967,1789131974018.593,2026-09-11T17:06:14.018593+04:00,81.7
613,1254,14926499198000,9992.0,1.00,17019.407,17741.862,1789131974032.488,2026-09-11T17:06:14.032488+04:00,81.6
614,1255,14926513094000,9992.0,1.00,17033.303,17755.758,1789131974046.384,2026-09-11T17:06:14.046384+04:00,81.6
615,1259,14926568663000,9992.0,1.00,17088.872,17811.327,1789131974101.953,2026-09-11T17:06:14.101953+04:00,81.4
616,1260,14926582558000,9992.0,1.00,17102.767,17825.222,1789131974115.848,2026-09-11T17:06:14.115848+04:00,81.4
617,1261,14926596450000,9992.0,1.00,17116.659,17839.114,1789131974129.740,2026-09-11T17:06:14.129740+04:00,81.4
618,1265,14926652029000,9992.0,1.00,17172.238,17894.693,1789131974185.319,2026-09-11T17:06:14.185319+04:00,81.2
619,1266,14926665919000,9992.0,1.00,17186.128,17908.583,1789131974199.209,2026-09-11T17:06:14.199209+04:00,81.1
620,1267,14926679811000,9992.0,1.00,17200.020,17922.475,1789131974213.101,2026-09-11T17:06:14.213101+04:00,81.1
621,1271,14926735388000,9992.0,1.00,17255.597,17978.052,1789131974268.678,2026-09-11T17:06:14.268678+04:00,80.9
622,1272,14926749282000,9992.0,1.00,17269.491,17991.946,1789131974282.572,2026-09-11T17:06:14.282572+04:00,80.9
623,1273,14926763171000,9992.0,1.00,17283.380,18005.835,1789131974296.461,2026-09-11T17:06:14.296461+04:00,80.9
624,1277,14926818749000,9992.0,1.00,17338.958,18061.413,1789131974352.039,2026-09-11T17:06:14.352039+04:00,80.7
625,1278,14926832638000,9992.0,1.00,17352.847,18075.302,1789131974365.928,2026-09-11T17:06:14.365928+04:00,80.7
626,1279,14926846532000,9992.0,1.00,17366.741,18089.196,1789131974379.822,2026-09-11T17:06:14.379822+04:00,80.7
627,1283,14926902108000,9992.0,1.00,17422.317,18144.772,1789131974435.398,2026-09-11T17:06:14.435398+04:00,80.5
628,1284,14926915999000,9992.0,1.00,17436.208,18158.663,1789131974449.289,2026-09-11T17:06:14.449289+04:00,80.5
629,1285,14926929896000,9992.0,1.00,17450.105,18172.560,1789131974463.186,2026-09-11T17:06:14.463186+04:00,80.4
630,1289,14926985467000,9992.0,1.00,17505.676,18228.131,1789131974518.757,2026-09-11T17:06:14.518757+04:00,80.3
631,1290,14926999360000,9992.0,1.00,17519.569,18242.024,1789131974532.650,2026-09-11T17:06:14.532650+04:00,80.3
632,1291,14927013255000,9992.0,1.00,17533.464,18255.919,1789131974546.545,2026-09-11T17:06:14.546545+04:00,80.3
633,1295,14927068826000,9992.0,1.00,17589.035,18311.490,1789131974602.116,2026-09-11T17:06:14.602116+04:00,80.2
634,1296,14927082720000,9992.0,1.00,17602.929,18325.384,1789131974616.010,2026-09-11T17:06:14.616010+04:00,80.2
635,1297,14927096616000,9992.0,1.00,17616.825,18339.280,1789131974629.906,2026-09-11T17:06:14.629906+04:00,80.2
636,1301,14927152187000,9992.0,1.00,17672.396,18394.851,1789131974685.477,2026-09-11T17:06:14.685477+04:00,80.1
637,1302,14927166081000,9992.0,1.00,17686.290,18408.745,1789131974699.371,2026-09-11T17:06:14.699371+04:00,80.1
638,1303,14927179974000,9992.0,1.00,17700.183,18422.638,1789131974713.264,2026-09-11T17:06:14.713264+04:00,80.1
639,1307,14927235551000,9992.0,1.00,17755.760,18478.215,1789131974768.841,2026-09-11T17:06:14.768841+04:00,80.1
640,1308,14927249441000,9992.0,1.00,17769.650,18492.105,1789131974782.731,2026-09-11T17:06:14.782731+04:00,80.1
641,1309,14927263338000,9992.0,1.00,17783.547,18506.002,1789131974796.628,2026-09-11T17:06:14.796628+04:00,80.1
642,1313,14927318908000,9992.0,1.00,17839.117,18561.572,1789131974852.198,2026-09-11T17:06:14.852198+04:00,80.1
643,1314,14927332800000,9992.0,1.00,17853.009,18575.464,1789131974866.090,2026-09-11T17:06:14.866090+04:00,80.1
644,1315,14927346694000,9992.0,1.00,17866.903,18589.358,1789131974879.984,2026-09-11T17:06:14.879984+04:00,80.1
645,1319,14927402270000,9992.0,1.00,17922.479,18644.934,1789131974935.560,2026-09-11T17:06:14.935560+04:00,80.1
646,1320,14927416162000,9992.0,1.00,17936.371,18658.826,1789131974949.452,2026-09-11T17:06:14.949452+04:00,80.1
647,1321,14927430055000,9992.0,1.00,17950.264,18672.719,1789131974963.345,2026-09-11T17:06:14.963345+04:00,80.1
648,1325,14927485629000,9992.0,1.00,18005.838,18728.293,1789131975018.919,2026-09-11T17:06:15.018919+04:00,80.2
649,1326,14927499522000,9992.0,1.00,18019.731,18742.186,1789131975032.812,2026-09-11T17:06:15.032812+04:00,80.2
650,1327,14927513422000,9992.0,1.00,18033.631,18756.086,1789131975046.712,2026-09-11T17:06:15.046712+04:00,80.2
651,1331,14927568989000,9992.0,1.00,18089.198,18811.653,1789131975102.279,2026-09-11T17:06:15.102279+04:00,80.2
652,1332,14927582883000,9992.0,1.00,18103.092,18825.547,1789131975116.173,2026-09-11T17:06:15.116173+04:00,80.2
653,1333,14927596779000,9992.0,1.00,18116.988,18839.443,1789131975130.069,2026-09-11T17:06:15.130069+04:00,80.2
654,1337,14927652349000,9992.0,1.00,18172.558,18895.013,1789131975185.639,2026-09-11T17:06:15.185639+04:00,80.2
655,1338,14927666242000,9992.0,1.00,18186.451,18908.906,1789131975199.532,2026-09-11T17:06:15.199532+04:00,80.2
656,1339,14927680135000,9992.0,1.00,18200.344,18922.799,1789131975213.425,2026-09-11T17:06:15.213425+04:00,80.2
657,1343,14927735714000,9992.0,1.00,18255.923,18978.378,1789131975269.004,2026-09-11T17:06:15.269004+04:00,80.2
658,1344,14927749603000,9992.0,1.00,18269.812,18992.267,1789131975282.893,2026-09-11T17:06:15.282893+04:00,80.2
659,1345,14927763495000,9992.0,1.00,18283.704,19006.159,1789131975296.785,2026-09-11T17:06:15.296785+04:00,80.2
660,1349,14927819073000,9992.0,1.00,18339.282,19061.737,1789131975352.363,2026-09-11T17:06:15.352363+04:00,80.2
661,1350,14927832963000,9992.0,1.00,18353.172,19075.627,1789131975366.253,2026-09-11T17:06:15.366253+04:00,80.2
662,1351,14927846857000,9992.0,1.00,18367.066,19089.521,1789131975380.147,2026-09-11T17:06:15.380147+04:00,80.2
663,1355,14927902431000,9992.0,1.00,18422.640,19145.095,1789131975435.721,2026-09-11T17:06:15.435721+04:00,80.2
664,1356,14927916324000,9992.0,1.00,18436.533,19158.988,1789131975449.614,2026-09-11T17:06:15.449614+04:00,80.2
665,1357,14927930217000,9992.0,1.00,18450.426,19172.881,1789131975463.507,2026-09-11T17:06:15.463507+04:00,80.2
666,1361,14927985794000,9992.0,1.00,18506.003,19228.458,1789131975519.084,2026-09-11T17:06:15.519084+04:00,80.2
667,1362,14927999684000,9992.0,1.00,18519.893,19242.348,1789131975532.974,2026-09-11T17:06:15.532974+04:00,80.2
668,1363,14928013578000,9992.0,1.00,18533.787,19256.242,1789131975546.868,2026-09-11T17:06:15.546868+04:00,80.2
669,1367,14928069151000,9992.0,1.00,18589.360,19311.815,1789131975602.441,2026-09-11T17:06:15.602441+04:00,80.2
670,1368,14928083045000,9992.0,1.00,18603.254,19325.709,1789131975616.335,2026-09-11T17:06:15.616335+04:00,80.2
671,1369,14928096939000,9992.0,1.00,18617.148,19339.603,1789131975630.229,2026-09-11T17:06:15.630229+04:00,80.2
672,1373,14928152512000,9992.0,1.00,18672.721,19395.176,1789131975685.802,2026-09-11T17:06:15.685802+04:00,80.2
673,1374,14928166406000,9992.0,1.00,18686.615,19409.070,1789131975699.696,2026-09-11T17:06:15.699696+04:00,80.2
674,1375,14928180298000,9992.0,1.00,18700.507,19422.962,1789131975713.588,2026-09-11T17:06:15.713588+04:00,80.2
675,1379,14928235872000,9992.0,1.00,18756.081,19478.536,1789131975769.162,2026-09-11T17:06:15.769162+04:00,80.2
676,1380,14928249765000,9992.0,1.00,18769.974,19492.429,1789131975783.055,2026-09-11T17:06:15.783055+04:00,80.2
677,1381,14928263658000,9992.0,1.00,18783.867,19506.322,1789131975796.948,2026-09-11T17:06:15.796948+04:00,80.2
678,1385,14928319234000,9992.0,1.00,18839.443,19561.898,1789131975852.524,2026-09-11T17:06:15.852524+04:00,80.2
679,1386,14928333125000,9992.0,1.00,18853.334,19575.789,1789131975866.415,2026-09-11T17:06:15.866415+04:00,80.2
680,1387,14928347018000,9992.0,1.00,18867.227,19589.682,1789131975880.308,2026-09-11T17:06:15.880308+04:00,80.2
681,1391,14928402595000,9992.0,1.00,18922.804,19645.259,1789131975935.885,2026-09-11T17:06:15.935885+04:00,80.1
682,1392,14928416488000,9992.0,1.00,18936.697,19659.152,1789131975949.778,2026-09-11T17:06:15.949778+04:00,80.1
683,1393,14928430379000,9992.0,1.00,18950.588,19673.043,1789131975963.669,2026-09-11T17:06:15.963669+04:00,80.2
684,1397,14928485955000,9992.0,1.00,19006.164,19728.619,1789131976019.245,2026-09-11T17:06:16.019245+04:00,80.3
685,1398,14928499845000,9992.0,1.00,19020.054,19742.509,1789131976033.135,2026-09-11T17:06:16.033135+04:00,80.3
686,1399,14928513739000,9992.0,1.00,19033.948,19756.403,1789131976047.029,2026-09-11T17:06:16.047029+04:00,80.4
687,1403,14928569314000,9992.0,1.00,19089.523,19811.978,1789131976102.604,2026-09-11T17:06:16.102604+04:00,80.6
688,1404,14928583207000,9992.0,1.00,19103.416,19825.871,1789131976116.497,2026-09-11T17:06:16.116497+04:00,80.7
689,1405,14928597102000,9992.0,1.00,19117.311,19839.766,1789131976130.392,2026-09-11T17:06:16.130392+04:00,80.7
690,1409,14928652677000,9992.0,1.00,19172.886,19895.341,1789131976185.967,2026-09-11T17:06:16.185967+04:00,81.1
691,1410,14928666567000,9992.0,1.00,19186.776,19909.231,1789131976199.857,2026-09-11T17:06:16.199857+04:00,81.2
692,1411,14928680461000,9992.0,1.00,19200.670,19923.125,1789131976213.751,2026-09-11T17:06:16.213751+04:00,81.3
693,1415,14928736041000,9992.0,1.00,19256.250,19978.705,1789131976269.331,2026-09-11T17:06:16.269331+04:00,81.7
694,1416,14928749929000,9992.0,1.00,19270.138,19992.593,1789131976283.219,2026-09-11T17:06:16.283219+04:00,81.8
695,1417,14928763821000,9992.0,1.00,19284.030,20006.485,1789131976297.111,2026-09-11T17:06:16.297111+04:00,82.0
696,1421,14928819397000,9992.0,1.00,19339.606,20062.061,1789131976352.687,2026-09-11T17:06:16.352687+04:00,82.4
697,1422,14928833287000,9992.0,1.00,19353.496,20075.951,1789131976366.577,2026-09-11T17:06:16.366577+04:00,82.6
698,1423,14928847183000,9992.0,1.00,19367.392,20089.847,1789131976380.473,2026-09-11T17:06:16.380473+04:00,82.7
699,1427,14928902758000,9992.0,1.00,19422.967,20145.422,1789131976436.048,2026-09-11T17:06:16.436048+04:00,83.1
700,1428,14928916648000,9992.0,1.00,19436.857,20159.312,1789131976449.938,2026-09-11T17:06:16.449938+04:00,83.1
701,1429,14928930541000,9992.0,1.00,19450.750,20173.205,1789131976463.831,2026-09-11T17:06:16.463831+04:00,83.1
702,1433,14928986116000,9992.0,1.00,19506.325,20228.780,1789131976519.406,2026-09-11T17:06:16.519406+04:00,83.1
703,1434,14929000030000,9992.0,1.00,19520.239,20242.694,1789131976533.320,2026-09-11T17:06:16.533320+04:00,83.1
704,1435,14929013902000,9992.0,1.00,19534.111,20256.566,1789131976547.192,2026-09-11T17:06:16.547192+04:00,83.1
705,1439,14929069477000,9992.0,1.00,19589.686,20312.141,1789131976602.767,2026-09-11T17:06:16.602767+04:00,82.8
706,1440,14929083368000,9992.0,1.00,19603.577,20326.032,1789131976616.658,2026-09-11T17:06:16.616658+04:00,82.7
707,1441,14929097262000,9992.0,1.00,19617.471,20339.926,1789131976630.552,2026-09-11T17:06:16.630552+04:00,82.6
708,1445,14929152838000,9992.0,1.00,19673.047,20395.502,1789131976686.128,2026-09-11T17:06:16.686128+04:00,82.3
709,1446,14929166732000,9992.0,1.00,19686.941,20409.396,1789131976700.022,2026-09-11T17:06:16.700022+04:00,82.2
710,1447,14929180624000,9992.0,1.00,19700.833,20423.288,1789131976713.914,2026-09-11T17:06:16.713914+04:00,82.2
711,1451,14929236199000,9992.0,1.00,19756.408,20478.863,1789131976769.489,2026-09-11T17:06:16.769489+04:00,82.0
712,1452,14929250091000,9992.0,1.00,19770.300,20492.755,1789131976783.381,2026-09-11T17:06:16.783381+04:00,82.1
713,1453,14929263984000,9992.0,1.00,19784.193,20506.648,1789131976797.274,2026-09-11T17:06:16.797274+04:00,82.1
714,1457,14929319562000,9992.0,1.00,19839.771,20562.226,1789131976852.852,2026-09-11T17:06:16.852852+04:00,82.3
715,1458,14929333451000,9992.0,1.00,19853.660,20576.115,1789131976866.741,2026-09-11T17:06:16.866741+04:00,82.4
716,1459,14929347344000,9992.0,1.00,19867.553,20590.008,1789131976880.634,2026-09-11T17:06:16.880634+04:00,82.4
717,1463,14929402919000,9992.0,1.00,19923.128,20645.583,1789131976936.209,2026-09-11T17:06:16.936209+04:00,82.6
718,1464,14929416811000,9992.0,1.00,19937.020,20659.475,1789131976950.101,2026-09-11T17:06:16.950101+04:00,82.6
719,1465,14929430703000,9992.0,1.00,19950.912,20673.367,1789131976963.993,2026-09-11T17:06:16.963993+04:00,82.6
720,1469,14929486278000,9992.0,1.00,20006.487,20728.942,1789131977019.568,2026-09-11T17:06:17.019568+04:00,82.7
721,1470,14929500172000,9992.0,1.00,20020.381,20742.836,1789131977033.462,2026-09-11T17:06:17.033462+04:00,82.7
722,1471,14929514064000,9992.0,1.00,20034.273,20756.728,1789131977047.354,2026-09-11T17:06:17.047354+04:00,82.7
723,1475,14929569639000,9992.0,1.00,20089.848,20812.303,1789131977102.929,2026-09-11T17:06:17.102929+04:00,82.6
724,1476,14929583531000,9992.0,1.00,20103.740,20826.195,1789131977116.821,2026-09-11T17:06:17.116821+04:00,82.6
725,1477,14929597424000,9992.0,1.00,20117.633,20840.088,1789131977130.714,2026-09-11T17:06:17.130714+04:00,82.6
726,1481,14929652999000,9992.0,1.00,20173.208,20895.663,1789131977186.289,2026-09-11T17:06:17.186289+04:00,82.5
727,1482,14929666893000,9992.0,1.00,20187.102,20909.557,1789131977200.183,2026-09-11T17:06:17.200183+04:00,82.5
728,1483,14929680785000,9992.0,1.00,20200.994,20923.449,1789131977214.075,2026-09-11T17:06:17.214075+04:00,82.5
729,1487,14929736360000,9992.0,1.00,20256.569,20979.024,1789131977269.650,2026-09-11T17:06:17.269650+04:00,82.4
730,1488,14929750253000,9992.0,1.00,20270.462,20992.917,1789131977283.543,2026-09-11T17:06:17.283543+04:00,82.4
731,1489,14929764146000,9992.0,1.00,20284.355,21006.810,1789131977297.436,2026-09-11T17:06:17.297436+04:00,82.4
732,1493,14929819720000,9992.0,1.00,20339.929,21062.384,1789131977353.010,2026-09-11T17:06:17.353010+04:00,82.4
733,1494,14929833613000,9992.0,1.00,20353.822,21076.277,1789131977366.903,2026-09-11T17:06:17.366903+04:00,82.4
734,1495,14929847505000,9992.0,1.00,20367.714,21090.169,1789131977380.795,2026-09-11T17:06:17.380795+04:00,82.4
735,1499,14929903081000,9992.0,1.00,20423.290,21145.745,1789131977436.371,2026-09-11T17:06:17.436371+04:00,82.3
736,1500,14929916972000,9992.0,1.00,20437.181,21159.636,1789131977450.262,2026-09-11T17:06:17.450262+04:00,82.3
737,1501,14929930865000,9992.0,1.00,20451.074,21173.529,1789131977464.155,2026-09-11T17:06:17.464155+04:00,82.4
738,1505,14929986437000,9992.0,1.00,20506.646,21229.101,1789131977519.727,2026-09-11T17:06:17.519727+04:00,82.5
739,1506,14930000333000,9992.0,1.00,20520.542,21242.997,1789131977533.623,2026-09-11T17:06:17.533623+04:00,82.5
740,1507,14930014224000,9992.0,1.00,20534.433,21256.888,1789131977547.514,2026-09-11T17:06:17.547514+04:00,82.6
741,1511,14930069799000,9992.0,1.00,20590.008,21312.463,1789131977603.089,2026-09-11T17:06:17.603089+04:00,82.7
742,1512,14930083693000,9992.0,1.00,20603.902,21326.357,1789131977616.983,2026-09-11T17:06:17.616983+04:00,82.7
743,1513,14930097585000,9992.0,1.00,20617.794,21340.249,1789131977630.875,2026-09-11T17:06:17.630875+04:00,82.7
744,1517,14930153160000,9992.0,1.00,20673.369,21395.824,1789131977686.450,2026-09-11T17:06:17.686450+04:00,82.7
745,1518,14930167054000,9992.0,1.00,20687.263,21409.718,1789131977700.344,2026-09-11T17:06:17.700344+04:00,82.7
746,1519,14930180945000,9992.0,1.00,20701.154,21423.609,1789131977714.235,2026-09-11T17:06:17.714235+04:00,82.7
747,1523,14930236521000,9992.0,1.00,20756.730,21479.185,1789131977769.811,2026-09-11T17:06:17.769811+04:00,82.5
748,1524,14930250412000,9992.0,1.00,20770.621,21493.076,1789131977783.702,2026-09-11T17:06:17.783702+04:00,82.5
749,1525,14930264306000,9992.0,1.00,20784.515,21506.970,1789131977797.596,2026-09-11T17:06:17.797596+04:00,82.4
750,1529,14930319884000,9992.0,1.00,20840.093,21562.548,1789131977853.174,2026-09-11T17:06:17.853174+04:00,82.3
751,1530,14930333775000,9992.0,1.00,20853.984,21576.439,1789131977867.065,2026-09-11T17:06:17.867065+04:00,82.2
752,1531,14930347668000,9992.0,1.00,20867.877,21590.332,1789131977880.958,2026-09-11T17:06:17.880958+04:00,82.2
753,1535,14930403245000,9992.0,1.00,20923.454,21645.909,1789131977936.535,2026-09-11T17:06:17.936535+04:00,82.1
754,1536,14930417135000,9992.0,1.00,20937.344,21659.799,1789131977950.425,2026-09-11T17:06:17.950425+04:00,82.1
755,1537,14930431028000,9992.0,1.00,20951.237,21673.692,1789131977964.318,2026-09-11T17:06:17.964318+04:00,82.0
756,1541,14930486602000,9992.0,1.00,21006.811,21729.266,1789131978019.892,2026-09-11T17:06:18.019892+04:00,81.9
757,1542,14930500494000,9992.0,1.00,21020.703,21743.158,1789131978033.784,2026-09-11T17:06:18.033784+04:00,81.9
758,1543,14930514388000,9992.0,1.00,21034.597,21757.052,1789131978047.678,2026-09-11T17:06:18.047678+04:00,81.8
759,1547,14930569959000,9992.0,1.00,21090.168,21812.623,1789131978103.249,2026-09-11T17:06:18.103249+04:00,81.8
760,1548,14930583855000,9992.0,1.00,21104.064,21826.519,1789131978117.145,2026-09-11T17:06:18.117145+04:00,81.8
761,1549,14930597749000,9992.0,1.00,21117.958,21840.413,1789131978131.039,2026-09-11T17:06:18.131039+04:00,81.7
762,1553,14930653322000,9992.0,1.00,21173.531,21895.986,1789131978186.612,2026-09-11T17:06:18.186612+04:00,81.7
763,1554,14930667216000,9992.0,1.00,21187.425,21909.880,1789131978200.506,2026-09-11T17:06:18.200506+04:00,81.7
764,1555,14930681110000,9992.0,1.00,21201.319,21923.774,1789131978214.400,2026-09-11T17:06:18.214400+04:00,81.7
765,1559,14930736683000,9992.0,1.00,21256.892,21979.347,1789131978269.973,2026-09-11T17:06:18.269973+04:00,81.8
766,1560,14930750576000,9992.0,1.00,21270.785,21993.240,1789131978283.866,2026-09-11T17:06:18.283866+04:00,81.8
767,1561,14930764469000,9992.0,1.00,21284.678,22007.133,1789131978297.759,2026-09-11T17:06:18.297759+04:00,81.8
768,1565,14930820044000,9992.0,1.00,21340.253,22062.708,1789131978353.334,2026-09-11T17:06:18.353334+04:00,81.8
769,1566,14930833936000,9992.0,1.00,21354.145,22076.600,1789131978367.226,2026-09-11T17:06:18.367226+04:00,81.8
770,1567,14930847829000,9992.0,1.00,21368.038,22090.493,1789131978381.119,2026-09-11T17:06:18.381119+04:00,81.8
771,1571,14930903405000,9992.0,1.00,21423.614,22146.069,1789131978436.695,2026-09-11T17:06:18.436695+04:00,81.8
772,1572,14930917297000,9992.0,1.00,21437.506,22159.961,1789131978450.587,2026-09-11T17:06:18.450587+04:00,81.8
773,1573,14930931189000,9992.0,1.00,21451.398,22173.853,1789131978464.479,2026-09-11T17:06:18.464479+04:00,81.8
774,1577,14930986766000,9992.0,1.00,21506.975,22229.430,1789131978520.056,2026-09-11T17:06:18.520056+04:00,81.8
775,1578,14931000662000,9992.0,1.00,21520.871,22243.326,1789131978533.952,2026-09-11T17:06:18.533952+04:00,81.8
776,1579,14931014551000,9992.0,1.00,21534.760,22257.215,1789131978547.841,2026-09-11T17:06:18.547841+04:00,81.7
777,1583,14931070126000,9992.0,1.00,21590.335,22312.790,1789131978603.416,2026-09-11T17:06:18.603416+04:00,81.7
778,1584,14931084019000,9992.0,1.00,21604.228,22326.683,1789131978617.309,2026-09-11T17:06:18.617309+04:00,81.7
779,1585,14931097912000,9992.0,1.00,21618.121,22340.576,1789131978631.202,2026-09-11T17:06:18.631202+04:00,81.6
780,1589,14931153487000,9992.0,1.00,21673.696,22396.151,1789131978686.777,2026-09-11T17:06:18.686777+04:00,81.6
781,1590,14931167378000,9992.0,1.00,21687.587,22410.042,1789131978700.668,2026-09-11T17:06:18.700668+04:00,81.5
782,1591,14931181272000,9992.0,1.00,21701.481,22423.936,1789131978714.562,2026-09-11T17:06:18.714562+04:00,81.5
783,1595,14931236845000,9992.0,1.00,21757.054,22479.509,1789131978770.135,2026-09-11T17:06:18.770135+04:00,81.4
784,1596,14931250738000,9992.0,1.00,21770.947,22493.402,1789131978784.028,2026-09-11T17:06:18.784028+04:00,81.4
785,1597,14931264633000,9992.0,1.00,21784.842,22507.297,1789131978797.923,2026-09-11T17:06:18.797923+04:00,81.4
786,1601,14931320205000,9992.0,1.00,21840.414,22562.869,1789131978853.495,2026-09-11T17:06:18.853495+04:00,81.4
787,1602,14931334099000,9992.0,1.00,21854.308,22576.763,1789131978867.389,2026-09-11T17:06:18.867389+04:00,81.4
788,1603,14931347994000,9992.0,1.00,21868.203,22590.658,1789131978881.284,2026-09-11T17:06:18.881284+04:00,81.4
789,1607,14931403566000,9992.0,1.00,21923.775,22646.230,1789131978936.856,2026-09-11T17:06:18.936856+04:00,81.4
790,1608,14931417460000,9992.0,1.00,21937.669,22660.124,1789131978950.750,2026-09-11T17:06:18.950750+04:00,81.4
791,1609,14931431353000,9992.0,1.00,21951.562,22674.017,1789131978964.643,2026-09-11T17:06:18.964643+04:00,81.4
792,1613,14931486926000,9992.0,1.00,22007.135,22729.590,1789131979020.216,2026-09-11T17:06:19.020216+04:00,81.5
793,1614,14931500821000,9992.0,1.00,22021.030,22743.485,1789131979034.111,2026-09-11T17:06:19.034111+04:00,81.5
794,1615,14931514714000,9992.0,1.00,22034.923,22757.378,1789131979048.004,2026-09-11T17:06:19.048004+04:00,81.5
795,1619,14931570289000,9992.0,1.00,22090.498,22812.953,1789131979103.579,2026-09-11T17:06:19.103579+04:00,81.7
796,1620,14931584182000,9992.0,1.00,22104.391,22826.846,1789131979117.472,2026-09-11T17:06:19.117472+04:00,81.7
797,1621,14931598074000,9992.0,1.00,22118.283,22840.738,1789131979131.364,2026-09-11T17:06:19.131364+04:00,81.8
798,1625,14931653648000,9992.0,1.00,22173.857,22896.312,1789131979186.938,2026-09-11T17:06:19.186938+04:00,82.0
799,1626,14931667540000,9992.0,1.00,22187.749,22910.204,1789131979200.830,2026-09-11T17:06:19.200830+04:00,82.0
800,1627,14931681433000,9992.0,1.00,22201.642,22924.097,1789131979214.723,2026-09-11T17:06:19.214723+04:00,82.0
801,1631,14931737009000,9992.0,1.00,22257.218,22979.673,1789131979270.299,2026-09-11T17:06:19.270299+04:00,82.2
802,1632,14931750900000,9992.0,1.00,22271.109,22993.564,1789131979284.190,2026-09-11T17:06:19.284190+04:00,82.3
803,1633,14931764795000,9992.0,1.00,22285.004,23007.459,1789131979298.085,2026-09-11T17:06:19.298085+04:00,82.4
804,1637,14931820370000,9992.0,1.00,22340.579,23063.034,1789131979353.660,2026-09-11T17:06:19.353660+04:00,82.5
805,1638,14931834261000,9992.0,1.00,22354.470,23076.925,1789131979367.551,2026-09-11T17:06:19.367551+04:00,82.5
806,1639,14931848155000,9992.0,1.00,22368.364,23090.819,1789131979381.445,2026-09-11T17:06:19.381445+04:00,82.6
807,1643,14931903728000,9992.0,1.00,22423.937,23146.392,1789131979437.018,2026-09-11T17:06:19.437018+04:00,82.7
808,1644,14931917622000,9992.0,1.00,22437.831,23160.286,1789131979450.912,2026-09-11T17:06:19.450912+04:00,82.7
809,1645,14931931516000,9992.0,1.00,22451.725,23174.180,1789131979464.806,2026-09-11T17:06:19.464806+04:00,82.7
810,1649,14931987090000,9992.0,1.00,22507.299,23229.754,1789131979520.380,2026-09-11T17:06:19.520380+04:00,82.7
811,1650,14932000982000,9992.0,1.00,22521.191,23243.646,1789131979534.272,2026-09-11T17:06:19.534272+04:00,82.7
812,1651,14932014876000,9992.0,1.00,22535.085,23257.540,1789131979548.166,2026-09-11T17:06:19.548166+04:00,82.7
813,1655,14932070450000,9992.0,1.00,22590.659,23313.114,1789131979603.740,2026-09-11T17:06:19.603740+04:00,82.7
814,1656,14932084343000,9992.0,1.00,22604.552,23327.007,1789131979617.633,2026-09-11T17:06:19.617633+04:00,82.7
815,1657,14932098237000,9992.0,1.00,22618.446,23340.901,1789131979631.527,2026-09-11T17:06:19.631527+04:00,82.7
816,1661,14932153809000,9992.0,1.00,22674.018,23396.473,1789131979687.099,2026-09-11T17:06:19.687099+04:00,82.6
817,1662,14932167703000,9992.0,1.00,22687.912,23410.367,1789131979700.993,2026-09-11T17:06:19.700993+04:00,82.6
818,1663,14932181597000,9992.0,1.00,22701.806,23424.261,1789131979714.887,2026-09-11T17:06:19.714887+04:00,82.5
819,1667,14932237171000,9992.0,1.00,22757.380,23479.835,1789131979770.461,2026-09-11T17:06:19.770461+04:00,82.4
820,1668,14932251064000,9992.0,1.00,22771.273,23493.728,1789131979784.354,2026-09-11T17:06:19.784354+04:00,82.4
821,1669,14932264957000,9992.0,1.00,22785.166,23507.621,1789131979798.247,2026-09-11T17:06:19.798247+04:00,82.3
822,1673,14932320531000,9992.0,1.00,22840.740,23563.195,1789131979853.821,2026-09-11T17:06:19.853821+04:00,82.2
823,1674,14932334425000,9992.0,1.00,22854.634,23577.089,1789131979867.715,2026-09-11T17:06:19.867715+04:00,82.2
824,1675,14932348317000,9992.0,1.00,22868.526,23590.981,1789131979881.607,2026-09-11T17:06:19.881607+04:00,82.2
825,1679,14932403895000,9992.0,1.00,22924.104,23646.559,1789131979937.185,2026-09-11T17:06:19.937185+04:00,82.0
826,1680,14932417784000,9992.0,1.00,22937.993,23660.448,1789131979951.074,2026-09-11T17:06:19.951074+04:00,81.9
827,1681,14932431677000,9992.0,1.00,22951.886,23674.341,1789131979964.967,2026-09-11T17:06:19.964967+04:00,81.9
828,1685,14932487256000,9992.0,1.00,23007.465,23729.920,1789131980020.546,2026-09-11T17:06:20.020546+04:00,81.7
829,1686,14932501143000,9992.0,1.00,23021.352,23743.807,1789131980034.433,2026-09-11T17:06:20.034433+04:00,81.7
830,1687,14932515039000,9992.0,1.00,23035.248,23757.703,1789131980048.329,2026-09-11T17:06:20.048329+04:00,81.7
831,1691,14932570613000,9992.0,1.00,23090.822,23813.277,1789131980103.903,2026-09-11T17:06:20.103903+04:00,81.5
832,1692,14932584506000,9992.0,1.00,23104.715,23827.170,1789131980117.796,2026-09-11T17:06:20.117796+04:00,81.5
833,1693,14932598399000,9992.0,1.00,23118.608,23841.063,1789131980131.689,2026-09-11T17:06:20.131689+04:00,81.4
834,1697,14932653973000,9992.0,1.00,23174.182,23896.637,1789131980187.263,2026-09-11T17:06:20.187263+04:00,81.2
835,1698,14932667865000,9992.0,1.00,23188.074,23910.529,1789131980201.155,2026-09-11T17:06:20.201155+04:00,81.2
836,1699,14932681761000,9992.0,1.00,23201.970,23924.425,1789131980215.051,2026-09-11T17:06:20.215051+04:00,81.1
837,1703,14932737331000,9992.0,1.00,23257.540,23979.995,1789131980270.621,2026-09-11T17:06:20.270621+04:00,80.9
838,1704,14932751227000,9992.0,1.00,23271.436,23993.891,1789131980284.517,2026-09-11T17:06:20.284517+04:00,80.9
839,1705,14932765119000,9992.0,1.00,23285.328,24007.783,1789131980298.409,2026-09-11T17:06:20.298409+04:00,80.9
840,1709,14932820691000,9992.0,1.00,23340.900,24063.355,1789131980353.981,2026-09-11T17:06:20.353981+04:00,80.8
841,1710,14932834587000,9992.0,1.00,23354.796,24077.251,1789131980367.877,2026-09-11T17:06:20.367877+04:00,80.8
842,1711,14932848480000,9992.0,1.00,23368.689,24091.144,1789131980381.770,2026-09-11T17:06:20.381770+04:00,80.8
843,1715,14932904054000,9992.0,1.00,23424.263,24146.718,1789131980437.344,2026-09-11T17:06:20.437344+04:00,80.8
844,1716,14932917949000,9992.0,1.00,23438.158,24160.613,1789131980451.239,2026-09-11T17:06:20.451239+04:00,80.9
845,1717,14932931840000,9992.0,1.00,23452.049,24174.504,1789131980465.130,2026-09-11T17:06:20.465130+04:00,80.9
846,1721,14932987416000,9992.0,1.00,23507.625,24230.080,1789131980520.706,2026-09-11T17:06:20.520706+04:00,80.9
847,1722,14933001306000,9992.0,1.00,23521.515,24243.970,1789131980534.596,2026-09-11T17:06:20.534596+04:00,80.9
848,1723,14933015200000,9992.0,1.00,23535.409,24257.864,1789131980548.490,2026-09-11T17:06:20.548490+04:00,81.0
849,1727,14933070773000,9992.0,1.00,23590.982,24313.437,1789131980604.063,2026-09-11T17:06:20.604063+04:00,81.0
850,1728,14933084666000,9992.0,1.00,23604.875,24327.330,1789131980617.956,2026-09-11T17:06:20.617956+04:00,81.0
851,1729,14933098560000,9992.0,1.00,23618.769,24341.224,1789131980631.850,2026-09-11T17:06:20.631850+04:00,81.0
852,1733,14933154136000,9992.0,1.00,23674.345,24396.800,1789131980687.426,2026-09-11T17:06:20.687426+04:00,81.1
853,1734,14933168026000,9992.0,1.00,23688.235,24410.690,1789131980701.316,2026-09-11T17:06:20.701316+04:00,81.1
854,1735,14933181921000,9992.0,1.00,23702.130,24424.585,1789131980715.211,2026-09-11T17:06:20.715211+04:00,81.1
855,1739,14933237492000,9992.0,1.00,23757.701,24480.156,1789131980770.782,2026-09-11T17:06:20.770782+04:00,81.1
856,1740,14933251386000,9992.0,1.00,23771.595,24494.050,1789131980784.676,2026-09-11T17:06:20.784676+04:00,81.2
857,1741,14933265282000,9992.0,1.00,23785.491,24507.946,1789131980798.572,2026-09-11T17:06:20.798572+04:00,81.2
858,1745,14933320853000,9992.0,1.00,23841.062,24563.517,1789131980854.143,2026-09-11T17:06:20.854143+04:00,81.3
859,1746,14933334748000,9992.0,1.00,23854.957,24577.412,1789131980868.038,2026-09-11T17:06:20.868038+04:00,81.3
860,1747,14933348642000,9992.0,1.00,23868.851,24591.306,1789131980881.932,2026-09-11T17:06:20.881932+04:00,81.4
861,1751,14933404214000,9992.0,1.00,23924.423,24646.878,1789131980937.504,2026-09-11T17:06:20.937504+04:00,81.5
862,1752,14933418108000,9992.0,1.00,23938.317,24660.772,1789131980951.398,2026-09-11T17:06:20.951398+04:00,81.5
863,1753,14933432004000,9992.0,1.00,23952.213,24674.668,1789131980965.294,2026-09-11T17:06:20.965294+04:00,81.5
864,1757,14933487575000,9992.0,1.00,24007.784,24730.239,1789131981020.865,2026-09-11T17:06:21.020865+04:00,81.6
865,1758,14933501468000,9992.0,1.00,24021.677,24744.132,1789131981034.758,2026-09-11T17:06:21.034758+04:00,81.6
866,1759,14933515361000,9992.0,1.00,24035.570,24758.025,1789131981048.651,2026-09-11T17:06:21.048651+04:00,81.6
867,1763,14933570937000,9992.0,1.00,24091.146,24813.601,1789131981104.227,2026-09-11T17:06:21.104227+04:00,81.6
868,1764,14933584830000,9992.0,1.00,24105.039,24827.494,1789131981118.120,2026-09-11T17:06:21.118120+04:00,81.6
869,1765,14933598722000,9992.0,1.00,24118.931,24841.386,1789131981132.012,2026-09-11T17:06:21.132012+04:00,81.6
870,1769,14933654296000,9992.0,1.00,24174.505,24896.960,1789131981187.586,2026-09-11T17:06:21.187586+04:00,81.7
871,1770,14933668189000,9992.0,1.00,24188.398,24910.853,1789131981201.479,2026-09-11T17:06:21.201479+04:00,81.7
872,1771,14933682082000,9992.0,1.00,24202.291,24924.746,1789131981215.372,2026-09-11T17:06:21.215372+04:00,81.7
873,1775,14933737656000,9992.0,1.00,24257.865,24980.320,1789131981270.946,2026-09-11T17:06:21.270946+04:00,81.8
874,1776,14933751549000,9992.0,1.00,24271.758,24994.213,1789131981284.839,2026-09-11T17:06:21.284839+04:00,81.8
875,1777,14933765443000,9992.0,1.00,24285.652,25008.107,1789131981298.733,2026-09-11T17:06:21.298733+04:00,81.8
876,1781,14933821016000,9992.0,1.00,24341.225,25063.680,1789131981354.306,2026-09-11T17:06:21.354306+04:00,81.8
877,1782,14933834910000,9992.0,1.00,24355.119,25077.574,1789131981368.200,2026-09-11T17:06:21.368200+04:00,81.8
878,1783,14933848804000,9992.0,1.00,24369.013,25091.468,1789131981382.094,2026-09-11T17:06:21.382094+04:00,81.8
879,1787,14933904377000,9992.0,1.00,24424.586,25147.041,1789131981437.667,2026-09-11T17:06:21.437667+04:00,81.7
880,1788,14933918270000,9992.0,1.00,24438.479,25160.934,1789131981451.560,2026-09-11T17:06:21.451560+04:00,81.7
881,1789,14933932165000,9992.0,1.00,24452.374,25174.829,1789131981465.455,2026-09-11T17:06:21.465455+04:00,81.7
882,1793,14933987739000,9992.0,1.00,24507.948,25230.403,1789131981521.029,2026-09-11T17:06:21.521029+04:00,81.7
883,1794,14934001631000,9992.0,1.00,24521.840,25244.295,1789131981534.921,2026-09-11T17:06:21.534921+04:00,81.6
884,1795,14934015524000,9992.0,1.00,24535.733,25258.188,1789131981548.814,2026-09-11T17:06:21.548814+04:00,81.6
885,1799,14934071100000,9992.0,1.00,24591.309,25313.764,1789131981604.390,2026-09-11T17:06:21.604390+04:00,81.4
886,1800,14934084992000,9992.0,1.00,24605.201,25327.656,1789131981618.282,2026-09-11T17:06:21.618282+04:00,81.4
887,1801,14934098885000,9992.0,1.00,24619.094,25341.549,1789131981632.175,2026-09-11T17:06:21.632175+04:00,81.3
888,1805,14934154457000,9992.0,1.00,24674.666,25397.121,1789131981687.747,2026-09-11T17:06:21.687747+04:00,81.1
889,1806,14934168351000,9992.0,1.00,24688.560,25411.015,1789131981701.641,2026-09-11T17:06:21.701641+04:00,81.0
890,1807,14934182246000,9992.0,1.00,24702.455,25424.910,1789131981715.536,2026-09-11T17:06:21.715536+04:00,80.9
891,1811,14934237818000,9992.0,1.00,24758.027,25480.482,1789131981771.108,2026-09-11T17:06:21.771108+04:00,80.7
892,1812,14934251712000,9992.0,1.00,24771.921,25494.376,1789131981785.002,2026-09-11T17:06:21.785002+04:00,80.7
893,1813,14934265606000,9992.0,1.00,24785.815,25508.270,1789131981798.896,2026-09-11T17:06:21.798896+04:00,80.6
894,1817,14934321179000,9992.0,1.00,24841.388,25563.843,1789131981854.469,2026-09-11T17:06:21.854469+04:00,80.5
895,1818,14934335072000,9992.0,1.00,24855.281,25577.736,1789131981868.362,2026-09-11T17:06:21.868362+04:00,80.5
896,1819,14934348967000,9992.0,1.00,24869.176,25591.631,1789131981882.257,2026-09-11T17:06:21.882257+04:00,80.5
897,1823,14934404539000,9992.0,1.00,24924.748,25647.203,1789131981937.829,2026-09-11T17:06:21.937829+04:00,80.5
898,1824,14934418433000,9992.0,1.00,24938.642,25661.097,1789131981951.723,2026-09-11T17:06:21.951723+04:00,80.5
899,1825,14934432327000,9992.0,1.00,24952.536,25674.991,1789131981965.617,2026-09-11T17:06:21.965617+04:00,80.5
900,1829,14934487901000,9992.0,1.00,25008.110,25730.565,1789131982021.191,2026-09-11T17:06:22.021191+04:00,80.7
901,1830,14934501794000,9992.0,1.00,25022.003,25744.458,1789131982035.084,2026-09-11T17:06:22.035084+04:00,80.7
902,1831,14934515687000,9992.0,1.00,25035.896,25758.351,1789131982048.977,2026-09-11T17:06:22.048977+04:00,80.8
903,1835,14934571262000,9992.0,1.00,25091.471,25813.926,1789131982104.552,2026-09-11T17:06:22.104552+04:00,81.1
904,1836,14934585154000,9992.0,1.00,25105.363,25827.818,1789131982118.444,2026-09-11T17:06:22.118444+04:00,81.1
905,1837,14934599048000,9992.0,1.00,25119.257,25841.712,1789131982132.338,2026-09-11T17:06:22.132338+04:00,81.2
906,1841,14934654621000,9992.0,1.00,25174.830,25897.285,1789131982187.911,2026-09-11T17:06:22.187911+04:00,81.3
907,1842,14934668514000,9992.0,1.00,25188.723,25911.178,1789131982201.804,2026-09-11T17:06:22.201804+04:00,81.3
908,1843,14934682407000,9992.0,1.00,25202.616,25925.071,1789131982215.697,2026-09-11T17:06:22.215697+04:00,81.3
909,1847,14934737982000,9992.0,1.00,25258.191,25980.646,1789131982271.272,2026-09-11T17:06:22.271272+04:00,81.4
910,1848,14934751876000,9992.0,1.00,25272.085,25994.540,1789131982285.166,2026-09-11T17:06:22.285166+04:00,81.5
911,1849,14934765769000,9992.0,1.00,25285.978,26008.433,1789131982299.059,2026-09-11T17:06:22.299059+04:00,81.6
912,1853,14934821342000,9992.0,1.00,25341.551,26064.006,1789131982354.632,2026-09-11T17:06:22.354632+04:00,81.8
913,1854,14934835235000,9992.0,1.00,25355.444,26077.899,1789131982368.525,2026-09-11T17:06:22.368525+04:00,81.8
914,1855,14934849127000,9992.0,1.00,25369.336,26091.791,1789131982382.417,2026-09-11T17:06:22.382417+04:00,81.9
915,1859,14934904702000,9992.0,1.00,25424.911,26147.366,1789131982437.992,2026-09-11T17:06:22.437992+04:00,82.1
916,1860,14934918596000,9992.0,1.00,25438.805,26161.260,1789131982451.886,2026-09-11T17:06:22.451886+04:00,82.1
917,1861,14934932489000,9992.0,1.00,25452.698,26175.153,1789131982465.779,2026-09-11T17:06:22.465779+04:00,82.2
918,1865,14934988063000,9992.0,1.00,25508.272,26230.727,1789131982521.353,2026-09-11T17:06:22.521353+04:00,82.3
919,1866,14935001957000,9992.0,1.00,25522.166,26244.621,1789131982535.247,2026-09-11T17:06:22.535247+04:00,82.4
920,1867,14935015850000,9992.0,1.00,25536.059,26258.514,1789131982549.140,2026-09-11T17:06:22.549140+04:00,82.4
921,1871,14935071426000,9992.0,1.00,25591.635,26314.090,1789131982604.716,2026-09-11T17:06:22.604716+04:00,82.5
922,1872,14935085317000,9992.0,1.00,25605.526,26327.981,1789131982618.607,2026-09-11T17:06:22.618607+04:00,82.6
923,1873,14935099211000,9992.0,1.00,25619.420,26341.875,1789131982632.501,2026-09-11T17:06:22.632501+04:00,82.6
924,1877,14935154784000,9992.0,1.00,25674.993,26397.448,1789131982688.074,2026-09-11T17:06:22.688074+04:00,82.7
925,1878,14935168677000,9992.0,1.00,25688.886,26411.341,1789131982701.967,2026-09-11T17:06:22.701967+04:00,82.7
926,1879,14935182570000,9992.0,1.00,25702.779,26425.234,1789131982715.860,2026-09-11T17:06:22.715860+04:00,82.7
927,1883,14935238145000,9992.0,1.00,25758.354,26480.809,1789131982771.435,2026-09-11T17:06:22.771435+04:00,82.7
928,1884,14935252040000,9992.0,1.00,25772.249,26494.704,1789131982785.330,2026-09-11T17:06:22.785330+04:00,82.7
929,1885,14935265930000,9992.0,1.00,25786.139,26508.594,1789131982799.220,2026-09-11T17:06:22.799220+04:00,82.6
930,1889,14935321505000,9992.0,1.00,25841.714,26564.169,1789131982854.795,2026-09-11T17:06:22.854795+04:00,82.6
931,1890,14935335399000,9992.0,1.00,25855.608,26578.063,1789131982868.689,2026-09-11T17:06:22.868689+04:00,82.5
932,1891,14935349290000,9992.0,1.00,25869.499,26591.954,1789131982882.580,2026-09-11T17:06:22.882580+04:00,82.5
933,1895,14935404866000,9992.0,1.00,25925.075,26647.530,1789131982938.156,2026-09-11T17:06:22.938156+04:00,82.3
934,1896,14935418759000,9992.0,1.00,25938.968,26661.423,1789131982952.049,2026-09-11T17:06:22.952049+04:00,82.2
935,1897,14935432651000,9992.0,1.00,25952.860,26675.315,1789131982965.941,2026-09-11T17:06:22.965941+04:00,82.2
936,1901,14935488225000,9992.0,1.00,26008.434,26730.889,1789131983021.515,2026-09-11T17:06:23.021515+04:00,81.9
937,1902,14935502119000,9992.0,1.00,26022.328,26744.783,1789131983035.409,2026-09-11T17:06:23.035409+04:00,81.9
938,1903,14935516029000,9992.0,1.00,26036.238,26758.693,1789131983049.319,2026-09-11T17:06:23.049319+04:00,81.8
939,1907,14935571588000,9992.0,1.00,26091.797,26814.252,1789131983104.878,2026-09-11T17:06:23.104878+04:00,81.7
940,1908,14935585478000,9992.0,1.00,26105.687,26828.142,1789131983118.768,2026-09-11T17:06:23.118768+04:00,81.7
941,1909,14935599373000,9992.0,1.00,26119.582,26842.037,1789131983132.663,2026-09-11T17:06:23.132663+04:00,81.7
942,1913,14935654947000,9992.0,1.00,26175.156,26897.611,1789131983188.237,2026-09-11T17:06:23.188237+04:00,81.7
943,1914,14935668839000,9992.0,1.00,26189.048,26911.503,1789131983202.129,2026-09-11T17:06:23.202129+04:00,81.7
944,1915,14935682732000,9992.0,1.00,26202.941,26925.396,1789131983216.022,2026-09-11T17:06:23.216022+04:00,81.8
945,1919,14935738307000,9992.0,1.00,26258.516,26980.971,1789131983271.597,2026-09-11T17:06:23.271597+04:00,81.8
946,1920,14935752199000,9992.0,1.00,26272.408,26994.863,1789131983285.489,2026-09-11T17:06:23.285489+04:00,81.8
947,1921,14935766093000,9992.0,1.00,26286.302,27008.757,1789131983299.383,2026-09-11T17:06:23.299383+04:00,81.9
948,1925,14935821667000,9992.0,1.00,26341.876,27064.331,1789131983354.957,2026-09-11T17:06:23.354957+04:00,81.9
949,1926,14935835562000,9992.0,1.00,26355.771,27078.226,1789131983368.852,2026-09-11T17:06:23.368852+04:00,81.9
950,1927,14935849454000,9992.0,1.00,26369.663,27092.118,1789131983382.744,2026-09-11T17:06:23.382744+04:00,81.9
951,1931,14935905028000,9992.0,1.00,26425.237,27147.692,1789131983438.318,2026-09-11T17:06:23.438318+04:00,82.0
952,1932,14935918922000,9992.0,1.00,26439.131,27161.586,1789131983452.212,2026-09-11T17:06:23.452212+04:00,82.0
953,1933,14935932818000,9992.0,1.00,26453.027,27175.482,1789131983466.108,2026-09-11T17:06:23.466108+04:00,82.0
954,1937,14935988388000,9992.0,1.00,26508.597,27231.052,1789131983521.678,2026-09-11T17:06:23.521678+04:00,82.1
955,1938,14936002281000,9992.0,1.00,26522.490,27244.945,1789131983535.571,2026-09-11T17:06:23.535571+04:00,82.1
956,1939,14936016174000,9992.0,1.00,26536.383,27258.838,1789131983549.464,2026-09-11T17:06:23.549464+04:00,82.1
957,1943,14936071751000,9992.0,1.00,26591.960,27314.415,1789131983605.041,2026-09-11T17:06:23.605041+04:00,82.1
958,1944,14936085642000,9992.0,1.00,26605.851,27328.306,1789131983618.932,2026-09-11T17:06:23.618932+04:00,82.1
959,1945,14936099534000,9992.0,1.00,26619.743,27342.198,1789131983632.824,2026-09-11T17:06:23.632824+04:00,82.1
960,1949,14936155108000,9992.0,1.00,26675.317,27397.772,1789131983688.398,2026-09-11T17:06:23.688398+04:00,82.1
961,1950,14936169002000,9992.0,1.00,26689.211,27411.666,1789131983702.292,2026-09-11T17:06:23.702292+04:00,82.2
962,1951,14936182895000,9992.0,1.00,26703.104,27425.559,1789131983716.185,2026-09-11T17:06:23.716185+04:00,82.2
963,1955,14936238468000,9992.0,1.00,26758.677,27481.132,1789131983771.758,2026-09-11T17:06:23.771758+04:00,82.2
964,1956,14936252361000,9992.0,1.00,26772.570,27495.025,1789131983785.651,2026-09-11T17:06:23.785651+04:00,82.2
965,1957,14936266256000,9992.0,1.00,26786.465,27508.920,1789131983799.546,2026-09-11T17:06:23.799546+04:00,82.2
966,1961,14936321830000,9992.0,1.00,26842.039,27564.494,1789131983855.120,2026-09-11T17:06:23.855120+04:00,82.1
967,1962,14936335722000,9992.0,1.00,26855.931,27578.386,1789131983869.012,2026-09-11T17:06:23.869012+04:00,82.1
968,1963,14936349616000,9992.0,1.00,26869.825,27592.280,1789131983882.906,2026-09-11T17:06:23.882906+04:00,82.0
969,1967,14936405190000,9992.0,1.00,26925.399,27647.854,1789131983938.480,2026-09-11T17:06:23.938480+04:00,81.9
970,1968,14936419083000,9992.0,1.00,26939.292,27661.747,1789131983952.373,2026-09-11T17:06:23.952373+04:00,81.9
971,1969,14936432976000,9992.0,1.00,26953.185,27675.640,1789131983966.266,2026-09-11T17:06:23.966266+04:00,81.8
972,1973,14936488550000,9992.0,1.00,27008.759,27731.214,1789131984021.840,2026-09-11T17:06:24.021840+04:00,81.7
973,1974,14936502443000,9992.0,1.00,27022.652,27745.107,1789131984035.733,2026-09-11T17:06:24.035733+04:00,81.6
974,1975,14936516336000,9992.0,1.00,27036.545,27759.000,1789131984049.626,2026-09-11T17:06:24.049626+04:00,81.6
975,1979,14936571910000,9992.0,1.00,27092.119,27814.574,1789131984105.200,2026-09-11T17:06:24.105200+04:00,81.2
976,1980,14936585803000,9992.0,1.00,27106.012,27828.467,1789131984119.093,2026-09-11T17:06:24.119093+04:00,81.2
977,1981,14936599697000,9992.0,1.00,27119.906,27842.361,1789131984132.987,2026-09-11T17:06:24.132987+04:00,81.1
978,1985,14936655271000,9992.0,1.00,27175.480,27897.935,1789131984188.561,2026-09-11T17:06:24.188561+04:00,81.2
979,1986,14936669164000,9992.0,1.00,27189.373,27911.828,1789131984202.454,2026-09-11T17:06:24.202454+04:00,81.2
980,1987,14936683058000,9992.0,1.00,27203.267,27925.722,1789131984216.348,2026-09-11T17:06:24.216348+04:00,81.2
981,1991,14936738632000,9992.0,1.00,27258.841,27981.296,1789131984271.922,2026-09-11T17:06:24.271922+04:00,81.4
982,1992,14936752525000,9992.0,1.00,27272.734,27995.189,1789131984285.815,2026-09-11T17:06:24.285815+04:00,81.4
983,1993,14936766418000,9992.0,1.00,27286.627,28009.082,1789131984299.708,2026-09-11T17:06:24.299708+04:00,81.5
984,1997,14936821992000,9992.0,1.00,27342.201,28064.656,1789131984355.282,2026-09-11T17:06:24.355282+04:00,81.5
985,1998,14936835884000,9992.0,1.00,27356.093,28078.548,1789131984369.174,2026-09-11T17:06:24.369174+04:00,81.5
986,1999,14936849778000,9992.0,1.00,27369.987,28092.442,1789131984383.068,2026-09-11T17:06:24.383068+04:00,81.5
987,2003,14936905352000,9992.0,1.00,27425.561,28148.016,1789131984438.642,2026-09-11T17:06:24.438642+04:00,81.8
988,2004,14936919244000,9992.0,1.00,27439.453,28161.908,1789131984452.534,2026-09-11T17:06:24.452534+04:00,81.9
989,2005,14936933138000,9992.0,1.00,27453.347,28175.802,1789131984466.428,2026-09-11T17:06:24.466428+04:00,81.9
990,2009,14936988712000,9992.0,1.00,27508.921,28231.376,1789131984522.002,2026-09-11T17:06:24.522002+04:00,81.9
991,2010,14937002605000,9992.0,1.00,27522.814,28245.269,1789131984535.895,2026-09-11T17:06:24.535895+04:00,81.9
992,2011,14937016500000,9992.0,1.00,27536.709,28259.164,1789131984549.790,2026-09-11T17:06:24.549790+04:00,81.9
993,2015,14937072073000,9992.0,1.00,27592.282,28314.737,1789131984605.363,2026-09-11T17:06:24.605363+04:00,82.0
994,2016,14937085964000,9992.0,1.00,27606.173,28328.628,1789131984619.254,2026-09-11T17:06:24.619254+04:00,82.0
995,2017,14937099858000,9992.0,1.00,27620.067,28342.522,1789131984633.148,2026-09-11T17:06:24.633148+04:00,82.1
996,2021,14937155436000,9992.0,1.00,27675.645,28398.100,1789131984688.726,2026-09-11T17:06:24.688726+04:00,82.3
997,2022,14937169326000,9992.0,1.00,27689.535,28411.990,1789131984702.616,2026-09-11T17:06:24.702616+04:00,82.4
998,2023,14937183221000,9992.0,1.00,27703.430,28425.885,1789131984716.511,2026-09-11T17:06:24.716511+04:00,82.4
999,2027,14937238794000,9992.0,1.00,27759.003,28481.458,1789131984772.084,2026-09-11T17:06:24.772084+04:00,82.5
1000,2028,14937252687000,9992.0,1.00,27772.896,28495.351,1789131984785.977,2026-09-11T17:06:24.785977+04:00,82.6
1001,2029,14937266580000,9992.0,1.00,27786.789,28509.244,1789131984799.870,2026-09-11T17:06:24.799870+04:00,82.6
1002,2033,14937322154000,9992.0,1.00,27842.363,28564.818,1789131984855.444,2026-09-11T17:06:24.855444+04:00,82.8
1003,2034,14937336047000,9992.0,1.00,27856.256,28578.711,1789131984869.337,2026-09-11T17:06:24.869337+04:00,82.8
1004,2035,14937349940000,9992.0,1.00,27870.149,28592.604,1789131984883.230,2026-09-11T17:06:24.883230+04:00,82.8
1005,2039,14937405514000,9992.0,1.00,27925.723,28648.178,1789131984938.804,2026-09-11T17:06:24.938804+04:00,82.6
1006,2040,14937419407000,9992.0,1.00,27939.616,28662.071,1789131984952.697,2026-09-11T17:06:24.952697+04:00,82.6
1007,2041,14937433300000,9992.0,1.00,27953.509,28675.964,1789131984966.590,2026-09-11T17:06:24.966590+04:00,82.5
1008,2045,14937488875000,9992.0,1.00,28009.084,28731.539,1789131985022.165,2026-09-11T17:06:25.022165+04:00,82.2
1009,2046,14937502768000,9992.0,1.00,28022.977,28745.432,1789131985036.058,2026-09-11T17:06:25.036058+04:00,82.2
1010,2047,14937516662000,9992.0,1.00,28036.871,28759.326,1789131985049.952,2026-09-11T17:06:25.049952+04:00,82.1
1011,2051,14937572235000,9992.0,1.00,28092.444,28814.899,1789131985105.525,2026-09-11T17:06:25.105525+04:00,81.9
1012,2052,14937586128000,9992.0,1.00,28106.337,28828.792,1789131985119.418,2026-09-11T17:06:25.119418+04:00,81.9
1013,2053,14937600024000,9992.0,1.00,28120.233,28842.688,1789131985133.314,2026-09-11T17:06:25.133314+04:00,81.9
1014,2057,14937655598000,9992.0,1.00,28175.807,28898.262,1789131985188.888,2026-09-11T17:06:25.188888+04:00,81.9
1015,2058,14937669488000,9992.0,1.00,28189.697,28912.152,1789131985202.778,2026-09-11T17:06:25.202778+04:00,81.8
1016,2059,14937683381000,9992.0,1.00,28203.590,28926.045,1789131985216.671,2026-09-11T17:06:25.216671+04:00,81.8
1017,2063,14937738957000,9992.0,1.00,28259.166,28981.621,1789131985272.247,2026-09-11T17:06:25.272247+04:00,81.8
1018,2064,14937752848000,9992.0,1.00,28273.057,28995.512,1789131985286.138,2026-09-11T17:06:25.286138+04:00,81.7
1019,2065,14937766743000,9992.0,1.00,28286.952,29009.407,1789131985300.033,2026-09-11T17:06:25.300033+04:00,81.7
1020,2069,14937822317000,9992.0,1.00,28342.526,29064.981,1789131985355.607,2026-09-11T17:06:25.355607+04:00,81.7
1021,2070,14937836210000,9992.0,1.00,28356.419,29078.874,1789131985369.500,2026-09-11T17:06:25.369500+04:00,81.6
1022,2071,14937850102000,9992.0,1.00,28370.311,29092.766,1789131985383.392,2026-09-11T17:06:25.383392+04:00,81.6
1023,2075,14937905678000,9992.0,1.00,28425.887,29148.342,1789131985438.968,2026-09-11T17:06:25.438968+04:00,81.6
1024,2076,14937919570000,9992.0,1.00,28439.779,29162.234,1789131985452.860,2026-09-11T17:06:25.452860+04:00,81.6
1025,2077,14937933462000,9992.0,1.00,28453.671,29176.126,1789131985466.752,2026-09-11T17:06:25.466752+04:00,81.6
1026,2081,14937989037000,9992.0,1.00,28509.246,29231.701,1789131985522.327,2026-09-11T17:06:25.522327+04:00,81.6
1027,2082,14938002929000,9992.0,1.00,28523.138,29245.593,1789131985536.219,2026-09-11T17:06:25.536219+04:00,81.6
1028,2083,14938016824000,9992.0,1.00,28537.033,29259.488,1789131985550.114,2026-09-11T17:06:25.550114+04:00,81.6
1029,2087,14938072399000,9992.0,1.00,28592.608,29315.063,1789131985605.689,2026-09-11T17:06:25.605689+04:00,81.7
1030,2088,14938086290000,9992.0,1.00,28606.499,29328.954,1789131985619.580,2026-09-11T17:06:25.619580+04:00,81.7
1031,2089,14938100184000,9992.0,1.00,28620.393,29342.848,1789131985633.474,2026-09-11T17:06:25.633474+04:00,81.7
1032,2093,14938155761000,9992.0,1.00,28675.970,29398.425,1789131985689.051,2026-09-11T17:06:25.689051+04:00,81.7
1033,2094,14938169651000,9992.0,1.00,28689.860,29412.315,1789131985702.941,2026-09-11T17:06:25.702941+04:00,81.7
1034,2095,14938183544000,9992.0,1.00,28703.753,29426.208,1789131985716.834,2026-09-11T17:06:25.716834+04:00,81.7
1035,2099,14938239122000,9992.0,1.00,28759.331,29481.786,1789131985772.412,2026-09-11T17:06:25.772412+04:00,81.6
1036,2100,14938253012000,9992.0,1.00,28773.221,29495.676,1789131985786.302,2026-09-11T17:06:25.786302+04:00,81.6
1037,2101,14938266906000,9992.0,1.00,28787.115,29509.570,1789131985800.196,2026-09-11T17:06:25.800196+04:00,81.6
1038,2105,14938322482000,9992.0,1.00,28842.691,29565.146,1789131985855.772,2026-09-11T17:06:25.855772+04:00,81.5
1039,2106,14938336373000,9992.0,1.00,28856.582,29579.037,1789131985869.663,2026-09-11T17:06:25.869663+04:00,81.5
1040,2107,14938350265000,9992.0,1.00,28870.474,29592.929,1789131985883.555,2026-09-11T17:06:25.883555+04:00,81.5
1041,2111,14938405840000,9992.0,1.00,28926.049,29648.504,1789131985939.130,2026-09-11T17:06:25.939130+04:00,81.5
1042,2112,14938419736000,9992.0,1.00,28939.945,29662.400,1789131985953.026,2026-09-11T17:06:25.953026+04:00,81.5
1043,2113,14938433625000,9992.0,1.00,28953.834,29676.289,1789131985966.915,2026-09-11T17:06:25.966915+04:00,81.5
1044,2117,14938489201000,9992.0,1.00,29009.410,29731.865,1789131986022.491,2026-09-11T17:06:26.022491+04:00,81.5
1045,2118,14938503094000,9992.0,1.00,29023.303,29745.758,1789131986036.384,2026-09-11T17:06:26.036384+04:00,81.5
1046,2119,14938516986000,9992.0,1.00,29037.195,29759.650,1789131986050.276,2026-09-11T17:06:26.050276+04:00,81.5
1047,2123,14938572561000,9992.0,1.00,29092.770,29815.225,1789131986105.851,2026-09-11T17:06:26.105851+04:00,81.5
1048,2124,14938586454000,9992.0,1.00,29106.663,29829.118,1789131986119.744,2026-09-11T17:06:26.119744+04:00,81.5
1049,2125,14938600348000,9992.0,1.00,29120.557,29843.012,1789131986133.638,2026-09-11T17:06:26.133638+04:00,81.5
1050,2129,14938655924000,9992.0,1.00,29176.133,29898.588,1789131986189.214,2026-09-11T17:06:26.189214+04:00,81.5
1051,2130,14938669813000,9992.0,1.00,29190.022,29912.477,1789131986203.103,2026-09-11T17:06:26.203103+04:00,81.4
1052,2131,14938683708000,9992.0,1.00,29203.917,29926.372,1789131986216.998,2026-09-11T17:06:26.216998+04:00,81.4
1053,2135,14938739284000,9992.0,1.00,29259.493,29981.948,1789131986272.574,2026-09-11T17:06:26.272574+04:00,81.3
1054,2136,14938753174000,9992.0,1.00,29273.383,29995.838,1789131986286.464,2026-09-11T17:06:26.286464+04:00,81.3
1055,2137,14938767067000,9992.0,1.00,29287.276,30009.731,1789131986300.357,2026-09-11T17:06:26.300357+04:00,81.3
1056,2141,14938822646000,9992.0,1.00,29342.855,30065.310,1789131986355.936,2026-09-11T17:06:26.355936+04:00,81.2
1057,2142,14938836535000,9992.0,1.00,29356.744,30079.199,1789131986369.825,2026-09-11T17:06:26.369825+04:00,81.2
1058,2143,14938850428000,9992.0,1.00,29370.637,30093.092,1789131986383.718,2026-09-11T17:06:26.383718+04:00,81.2
1059,2147,14938906003000,9992.0,1.00,29426.212,30148.667,1789131986439.293,2026-09-11T17:06:26.439293+04:00,81.1
1060,2148,14938919896000,9992.0,1.00,29440.105,30162.560,1789131986453.186,2026-09-11T17:06:26.453186+04:00,81.0
1061,2149,14938933788000,9992.0,1.00,29453.997,30176.452,1789131986467.078,2026-09-11T17:06:26.467078+04:00,81.0
1062,2153,14938989364000,9992.0,1.00,29509.573,30232.028,1789131986522.654,2026-09-11T17:06:26.522654+04:00,80.9
1063,2154,14939003257000,9992.0,1.00,29523.466,30245.921,1789131986536.547,2026-09-11T17:06:26.536547+04:00,80.9
1064,2155,14939017148000,9992.0,1.00,29537.357,30259.812,1789131986550.438,2026-09-11T17:06:26.550438+04:00,80.9
1065,2159,14939072723000,9992.0,1.00,29592.932,30315.387,1789131986606.013,2026-09-11T17:06:26.606013+04:00,80.9
1066,2160,14939086616000,9992.0,1.00,29606.825,30329.280,1789131986619.906,2026-09-11T17:06:26.619906+04:00,80.8
1067,2161,14939100509000,9992.0,1.00,29620.718,30343.173,1789131986633.799,2026-09-11T17:06:26.633799+04:00,80.8
1068,2165,14939156084000,9992.0,1.00,29676.293,30398.748,1789131986689.374,2026-09-11T17:06:26.689374+04:00,80.8
1069,2166,14939169977000,9992.0,1.00,29690.186,30412.641,1789131986703.267,2026-09-11T17:06:26.703267+04:00,80.8
1070,2167,14939183869000,9992.0,1.00,29704.078,30426.533,1789131986717.159,2026-09-11T17:06:26.717159+04:00,80.8
1071,2171,14939239452000,9992.0,1.00,29759.661,30482.116,1789131986772.742,2026-09-11T17:06:26.772742+04:00,80.8
1072,2172,14939253336000,9992.0,1.00,29773.545,30496.000,1789131986786.626,2026-09-11T17:06:26.786626+04:00,80.9
1073,2173,14939267230000,9992.0,1.00,29787.439,30509.894,1789131986800.520,2026-09-11T17:06:26.800520+04:00,80.9
1074,2177,14939322807000,9992.0,1.00,29843.016,30565.471,1789131986856.097,2026-09-11T17:06:26.856097+04:00,81.0
1075,2178,14939336698000,9992.0,1.00,29856.907,30579.362,1789131986869.988,2026-09-11T17:06:26.869988+04:00,81.1
1076,2179,14939350590000,9992.0,1.00,29870.799,30593.254,1789131986883.880,2026-09-11T17:06:26.883880+04:00,81.1
1077,2183,14939406167000,9992.0,1.00,29926.376,30648.831,1789131986939.457,2026-09-11T17:06:26.939457+04:00,81.3
1078,2184,14939420060000,9992.0,1.00,29940.269,30662.724,1789131986953.350,2026-09-11T17:06:26.953350+04:00,81.3
1079,2185,14939433950000,9992.0,1.00,29954.159,30676.614,1789131986967.240,2026-09-11T17:06:26.967240+04:00,81.3
1080,2189,14939489525000,9992.0,1.00,30009.734,30732.189,1789131987022.815,2026-09-11T17:06:27.022815+04:00,81.4
1081,2190,14939503418000,9992.0,1.00,30023.627,30746.082,1789131987036.708,2026-09-11T17:06:27.036708+04:00,81.4
1082,2191,14939517311000,9992.0,1.00,30037.520,30759.975,1789131987050.601,2026-09-11T17:06:27.050601+04:00,81.4
1083,2195,14939572887000,9992.0,1.00,30093.096,30815.551,1789131987106.177,2026-09-11T17:06:27.106177+04:00,81.3
1084,2196,14939586778000,9992.0,1.00,30106.987,30829.442,1789131987120.068,2026-09-11T17:06:27.120068+04:00,81.3
1085,2197,14939600672000,9992.0,1.00,30120.881,30843.336,1789131987133.962,2026-09-11T17:06:27.133962+04:00,81.3
1086,2201,14939656247000,9992.0,1.00,30176.456,30898.911,1789131987189.537,2026-09-11T17:06:27.189537+04:00,81.2
1087,2202,14939670146000,9992.0,1.00,30190.355,30912.810,1789131987203.436,2026-09-11T17:06:27.203436+04:00,81.2
1088,2203,14939684032000,9992.0,1.00,30204.241,30926.696,1789131987217.322,2026-09-11T17:06:27.217322+04:00,81.2
1089,2207,14939739610000,9992.0,1.00,30259.819,30982.274,1789131987272.900,2026-09-11T17:06:27.272900+04:00,81.3
1090,2208,14939753499000,9992.0,1.00,30273.708,30996.163,1789131987286.789,2026-09-11T17:06:27.286789+04:00,81.3
1091,2209,14939767392000,9992.0,1.00,30287.601,31010.056,1789131987300.682,2026-09-11T17:06:27.300682+04:00,81.4
1092,2213,14939822970000,9992.0,1.00,30343.179,31065.634,1789131987356.260,2026-09-11T17:06:27.356260+04:00,81.5
1093,2214,14939836859000,9992.0,1.00,30357.068,31079.523,1789131987370.149,2026-09-11T17:06:27.370149+04:00,81.6
1094,2215,14939850752000,9992.0,1.00,30370.961,31093.416,1789131987384.042,2026-09-11T17:06:27.384042+04:00,81.6
1095,2219,14939906330000,9992.0,1.00,30426.539,31148.994,1789131987439.620,2026-09-11T17:06:27.439620+04:00,82.0
1096,2220,14939920221000,9992.0,1.00,30440.430,31162.885,1789131987453.511,2026-09-11T17:06:27.453511+04:00,82.1
1097,2221,14939934113000,9992.0,1.00,30454.322,31176.777,1789131987467.403,2026-09-11T17:06:27.467403+04:00,82.1
1098,2225,14939989688000,9992.0,1.00,30509.897,31232.352,1789131987522.978,2026-09-11T17:06:27.522978+04:00,82.4
1099,2226,14940003580000,9992.0,1.00,30523.789,31246.244,1789131987536.870,2026-09-11T17:06:27.536870+04:00,82.4
1100,2227,14940017473000,9992.0,1.00,30537.682,31260.137,1789131987550.763,2026-09-11T17:06:27.550763+04:00,82.4
1101,2231,14940073048000,9992.0,1.00,30593.257,31315.712,1789131987606.338,2026-09-11T17:06:27.606338+04:00,82.3
1102,2232,14940086940000,9992.0,1.00,30607.149,31329.604,1789131987620.230,2026-09-11T17:06:27.620230+04:00,82.3
1103,2233,14940100834000,9992.0,1.00,30621.043,31343.498,1789131987634.124,2026-09-11T17:06:27.634124+04:00,82.3
1104,2237,14940156407000,9992.0,1.00,30676.616,31399.071,1789131987689.697,2026-09-11T17:06:27.689697+04:00,82.2
1105,2238,14940170301000,9992.0,1.00,30690.510,31412.965,1789131987703.591,2026-09-11T17:06:27.703591+04:00,82.2
1106,2239,14940184194000,9992.0,1.00,30704.403,31426.858,1789131987717.484,2026-09-11T17:06:27.717484+04:00,82.2
1107,2243,14940239772000,9992.0,1.00,30759.981,31482.436,1789131987773.062,2026-09-11T17:06:27.773062+04:00,82.1
1108,2244,14940253661000,9992.0,1.00,30773.870,31496.325,1789131987786.951,2026-09-11T17:06:27.786951+04:00,82.2
1109,2245,14940267555000,9992.0,1.00,30787.764,31510.219,1789131987800.845,2026-09-11T17:06:27.800845+04:00,82.2
1110,2249,14940323132000,9992.0,1.00,30843.341,31565.796,1789131987856.422,2026-09-11T17:06:27.856422+04:00,82.2
1111,2250,14940337023000,9992.0,1.00,30857.232,31579.687,1789131987870.313,2026-09-11T17:06:27.870313+04:00,82.2
1112,2251,14940350915000,9992.0,1.00,30871.124,31593.579,1789131987884.205,2026-09-11T17:06:27.884205+04:00,82.2
1113,2255,14940406490000,9992.0,1.00,30926.699,31649.154,1789131987939.780,2026-09-11T17:06:27.939780+04:00,82.1
1114,2256,14940420382000,9992.0,1.00,30940.591,31663.046,1789131987953.672,2026-09-11T17:06:27.953672+04:00,82.1
1115,2257,14940434276000,9992.0,1.00,30954.485,31676.940,1789131987967.566,2026-09-11T17:06:27.967566+04:00,82.1
1116,2261,14940489850000,9992.0,1.00,31010.059,31732.514,1789131988023.140,2026-09-11T17:06:28.023140+04:00,82.1
1117,2262,14940503742000,9992.0,1.00,31023.951,31746.406,1789131988037.032,2026-09-11T17:06:28.037032+04:00,82.1
1118,2263,14940517637000,9992.0,1.00,31037.846,31760.301,1789131988050.927,2026-09-11T17:06:28.050927+04:00,82.1
1119,2267,14940573210000,9992.0,1.00,31093.419,31815.874,1789131988106.500,2026-09-11T17:06:28.106500+04:00,82.0
1120,2268,14940587104000,9992.0,1.00,31107.313,31829.768,1789131988120.394,2026-09-11T17:06:28.120394+04:00,81.9
1121,2269,14940600997000,9992.0,1.00,31121.206,31843.661,1789131988134.287,2026-09-11T17:06:28.134287+04:00,81.9
1122,2273,14940656570000,9992.0,1.00,31176.779,31899.234,1789131988189.860,2026-09-11T17:06:28.189860+04:00,81.7
1123,2274,14940670464000,9992.0,1.00,31190.673,31913.128,1789131988203.754,2026-09-11T17:06:28.203754+04:00,81.6
1124,2275,14940684357000,9992.0,1.00,31204.566,31927.021,1789131988217.647,2026-09-11T17:06:28.217647+04:00,81.6
1125,2279,14940739930000,9992.0,1.00,31260.139,31982.594,1789131988273.220,2026-09-11T17:06:28.273220+04:00,81.0
1126,2280,14940753825000,9992.0,1.00,31274.034,31996.489,1789131988287.115,2026-09-11T17:06:28.287115+04:00,80.9
1127,2281,14940767718000,9992.0,1.00,31287.927,32010.382,1789131988301.008,2026-09-11T17:06:28.301008+04:00,80.9
1128,2285,14940823295000,9992.0,1.00,31343.504,32065.959,1789131988356.585,2026-09-11T17:06:28.356585+04:00,80.8
1129,2286,14940837184000,9992.0,1.00,31357.393,32079.848,1789131988370.474,2026-09-11T17:06:28.370474+04:00,80.8
1130,2287,14940851078000,9992.0,1.00,31371.287,32093.742,1789131988384.368,2026-09-11T17:06:28.384368+04:00,80.8
1131,2291,14940906655000,9992.0,1.00,31426.864,32149.319,1789131988439.945,2026-09-11T17:06:28.439945+04:00,80.7
1132,2292,14940920545000,9992.0,1.00,31440.754,32163.209,1789131988453.835,2026-09-11T17:06:28.453835+04:00,80.7
1133,2293,14940934439000,9992.0,1.00,31454.648,32177.103,1789131988467.729,2026-09-11T17:06:28.467729+04:00,80.8
1134,2297,14940990012000,9992.0,1.00,31510.221,32232.676,1789131988523.302,2026-09-11T17:06:28.523302+04:00,80.8
1135,2298,14941003905000,9992.0,1.00,31524.114,32246.569,1789131988537.195,2026-09-11T17:06:28.537195+04:00,80.8
1136,2299,14941017798000,9992.0,1.00,31538.007,32260.462,1789131988551.088,2026-09-11T17:06:28.551088+04:00,80.9
1137,2303,14941073372000,9992.0,1.00,31593.581,32316.036,1789131988606.662,2026-09-11T17:06:28.606662+04:00,81.9
1138,2304,14941087264000,9992.0,1.00,31607.473,32329.928,1789131988620.554,2026-09-11T17:06:28.620554+04:00,82.0
1139,2305,14941101160000,9992.0,1.00,31621.369,32343.824,1789131988634.450,2026-09-11T17:06:28.634450+04:00,82.2
1140,2309,14941156733000,9992.0,1.00,31676.942,32399.397,1789131988690.023,2026-09-11T17:06:28.690023+04:00,82.5
1141,2310,14941170626000,9992.0,1.00,31690.835,32413.290,1789131988703.916,2026-09-11T17:06:28.703916+04:00,82.5
1142,2311,14941184518000,9992.0,1.00,31704.727,32427.182,1789131988717.808,2026-09-11T17:06:28.717808+04:00,82.5
1143,2315,14941240094000,9992.0,1.00,31760.303,32482.758,1789131988773.384,2026-09-11T17:06:28.773384+04:00,82.5
1144,2316,14941253986000,9992.0,1.00,31774.195,32496.650,1789131988787.276,2026-09-11T17:06:28.787276+04:00,82.6
1145,2317,14941267883000,9992.0,1.00,31788.092,32510.547,1789131988801.173,2026-09-11T17:06:28.801173+04:00,82.7
1146,2321,14941323458000,9992.0,1.00,31843.667,32566.122,1789131988856.748,2026-09-11T17:06:28.856748+04:00,83.0
1147,2322,14941337346000,9992.0,1.00,31857.555,32580.010,1789131988870.636,2026-09-11T17:06:28.870636+04:00,83.1
1148,2323,14941351241000,9992.0,1.00,31871.450,32593.905,1789131988884.531,2026-09-11T17:06:28.884531+04:00,83.2
1149,2327,14941406815000,9992.0,1.00,31927.024,32649.479,1789131988940.105,2026-09-11T17:06:28.940105+04:00,83.2
1150,2328,14941420707000,9992.0,1.00,31940.916,32663.371,1789131988953.997,2026-09-11T17:06:28.953997+04:00,83.1
1151,2329,14941434601000,9992.0,1.00,31954.810,32677.265,1789131988967.891,2026-09-11T17:06:28.967891+04:00,83.0
1152,2333,14941490175000,9992.0,1.00,32010.384,32732.839,1789131989023.465,2026-09-11T17:06:29.023465+04:00,82.3
1153,2334,14941504068000,9992.0,1.00,32024.277,32746.732,1789131989037.358,2026-09-11T17:06:29.037358+04:00,82.3
1154,2335,14941517960000,9992.0,1.00,32038.169,32760.624,1789131989051.250,2026-09-11T17:06:29.051250+04:00,82.2
1155,2339,14941573536000,9992.0,1.00,32093.745,32816.200,1789131989106.826,2026-09-11T17:06:29.106826+04:00,81.7
1156,2340,14941587428000,9992.0,1.00,32107.637,32830.092,1789131989120.718,2026-09-11T17:06:29.120718+04:00,81.5
1157,2341,14941601321000,9992.0,1.00,32121.530,32843.985,1789131989134.611,2026-09-11T17:06:29.134611+04:00,81.3
1158,2345,14941656896000,9992.0,1.00,32177.105,32899.560,1789131989190.186,2026-09-11T17:06:29.190186+04:00,80.5
1159,2346,14941670788000,9992.0,1.00,32190.997,32913.452,1789131989204.078,2026-09-11T17:06:29.204078+04:00,80.3
1160,2347,14941684681000,9992.0,1.00,32204.890,32927.345,1789131989217.971,2026-09-11T17:06:29.217971+04:00,80.1
1161,2351,14941740256000,9992.0,1.00,32260.465,32982.920,1789131989273.546,2026-09-11T17:06:29.273546+04:00,79.6
1162,2352,14941754149000,9992.0,1.00,32274.358,32996.813,1789131989287.439,2026-09-11T17:06:29.287439+04:00,79.5
1163,2353,14941768042000,9992.0,1.00,32288.251,33010.706,1789131989301.332,2026-09-11T17:06:29.301332+04:00,79.5
1164,2357,14941823619000,9992.0,1.00,32343.828,33066.283,1789131989356.909,2026-09-11T17:06:29.356909+04:00,79.5
1165,2358,14941837509000,9992.0,1.00,32357.718,33080.173,1789131989370.799,2026-09-11T17:06:29.370799+04:00,79.5
1166,2359,14941851402000,9992.0,1.00,32371.611,33094.066,1789131989384.692,2026-09-11T17:06:29.384692+04:00,79.5
1167,2363,14941906979000,9992.0,1.00,32427.188,33149.643,1789131989440.269,2026-09-11T17:06:29.440269+04:00,79.6
1168,2364,14941920868000,9992.0,1.00,32441.077,33163.532,1789131989454.158,2026-09-11T17:06:29.454158+04:00,79.7
1169,2365,14941934764000,9992.0,1.00,32454.973,33177.428,1789131989468.054,2026-09-11T17:06:29.468054+04:00,79.7
1170,2369,14941990338000,9992.0,1.00,32510.547,33233.002,1789131989523.628,2026-09-11T17:06:29.523628+04:00,79.8
1171,2370,14942004229000,9992.0,1.00,32524.438,33246.893,1789131989537.519,2026-09-11T17:06:29.537519+04:00,79.8
1172,2371,14942018124000,9992.0,1.00,32538.333,33260.788,1789131989551.414,2026-09-11T17:06:29.551414+04:00,79.9
1173,2375,14942073700000,9992.0,1.00,32593.909,33316.364,1789131989606.990,2026-09-11T17:06:29.606990+04:00,79.9
1174,2376,14942087591000,9992.0,1.00,32607.800,33330.255,1789131989620.881,2026-09-11T17:06:29.620881+04:00,79.9
1175,2377,14942101484000,9992.0,1.00,32621.693,33344.148,1789131989634.774,2026-09-11T17:06:29.634774+04:00,79.8
1176,2381,14942157064000,9992.0,1.00,32677.273,33399.728,1789131989690.354,2026-09-11T17:06:29.690354+04:00,80.4
1177,2382,14942170951000,9992.0,1.00,32691.160,33413.615,1789131989704.241,2026-09-11T17:06:29.704241+04:00,80.6
1178,2383,14942184844000,9992.0,1.00,32705.053,33427.508,1789131989718.134,2026-09-11T17:06:29.718134+04:00,80.7
1179,2387,14942240418000,9992.0,1.00,32760.627,33483.082,1789131989773.708,2026-09-11T17:06:29.773708+04:00,81.1
1180,2388,14942254311000,9992.0,1.00,32774.520,33496.975,1789131989787.601,2026-09-11T17:06:29.787601+04:00,81.2
1181,2389,14942268205000,9992.0,1.00,32788.414,33510.869,1789131989801.495,2026-09-11T17:06:29.801495+04:00,81.3
1182,2393,14942323781000,9992.0,1.00,32843.990,33566.445,1789131989857.071,2026-09-11T17:06:29.857071+04:00,81.6
1183,2394,14942337671000,9992.0,1.00,32857.880,33580.335,1789131989870.961,2026-09-11T17:06:29.870961+04:00,81.6
1184,2395,14942351565000,9992.0,1.00,32871.774,33594.229,1789131989884.855,2026-09-11T17:06:29.884855+04:00,81.7
1185,2399,14942407141000,9992.0,1.00,32927.350,33649.805,1789131989940.431,2026-09-11T17:06:29.940431+04:00,81.7
1186,2400,14942421032000,9992.0,1.00,32941.241,33663.696,1789131989954.322,2026-09-11T17:06:29.954322+04:00,81.7
1187,2401,14942434924000,9992.0,1.00,32955.133,33677.588,1789131989968.214,2026-09-11T17:06:29.968214+04:00,81.7
1188,2405,14942490500000,9992.0,1.00,33010.709,33733.164,1789131990023.790,2026-09-11T17:06:30.023790+04:00,81.5
1189,2406,14942504391000,9992.0,1.00,33024.600,33747.055,1789131990037.681,2026-09-11T17:06:30.037681+04:00,81.5
1190,2407,14942518285000,9992.0,1.00,33038.494,33760.949,1789131990051.575,2026-09-11T17:06:30.051575+04:00,81.5
1191,2411,14942573860000,9992.0,1.00,33094.069,33816.524,1789131990107.150,2026-09-11T17:06:30.107150+04:00,81.5
1192,2412,14942587753000,9992.0,1.00,33107.962,33830.417,1789131990121.043,2026-09-11T17:06:30.121043+04:00,81.5
1193,2413,14942601645000,9992.0,1.00,33121.854,33844.309,1789131990134.935,2026-09-11T17:06:30.134935+04:00,81.5
1194,2417,14942657219000,9992.0,1.00,33177.428,33899.883,1789131990190.509,2026-09-11T17:06:30.190509+04:00,81.5
1195,2418,14942671112000,9992.0,1.00,33191.321,33913.776,1789131990204.402,2026-09-11T17:06:30.204402+04:00,81.5
1196,2419,14942685006000,9992.0,1.00,33205.215,33927.670,1789131990218.296,2026-09-11T17:06:30.218296+04:00,81.5
1197,2423,14942740580000,9992.0,1.00,33260.789,33983.244,1789131990273.870,2026-09-11T17:06:30.273870+04:00,81.5
1198,2424,14942754473000,9992.0,1.00,33274.682,33997.137,1789131990287.763,2026-09-11T17:06:30.287763+04:00,81.5
1199,2425,14942768367000,9992.0,1.00,33288.576,34011.031,1789131990301.657,2026-09-11T17:06:30.301657+04:00,81.5
1200,2429,14942823945000,9992.0,1.00,33344.154,34066.609,1789131990357.235,2026-09-11T17:06:30.357235+04:00,81.5
1201,2430,14942837833000,9992.0,1.00,33358.042,34080.497,1789131990371.123,2026-09-11T17:06:30.371123+04:00,81.4
1202,2431,14942851727000,9992.0,1.00,33371.936,34094.391,1789131990385.017,2026-09-11T17:06:30.385017+04:00,81.4
1203,2435,14942907304000,9992.0,1.00,33427.513,34149.968,1789131990440.594,2026-09-11T17:06:30.440594+04:00,81.2
1204,2436,14942921195000,9992.0,1.00,33441.404,34163.859,1789131990454.485,2026-09-11T17:06:30.454485+04:00,81.1
1205,2437,14942935087000,9992.0,1.00,33455.296,34177.751,1789131990468.377,2026-09-11T17:06:30.468377+04:00,81.1
1206,2441,14942990664000,9992.0,1.00,33510.873,34233.328,1789131990523.954,2026-09-11T17:06:30.523954+04:00,80.8
1207,2442,14943004555000,9992.0,1.00,33524.764,34247.219,1789131990537.845,2026-09-11T17:06:30.537845+04:00,80.7
1208,2443,14943018448000,9992.0,1.00,33538.657,34261.112,1789131990551.738,2026-09-11T17:06:30.551738+04:00,80.7
1209,2447,14943074023000,9992.0,1.00,33594.232,34316.687,1789131990607.313,2026-09-11T17:06:30.607313+04:00,80.6
1210,2448,14943087916000,9992.0,1.00,33608.125,34330.580,1789131990621.206,2026-09-11T17:06:30.621206+04:00,80.6
1211,2449,14943101810000,9992.0,1.00,33622.019,34344.474,1789131990635.100,2026-09-11T17:06:30.635100+04:00,80.6
1212,2453,14943157385000,9992.0,1.00,33677.594,34400.049,1789131990690.675,2026-09-11T17:06:30.690675+04:00,80.6
1213,2454,14943171275000,9992.0,1.00,33691.484,34413.939,1789131990704.565,2026-09-11T17:06:30.704565+04:00,80.7
1214,2455,14943185169000,9992.0,1.00,33705.378,34427.833,1789131990718.459,2026-09-11T17:06:30.718459+04:00,80.7
1215,2459,14943240743000,9992.0,1.00,33760.952,34483.407,1789131990774.033,2026-09-11T17:06:30.774033+04:00,80.9
1216,2460,14943254636000,9992.0,1.00,33774.845,34497.300,1789131990787.926,2026-09-11T17:06:30.787926+04:00,81.0
1217,2461,14943268530000,9992.0,1.00,33788.739,34511.194,1789131990801.820,2026-09-11T17:06:30.801820+04:00,81.1
1218,2465,14943324104000,9992.0,1.00,33844.313,34566.768,1789131990857.394,2026-09-11T17:06:30.857394+04:00,81.7
1219,2466,14943337996000,9992.0,1.00,33858.205,34580.660,1789131990871.286,2026-09-11T17:06:30.871286+04:00,81.8
1220,2467,14943351892000,9992.0,1.00,33872.101,34594.556,1789131990885.182,2026-09-11T17:06:30.885182+04:00,81.9
1221,2471,14943407467000,9992.0,1.00,33927.676,34650.131,1789131990940.757,2026-09-11T17:06:30.940757+04:00,82.2
1222,2472,14943421357000,9992.0,1.00,33941.566,34664.021,1789131990954.647,2026-09-11T17:06:30.954647+04:00,82.3
1223,2473,14943435249000,9992.0,1.00,33955.458,34677.913,1789131990968.539,2026-09-11T17:06:30.968539+04:00,82.3
1224,2477,14943490827000,9992.0,1.00,34011.036,34733.491,1789131991024.117,2026-09-11T17:06:31.024117+04:00,82.5
1225,2478,14943504718000,9992.0,1.00,34024.927,34747.382,1789131991038.008,2026-09-11T17:06:31.038008+04:00,82.6
1226,2479,14943518610000,9992.0,1.00,34038.819,34761.274,1789131991051.900,2026-09-11T17:06:31.051900+04:00,82.6
1227,2483,14943574185000,9992.0,1.00,34094.394,34816.849,1789131991107.475,2026-09-11T17:06:31.107475+04:00,82.6
1228,2484,14943588077000,9992.0,1.00,34108.286,34830.741,1789131991121.367,2026-09-11T17:06:31.121367+04:00,82.6
1229,2485,14943601971000,9992.0,1.00,34122.180,34844.635,1789131991135.261,2026-09-11T17:06:31.135261+04:00,82.5
1230,2489,14943657545000,9992.0,1.00,34177.754,34900.209,1789131991190.835,2026-09-11T17:06:31.190835+04:00,82.4
1231,2490,14943671442000,9992.0,1.00,34191.651,34914.106,1789131991204.732,2026-09-11T17:06:31.204732+04:00,82.3
1232,2491,14943685331000,9992.0,1.00,34205.540,34927.995,1789131991218.621,2026-09-11T17:06:31.218621+04:00,82.3
1233,2495,14943740905000,9992.0,1.00,34261.114,34983.569,1789131991274.195,2026-09-11T17:06:31.274195+04:00,82.0
1234,2496,14943754798000,9992.0,1.00,34275.007,34997.462,1789131991288.088,2026-09-11T17:06:31.288088+04:00,81.9
1235,2497,14943768691000,9992.0,1.00,34288.900,35011.355,1789131991301.981,2026-09-11T17:06:31.301981+04:00,81.8
1236,2501,14943824266000,9992.0,1.00,34344.475,35066.930,1789131991357.556,2026-09-11T17:06:31.357556+04:00,81.5
1237,2502,14943838159000,9992.0,1.00,34358.368,35080.823,1789131991371.449,2026-09-11T17:06:31.371449+04:00,81.4
1238,2503,14943852051000,9992.0,1.00,34372.260,35094.715,1789131991385.341,2026-09-11T17:06:31.385341+04:00,81.3
1239,2507,14943907629000,9992.0,1.00,34427.838,35150.293,1789131991440.919,2026-09-11T17:06:31.440919+04:00,81.1
1240,2508,14943921520000,9992.0,1.00,34441.729,35164.184,1789131991454.810,2026-09-11T17:06:31.454810+04:00,81.0
1241,2509,14943935412000,9992.0,1.00,34455.621,35178.076,1789131991468.702,2026-09-11T17:06:31.468702+04:00,81.0
1242,2513,14943990990000,9992.0,1.00,34511.199,35233.654,1789131991524.280,2026-09-11T17:06:31.524280+04:00,81.0
1243,2514,14944004879000,9992.0,1.00,34525.088,35247.543,1789131991538.169,2026-09-11T17:06:31.538169+04:00,81.0
1244,2515,14944018773000,9992.0,1.00,34538.982,35261.437,1789131991552.063,2026-09-11T17:06:31.552063+04:00,81.1
1245,2519,14944074347000,9992.0,1.00,34594.556,35317.011,1789131991607.637,2026-09-11T17:06:31.607637+04:00,81.5
1246,2520,14944088241000,9992.0,1.00,34608.450,35330.905,1789131991621.531,2026-09-11T17:06:31.621531+04:00,81.6
1247,2521,14944102132000,9992.0,1.00,34622.341,35344.796,1789131991635.422,2026-09-11T17:06:31.635422+04:00,81.7
1248,2525,14944157708000,9992.0,1.00,34677.917,35400.372,1789131991690.998,2026-09-11T17:06:31.690998+04:00,82.1
1249,2526,14944171600000,9992.0,1.00,34691.809,35414.264,1789131991704.890,2026-09-11T17:06:31.704890+04:00,82.2
1250,2527,14944185493000,9992.0,1.00,34705.702,35428.157,1789131991718.783,2026-09-11T17:06:31.718783+04:00,82.3
1251,2531,14944241068000,9992.0,1.00,34761.277,35483.732,1789131991774.358,2026-09-11T17:06:31.774358+04:00,82.6
1252,2532,14944254964000,9992.0,1.00,34775.173,35497.628,1789131991788.254,2026-09-11T17:06:31.788254+04:00,82.7
1253,2533,14944268854000,9992.0,1.00,34789.063,35511.518,1789131991802.144,2026-09-11T17:06:31.802144+04:00,82.8
1254,2537,14944324428000,9992.0,1.00,34844.637,35567.092,1789131991857.718,2026-09-11T17:06:31.857718+04:00,83.2
1255,2538,14944338321000,9992.0,1.00,34858.530,35580.985,1789131991871.611,2026-09-11T17:06:31.871611+04:00,83.2
1256,2539,14944352215000,9992.0,1.00,34872.424,35594.879,1789131991885.505,2026-09-11T17:06:31.885505+04:00,83.3
1257,2543,14944407792000,9992.0,1.00,34928.001,35650.456,1789131991941.082,2026-09-11T17:06:31.941082+04:00,83.3
1258,2544,14944421682000,9992.0,1.00,34941.891,35664.346,1789131991954.972,2026-09-11T17:06:31.954972+04:00,83.3
1259,2545,14944435575000,9992.0,1.00,34955.784,35678.239,1789131991968.865,2026-09-11T17:06:31.968865+04:00,83.3
1260,2549,14944491152000,9992.0,1.00,35011.361,35733.816,1789131992024.442,2026-09-11T17:06:32.024442+04:00,83.0
1261,2550,14944505041000,9992.0,1.00,35025.250,35747.705,1789131992038.331,2026-09-11T17:06:32.038331+04:00,83.0
1262,2551,14944518935000,9992.0,1.00,35039.144,35761.599,1789131992052.225,2026-09-11T17:06:32.052225+04:00,82.9
1263,2555,14944574511000,9992.0,1.00,35094.720,35817.175,1789131992107.801,2026-09-11T17:06:32.107801+04:00,82.3
1264,2556,14944588403000,9992.0,1.00,35108.612,35831.067,1789131992121.693,2026-09-11T17:06:32.121693+04:00,82.2
1265,2557,14944602295000,9992.0,1.00,35122.504,35844.959,1789131992135.585,2026-09-11T17:06:32.135585+04:00,82.1
1266,2561,14944657869000,9992.0,1.00,35178.078,35900.533,1789131992191.159,2026-09-11T17:06:32.191159+04:00,81.4
1267,2562,14944671762000,9992.0,1.00,35191.971,35914.426,1789131992205.052,2026-09-11T17:06:32.205052+04:00,81.2
1268,2563,14944685660000,9992.0,1.00,35205.869,35928.324,1789131992218.950,2026-09-11T17:06:32.218950+04:00,81.0
1269,2567,14944741231000,9992.0,1.00,35261.440,35983.895,1789131992274.521,2026-09-11T17:06:32.274521+04:00,80.5
1270,2568,14944755123000,9992.0,1.00,35275.332,35997.787,1789131992288.413,2026-09-11T17:06:32.288413+04:00,80.4
1271,2569,14944769016000,9992.0,1.00,35289.225,36011.680,1789131992302.306,2026-09-11T17:06:32.302306+04:00,80.4
1272,2573,14944824590000,9992.0,1.00,35344.799,36067.254,1789131992357.880,2026-09-11T17:06:32.357880+04:00,80.3
1273,2574,14944838483000,9992.0,1.00,35358.692,36081.147,1789131992371.773,2026-09-11T17:06:32.371773+04:00,80.3
1274,2575,14944852376000,9992.0,1.00,35372.585,36095.040,1789131992385.666,2026-09-11T17:06:32.385666+04:00,80.3
1275,2579,14944907951000,9992.0,1.00,35428.160,36150.615,1789131992441.241,2026-09-11T17:06:32.441241+04:00,80.2
1276,2580,14944921844000,9992.0,1.00,35442.053,36164.508,1789131992455.134,2026-09-11T17:06:32.455134+04:00,80.2
1277,2581,14944935736000,9992.0,1.00,35455.945,36178.400,1789131992469.026,2026-09-11T17:06:32.469026+04:00,80.2
1278,2585,14944991315000,9992.0,1.00,35511.524,36233.979,1789131992524.605,2026-09-11T17:06:32.524605+04:00,80.2
1279,2586,14945005204000,9992.0,1.00,35525.413,36247.868,1789131992538.494,2026-09-11T17:06:32.538494+04:00,80.1
1280,2587,14945019097000,9992.0,1.00,35539.306,36261.761,1789131992552.387,2026-09-11T17:06:32.552387+04:00,80.2
1281,2591,14945074674000,9992.0,1.00,35594.883,36317.338,1789131992607.964,2026-09-11T17:06:32.607964+04:00,80.8
1282,2592,14945088564000,9992.0,1.00,35608.773,36331.228,1789131992621.854,2026-09-11T17:06:32.621854+04:00,81.0
1283,2593,14945102458000,9992.0,1.00,35622.667,36345.122,1789131992635.748,2026-09-11T17:06:32.635748+04:00,81.2
1284,2597,14945158034000,9992.0,1.00,35678.243,36400.698,1789131992691.324,2026-09-11T17:06:32.691324+04:00,81.7
1285,2598,14945171925000,9992.0,1.00,35692.134,36414.589,1789131992705.215,2026-09-11T17:06:32.705215+04:00,81.8
1286,2599,14945185818000,9992.0,1.00,35706.027,36428.482,1789131992719.108,2026-09-11T17:06:32.719108+04:00,81.8
1287,2603,14945241392000,9992.0,1.00,35761.601,36484.056,1789131992774.682,2026-09-11T17:06:32.774682+04:00,81.9
1288,2604,14945255286000,9992.0,1.00,35775.495,36497.950,1789131992788.576,2026-09-11T17:06:32.788576+04:00,81.9
1289,2605,14945269180000,9992.0,1.00,35789.389,36511.844,1789131992802.470,2026-09-11T17:06:32.802470+04:00,81.9
1290,2609,14945324753000,9992.0,1.00,35844.962,36567.417,1789131992858.043,2026-09-11T17:06:32.858043+04:00,81.6
1291,2610,14945338645000,9992.0,1.00,35858.854,36581.309,1789131992871.935,2026-09-11T17:06:32.871935+04:00,81.6
1292,2611,14945352539000,9992.0,1.00,35872.748,36595.203,1789131992885.829,2026-09-11T17:06:32.885829+04:00,81.5
1293,2615,14945408113000,9992.0,1.00,35928.322,36650.777,1789131992941.403,2026-09-11T17:06:32.941403+04:00,81.1
1294,2616,14945422007000,9992.0,1.00,35942.216,36664.671,1789131992955.297,2026-09-11T17:06:32.955297+04:00,81.1
1295,2617,14945435899000,9992.0,1.00,35956.108,36678.563,1789131992969.189,2026-09-11T17:06:32.969189+04:00,81.1
1296,2621,14945491474000,9992.0,1.00,36011.683,36734.138,1789131993024.764,2026-09-11T17:06:33.024764+04:00,81.1
1297,2622,14945505367000,9992.0,1.00,36025.576,36748.031,1789131993038.657,2026-09-11T17:06:33.038657+04:00,81.1
1298,2623,14945519260000,9992.0,1.00,36039.469,36761.924,1789131993052.550,2026-09-11T17:06:33.052550+04:00,81.1
1299,2627,14945574836000,9992.0,1.00,36095.045,36817.500,1789131993108.126,2026-09-11T17:06:33.108126+04:00,81.7
1300,2628,14945588727000,9992.0,1.00,36108.936,36831.391,1789131993122.017,2026-09-11T17:06:33.122017+04:00,81.9
1301,2629,14945602623000,9992.0,1.00,36122.832,36845.287,1789131993135.913,2026-09-11T17:06:33.135913+04:00,82.0
1302,2633,14945658195000,9992.0,1.00,36178.404,36900.859,1789131993191.485,2026-09-11T17:06:33.191485+04:00,82.6
1303,2634,14945672086000,9992.0,1.00,36192.295,36914.750,1789131993205.376,2026-09-11T17:06:33.205376+04:00,82.7
1304,2635,14945685981000,9992.0,1.00,36206.190,36928.645,1789131993219.271,2026-09-11T17:06:33.219271+04:00,82.8
1305,2639,14945741554000,9992.0,1.00,36261.763,36984.218,1789131993274.844,2026-09-11T17:06:33.274844+04:00,83.3
1306,2640,14945755448000,9992.0,1.00,36275.657,36998.112,1789131993288.738,2026-09-11T17:06:33.288738+04:00,83.4
1307,2641,14945769341000,9992.0,1.00,36289.550,37012.005,1789131993302.631,2026-09-11T17:06:33.302631+04:00,83.6
1308,2645,14945824915000,9992.0,1.00,36345.124,37067.579,1789131993358.205,2026-09-11T17:06:33.358205+04:00,84.2
1309,2646,14945838808000,9992.0,1.00,36359.017,37081.472,1789131993372.098,2026-09-11T17:06:33.372098+04:00,84.3
1310,2647,14945852701000,9992.0,1.00,36372.910,37095.365,1789131993385.991,2026-09-11T17:06:33.385991+04:00,84.4
1311,2651,14945908275000,9992.0,1.00,36428.484,37150.939,1789131993441.565,2026-09-11T17:06:33.441565+04:00,84.4
1312,2652,14945922170000,9992.0,1.00,36442.379,37164.834,1789131993455.460,2026-09-11T17:06:33.455460+04:00,84.4
1313,2653,14945936062000,9992.0,1.00,36456.271,37178.726,1789131993469.352,2026-09-11T17:06:33.469352+04:00,84.3
1314,2657,14945991639000,9992.0,1.00,36511.848,37234.303,1789131993524.929,2026-09-11T17:06:33.524929+04:00,84.5
1315,2658,14946005528000,9992.0,1.00,36525.737,37248.192,1789131993538.818,2026-09-11T17:06:33.538818+04:00,84.5
1316,2659,14946019422000,9992.0,1.00,36539.631,37262.086,1789131993552.712,2026-09-11T17:06:33.552712+04:00,84.3
1317,2663,14946074996000,9992.0,1.00,36595.205,37317.660,1789131993608.286,2026-09-11T17:06:33.608286+04:00,83.6
1318,2664,14946088890000,9992.0,1.00,36609.099,37331.554,1789131993622.180,2026-09-11T17:06:33.622180+04:00,83.5
1319,2665,14946102784000,9992.0,1.00,36622.993,37345.448,1789131993636.074,2026-09-11T17:06:33.636074+04:00,83.4
1320,2669,14946158357000,9992.0,1.00,36678.566,37401.021,1789131993691.647,2026-09-11T17:06:33.691647+04:00,82.9
1321,2670,14946172251000,9992.0,1.00,36692.460,37414.915,1789131993705.541,2026-09-11T17:06:33.705541+04:00,82.9
1322,2671,14946186143000,9992.0,1.00,36706.352,37428.807,1789131993719.433,2026-09-11T17:06:33.719433+04:00,82.9
1323,2675,14946241718000,9992.0,1.00,36761.927,37484.382,1789131993775.008,2026-09-11T17:06:33.775008+04:00,82.5
1324,2676,14946255609000,9992.0,1.00,36775.818,37498.273,1789131993788.899,2026-09-11T17:06:33.788899+04:00,82.4
1325,2677,14946269504000,9992.0,1.00,36789.713,37512.168,1789131993802.794,2026-09-11T17:06:33.802794+04:00,82.4
1326,2681,14946325077000,9992.0,1.00,36845.286,37567.741,1789131993858.367,2026-09-11T17:06:33.858367+04:00,81.8
1327,2682,14946338970000,9992.0,1.00,36859.179,37581.634,1789131993872.260,2026-09-11T17:06:33.872260+04:00,81.7
1328,2683,14946352865000,9992.0,1.00,36873.074,37595.529,1789131993886.155,2026-09-11T17:06:33.886155+04:00,81.7
1329,2687,14946408438000,9992.0,1.00,36928.647,37651.102,1789131993941.728,2026-09-11T17:06:33.941728+04:00,81.8
1330,2688,14946422331000,9992.0,1.00,36942.540,37664.995,1789131993955.621,2026-09-11T17:06:33.955621+04:00,81.8
1331,2689,14946436224000,9992.0,1.00,36956.433,37678.888,1789131993969.514,2026-09-11T17:06:33.969514+04:00,81.8
1332,2693,14946491802000,9992.0,1.00,37012.011,37734.466,1789131994025.092,2026-09-11T17:06:34.025092+04:00,81.8
1333,2694,14946505691000,9992.0,1.00,37025.900,37748.355,1789131994038.981,2026-09-11T17:06:34.038981+04:00,81.9
1334,2695,14946519584000,9992.0,1.00,37039.793,37762.248,1789131994052.874,2026-09-11T17:06:34.052874+04:00,81.9
1335,2699,14946575159000,9992.0,1.00,37095.368,37817.823,1789131994108.449,2026-09-11T17:06:34.108449+04:00,81.8
1336,2700,14946589052000,9992.0,1.00,37109.261,37831.716,1789131994122.342,2026-09-11T17:06:34.122342+04:00,81.8
1337,2701,14946602944000,9992.0,1.00,37123.153,37845.608,1789131994136.234,2026-09-11T17:06:34.136234+04:00,81.8
1338,2705,14946658519000,9992.0,1.00,37178.728,37901.183,1789131994191.809,2026-09-11T17:06:34.191809+04:00,82.2
1339,2706,14946672412000,9992.0,1.00,37192.621,37915.076,1789131994205.702,2026-09-11T17:06:34.205702+04:00,82.4
1340,2707,14946686306000,9992.0,1.00,37206.515,37928.970,1789131994219.596,2026-09-11T17:06:34.219596+04:00,82.5
1341,2711,14946741881000,9992.0,1.00,37262.090,37984.545,1789131994275.171,2026-09-11T17:06:34.275171+04:00,82.9
1342,2712,14946755773000,9992.0,1.00,37275.982,37998.437,1789131994289.063,2026-09-11T17:06:34.289063+04:00,83.0
1343,2713,14946769667000,9992.0,1.00,37289.876,38012.331,1789131994302.957,2026-09-11T17:06:34.302957+04:00,83.1
1344,2717,14946825240000,9992.0,1.00,37345.449,38067.904,1789131994358.530,2026-09-11T17:06:34.358530+04:00,83.3
1345,2718,14946839133000,9992.0,1.00,37359.342,38081.797,1789131994372.423,2026-09-11T17:06:34.372423+04:00,83.3
1346,2719,14946853027000,9992.0,1.00,37373.236,38095.691,1789131994386.317,2026-09-11T17:06:34.386317+04:00,83.4
1347,2723,14946908600000,9992.0,1.00,37428.809,38151.264,1789131994441.890,2026-09-11T17:06:34.441890+04:00,83.6
1348,2724,14946922492000,9992.0,1.00,37442.701,38165.156,1789131994455.782,2026-09-11T17:06:34.455782+04:00,83.6
1349,2725,14946936387000,9992.0,1.00,37456.596,38179.051,1789131994469.677,2026-09-11T17:06:34.469677+04:00,83.7
1350,2729,14946991964000,9992.0,1.00,37512.173,38234.628,1789131994525.254,2026-09-11T17:06:34.525254+04:00,83.9
1351,2730,14947005853000,9992.0,1.00,37526.062,38248.517,1789131994539.143,2026-09-11T17:06:34.539143+04:00,83.8
1352,2731,14947019747000,9992.0,1.00,37539.956,38262.411,1789131994553.037,2026-09-11T17:06:34.553037+04:00,83.8
1353,2735,14947075323000,9992.0,1.00,37595.532,38317.987,1789131994608.613,2026-09-11T17:06:34.608613+04:00,83.5
1354,2736,14947089213000,9992.0,1.00,37609.422,38331.877,1789131994622.503,2026-09-11T17:06:34.622503+04:00,83.4
1355,2737,14947103108000,9992.0,1.00,37623.317,38345.772,1789131994636.398,2026-09-11T17:06:34.636398+04:00,83.3
1356,2741,14947158681000,9992.0,1.00,37678.890,38401.345,1789131994691.971,2026-09-11T17:06:34.691971+04:00,82.9
1357,2742,14947172574000,9992.0,1.00,37692.783,38415.238,1789131994705.864,2026-09-11T17:06:34.705864+04:00,82.8
1358,2743,14947186469000,9992.0,1.00,37706.678,38429.133,1789131994719.759,2026-09-11T17:06:34.719759+04:00,82.7
1359,2747,14947242042000,9992.0,1.00,37762.251,38484.706,1789131994775.332,2026-09-11T17:06:34.775332+04:00,82.3
1360,2748,14947255935000,9992.0,1.00,37776.144,38498.599,1789131994789.225,2026-09-11T17:06:34.789225+04:00,82.2
1361,2749,14947269827000,9992.0,1.00,37790.036,38512.491,1789131994803.117,2026-09-11T17:06:34.803117+04:00,82.1
1362,2753,14947325402000,9992.0,1.00,37845.611,38568.066,1789131994858.692,2026-09-11T17:06:34.858692+04:00,81.7
1363,2754,14947339295000,9992.0,1.00,37859.504,38581.959,1789131994872.585,2026-09-11T17:06:34.872585+04:00,81.7
1364,2755,14947353190000,9992.0,1.00,37873.399,38595.854,1789131994886.480,2026-09-11T17:06:34.886480+04:00,81.6
1365,2759,14947408763000,9992.0,1.00,37928.972,38651.427,1789131994942.053,2026-09-11T17:06:34.942053+04:00,81.4
1366,2760,14947422656000,9992.0,1.00,37942.865,38665.320,1789131994955.946,2026-09-11T17:06:34.955946+04:00,81.4
1367,2761,14947436549000,9992.0,1.00,37956.758,38679.213,1789131994969.839,2026-09-11T17:06:34.969839+04:00,81.3
1368,2765,14947492123000,9992.0,1.00,38012.332,38734.787,1789131995025.413,2026-09-11T17:06:35.025413+04:00,80.8
1369,2766,14947506017000,9992.0,1.00,38026.226,38748.681,1789131995039.307,2026-09-11T17:06:35.039307+04:00,80.8
1370,2767,14947519908000,9992.0,1.00,38040.117,38762.572,1789131995053.198,2026-09-11T17:06:35.053198+04:00,80.7
1371,2771,14947575485000,9992.0,1.00,38095.694,38818.149,1789131995108.775,2026-09-11T17:06:35.108775+04:00,80.6
1372,2772,14947589376000,9992.0,1.00,38109.585,38832.040,1789131995122.666,2026-09-11T17:06:35.122666+04:00,80.6
1373,2773,14947603271000,9992.0,1.00,38123.480,38845.935,1789131995136.561,2026-09-11T17:06:35.136561+04:00,80.6
1374,2777,14947658846000,9992.0,1.00,38179.055,38901.510,1789131995192.136,2026-09-11T17:06:35.192136+04:00,80.7
1375,2778,14947672736000,9992.0,1.00,38192.945,38915.400,1789131995206.026,2026-09-11T17:06:35.206026+04:00,80.8
1376,2779,14947686634000,9992.0,1.00,38206.843,38929.298,1789131995219.924,2026-09-11T17:06:35.219924+04:00,80.8
1377,2783,14947742204000,9992.0,1.00,38262.413,38984.868,1789131995275.494,2026-09-11T17:06:35.275494+04:00,81.0
1378,2784,14947756097000,9992.0,1.00,38276.306,38998.761,1789131995289.387,2026-09-11T17:06:35.289387+04:00,81.0
1379,2785,14947769989000,9992.0,1.00,38290.198,39012.653,1789131995303.279,2026-09-11T17:06:35.303279+04:00,81.1
1380,2789,14947825565000,9992.0,1.00,38345.774,39068.229,1789131995358.855,2026-09-11T17:06:35.358855+04:00,81.2
1381,2790,14947839457000,9992.0,1.00,38359.666,39082.121,1789131995372.747,2026-09-11T17:06:35.372747+04:00,81.3
1382,2791,14947853350000,9992.0,1.00,38373.559,39096.014,1789131995386.640,2026-09-11T17:06:35.386640+04:00,81.3
1383,2795,14947908925000,9992.0,1.00,38429.134,39151.589,1789131995442.215,2026-09-11T17:06:35.442215+04:00,81.7
1384,2796,14947922817000,9992.0,1.00,38443.026,39165.481,1789131995456.107,2026-09-11T17:06:35.456107+04:00,81.7
1385,2797,14947936711000,9992.0,1.00,38456.920,39179.375,1789131995470.001,2026-09-11T17:06:35.470001+04:00,81.7
1386,2801,14947992285000,9992.0,1.00,38512.494,39234.949,1789131995525.575,2026-09-11T17:06:35.525575+04:00,81.8
1387,2802,14948006178000,9992.0,1.00,38526.387,39248.842,1789131995539.468,2026-09-11T17:06:35.539468+04:00,81.8
1388,2803,14948020071000,9992.0,1.00,38540.280,39262.735,1789131995553.361,2026-09-11T17:06:35.553361+04:00,81.8
1389,2807,14948075646000,9992.0,1.00,38595.855,39318.310,1789131995608.936,2026-09-11T17:06:35.608936+04:00,81.8
1390,2808,14948089538000,9992.0,1.00,38609.747,39332.202,1789131995622.828,2026-09-11T17:06:35.622828+04:00,81.8
1391,2809,14948103434000,9992.0,1.00,38623.643,39346.098,1789131995636.724,2026-09-11T17:06:35.636724+04:00,81.8
1392,2813,14948159009000,9992.0,1.00,38679.218,39401.673,1789131995692.299,2026-09-11T17:06:35.692299+04:00,81.7
1393,2814,14948172900000,9992.0,1.00,38693.109,39415.564,1789131995706.190,2026-09-11T17:06:35.706190+04:00,81.7
1394,2815,14948186796000,9992.0,1.00,38707.005,39429.460,1789131995720.086,2026-09-11T17:06:35.720086+04:00,81.6
1395,2819,14948242368000,9992.0,1.00,38762.577,39485.032,1789131995775.658,2026-09-11T17:06:35.775658+04:00,81.5
1396,2820,14948256259000,9992.0,1.00,38776.468,39498.923,1789131995789.549,2026-09-11T17:06:35.789549+04:00,81.5
1397,2821,14948270153000,9992.0,1.00,38790.362,39512.817,1789131995803.443,2026-09-11T17:06:35.803443+04:00,81.4
1398,2825,14948325727000,9992.0,1.00,38845.936,39568.391,1789131995859.017,2026-09-11T17:06:35.859017+04:00,81.4
1399,2826,14948339620000,9992.0,1.00,38859.829,39582.284,1789131995872.910,2026-09-11T17:06:35.872910+04:00,81.4
1400,2827,14948353513000,9992.0,1.00,38873.722,39596.177,1789131995886.803,2026-09-11T17:06:35.886803+04:00,81.4
1401,2831,14948409087000,9992.0,1.00,38929.296,39651.751,1789131995942.377,2026-09-11T17:06:35.942377+04:00,81.5
1402,2832,14948422980000,9992.0,1.00,38943.189,39665.644,1789131995956.270,2026-09-11T17:06:35.956270+04:00,81.5
1403,2833,14948436874000,9992.0,1.00,38957.083,39679.538,1789131995970.164,2026-09-11T17:06:35.970164+04:00,81.5
1404,2837,14948492447000,9992.0,1.00,39012.656,39735.111,1789131996025.737,2026-09-11T17:06:36.025737+04:00,81.2
1405,2838,14948506340000,9992.0,1.00,39026.549,39749.004,1789131996039.630,2026-09-11T17:06:36.039630+04:00,81.0
1406,2839,14948520234000,9992.0,1.00,39040.443,39762.898,1789131996053.524,2026-09-11T17:06:36.053524+04:00,80.9
1407,2843,14948575811000,9992.0,1.00,39096.020,39818.475,1789131996109.101,2026-09-11T17:06:36.109101+04:00,80.5
1408,2844,14948589700000,9992.0,1.00,39109.909,39832.364,1789131996122.990,2026-09-11T17:06:36.122990+04:00,80.5
1409,2845,14948603595000,9992.0,1.00,39123.804,39846.259,1789131996136.885,2026-09-11T17:06:36.136885+04:00,80.5
1410,2849,14948659171000,9992.0,1.00,39179.380,39901.835,1789131996192.461,2026-09-11T17:06:36.192461+04:00,80.7
1411,2850,14948673060000,9992.0,1.00,39193.269,39915.724,1789131996206.350,2026-09-11T17:06:36.206350+04:00,80.8
1412,2851,14948686955000,9992.0,1.00,39207.164,39929.619,1789131996220.245,2026-09-11T17:06:36.220245+04:00,80.8
1413,2855,14948742530000,9992.0,1.00,39262.739,39985.194,1789131996275.820,2026-09-11T17:06:36.275820+04:00,80.9
1414,2856,14948756421000,9992.0,1.00,39276.630,39999.085,1789131996289.711,2026-09-11T17:06:36.289711+04:00,80.9
1415,2857,14948770320000,9992.0,1.00,39290.529,40012.984,1789131996303.610,2026-09-11T17:06:36.303610+04:00,80.9
1416,2861,14948825889000,9992.0,1.00,39346.098,40068.553,1789131996359.179,2026-09-11T17:06:36.359179+04:00,81.0
1417,2862,14948839782000,9992.0,1.00,39359.991,40082.446,1789131996373.072,2026-09-11T17:06:36.373072+04:00,81.0
1418,2863,14948853675000,9992.0,1.00,39373.884,40096.339,1789131996386.965,2026-09-11T17:06:36.386965+04:00,81.1
1419,2867,14948909251000,9992.0,1.00,39429.460,40151.915,1789131996442.541,2026-09-11T17:06:36.442541+04:00,81.2
1420,2868,14948923142000,9992.0,1.00,39443.351,40165.806,1789131996456.432,2026-09-11T17:06:36.456432+04:00,81.2
1421,2869,14948937036000,9992.0,1.00,39457.245,40179.700,1789131996470.326,2026-09-11T17:06:36.470326+04:00,81.2
1422,2873,14948992611000,9992.0,1.00,39512.820,40235.275,1789131996525.901,2026-09-11T17:06:36.525901+04:00,81.3
1423,2874,14949006504000,9992.0,1.00,39526.713,40249.168,1789131996539.794,2026-09-11T17:06:36.539794+04:00,81.4
1424,2875,14949020396000,9992.0,1.00,39540.605,40263.060,1789131996553.686,2026-09-11T17:06:36.553686+04:00,81.4
1425,2879,14949075973000,9992.0,1.00,39596.182,40318.637,1789131996609.263,2026-09-11T17:06:36.609263+04:00,81.4
1426,2880,14949089864000,9992.0,1.00,39610.073,40332.528,1789131996623.154,2026-09-11T17:06:36.623154+04:00,81.4
1427,2881,14949103757000,9992.0,1.00,39623.966,40346.421,1789131996637.047,2026-09-11T17:06:36.637047+04:00,81.3
1428,2885,14949159334000,9992.0,1.00,39679.543,40401.998,1789131996692.624,2026-09-11T17:06:36.692624+04:00,81.2
1429,2886,14949173224000,9992.0,1.00,39693.433,40415.888,1789131996706.514,2026-09-11T17:06:36.706514+04:00,81.2
1430,2887,14949187117000,9992.0,1.00,39707.326,40429.781,1789131996720.407,2026-09-11T17:06:36.720407+04:00,81.2
1431,2891,14949242695000,9992.0,1.00,39762.904,40485.359,1789131996775.985,2026-09-11T17:06:36.775985+04:00,81.2
1432,2892,14949256584000,9992.0,1.00,39776.793,40499.248,1789131996789.874,2026-09-11T17:06:36.789874+04:00,81.2
1433,2893,14949270478000,9992.0,1.00,39790.687,40513.142,1789131996803.768,2026-09-11T17:06:36.803768+04:00,81.2
1434,2897,14949326052000,9992.0,1.00,39846.261,40568.716,1789131996859.342,2026-09-11T17:06:36.859342+04:00,81.2
1435,2898,14949339944000,9992.0,1.00,39860.153,40582.608,1789131996873.234,2026-09-11T17:06:36.873234+04:00,81.2
1436,2899,14949353837000,9992.0,1.00,39874.046,40596.501,1789131996887.127,2026-09-11T17:06:36.887127+04:00,81.3
1437,2903,14949409411000,9992.0,1.00,39929.620,40652.075,1789131996942.701,2026-09-11T17:06:36.942701+04:00,81.3
1438,2904,14949423306000,9992.0,1.00,39943.515,40665.970,1789131996956.596,2026-09-11T17:06:36.956596+04:00,81.3
1439,2905,14949437200000,9992.0,1.00,39957.409,40679.864,1789131996970.490,2026-09-11T17:06:36.970490+04:00,81.3
1440,2909,14949492773000,9992.0,1.00,40012.982,40735.437,1789131997026.063,2026-09-11T17:06:37.026063+04:00,81.3
1441,2910,14949506666000,9992.0,1.00,40026.875,40749.330,1789131997039.956,2026-09-11T17:06:37.039956+04:00,81.3
1442,2911,14949520562000,9992.0,1.00,40040.771,40763.226,1789131997053.852,2026-09-11T17:06:37.053852+04:00,81.4
1443,2915,14949576133000,9992.0,1.00,40096.342,40818.797,1789131997109.423,2026-09-11T17:06:37.109423+04:00,81.8
1444,2916,14949590026000,9992.0,1.00,40110.235,40832.690,1789131997123.316,2026-09-11T17:06:37.123316+04:00,82.1
1445,2917,14949603919000,9992.0,1.00,40124.128,40846.583,1789131997137.209,2026-09-11T17:06:37.137209+04:00,82.4
1446,2921,14949659497000,9992.0,1.00,40179.706,40902.161,1789131997192.787,2026-09-11T17:06:37.192787+04:00,83.0
1447,2922,14949673386000,9992.0,1.00,40193.595,40916.050,1789131997206.676,2026-09-11T17:06:37.206676+04:00,83.1
1448,2923,14949687279000,9992.0,1.00,40207.488,40929.943,1789131997220.569,2026-09-11T17:06:37.220569+04:00,83.2
1449,2927,14949742856000,9992.0,1.00,40263.065,40985.520,1789131997276.146,2026-09-11T17:06:37.276146+04:00,83.6
1450,2928,14949756747000,9992.0,1.00,40276.956,40999.411,1789131997290.037,2026-09-11T17:06:37.290037+04:00,83.7
1451,2929,14949770640000,9992.0,1.00,40290.849,41013.304,1789131997303.930,2026-09-11T17:06:37.303930+04:00,83.8
1452,2933,14949826215000,9992.0,1.00,40346.424,41068.879,1789131997359.505,2026-09-11T17:06:37.359505+04:00,83.8
1453,2934,14949840107000,9992.0,1.00,40360.316,41082.771,1789131997373.397,2026-09-11T17:06:37.373397+04:00,83.8
1454,2935,14949854000000,9992.0,1.00,40374.209,41096.664,1789131997387.290,2026-09-11T17:06:37.387290+04:00,83.8
1455,2939,14949909574000,9992.0,1.00,40429.783,41152.238,1789131997442.864,2026-09-11T17:06:37.442864+04:00,83.8
1456,2940,14949923468000,9992.0,1.00,40443.677,41166.132,1789131997456.758,2026-09-11T17:06:37.456758+04:00,83.8
1457,2941,14949937361000,9992.0,1.00,40457.570,41180.025,1789131997470.651,2026-09-11T17:06:37.470651+04:00,83.8
1458,2945,14949992935000,9992.0,1.00,40513.144,41235.599,1789131997526.225,2026-09-11T17:06:37.526225+04:00,83.8
1459,2946,14950006827000,9992.0,1.00,40527.036,41249.491,1789131997540.117,2026-09-11T17:06:37.540117+04:00,83.9
1460,2947,14950020722000,9992.0,1.00,40540.931,41263.386,1789131997554.012,2026-09-11T17:06:37.554012+04:00,84.1
1461,2951,14950076295000,9992.0,1.00,40596.504,41318.959,1789131997609.585,2026-09-11T17:06:37.609585+04:00,84.0
1462,2952,14950090188000,9992.0,1.00,40610.397,41332.852,1789131997623.478,2026-09-11T17:06:37.623478+04:00,83.9
1463,2953,14950104081000,9992.0,1.00,40624.290,41346.745,1789131997637.371,2026-09-11T17:06:37.637371+04:00,83.8
1464,2957,14950159659000,9992.0,1.00,40679.868,41402.323,1789131997692.949,2026-09-11T17:06:37.692949+04:00,83.3
1465,2958,14950173548000,9992.0,1.00,40693.757,41416.212,1789131997706.838,2026-09-11T17:06:37.706838+04:00,83.3
1466,2959,14950187442000,9992.0,1.00,40707.651,41430.106,1789131997720.732,2026-09-11T17:06:37.720732+04:00,83.2
1467,2963,14950243019000,9992.0,1.00,40763.228,41485.683,1789131997776.309,2026-09-11T17:06:37.776309+04:00,83.1
1468,2964,14950256909000,9992.0,1.00,40777.118,41499.573,1789131997790.199,2026-09-11T17:06:37.790199+04:00,83.1
1469,2965,14950270802000,9992.0,1.00,40791.011,41513.466,1789131997804.092,2026-09-11T17:06:37.804092+04:00,83.0
1470,2969,14950326379000,9992.0,1.00,40846.588,41569.043,1789131997859.669,2026-09-11T17:06:37.859669+04:00,83.2
1471,2970,14950340269000,9992.0,1.00,40860.478,41582.933,1789131997873.559,2026-09-11T17:06:37.873559+04:00,83.3
1472,2971,14950354162000,9992.0,1.00,40874.371,41596.826,1789131997887.452,2026-09-11T17:06:37.887452+04:00,83.4
1473,2975,14950409738000,9992.0,1.00,40929.947,41652.402,1789131997943.028,2026-09-11T17:06:37.943028+04:00,83.8
1474,2976,14950423631000,9992.0,1.00,40943.840,41666.295,1789131997956.921,2026-09-11T17:06:37.956921+04:00,83.9
1475,2977,14950437525000,9992.0,1.00,40957.734,41680.189,1789131997970.815,2026-09-11T17:06:37.970815+04:00,83.9
1476,2981,14950493098000,9992.0,1.00,41013.307,41735.762,1789131998026.388,2026-09-11T17:06:38.026388+04:00,84.0
1477,2982,14950506990000,9992.0,1.00,41027.199,41749.654,1789131998040.280,2026-09-11T17:06:38.040280+04:00,84.0
1478,2983,14950520883000,9992.0,1.00,41041.092,41763.547,1789131998054.173,2026-09-11T17:06:38.054173+04:00,84.0
1479,2987,14950576459000,9992.0,1.00,41096.668,41819.123,1789131998109.749,2026-09-11T17:06:38.109749+04:00,84.0
1480,2988,14950590351000,9992.0,1.00,41110.560,41833.015,1789131998123.641,2026-09-11T17:06:38.123641+04:00,84.1
1481,2989,14950604243000,9992.0,1.00,41124.452,41846.907,1789131998137.533,2026-09-11T17:06:38.137533+04:00,84.1
1482,2993,14950659821000,9992.0,1.00,41180.030,41902.485,1789131998193.111,2026-09-11T17:06:38.193111+04:00,84.2
1483,2994,14950673711000,9992.0,1.00,41193.920,41916.375,1789131998207.001,2026-09-11T17:06:38.207001+04:00,84.3
1484,2995,14950687606000,9992.0,1.00,41207.815,41930.270,1789131998220.896,2026-09-11T17:06:38.220896+04:00,84.3
1485,2999,14950743182000,9992.0,1.00,41263.391,41985.846,1789131998276.472,2026-09-11T17:06:38.276472+04:00,84.2
1486,3000,14950757071000,9992.0,1.00,41277.280,41999.735,1789131998290.361,2026-09-11T17:06:38.290361+04:00,84.1
1487,3001,14950770970000,9992.0,1.00,41291.179,42013.634,1789131998304.260,2026-09-11T17:06:38.304260+04:00,84.0
1488,3005,14950826539000,9992.0,1.00,41346.748,42069.203,1789131998359.829,2026-09-11T17:06:38.359829+04:00,83.8
1489,3006,14950840431000,9992.0,1.00,41360.640,42083.095,1789131998373.721,2026-09-11T17:06:38.373721+04:00,83.8
1490,3007,14950854325000,9992.0,1.00,41374.534,42096.989,1789131998387.615,2026-09-11T17:06:38.387615+04:00,83.8
1491,3011,14950909899000,9992.0,1.00,41430.108,42152.563,1789131998443.189,2026-09-11T17:06:38.443189+04:00,83.7
1492,3012,14950923791000,9992.0,1.00,41444.000,42166.455,1789131998457.081,2026-09-11T17:06:38.457081+04:00,83.6
1493,3013,14950937685000,9992.0,1.00,41457.894,42180.349,1789131998470.975,2026-09-11T17:06:38.470975+04:00,83.5
1494,3017,14950993260000,9992.0,1.00,41513.469,42235.924,1789131998526.550,2026-09-11T17:06:38.526550+04:00,83.3
1495,3018,14951007152000,9992.0,1.00,41527.361,42249.816,1789131998540.442,2026-09-11T17:06:38.540442+04:00,83.4
1496,3019,14951021047000,9992.0,1.00,41541.256,42263.711,1789131998554.337,2026-09-11T17:06:38.554337+04:00,83.5
1497,3023,14951076621000,9992.0,1.00,41596.830,42319.285,1789131998609.911,2026-09-11T17:06:38.609911+04:00,83.5
1498,3024,14951090514000,9992.0,1.00,41610.723,42333.178,1789131998623.804,2026-09-11T17:06:38.623804+04:00,83.4
1499,3025,14951104406000,9992.0,1.00,41624.615,42347.070,1789131998637.696,2026-09-11T17:06:38.637696+04:00,83.4
1500,3029,14951159983000,9992.0,1.00,41680.192,42402.647,1789131998693.273,2026-09-11T17:06:38.693273+04:00,83.7
1501,3030,14951173873000,9992.0,1.00,41694.082,42416.537,1789131998707.163,2026-09-11T17:06:38.707163+04:00,83.8
1502,3031,14951187768000,9992.0,1.00,41707.977,42430.432,1789131998721.058,2026-09-11T17:06:38.721058+04:00,83.9
1503,3035,14951243341000,9992.0,1.00,41763.550,42486.005,1789131998776.631,2026-09-11T17:06:38.776631+04:00,84.4
1504,3036,14951257235000,9992.0,1.00,41777.444,42499.899,1789131998790.525,2026-09-11T17:06:38.790525+04:00,84.4
1505,3037,14951271130000,9992.0,1.00,41791.339,42513.794,1789131998804.420,2026-09-11T17:06:38.804420+04:00,84.5
1506,3041,14951326702000,9992.0,1.00,41846.911,42569.366,1789131998859.992,2026-09-11T17:06:38.859992+04:00,84.5
1507,3042,14951340594000,9992.0,1.00,41860.803,42583.258,1789131998873.884,2026-09-11T17:06:38.873884+04:00,84.5
1508,3043,14951354487000,9992.0,1.00,41874.696,42597.151,1789131998887.777,2026-09-11T17:06:38.887777+04:00,84.4
1509,3047,14951410062000,9992.0,1.00,41930.271,42652.726,1789131998943.352,2026-09-11T17:06:38.943352+04:00,84.3
1510,3048,14951423954000,9992.0,1.00,41944.163,42666.618,1789131998957.244,2026-09-11T17:06:38.957244+04:00,84.3
1511,3049,14951437848000,9992.0,1.00,41958.057,42680.512,1789131998971.138,2026-09-11T17:06:38.971138+04:00,84.3
1512,3053,14951493422000,9992.0,1.00,42013.631,42736.086,1789131999026.712,2026-09-11T17:06:39.026712+04:00,84.7
1513,3054,14951507315000,9992.0,1.00,42027.524,42749.979,1789131999040.605,2026-09-11T17:06:39.040605+04:00,84.8
1514,3055,14951521208000,9992.0,1.00,42041.417,42763.872,1789131999054.498,2026-09-11T17:06:39.054498+04:00,84.9
1515,3059,14951576782000,9992.0,1.00,42096.991,42819.446,1789131999110.072,2026-09-11T17:06:39.110072+04:00,84.9
1516,3060,14951590675000,9992.0,1.00,42110.884,42833.339,1789131999123.965,2026-09-11T17:06:39.123965+04:00,84.9
1517,3061,14951604568000,9992.0,1.00,42124.777,42847.232,1789131999137.858,2026-09-11T17:06:39.137858+04:00,84.8
1518,3065,14951660143000,9992.0,1.00,42180.352,42902.807,1789131999193.433,2026-09-11T17:06:39.193433+04:00,84.4
1519,3066,14951674035000,9992.0,1.00,42194.244,42916.699,1789131999207.325,2026-09-11T17:06:39.207325+04:00,84.3
1520,3067,14951687930000,9992.0,1.00,42208.139,42930.594,1789131999221.220,2026-09-11T17:06:39.221220+04:00,84.2
1521,3071,14951743506000,9992.0,1.00,42263.715,42986.170,1789131999276.796,2026-09-11T17:06:39.276796+04:00,83.7
1522,3072,14951757396000,9992.0,1.00,42277.605,43000.060,1789131999290.686,2026-09-11T17:06:39.290686+04:00,83.6
1523,3073,14951771295000,9992.0,1.00,42291.504,43013.959,1789131999304.585,2026-09-11T17:06:39.304585+04:00,83.6
1524,3077,14951826867000,9992.0,1.00,42347.076,43069.531,1789131999360.157,2026-09-11T17:06:39.360157+04:00,83.3
1525,3078,14951840756000,9992.0,1.00,42360.965,43083.420,1789131999374.046,2026-09-11T17:06:39.374046+04:00,83.2
1526,3079,14951854650000,9992.0,1.00,42374.859,43097.314,1789131999387.940,2026-09-11T17:06:39.387940+04:00,83.2
1527,3083,14951910224000,9992.0,1.00,42430.433,43152.888,1789131999443.514,2026-09-11T17:06:39.443514+04:00,83.0
1528,3084,14951924117000,9992.0,1.00,42444.326,43166.781,1789131999457.407,2026-09-11T17:06:39.457407+04:00,82.9
1529,3085,14951938010000,9992.0,1.00,42458.219,43180.674,1789131999471.300,2026-09-11T17:06:39.471300+04:00,82.9
1530,3089,14951993584000,9992.0,1.00,42513.793,43236.248,1789131999526.874,2026-09-11T17:06:39.526874+04:00,82.7
1531,3090,14952007478000,9992.0,1.00,42527.687,43250.142,1789131999540.768,2026-09-11T17:06:39.540768+04:00,82.6
1532,3091,14952021371000,9992.0,1.00,42541.580,43264.035,1789131999554.661,2026-09-11T17:06:39.554661+04:00,82.6
1533,3095,14952076945000,9992.0,1.00,42597.154,43319.609,1789131999610.235,2026-09-11T17:06:39.610235+04:00,82.5
1534,3096,14952090837000,9992.0,1.00,42611.046,43333.501,1789131999624.127,2026-09-11T17:06:39.624127+04:00,82.5
1535,3097,14952104731000,9992.0,1.00,42624.940,43347.395,1789131999638.021,2026-09-11T17:06:39.638021+04:00,82.5
1536,3101,14952160305000,9992.0,1.00,42680.514,43402.969,1789131999693.595,2026-09-11T17:06:39.693595+04:00,82.5
1537,3102,14952174198000,9992.0,1.00,42694.407,43416.862,1789131999707.488,2026-09-11T17:06:39.707488+04:00,82.5
1538,3103,14952188092000,9992.0,1.00,42708.301,43430.756,1789131999721.382,2026-09-11T17:06:39.721382+04:00,82.4
1539,3107,14952243669000,9992.0,1.00,42763.878,43486.333,1789131999776.959,2026-09-11T17:06:39.776959+04:00,82.4
1540,3108,14952257559000,9992.0,1.00,42777.768,43500.223,1789131999790.849,2026-09-11T17:06:39.790849+04:00,82.4
1541,3109,14952271452000,9992.0,1.00,42791.661,43514.116,1789131999804.742,2026-09-11T17:06:39.804742+04:00,82.3
1542,3113,14952327028000,9992.0,1.00,42847.237,43569.692,1789131999860.318,2026-09-11T17:06:39.860318+04:00,82.1
1543,3114,14952340919000,9992.0,1.00,42861.128,43583.583,1789131999874.209,2026-09-11T17:06:39.874209+04:00,82.0
1544,3115,14952354813000,9992.0,1.00,42875.022,43597.477,1789131999888.103,2026-09-11T17:06:39.888103+04:00,81.9
1545,3119,14952410390000,9992.0,1.00,42930.599,43653.054,1789131999943.680,2026-09-11T17:06:39.943680+04:00,81.7
1546,3120,14952424280000,9992.0,1.00,42944.489,43666.944,1789131999957.570,2026-09-11T17:06:39.957570+04:00,81.7
1547,3121,14952438174000,9992.0,1.00,42958.383,43680.838,1789131999971.464,2026-09-11T17:06:39.971464+04:00,81.7
1548,3125,14952493747000,9992.0,1.00,43013.956,43736.411,1789132000027.037,2026-09-11T17:06:40.027037+04:00,81.7
1549,3126,14952507640000,9992.0,1.00,43027.849,43750.304,1789132000040.930,2026-09-11T17:06:40.040930+04:00,81.7
1550,3127,14952521535000,9992.0,1.00,43041.744,43764.199,1789132000054.825,2026-09-11T17:06:40.054825+04:00,81.7
1551,3131,14952577108000,9992.0,1.00,43097.317,43819.772,1789132000110.398,2026-09-11T17:06:40.110398+04:00,81.7
1552,3132,14952591000000,9992.0,1.00,43111.209,43833.664,1789132000124.290,2026-09-11T17:06:40.124290+04:00,81.7
1553,3133,14952604893000,9992.0,1.00,43125.102,43847.557,1789132000138.183,2026-09-11T17:06:40.138183+04:00,81.6
1554,3137,14952660468000,9992.0,1.00,43180.677,43903.132,1789132000193.758,2026-09-11T17:06:40.193758+04:00,81.4
1555,3138,14952674362000,9992.0,1.00,43194.571,43917.026,1789132000207.652,2026-09-11T17:06:40.207652+04:00,81.4
1556,3139,14952688254000,9992.0,1.00,43208.463,43930.918,1789132000221.544,2026-09-11T17:06:40.221544+04:00,81.3
1557,3143,14952743832000,9992.0,1.00,43264.041,43986.496,1789132000277.122,2026-09-11T17:06:40.277122+04:00,81.2
1558,3144,14952757721000,9992.0,1.00,43277.930,44000.385,1789132000291.011,2026-09-11T17:06:40.291011+04:00,81.2
1559,3145,14952771615000,9992.0,1.00,43291.824,44014.279,1789132000304.905,2026-09-11T17:06:40.304905+04:00,81.2
1560,3149,14952827193000,9992.0,1.00,43347.402,44069.857,1789132000360.483,2026-09-11T17:06:40.360483+04:00,81.1
1561,3150,14952841082000,9992.0,1.00,43361.291,44083.746,1789132000374.372,2026-09-11T17:06:40.374372+04:00,81.1
1562,3151,14952854978000,9992.0,1.00,43375.187,44097.642,1789132000388.268,2026-09-11T17:06:40.388268+04:00,81.1
1563,3155,14952910550000,9992.0,1.00,43430.759,44153.214,1789132000443.840,2026-09-11T17:06:40.443840+04:00,81.1
1564,3156,14952924441000,9992.0,1.00,43444.650,44167.105,1789132000457.731,2026-09-11T17:06:40.457731+04:00,81.1
1565,3157,14952938334000,9992.0,1.00,43458.543,44180.998,1789132000471.624,2026-09-11T17:06:40.471624+04:00,81.1
1566,3161,14952993910000,9992.0,1.00,43514.119,44236.574,1789132000527.200,2026-09-11T17:06:40.527200+04:00,81.2
1567,3162,14953007803000,9992.0,1.00,43528.012,44250.467,1789132000541.093,2026-09-11T17:06:40.541093+04:00,81.2
1568,3163,14953021698000,9992.0,1.00,43541.907,44264.362,1789132000554.988,2026-09-11T17:06:40.554988+04:00,81.2
1569,3167,14953077270000,9992.0,1.00,43597.479,44319.934,1789132000610.560,2026-09-11T17:06:40.610560+04:00,81.3
1570,3168,14953091162000,9992.0,1.00,43611.371,44333.826,1789132000624.452,2026-09-11T17:06:40.624452+04:00,81.3
1571,3169,14953105062000,9992.0,1.00,43625.271,44347.726,1789132000638.352,2026-09-11T17:06:40.638352+04:00,81.3
1572,3173,14953160630000,9992.0,1.00,43680.839,44403.294,1789132000693.920,2026-09-11T17:06:40.693920+04:00,81.4
1573,3174,14953174523000,9992.0,1.00,43694.732,44417.187,1789132000707.813,2026-09-11T17:06:40.707813+04:00,81.4
1574,3175,14953188416000,9992.0,1.00,43708.625,44431.080,1789132000721.706,2026-09-11T17:06:40.721706+04:00,81.5
1575,3179,14953243991000,9992.0,1.00,43764.200,44486.655,1789132000777.281,2026-09-11T17:06:40.777281+04:00,81.5
1576,3180,14953257883000,9992.0,1.00,43778.092,44500.547,1789132000791.173,2026-09-11T17:06:40.791173+04:00,81.5
1577,3181,14953271778000,9992.0,1.00,43791.987,44514.442,1789132000805.068,2026-09-11T17:06:40.805068+04:00,81.5
1578,3185,14953327352000,9992.0,1.00,43847.561,44570.016,1789132000860.642,2026-09-11T17:06:40.860642+04:00,81.4
1579,3186,14953341244000,9992.0,1.00,43861.453,44583.908,1789132000874.534,2026-09-11T17:06:40.874534+04:00,81.3
1580,3187,14953355138000,9992.0,1.00,43875.347,44597.802,1789132000888.428,2026-09-11T17:06:40.888428+04:00,81.3
1581,3191,14953410710000,9992.0,1.00,43930.919,44653.374,1789132000944.000,2026-09-11T17:06:40.944000+04:00,81.2
1582,3192,14953424603000,9992.0,1.00,43944.812,44667.267,1789132000957.893,2026-09-11T17:06:40.957893+04:00,81.2
1583,3193,14953438497000,9992.0,1.00,43958.706,44681.161,1789132000971.787,2026-09-11T17:06:40.971787+04:00,81.2
1584,3197,14953494072000,9992.0,1.00,44014.281,44736.736,1789132001027.362,2026-09-11T17:06:41.027362+04:00,81.3
1585,3198,14953507965000,9992.0,1.00,44028.174,44750.629,1789132001041.255,2026-09-11T17:06:41.041255+04:00,81.3
1586,3199,14953521858000,9992.0,1.00,44042.067,44764.522,1789132001055.148,2026-09-11T17:06:41.055148+04:00,81.4
1587,3203,14953577432000,9992.0,1.00,44097.641,44820.096,1789132001110.722,2026-09-11T17:06:41.110722+04:00,81.4
1588,3204,14953591325000,9992.0,1.00,44111.534,44833.989,1789132001124.615,2026-09-11T17:06:41.124615+04:00,81.4
1589,3205,14953605218000,9992.0,1.00,44125.427,44847.882,1789132001138.508,2026-09-11T17:06:41.138508+04:00,81.4
1590,3209,14953660792000,9992.0,1.00,44181.001,44903.456,1789132001194.082,2026-09-11T17:06:41.194082+04:00,81.3
1591,3210,14953674685000,9992.0,1.00,44194.894,44917.349,1789132001207.975,2026-09-11T17:06:41.207975+04:00,81.3
1592,3211,14953688580000,9992.0,1.00,44208.789,44931.244,1789132001221.870,2026-09-11T17:06:41.221870+04:00,81.3
1593,3215,14953744157000,9992.0,1.00,44264.366,44986.821,1789132001277.447,2026-09-11T17:06:41.277447+04:00,81.2
1594,3216,14953758046000,9992.0,1.00,44278.255,45000.710,1789132001291.336,2026-09-11T17:06:41.291336+04:00,81.2
1595,3217,14953771939000,9992.0,1.00,44292.148,45014.603,1789132001305.229,2026-09-11T17:06:41.305229+04:00,81.2
1596,3221,14953827516000,9992.0,1.00,44347.725,45070.180,1789132001360.806,2026-09-11T17:06:41.360806+04:00,81.2
1597,3222,14953841406000,9992.0,1.00,44361.615,45084.070,1789132001374.696,2026-09-11T17:06:41.374696+04:00,81.2
1598,3223,14953855301000,9992.0,1.00,44375.510,45097.965,1789132001388.591,2026-09-11T17:06:41.388591+04:00,81.2
1599,3227,14953910877000,9992.0,1.00,44431.086,45153.541,1789132001444.167,2026-09-11T17:06:41.444167+04:00,81.4
1600,3228,14953924767000,9992.0,1.00,44444.976,45167.431,1789132001458.057,2026-09-11T17:06:41.458057+04:00,81.4
1601,3229,14953938661000,9992.0,1.00,44458.870,45181.325,1789132001471.951,2026-09-11T17:06:41.471951+04:00,81.4
1602,3233,14953994235000,9992.0,1.00,44514.444,45236.899,1789132001527.525,2026-09-11T17:06:41.527525+04:00,81.4
1603,3234,14954008127000,9992.0,1.00,44528.336,45250.791,1789132001541.417,2026-09-11T17:06:41.541417+04:00,81.4
1604,3235,14954022021000,9992.0,1.00,44542.230,45264.685,1789132001555.311,2026-09-11T17:06:41.555311+04:00,81.4
1605,3239,14954077595000,9992.0,1.00,44597.804,45320.259,1789132001610.885,2026-09-11T17:06:41.610885+04:00,81.6
1606,3240,14954091487000,9992.0,1.00,44611.696,45334.151,1789132001624.777,2026-09-11T17:06:41.624777+04:00,81.6
1607,3241,14954105380000,9992.0,1.00,44625.589,45348.044,1789132001638.670,2026-09-11T17:06:41.638670+04:00,81.6
1608,3245,14954160955000,9992.0,1.00,44681.164,45403.619,1789132001694.245,2026-09-11T17:06:41.694245+04:00,81.8
1609,3246,14954174847000,9992.0,1.00,44695.056,45417.511,1789132001708.137,2026-09-11T17:06:41.708137+04:00,81.8
1610,3247,14954188742000,9992.0,1.00,44708.951,45431.406,1789132001722.032,2026-09-11T17:06:41.722032+04:00,81.8
1611,3251,14954244315000,9992.0,1.00,44764.524,45486.979,1789132001777.605,2026-09-11T17:06:41.777605+04:00,81.9
1612,3252,14954258207000,9992.0,1.00,44778.416,45500.871,1789132001791.497,2026-09-11T17:06:41.791497+04:00,81.9
1613,3253,14954272102000,9992.0,1.00,44792.311,45514.766,1789132001805.392,2026-09-11T17:06:41.805392+04:00,81.9
1614,3257,14954327678000,9992.0,1.00,44847.887,45570.342,1789132001860.968,2026-09-11T17:06:41.860968+04:00,81.9
1615,3258,14954341568000,9992.0,1.00,44861.777,45584.232,1789132001874.858,2026-09-11T17:06:41.874858+04:00,81.9
1616,3259,14954355462000,9992.0,1.00,44875.671,45598.126,1789132001888.752,2026-09-11T17:06:41.888752+04:00,81.9
1617,3263,14954411039000,9992.0,1.00,44931.248,45653.703,1789132001944.329,2026-09-11T17:06:41.944329+04:00,81.9
1618,3264,14954424928000,9992.0,1.00,44945.137,45667.592,1789132001958.218,2026-09-11T17:06:41.958218+04:00,81.9
1619,3265,14954438823000,9992.0,1.00,44959.032,45681.487,1789132001972.113,2026-09-11T17:06:41.972113+04:00,81.9
1620,3269,14954494398000,9992.0,1.00,45014.607,45737.062,1789132002027.688,2026-09-11T17:06:42.027688+04:00,81.8
1621,3270,14954508289000,9992.0,1.00,45028.498,45750.953,1789132002041.579,2026-09-11T17:06:42.041579+04:00,81.8
1622,3271,14954522184000,9992.0,1.00,45042.393,45764.848,1789132002055.474,2026-09-11T17:06:42.055474+04:00,81.8
1623,3275,14954577758000,9992.0,1.00,45097.967,45820.422,1789132002111.048,2026-09-11T17:06:42.111048+04:00,81.9
1624,3276,14954591650000,9992.0,1.00,45111.859,45834.314,1789132002124.940,2026-09-11T17:06:42.124940+04:00,81.8
1625,3277,14954605543000,9992.0,1.00,45125.752,45848.207,1789132002138.833,2026-09-11T17:06:42.138833+04:00,81.8
1626,3281,14954661118000,9992.0,1.00,45181.327,45903.782,1789132002194.408,2026-09-11T17:06:42.194408+04:00,81.8
1627,3282,14954675009000,9992.0,1.00,45195.218,45917.673,1789132002208.299,2026-09-11T17:06:42.208299+04:00,81.7
1628,3283,14954688904000,9992.0,1.00,45209.113,45931.568,1789132002222.194,2026-09-11T17:06:42.222194+04:00,81.7
1629,3287,14954744478000,9992.0,1.00,45264.687,45987.142,1789132002277.768,2026-09-11T17:06:42.277768+04:00,81.7
1630,3288,14954758370000,9992.0,1.00,45278.579,46001.034,1789132002291.660,2026-09-11T17:06:42.291660+04:00,81.8
1631,3289,14954772265000,9992.0,1.00,45292.474,46014.929,1789132002305.555,2026-09-11T17:06:42.305555+04:00,81.8
1632,3293,14954827842000,9992.0,1.00,45348.051,46070.506,1789132002361.132,2026-09-11T17:06:42.361132+04:00,82.1
1633,3294,14954841731000,9992.0,1.00,45361.940,46084.395,1789132002375.021,2026-09-11T17:06:42.375021+04:00,82.2
1634,3295,14954855625000,9992.0,1.00,45375.834,46098.289,1789132002388.915,2026-09-11T17:06:42.388915+04:00,82.3
1635,3299,14954911201000,9992.0,1.00,45431.410,46153.865,1789132002444.491,2026-09-11T17:06:42.444491+04:00,82.9
1636,3300,14954925092000,9992.0,1.00,45445.301,46167.756,1789132002458.382,2026-09-11T17:06:42.458382+04:00,83.0
1637,3301,14954938985000,9992.0,1.00,45459.194,46181.649,1789132002472.275,2026-09-11T17:06:42.472275+04:00,83.1
1638,3305,14954994558000,9992.0,1.00,45514.767,46237.222,1789132002527.848,2026-09-11T17:06:42.527848+04:00,83.3
1639,3306,14955008452000,9992.0,1.00,45528.661,46251.116,1789132002541.742,2026-09-11T17:06:42.541742+04:00,83.3
1640,3307,14955022346000,9992.0,1.00,45542.555,46265.010,1789132002555.636,2026-09-11T17:06:42.555636+04:00,83.3
1641,3311,14955077918000,9992.0,1.00,45598.127,46320.582,1789132002611.208,2026-09-11T17:06:42.611208+04:00,83.4
1642,3312,14955091813000,9992.0,1.00,45612.022,46334.477,1789132002625.103,2026-09-11T17:06:42.625103+04:00,83.3
1643,3313,14955105707000,9992.0,1.00,45625.916,46348.371,1789132002638.997,2026-09-11T17:06:42.638997+04:00,83.3
1644,3317,14955161280000,9992.0,1.00,45681.489,46403.944,1789132002694.570,2026-09-11T17:06:42.694570+04:00,82.8
1645,3318,14955175172000,9992.0,1.00,45695.381,46417.836,1789132002708.462,2026-09-11T17:06:42.708462+04:00,82.7
1646,3319,14955189066000,9992.0,1.00,45709.275,46431.730,1789132002722.356,2026-09-11T17:06:42.722356+04:00,82.6
1647,3323,14955244640000,9992.0,1.00,45764.849,46487.304,1789132002777.930,2026-09-11T17:06:42.777930+04:00,82.1
1648,3324,14955258533000,9992.0,1.00,45778.742,46501.197,1789132002791.823,2026-09-11T17:06:42.791823+04:00,82.0
1649,3325,14955272427000,9992.0,1.00,45792.636,46515.091,1789132002805.717,2026-09-11T17:06:42.805717+04:00,81.9
1650,3329,14955328001000,9992.0,1.00,45848.210,46570.665,1789132002861.291,2026-09-11T17:06:42.861291+04:00,81.4
1651,3330,14955341894000,9992.0,1.00,45862.103,46584.558,1789132002875.184,2026-09-11T17:06:42.875184+04:00,81.2
1652,3331,14955355787000,9992.0,1.00,45875.996,46598.451,1789132002889.077,2026-09-11T17:06:42.889077+04:00,81.2
1653,3335,14955411364000,9992.0,1.00,45931.573,46654.028,1789132002944.654,2026-09-11T17:06:42.944654+04:00,80.7
1654,3336,14955425255000,9992.0,1.00,45945.464,46667.919,1789132002958.545,2026-09-11T17:06:42.958545+04:00,80.6
1655,3337,14955439147000,9992.0,1.00,45959.356,46681.811,1789132002972.437,2026-09-11T17:06:42.972437+04:00,80.5
1656,3341,14955494724000,9992.0,1.00,46014.933,46737.388,1789132003028.014,2026-09-11T17:06:43.028014+04:00,80.2
1657,3342,14955508614000,9992.0,1.00,46028.823,46751.278,1789132003041.904,2026-09-11T17:06:43.041904+04:00,80.2
1658,3343,14955522508000,9992.0,1.00,46042.717,46765.172,1789132003055.798,2026-09-11T17:06:43.055798+04:00,80.1
1659,3347,14955578083000,9992.0,1.00,46098.292,46820.747,1789132003111.373,2026-09-11T17:06:43.111373+04:00,80.0
1660,3348,14955591977000,9992.0,1.00,46112.186,46834.641,1789132003125.267,2026-09-11T17:06:43.125267+04:00,80.0
1661,3349,14955605869000,9992.0,1.00,46126.078,46848.533,1789132003139.159,2026-09-11T17:06:43.139159+04:00,80.0
1662,3353,14955661442000,9992.0,1.00,46181.651,46904.106,1789132003194.732,2026-09-11T17:06:43.194732+04:00,79.9
1663,3354,14955675335000,9992.0,1.00,46195.544,46917.999,1789132003208.625,2026-09-11T17:06:43.208625+04:00,79.9
1664,3355,14955689229000,9992.0,1.00,46209.438,46931.893,1789132003222.519,2026-09-11T17:06:43.222519+04:00,79.9
1665,3359,14955744802000,9992.0,1.00,46265.011,46987.466,1789132003278.092,2026-09-11T17:06:43.278092+04:00,79.9
1666,3360,14955758696000,9992.0,1.00,46278.905,47001.360,1789132003291.986,2026-09-11T17:06:43.291986+04:00,79.9
1667,3361,14955772589000,9992.0,1.00,46292.798,47015.253,1789132003305.879,2026-09-11T17:06:43.305879+04:00,79.9
1668,3365,14955828163000,9992.0,1.00,46348.372,47070.827,1789132003361.453,2026-09-11T17:06:43.361453+04:00,80.0
1669,3366,14955842057000,9992.0,1.00,46362.266,47084.721,1789132003375.347,2026-09-11T17:06:43.375347+04:00,80.0
1670,3367,14955855949000,9992.0,1.00,46376.158,47098.613,1789132003389.239,2026-09-11T17:06:43.389239+04:00,80.1
1671,3371,14955911527000,9992.0,1.00,46431.736,47154.191,1789132003444.817,2026-09-11T17:06:43.444817+04:00,80.5
1672,3372,14955925417000,9992.0,1.00,46445.626,47168.081,1789132003458.707,2026-09-11T17:06:43.458707+04:00,80.5
1673,3373,14955939309000,9992.0,1.00,46459.518,47181.973,1789132003472.599,2026-09-11T17:06:43.472599+04:00,80.7
1674,3377,14955994889000,9992.0,1.00,46515.098,47237.553,1789132003528.179,2026-09-11T17:06:43.528179+04:00,81.0
1675,3378,14956008777000,9992.0,1.00,46528.986,47251.441,1789132003542.067,2026-09-11T17:06:43.542067+04:00,81.2
1676,3379,14956022669000,9992.0,1.00,46542.878,47265.333,1789132003555.959,2026-09-11T17:06:43.555959+04:00,81.4
1677,3383,14956078245000,9992.0,1.00,46598.454,47320.909,1789132003611.535,2026-09-11T17:06:43.611535+04:00,82.1
1678,3384,14956092137000,9992.0,1.00,46612.346,47334.801,1789132003625.427,2026-09-11T17:06:43.625427+04:00,82.2
1679,3385,14956106032000,9992.0,1.00,46626.241,47348.696,1789132003639.322,2026-09-11T17:06:43.639322+04:00,82.3
1680,3389,14956161605000,9992.0,1.00,46681.814,47404.269,1789132003694.895,2026-09-11T17:06:43.694895+04:00,82.8
1681,3390,14956175497000,9992.0,1.00,46695.706,47418.161,1789132003708.787,2026-09-11T17:06:43.708787+04:00,82.9
1682,3391,14956189391000,9992.0,1.00,46709.600,47432.055,1789132003722.681,2026-09-11T17:06:43.722681+04:00,83.0
1683,3395,14956244963000,9992.0,1.00,46765.172,47487.627,1789132003778.253,2026-09-11T17:06:43.778253+04:00,83.2
1684,3396,14956258857000,9992.0,1.00,46779.066,47501.521,1789132003792.147,2026-09-11T17:06:43.792147+04:00,83.2
1685,3397,14956272751000,9992.0,1.00,46792.960,47515.415,1789132003806.041,2026-09-11T17:06:43.806041+04:00,83.2
1686,3401,14956328325000,9992.0,1.00,46848.534,47570.989,1789132003861.615,2026-09-11T17:06:43.861615+04:00,83.1
1687,3402,14956342218000,9992.0,1.00,46862.427,47584.882,1789132003875.508,2026-09-11T17:06:43.875508+04:00,83.0
1688,3403,14956356111000,9992.0,1.00,46876.320,47598.775,1789132003889.401,2026-09-11T17:06:43.889401+04:00,83.0
1689,3407,14956411684000,9992.0,1.00,46931.893,47654.348,1789132003944.974,2026-09-11T17:06:43.944974+04:00,82.8
1690,3408,14956425579000,9992.0,1.00,46945.788,47668.243,1789132003958.869,2026-09-11T17:06:43.958869+04:00,82.8
1691,3409,14956439472000,9992.0,1.00,46959.681,47682.136,1789132003972.762,2026-09-11T17:06:43.972762+04:00,82.7
1692,3413,14956495046000,9992.0,1.00,47015.255,47737.710,1789132004028.336,2026-09-11T17:06:44.028336+04:00,82.5
1693,3414,14956508938000,9992.0,1.00,47029.147,47751.602,1789132004042.228,2026-09-11T17:06:44.042228+04:00,82.5
1694,3415,14956522833000,9992.0,1.00,47043.042,47765.497,1789132004056.123,2026-09-11T17:06:44.056123+04:00,82.4
1695,3419,14956578406000,9992.0,1.00,47098.615,47821.070,1789132004111.696,2026-09-11T17:06:44.111696+04:00,82.2
1696,3420,14956592299000,9992.0,1.00,47112.508,47834.963,1789132004125.589,2026-09-11T17:06:44.125589+04:00,82.2
1697,3421,14956606194000,9992.0,1.00,47126.403,47848.858,1789132004139.484,2026-09-11T17:06:44.139484+04:00,82.1
1698,3425,14956661766000,9992.0,1.00,47181.975,47904.430,1789132004195.056,2026-09-11T17:06:44.195056+04:00,82.0
1699,3426,14956675659000,9992.0,1.00,47195.868,47918.323,1789132004208.949,2026-09-11T17:06:44.208949+04:00,82.0
1700,3427,14956689553000,9992.0,1.00,47209.762,47932.217,1789132004222.843,2026-09-11T17:06:44.222843+04:00,82.1
1701,3431,14956745127000,9992.0,1.00,47265.336,47987.791,1789132004278.417,2026-09-11T17:06:44.278417+04:00,82.2
1702,3432,14956759020000,9992.0,1.00,47279.229,48001.684,1789132004292.310,2026-09-11T17:06:44.292310+04:00,82.3
1703,3433,14956772913000,9992.0,1.00,47293.122,48015.577,1789132004306.203,2026-09-11T17:06:44.306203+04:00,82.4
1704,3437,14956828486000,9992.0,1.00,47348.695,48071.150,1789132004361.776,2026-09-11T17:06:44.361776+04:00,82.7
1705,3438,14956842381000,9992.0,1.00,47362.590,48085.045,1789132004375.671,2026-09-11T17:06:44.375671+04:00,82.8
1706,3439,14956856274000,9992.0,1.00,47376.483,48098.938,1789132004389.564,2026-09-11T17:06:44.389564+04:00,82.8
1707,3443,14956911850000,9992.0,1.00,47432.059,48154.514,1789132004445.140,2026-09-11T17:06:44.445140+04:00,83.0
1708,3444,14956925741000,9992.0,1.00,47445.950,48168.405,1789132004459.031,2026-09-11T17:06:44.459031+04:00,83.1
1709,3445,14956939635000,9992.0,1.00,47459.844,48182.299,1789132004472.925,2026-09-11T17:06:44.472925+04:00,83.1
1710,3449,14956995211000,9992.0,1.00,47515.420,48237.875,1789132004528.501,2026-09-11T17:06:44.528501+04:00,83.1
1711,3450,14957009101000,9992.0,1.00,47529.310,48251.765,1789132004542.391,2026-09-11T17:06:44.542391+04:00,83.1
1712,3451,14957022994000,9992.0,1.00,47543.203,48265.658,1789132004556.284,2026-09-11T17:06:44.556284+04:00,83.2
1713,3455,14957078571000,9992.0,1.00,47598.780,48321.235,1789132004611.861,2026-09-11T17:06:44.611861+04:00,83.6
1714,3456,14957092463000,9992.0,1.00,47612.672,48335.127,1789132004625.753,2026-09-11T17:06:44.625753+04:00,83.8
1715,3457,14957106356000,9992.0,1.00,47626.565,48349.020,1789132004639.646,2026-09-11T17:06:44.639646+04:00,83.9
1716,3461,14957161931000,9992.0,1.00,47682.140,48404.595,1789132004695.221,2026-09-11T17:06:44.695221+04:00,84.2
1717,3462,14957175821000,9992.0,1.00,47696.030,48418.485,1789132004709.111,2026-09-11T17:06:44.709111+04:00,84.2
1718,3463,14957189717000,9992.0,1.00,47709.926,48432.381,1789132004723.007,2026-09-11T17:06:44.723007+04:00,84.1
1719,3467,14957245289000,9992.0,1.00,47765.498,48487.953,1789132004778.579,2026-09-11T17:06:44.778579+04:00,83.5
1720,3468,14957259183000,9992.0,1.00,47779.392,48501.847,1789132004792.473,2026-09-11T17:06:44.792473+04:00,83.4
1721,3469,14957273079000,9992.0,1.00,47793.288,48515.743,1789132004806.369,2026-09-11T17:06:44.806369+04:00,83.4
1722,3473,14957328649000,9992.0,1.00,47848.858,48571.313,1789132004861.939,2026-09-11T17:06:44.861939+04:00,83.3
1723,3474,14957342543000,9992.0,1.00,47862.752,48585.207,1789132004875.833,2026-09-11T17:06:44.875833+04:00,83.4
1724,3475,14957356438000,9992.0,1.00,47876.647,48599.102,1789132004889.728,2026-09-11T17:06:44.889728+04:00,83.4
1725,3479,14957412018000,9992.0,1.00,47932.227,48654.682,1789132004945.308,2026-09-11T17:06:44.945308+04:00,83.7
1726,3480,14957425903000,9992.0,1.00,47946.112,48668.567,1789132004959.193,2026-09-11T17:06:44.959193+04:00,83.8
1727,3481,14957439796000,9992.0,1.00,47960.005,48682.460,1789132004973.086,2026-09-11T17:06:44.973086+04:00,83.8
1728,3485,14957495371000,9992.0,1.00,48015.580,48738.035,1789132005028.661,2026-09-11T17:06:45.028661+04:00,83.9
1729,3486,14957509264000,9992.0,1.00,48029.473,48751.928,1789132005042.554,2026-09-11T17:06:45.042554+04:00,84.0
1730,3487,14957523158000,9992.0,1.00,48043.367,48765.822,1789132005056.448,2026-09-11T17:06:45.056448+04:00,84.0
1731,3491,14957578732000,9992.0,1.00,48098.941,48821.396,1789132005112.022,2026-09-11T17:06:45.112022+04:00,84.1
1732,3492,14957592623000,9992.0,1.00,48112.832,48835.287,1789132005125.913,2026-09-11T17:06:45.125913+04:00,84.2
1733,3493,14957606518000,9992.0,1.00,48126.727,48849.182,1789132005139.808,2026-09-11T17:06:45.139808+04:00,84.2
1734,3497,14957662093000,9992.0,1.00,48182.302,48904.757,1789132005195.383,2026-09-11T17:06:45.195383+04:00,84.2
1735,3498,14957675983000,9992.0,1.00,48196.192,48918.647,1789132005209.273,2026-09-11T17:06:45.209273+04:00,84.2
1736,3499,14957689877000,9992.0,1.00,48210.086,48932.541,1789132005223.167,2026-09-11T17:06:45.223167+04:00,84.2
1737,3503,14957745452000,9992.0,1.00,48265.661,48988.116,1789132005278.742,2026-09-11T17:06:45.278742+04:00,84.0
1738,3504,14957759345000,9992.0,1.00,48279.554,49002.009,1789132005292.635,2026-09-11T17:06:45.292635+04:00,84.0
1739,3505,14957773239000,9992.0,1.00,48293.448,49015.903,1789132005306.529,2026-09-11T17:06:45.306529+04:00,84.1
1740,3509,14957828814000,9992.0,1.00,48349.023,49071.478,1789132005362.104,2026-09-11T17:06:45.362104+04:00,84.6
1741,3510,14957842710000,9992.0,1.00,48362.919,49085.374,1789132005376.000,2026-09-11T17:06:45.376000+04:00,84.8
1742,3511,14957856599000,9992.0,1.00,48376.808,49099.263,1789132005389.889,2026-09-11T17:06:45.389889+04:00,85.0
1743,3515,14957912174000,9992.0,1.00,48432.383,49154.838,1789132005445.464,2026-09-11T17:06:45.445464+04:00,85.3
1744,3516,14957926066000,9992.0,1.00,48446.275,49168.730,1789132005459.356,2026-09-11T17:06:45.459356+04:00,85.2
1745,3517,14957939962000,9992.0,1.00,48460.171,49182.626,1789132005473.252,2026-09-11T17:06:45.473252+04:00,85.1
1746,3521,14957995534000,9992.0,1.00,48515.743,49238.198,1789132005528.824,2026-09-11T17:06:45.528824+04:00,84.4
1747,3522,14958009427000,9992.0,1.00,48529.636,49252.091,1789132005542.717,2026-09-11T17:06:45.542717+04:00,84.3
1748,3523,14958023320000,9992.0,1.00,48543.529,49265.984,1789132005556.610,2026-09-11T17:06:45.556610+04:00,84.2
1749,3527,14958078895000,9992.0,1.00,48599.104,49321.559,1789132005612.185,2026-09-11T17:06:45.612185+04:00,84.0
1750,3528,14958092787000,9992.0,1.00,48612.996,49335.451,1789132005626.077,2026-09-11T17:06:45.626077+04:00,84.0
1751,3529,14958106680000,9992.0,1.00,48626.889,49349.344,1789132005639.970,2026-09-11T17:06:45.639970+04:00,84.0
1752,3533,14958162255000,9992.0,1.00,48682.464,49404.919,1789132005695.545,2026-09-11T17:06:45.695545+04:00,84.1
1753,3534,14958176148000,9992.0,1.00,48696.357,49418.812,1789132005709.438,2026-09-11T17:06:45.709438+04:00,84.1
1754,3535,14958190041000,9992.0,1.00,48710.250,49432.705,1789132005723.331,2026-09-11T17:06:45.723331+04:00,84.2
1755,3539,14958245616000,9992.0,1.00,48765.825,49488.280,1789132005778.906,2026-09-11T17:06:45.778906+04:00,84.3
1756,3540,14958259508000,9992.0,1.00,48779.717,49502.172,1789132005792.798,2026-09-11T17:06:45.792798+04:00,84.3
1757,3541,14958273403000,9992.0,1.00,48793.612,49516.067,1789132005806.693,2026-09-11T17:06:45.806693+04:00,84.3
1758,3545,14958328976000,9992.0,1.00,48849.185,49571.640,1789132005862.266,2026-09-11T17:06:45.862266+04:00,84.0
1759,3546,14958342872000,9992.0,1.00,48863.081,49585.536,1789132005876.162,2026-09-11T17:06:45.876162+04:00,83.9
1760,3547,14958356762000,9992.0,1.00,48876.971,49599.426,1789132005890.052,2026-09-11T17:06:45.890052+04:00,83.8
1761,3551,14958412336000,9992.0,1.00,48932.545,49655.000,1789132005945.626,2026-09-11T17:06:45.945626+04:00,83.6
1762,3552,14958426228000,9992.0,1.00,48946.437,49668.892,1789132005959.518,2026-09-11T17:06:45.959518+04:00,83.6
1763,3553,14958440122000,9992.0,1.00,48960.331,49682.786,1789132005973.412,2026-09-11T17:06:45.973412+04:00,83.7
1764,3557,14958495697000,9992.0,1.00,49015.906,49738.361,1789132006028.987,2026-09-11T17:06:46.028987+04:00,84.3
1765,3558,14958509590000,9992.0,1.00,49029.799,49752.254,1789132006042.880,2026-09-11T17:06:46.042880+04:00,84.4
1766,3559,14958523483000,9992.0,1.00,49043.692,49766.147,1789132006056.773,2026-09-11T17:06:46.056773+04:00,84.5
1767,3563,14958579060000,9992.0,1.00,49099.269,49821.724,1789132006112.350,2026-09-11T17:06:46.112350+04:00,84.7
1768,3564,14958592949000,9992.0,1.00,49113.158,49835.613,1789132006126.239,2026-09-11T17:06:46.126239+04:00,84.7
1769,3565,14958606843000,9992.0,1.00,49127.052,49849.507,1789132006140.133,2026-09-11T17:06:46.140133+04:00,84.7
1770,3569,14958662418000,9992.0,1.00,49182.627,49905.082,1789132006195.708,2026-09-11T17:06:46.195708+04:00,84.5
1771,3570,14958676316000,9992.0,1.00,49196.525,49918.980,1789132006209.606,2026-09-11T17:06:46.209606+04:00,84.4
1772,3571,14958690206000,9992.0,1.00,49210.415,49932.870,1789132006223.496,2026-09-11T17:06:46.223496+04:00,84.4
1773,3575,14958745779000,9992.0,1.00,49265.988,49988.443,1789132006279.069,2026-09-11T17:06:46.279069+04:00,84.4
1774,3576,14958759670000,9992.0,1.00,49279.879,50002.334,1789132006292.960,2026-09-11T17:06:46.292960+04:00,84.5
1775,3577,14958773564000,9992.0,1.00,49293.773,50016.228,1789132006306.854,2026-09-11T17:06:46.306854+04:00,84.6
1776,3581,14958829139000,9992.0,1.00,49349.348,50071.803,1789132006362.429,2026-09-11T17:06:46.362429+04:00,84.7
1777,3582,14958843030000,9992.0,1.00,49363.239,50085.694,1789132006376.320,2026-09-11T17:06:46.376320+04:00,84.7
1778,3583,14958856929000,9992.0,1.00,49377.138,50099.593,1789132006390.219,2026-09-11T17:06:46.390219+04:00,84.6
1779,3587,14958912499000,9992.0,1.00,49432.708,50155.163,1789132006445.789,2026-09-11T17:06:46.445789+04:00,84.2
1780,3588,14958926391000,9992.0,1.00,49446.600,50169.055,1789132006459.681,2026-09-11T17:06:46.459681+04:00,84.1
1781,3589,14958940285000,9992.0,1.00,49460.494,50182.949,1789132006473.575,2026-09-11T17:06:46.473575+04:00,84.0
1782,3593,14958995861000,9992.0,1.00,49516.070,50238.525,1789132006529.151,2026-09-11T17:06:46.529151+04:00,83.3
1783,3594,14959009753000,9992.0,1.00,49529.962,50252.417,1789132006543.043,2026-09-11T17:06:46.543043+04:00,82.7
1784,3595,14959023644000,9992.0,1.00,49543.853,50266.308,1789132006556.934,2026-09-11T17:06:46.556934+04:00,82.5
1785,3599,14959079222000,9992.0,1.00,49599.431,50321.886,1789132006612.512,2026-09-11T17:06:46.612512+04:00,82.2
1786,3600,14959093113000,9992.0,1.00,49613.322,50335.777,1789132006626.403,2026-09-11T17:06:46.626403+04:00,82.1
1787,3601,14959107005000,9992.0,1.00,49627.214,50349.669,1789132006640.295,2026-09-11T17:06:46.640295+04:00,82.0
1788,3605,14959162581000,9992.0,1.00,49682.790,50405.245,1789132006695.871,2026-09-11T17:06:46.695871+04:00,82.2
1789,3606,14959176473000,9992.0,1.00,49696.682,50419.137,1789132006709.763,2026-09-11T17:06:46.709763+04:00,82.3
1790,3607,14959190366000,9992.0,1.00,49710.575,50433.030,1789132006723.656,2026-09-11T17:06:46.723656+04:00,82.5
1791,3611,14959245941000,9992.0,1.00,49766.150,50488.605,1789132006779.231,2026-09-11T17:06:46.779231+04:00,84.5
1792,3612,14959259832000,9992.0,1.00,49780.041,50502.496,1789132006793.122,2026-09-11T17:06:46.793122+04:00,85.0
1793,3613,14959273726000,9992.0,1.00,49793.935,50516.390,1789132006807.016,2026-09-11T17:06:46.807016+04:00,85.4
1794,3617,14959329301000,9992.0,1.00,49849.510,50571.965,1789132006862.591,2026-09-11T17:06:46.862591+04:00,85.0
1795,3618,14959343193000,9992.0,1.00,49863.402,50585.857,1789132006876.483,2026-09-11T17:06:46.876483+04:00,85.0
1796,3619,14959357087000,9992.0,1.00,49877.296,50599.751,1789132006890.377,2026-09-11T17:06:46.890377+04:00,84.9
1797,3623,14959412661000,9992.0,1.00,49932.870,50655.325,1789132006945.951,2026-09-11T17:06:46.945951+04:00,84.8
1798,3624,14959426554000,9992.0,1.00,49946.763,50669.218,1789132006959.844,2026-09-11T17:06:46.959844+04:00,84.8
1799,3625,14959440447000,9992.0,1.00,49960.656,50683.111,1789132006973.737,2026-09-11T17:06:46.973737+04:00,84.8
1800,3629,14959496021000,9992.0,1.00,50016.230,50738.685,1789132007029.311,2026-09-11T17:06:47.029311+04:00,84.8
1801,3630,14959509917000,9992.0,1.00,50030.126,50752.581,1789132007043.207,2026-09-11T17:06:47.043207+04:00,84.7
1802,3631,14959523808000,9992.0,1.00,50044.017,50766.472,1789132007057.098,2026-09-11T17:06:47.057098+04:00,84.7
1803,3635,14959579385000,9992.0,1.00,50099.594,50822.049,1789132007112.675,2026-09-11T17:06:47.112675+04:00,84.1
1804,3636,14959593274000,9992.0,1.00,50113.483,50835.938,1789132007126.564,2026-09-11T17:06:47.126564+04:00,83.9
1805,3637,14959607168000,9992.0,1.00,50127.377,50849.832,1789132007140.458,2026-09-11T17:06:47.140458+04:00,83.8
1806,3641,14959662744000,9992.0,1.00,50182.953,50905.408,1789132007196.034,2026-09-11T17:06:47.196034+04:00,83.2
1807,3642,14959676636000,9992.0,1.00,50196.845,50919.300,1789132007209.926,2026-09-11T17:06:47.209926+04:00,83.1
1808,3643,14959690529000,9992.0,1.00,50210.738,50933.193,1789132007223.819,2026-09-11T17:06:47.223819+04:00,83.1
1809,3647,14959746102000,9992.0,1.00,50266.311,50988.766,1789132007279.392,2026-09-11T17:06:47.279392+04:00,82.8
1810,3648,14959759994000,9992.0,1.00,50280.203,51002.658,1789132007293.284,2026-09-11T17:06:47.293284+04:00,82.8
1811,3649,14959773888000,9992.0,1.00,50294.097,51016.552,1789132007307.178,2026-09-11T17:06:47.307178+04:00,82.7
1812,3653,14959829465000,9992.0,1.00,50349.674,51072.129,1789132007362.755,2026-09-11T17:06:47.362755+04:00,82.7
1813,3654,14959843356000,9992.0,1.00,50363.565,51086.020,1789132007376.646,2026-09-11T17:06:47.376646+04:00,82.7
1814,3655,14959857248000,9992.0,1.00,50377.457,51099.912,1789132007390.538,2026-09-11T17:06:47.390538+04:00,82.7
1815,3659,14959912823000,9992.0,1.00,50433.032,51155.487,1789132007446.113,2026-09-11T17:06:47.446113+04:00,82.8
1816,3660,14959926716000,9992.0,1.00,50446.925,51169.380,1789132007460.006,2026-09-11T17:06:47.460006+04:00,82.8
1817,3661,14959940609000,9992.0,1.00,50460.818,51183.273,1789132007473.899,2026-09-11T17:06:47.473899+04:00,82.8
1818,3665,14959996183000,9992.0,1.00,50516.392,51238.847,1789132007529.473,2026-09-11T17:06:47.529473+04:00,83.0
1819,3666,14960010076000,9992.0,1.00,50530.285,51252.740,1789132007543.366,2026-09-11T17:06:47.543366+04:00,83.0
1820,3667,14960023970000,9992.0,1.00,50544.179,51266.634,1789132007557.260,2026-09-11T17:06:47.557260+04:00,83.0
1821,3671,14960079547000,9992.0,1.00,50599.756,51322.211,1789132007612.837,2026-09-11T17:06:47.612837+04:00,82.9
1822,3672,14960093436000,9992.0,1.00,50613.645,51336.100,1789132007626.726,2026-09-11T17:06:47.626726+04:00,82.8
1823,3673,14960107330000,9992.0,1.00,50627.539,51349.994,1789132007640.620,2026-09-11T17:06:47.640620+04:00,82.6
1824,3677,14960162907000,9992.0,1.00,50683.116,51405.571,1789132007696.197,2026-09-11T17:06:47.696197+04:00,82.0
1825,3678,14960176798000,9992.0,1.00,50697.007,51419.462,1789132007710.088,2026-09-11T17:06:47.710088+04:00,81.9
1826,3679,14960190691000,9992.0,1.00,50710.900,51433.355,1789132007723.981,2026-09-11T17:06:47.723981+04:00,81.8
1827,3683,14960246264000,9992.0,1.00,50766.473,51488.928,1789132007779.554,2026-09-11T17:06:47.779554+04:00,82.3
1828,3684,14960260157000,9992.0,1.00,50780.366,51502.821,1789132007793.447,2026-09-11T17:06:47.793447+04:00,82.6
1829,3685,14960274051000,9992.0,1.00,50794.260,51516.715,1789132007807.341,2026-09-11T17:06:47.807341+04:00,82.9
1830,3689,14960329626000,9992.0,1.00,50849.835,51572.290,1789132007862.916,2026-09-11T17:06:47.862916+04:00,83.6
1831,3690,14960343518000,9992.0,1.00,50863.727,51586.182,1789132007876.808,2026-09-11T17:06:47.876808+04:00,83.6
1832,3691,14960357412000,9992.0,1.00,50877.621,51600.076,1789132007890.702,2026-09-11T17:06:47.890702+04:00,83.7
1833,3695,14960412985000,9992.0,1.00,50933.194,51655.649,1789132007946.275,2026-09-11T17:06:47.946275+04:00,83.8
1834,3696,14960426882000,9992.0,1.00,50947.091,51669.546,1789132007960.172,2026-09-11T17:06:47.960172+04:00,83.7
1835,3697,14960440770000,9992.0,1.00,50960.979,51683.434,1789132007974.060,2026-09-11T17:06:47.974060+04:00,83.8
1836,3701,14960496346000,9992.0,1.00,51016.555,51739.010,1789132008029.636,2026-09-11T17:06:48.029636+04:00,84.3
1837,3702,14960510238000,9992.0,1.00,51030.447,51752.902,1789132008043.528,2026-09-11T17:06:48.043528+04:00,84.4
1838,3703,14960524132000,9992.0,1.00,51044.341,51766.796,1789132008057.422,2026-09-11T17:06:48.057422+04:00,84.5
1839,3707,14960579709000,9992.0,1.00,51099.918,51822.373,1789132008112.999,2026-09-11T17:06:48.112999+04:00,84.8
1840,3708,14960593598000,9992.0,1.00,51113.807,51836.262,1789132008126.888,2026-09-11T17:06:48.126888+04:00,84.8
1841,3709,14960607493000,9992.0,1.00,51127.702,51850.157,1789132008140.783,2026-09-11T17:06:48.140783+04:00,84.9
1842,3713,14960663070000,9992.0,1.00,51183.279,51905.734,1789132008196.360,2026-09-11T17:06:48.196360+04:00,84.8
1843,3714,14960676960000,9992.0,1.00,51197.169,51919.624,1789132008210.250,2026-09-11T17:06:48.210250+04:00,84.7
1844,3715,14960690852000,9992.0,1.00,51211.061,51933.516,1789132008224.142,2026-09-11T17:06:48.224142+04:00,84.7
1845,3719,14960746430000,9992.0,1.00,51266.639,51989.094,1789132008279.720,2026-09-11T17:06:48.279720+04:00,84.5
1846,3720,14960760319000,9992.0,1.00,51280.528,52002.983,1789132008293.609,2026-09-11T17:06:48.293609+04:00,84.2
1847,3721,14960774213000,9992.0,1.00,51294.422,52016.877,1789132008307.503,2026-09-11T17:06:48.307503+04:00,84.0
1848,3725,14960829788000,9992.0,1.00,51349.997,52072.452,1789132008363.078,2026-09-11T17:06:48.363078+04:00,83.3
1849,3726,14960843680000,9992.0,1.00,51363.889,52086.344,1789132008376.970,2026-09-11T17:06:48.376970+04:00,83.1
1850,3727,14960857573000,9992.0,1.00,51377.782,52100.237,1789132008390.863,2026-09-11T17:06:48.390863+04:00,82.9
1851,3731,14960913148000,9992.0,1.00,51433.357,52155.812,1789132008446.438,2026-09-11T17:06:48.446438+04:00,81.5
1852,3732,14960927040000,9992.0,1.00,51447.249,52169.704,1789132008460.330,2026-09-11T17:06:48.460330+04:00,81.3
1853,3733,14960940934000,9992.0,1.00,51461.143,52183.598,1789132008474.224,2026-09-11T17:06:48.474224+04:00,81.2
1854,3737,14960996509000,9992.0,1.00,51516.718,52239.173,1789132008529.799,2026-09-11T17:06:48.529799+04:00,81.1
1855,3738,14961010402000,9992.0,1.00,51530.611,52253.066,1789132008543.692,2026-09-11T17:06:48.543692+04:00,81.0
1856,3739,14961024296000,9992.0,1.00,51544.505,52266.960,1789132008557.586,2026-09-11T17:06:48.557586+04:00,80.9
1857,3743,14961079872000,9992.0,1.00,51600.081,52322.536,1789132008613.162,2026-09-11T17:06:48.613162+04:00,80.7
1858,3744,14961093761000,9992.0,1.00,51613.970,52336.425,1789132008627.051,2026-09-11T17:06:48.627051+04:00,80.7
1859,3745,14961107655000,9992.0,1.00,51627.864,52350.319,1789132008640.945,2026-09-11T17:06:48.640945+04:00,80.7
1860,3749,14961163232000,9992.0,1.00,51683.441,52405.896,1789132008696.522,2026-09-11T17:06:48.696522+04:00,80.8
1861,3750,14961177121000,9992.0,1.00,51697.330,52419.785,1789132008710.411,2026-09-11T17:06:48.710411+04:00,80.8
1862,3751,14961191017000,9992.0,1.00,51711.226,52433.681,1789132008724.307,2026-09-11T17:06:48.724307+04:00,80.8
1863,3755,14961246591000,9992.0,1.00,51766.800,52489.255,1789132008779.881,2026-09-11T17:06:48.779881+04:00,80.9
1864,3756,14961260482000,9992.0,1.00,51780.691,52503.146,1789132008793.772,2026-09-11T17:06:48.793772+04:00,80.9
1865,3757,14961274377000,9992.0,1.00,51794.586,52517.041,1789132008807.667,2026-09-11T17:06:48.807667+04:00,80.9
1866,3761,14961329951000,9992.0,1.00,51850.160,52572.615,1789132008863.241,2026-09-11T17:06:48.863241+04:00,80.9
1867,3762,14961343842000,9992.0,1.00,51864.051,52586.506,1789132008877.132,2026-09-11T17:06:48.877132+04:00,80.9
1868,3763,14961357736000,9992.0,1.00,51877.945,52600.400,1789132008891.026,2026-09-11T17:06:48.891026+04:00,80.9
1869,3767,14961413310000,9992.0,1.00,51933.519,52655.974,1789132008946.600,2026-09-11T17:06:48.946600+04:00,81.4
1870,3768,14961427202000,9992.0,1.00,51947.411,52669.866,1789132008960.492,2026-09-11T17:06:48.960492+04:00,82.1
1871,3769,14961441097000,9992.0,1.00,51961.306,52683.761,1789132008974.387,2026-09-11T17:06:48.974387+04:00,82.7
1872,3773,14961496671000,9992.0,1.00,52016.880,52739.335,1789132009029.961,2026-09-11T17:06:49.029961+04:00,84.7
1873,3774,14961510565000,9992.0,1.00,52030.774,52753.229,1789132009043.855,2026-09-11T17:06:49.043855+04:00,85.2
1874,3775,14961524457000,9992.0,1.00,52044.666,52767.121,1789132009057.747,2026-09-11T17:06:49.057747+04:00,85.6
1875,3779,14961580031000,9992.0,1.00,52100.240,52822.695,1789132009113.321,2026-09-11T17:06:49.113321+04:00,85.7
1876,3780,14961593923000,9992.0,1.00,52114.132,52836.587,1789132009127.213,2026-09-11T17:06:49.127213+04:00,85.6
1877,3781,14961607817000,9992.0,1.00,52128.026,52850.481,1789132009141.107,2026-09-11T17:06:49.141107+04:00,85.6
1878,3785,14961663394000,9992.0,1.00,52183.603,52906.058,1789132009196.684,2026-09-11T17:06:49.196684+04:00,85.5
1879,3786,14961677284000,9992.0,1.00,52197.493,52919.948,1789132009210.574,2026-09-11T17:06:49.210574+04:00,85.5
1880,3787,14961691177000,9992.0,1.00,52211.386,52933.841,1789132009224.467,2026-09-11T17:06:49.224467+04:00,85.4
1881,3791,14961746752000,9992.0,1.00,52266.961,52989.416,1789132009280.042,2026-09-11T17:06:49.280042+04:00,85.0
1882,3792,14961760651000,9992.0,1.00,52280.860,53003.315,1789132009293.941,2026-09-11T17:06:49.293941+04:00,85.0
1883,3793,14961774537000,9992.0,1.00,52294.746,53017.201,1789132009307.827,2026-09-11T17:06:49.307827+04:00,84.8
1884,3797,14961830113000,9992.0,1.00,52350.322,53072.777,1789132009363.403,2026-09-11T17:06:49.363403+04:00,84.1
1885,3798,14961844020000,9992.0,1.00,52364.229,53086.684,1789132009377.310,2026-09-11T17:06:49.377310+04:00,83.9
1886,3799,14961857901000,9992.0,1.00,52378.110,53100.565,1789132009391.191,2026-09-11T17:06:49.391191+04:00,83.8
1887,3803,14961913474000,9992.0,1.00,52433.683,53156.138,1789132009446.764,2026-09-11T17:06:49.446764+04:00,83.1
1888,3804,14961927366000,9992.0,1.00,52447.575,53170.030,1789132009460.656,2026-09-11T17:06:49.460656+04:00,82.9
1889,3805,14961941260000,9992.0,1.00,52461.469,53183.924,1789132009474.550,2026-09-11T17:06:49.474550+04:00,82.7
1890,3809,14961996833000,9992.0,1.00,52517.042,53239.497,1789132009530.123,2026-09-11T17:06:49.530123+04:00,82.6
1891,3810,14962010727000,9992.0,1.00,52530.936,53253.391,1789132009544.017,2026-09-11T17:06:49.544017+04:00,82.5
1892,3811,14962024619000,9992.0,1.00,52544.828,53267.283,1789132009557.909,2026-09-11T17:06:49.557909+04:00,82.4
1893,3815,14962080194000,9992.0,1.00,52600.403,53322.858,1789132009613.484,2026-09-11T17:06:49.613484+04:00,81.9
1894,3816,14962094086000,9992.0,1.00,52614.295,53336.750,1789132009627.376,2026-09-11T17:06:49.627376+04:00,81.8
1895,3817,14962107980000,9992.0,1.00,52628.189,53350.644,1789132009641.270,2026-09-11T17:06:49.641270+04:00,81.7
1896,3821,14962163557000,9992.0,1.00,52683.766,53406.221,1789132009696.847,2026-09-11T17:06:49.696847+04:00,80.9
1897,3822,14962177447000,9992.0,1.00,52697.656,53420.111,1789132009710.737,2026-09-11T17:06:49.710737+04:00,81.0
1898,3823,14962191341000,9992.0,1.00,52711.550,53434.005,1789132009724.631,2026-09-11T17:06:49.724631+04:00,80.9
1899,3827,14962246918000,9992.0,1.00,52767.127,53489.582,1789132009780.208,2026-09-11T17:06:49.780208+04:00,81.3
1900,3828,14962260808000,9992.0,1.00,52781.017,53503.472,1789132009794.098,2026-09-11T17:06:49.794098+04:00,81.3
1901,3829,14962274700000,9992.0,1.00,52794.909,53517.364,1789132009807.990,2026-09-11T17:06:49.807990+04:00,81.4
1902,3833,14962330275000,9992.0,1.00,52850.484,53572.939,1789132009863.565,2026-09-11T17:06:49.863565+04:00,81.6
1903,3834,14962344168000,9992.0,1.00,52864.377,53586.832,1789132009877.458,2026-09-11T17:06:49.877458+04:00,81.6
1904,3835,14962358063000,9992.0,1.00,52878.272,53600.727,1789132009891.353,2026-09-11T17:06:49.891353+04:00,81.6
1905,3839,14962413635000,9992.0,1.00,52933.844,53656.299,1789132009946.925,2026-09-11T17:06:49.946925+04:00,81.5
1906,3840,14962427529000,9992.0,1.00,52947.738,53670.193,1789132009960.819,2026-09-11T17:06:49.960819+04:00,81.5
1907,3841,14962441421000,9992.0,1.00,52961.630,53684.085,1789132009974.711,2026-09-11T17:06:49.974711+04:00,81.6
1908,3845,14962496996000,9992.0,1.00,53017.205,53739.660,1789132010030.286,2026-09-11T17:06:50.030286+04:00,81.4
1909,3846,14962510888000,9992.0,1.00,53031.097,53753.552,1789132010044.178,2026-09-11T17:06:50.044178+04:00,81.4
1910,3847,14962524782000,9992.0,1.00,53044.991,53767.446,1789132010058.072,2026-09-11T17:06:50.058072+04:00,81.4
1911,3851,14962580356000,9992.0,1.00,53100.565,53823.020,1789132010113.646,2026-09-11T17:06:50.113646+04:00,81.2
1912,3852,14962594248000,9992.0,1.00,53114.457,53836.912,1789132010127.538,2026-09-11T17:06:50.127538+04:00,81.2
1913,3853,14962608143000,9992.0,1.00,53128.352,53850.807,1789132010141.433,2026-09-11T17:06:50.141433+04:00,81.1
1914,3857,14962663720000,9992.0,1.00,53183.929,53906.384,1789132010197.010,2026-09-11T17:06:50.197010+04:00,81.0
1915,3858,14962677609000,9992.0,1.00,53197.818,53920.273,1789132010210.899,2026-09-11T17:06:50.210899+04:00,81.0
1916,3859,14962691507000,9992.0,1.00,53211.716,53934.171,1789132010224.797,2026-09-11T17:06:50.224797+04:00,81.0
1917,3863,14962747079000,9992.0,1.00,53267.288,53989.743,1789132010280.369,2026-09-11T17:06:50.280369+04:00,80.6
1918,3864,14962760970000,9992.0,1.00,53281.179,54003.634,1789132010294.260,2026-09-11T17:06:50.294260+04:00,80.5
1919,3865,14962774863000,9992.0,1.00,53295.072,54017.527,1789132010308.153,2026-09-11T17:06:50.308153+04:00,80.5
1920,3869,14962830441000,9992.0,1.00,53350.650,54073.105,1789132010363.731,2026-09-11T17:06:50.363731+04:00,80.8
1921,3870,14962844330000,9992.0,1.00,53364.539,54086.994,1789132010377.620,2026-09-11T17:06:50.377620+04:00,80.9
1922,3871,14962858223000,9992.0,1.00,53378.432,54100.887,1789132010391.513,2026-09-11T17:06:50.391513+04:00,80.9
1923,3875,14962913801000,9992.0,1.00,53434.010,54156.465,1789132010447.091,2026-09-11T17:06:50.447091+04:00,80.9
1924,3876,14962927691000,9992.0,1.00,53447.900,54170.355,1789132010460.981,2026-09-11T17:06:50.460981+04:00,80.9
1925,3877,14962941585000,9992.0,1.00,53461.794,54184.249,1789132010474.875,2026-09-11T17:06:50.474875+04:00,80.9
1926,3881,14962997158000,9992.0,1.00,53517.367,54239.822,1789132010530.448,2026-09-11T17:06:50.530448+04:00,80.9
1927,3882,14963011056000,9992.0,1.00,53531.265,54253.720,1789132010544.346,2026-09-11T17:06:50.544346+04:00,80.9
1928,3883,14963024944000,9992.0,1.00,53545.153,54267.608,1789132010558.234,2026-09-11T17:06:50.558234+04:00,80.9
1929,3887,14963080519000,9992.0,1.00,53600.728,54323.183,1789132010613.809,2026-09-11T17:06:50.613809+04:00,80.5
1930,3888,14963094411000,9992.0,1.00,53614.620,54337.075,1789132010627.701,2026-09-11T17:06:50.627701+04:00,80.4
1931,3889,14963108306000,9992.0,1.00,53628.515,54350.970,1789132010641.596,2026-09-11T17:06:50.641596+04:00,80.4
1932,3893,14963163883000,9992.0,1.00,53684.092,54406.547,1789132010697.173,2026-09-11T17:06:50.697173+04:00,80.5
1933,3894,14963177772000,9992.0,1.00,53697.981,54420.436,1789132010711.062,2026-09-11T17:06:50.711062+04:00,80.6
1934,3895,14963191665000,9992.0,1.00,53711.874,54434.329,1789132010724.955,2026-09-11T17:06:50.724955+04:00,80.6
1935,3899,14963247244000,9992.0,1.00,53767.453,54489.908,1789132010780.534,2026-09-11T17:06:50.780534+04:00,80.7
1936,3900,14963261131000,9992.0,1.00,53781.340,54503.795,1789132010794.421,2026-09-11T17:06:50.794421+04:00,80.7
1937,3901,14963275027000,9992.0,1.00,53795.236,54517.691,1789132010808.317,2026-09-11T17:06:50.808317+04:00,80.7
1938,3905,14963330600000,9992.0,1.00,53850.809,54573.264,1789132010863.890,2026-09-11T17:06:50.863890+04:00,80.6
1939,3906,14963344492000,9992.0,1.00,53864.701,54587.156,1789132010877.782,2026-09-11T17:06:50.877782+04:00,80.6
1940,3907,14963358385000,9992.0,1.00,53878.594,54601.049,1789132010891.675,2026-09-11T17:06:50.891675+04:00,80.5
1941,3911,14963413960000,9992.0,1.00,53934.169,54656.624,1789132010947.250,2026-09-11T17:06:50.947250+04:00,80.4
1942,3912,14963427853000,9992.0,1.00,53948.062,54670.517,1789132010961.143,2026-09-11T17:06:50.961143+04:00,80.4
1943,3913,14963441746000,9992.0,1.00,53961.955,54684.410,1789132010975.036,2026-09-11T17:06:50.975036+04:00,80.3
1944,3917,14963497322000,9992.0,1.00,54017.531,54739.986,1789132011030.612,2026-09-11T17:06:51.030612+04:00,80.0
1945,3918,14963511217000,9992.0,1.00,54031.426,54753.881,1789132011044.507,2026-09-11T17:06:51.044507+04:00,79.9
1946,3919,14963525107000,9992.0,1.00,54045.316,54767.771,1789132011058.397,2026-09-11T17:06:51.058397+04:00,79.8
1947,3923,14963580681000,9992.0,1.00,54100.890,54823.345,1789132011113.971,2026-09-11T17:06:51.113971+04:00,79.8
1948,3924,14963594574000,9992.0,1.00,54114.783,54837.238,1789132011127.864,2026-09-11T17:06:51.127864+04:00,79.8
1949,3925,14963608467000,9992.0,1.00,54128.676,54851.131,1789132011141.757,2026-09-11T17:06:51.141757+04:00,79.8
1950,3929,14963664041000,9992.0,1.00,54184.250,54906.705,1789132011197.331,2026-09-11T17:06:51.197331+04:00,80.0
1951,3930,14963677934000,9992.0,1.00,54198.143,54920.598,1789132011211.224,2026-09-11T17:06:51.211224+04:00,80.1
1952,3931,14963691830000,9992.0,1.00,54212.039,54934.494,1789132011225.120,2026-09-11T17:06:51.225120+04:00,80.1
1953,3935,14963747404000,9992.0,1.00,54267.613,54990.068,1789132011280.694,2026-09-11T17:06:51.280694+04:00,80.1
1954,3936,14963761294000,9992.0,1.00,54281.503,55003.958,1789132011294.584,2026-09-11T17:06:51.294584+04:00,80.1
1955,3937,14963775188000,9992.0,1.00,54295.397,55017.852,1789132011308.478,2026-09-11T17:06:51.308478+04:00,80.1
1956,3941,14963830763000,9992.0,1.00,54350.972,55073.427,1789132011364.053,2026-09-11T17:06:51.364053+04:00,80.1
1957,3942,14963844656000,9992.0,1.00,54364.865,55087.320,1789132011377.946,2026-09-11T17:06:51.377946+04:00,80.1
1958,3943,14963858548000,9992.0,1.00,54378.757,55101.212,1789132011391.838,2026-09-11T17:06:51.391838+04:00,80.1
1959,3947,14963914124000,9992.0,1.00,54434.333,55156.788,1789132011447.414,2026-09-11T17:06:51.447414+04:00,80.1
1960,3948,14963928018000,9992.0,1.00,54448.227,55170.682,1789132011461.308,2026-09-11T17:06:51.461308+04:00,80.1
1961,3949,14963941909000,9992.0,1.00,54462.118,55184.573,1789132011475.199,2026-09-11T17:06:51.475199+04:00,80.1
1962,3953,14963997483000,9992.0,1.00,54517.692,55240.147,1789132011530.773,2026-09-11T17:06:51.530773+04:00,80.2
1963,3954,14964011376000,9992.0,1.00,54531.585,55254.040,1789132011544.666,2026-09-11T17:06:51.544666+04:00,80.2
1964,3955,14964025268000,9992.0,1.00,54545.477,55267.932,1789132011558.558,2026-09-11T17:06:51.558558+04:00,80.2
1965,3959,14964080843000,9992.0,1.00,54601.052,55323.507,1789132011614.133,2026-09-11T17:06:51.614133+04:00,80.1
1966,3960,14964094736000,9992.0,1.00,54614.945,55337.400,1789132011628.026,2026-09-11T17:06:51.628026+04:00,80.1
1967,3961,14964108630000,9992.0,1.00,54628.839,55351.294,1789132011641.920,2026-09-11T17:06:51.641920+04:00,80.1
1968,3965,14964164204000,9992.0,1.00,54684.413,55406.868,1789132011697.494,2026-09-11T17:06:51.697494+04:00,80.1
1969,3966,14964178095000,9992.0,1.00,54698.304,55420.759,1789132011711.385,2026-09-11T17:06:51.711385+04:00,80.1
1970,3967,14964191989000,9992.0,1.00,54712.198,55434.653,1789132011725.279,2026-09-11T17:06:51.725279+04:00,80.1
1971,3971,14964247567000,9992.0,1.00,54767.776,55490.231,1789132011780.857,2026-09-11T17:06:51.780857+04:00,80.1
1972,3972,14964261456000,9992.0,1.00,54781.665,55504.120,1789132011794.746,2026-09-11T17:06:51.794746+04:00,80.1
1973,3973,14964275350000,9992.0,1.00,54795.559,55518.014,1789132011808.640,2026-09-11T17:06:51.808640+04:00,80.1
1974,3977,14964330924000,9992.0,1.00,54851.133,55573.588,1789132011864.214,2026-09-11T17:06:51.864214+04:00,80.2
1975,3978,14964344817000,9992.0,1.00,54865.026,55587.481,1789132011878.107,2026-09-11T17:06:51.878107+04:00,80.2
1976,3979,14964358710000,9992.0,1.00,54878.919,55601.374,1789132011892.000,2026-09-11T17:06:51.892000+04:00,80.2
1977,3983,14964414286000,9992.0,1.00,54934.495,55656.950,1789132011947.576,2026-09-11T17:06:51.947576+04:00,80.1
1978,3984,14964428179000,9992.0,1.00,54948.388,55670.843,1789132011961.469,2026-09-11T17:06:51.961469+04:00,80.1
1979,3985,14964442073000,9992.0,1.00,54962.282,55684.737,1789132011975.363,2026-09-11T17:06:51.975363+04:00,80.1
1980,3989,14964497645000,9992.0,1.00,55017.854,55740.309,1789132012030.935,2026-09-11T17:06:52.030935+04:00,80.1
1981,3990,14964511540000,9992.0,1.00,55031.749,55754.204,1789132012044.830,2026-09-11T17:06:52.044830+04:00,80.1
1982,3991,14964525432000,9992.0,1.00,55045.641,55768.096,1789132012058.722,2026-09-11T17:06:52.058722+04:00,80.0
1983,3995,14964581006000,9992.0,1.00,55101.215,55823.670,1789132012114.296,2026-09-11T17:06:52.114296+04:00,80.1
1984,3996,14964594899000,9992.0,1.00,55115.108,55837.563,1789132012128.189,2026-09-11T17:06:52.128189+04:00,80.1
1985,3997,14964608791000,9992.0,1.00,55129.000,55851.455,1789132012142.081,2026-09-11T17:06:52.142081+04:00,80.1
1986,4001,14964664367000,9992.0,1.00,55184.576,55907.031,1789132012197.657,2026-09-11T17:06:52.197657+04:00,80.1
1987,4002,14964678262000,9992.0,1.00,55198.471,55920.926,1789132012211.552,2026-09-11T17:06:52.211552+04:00,80.1
1988,4003,14964692153000,9992.0,1.00,55212.362,55934.817,1789132012225.443,2026-09-11T17:06:52.225443+04:00,80.1
1989,4007,14964747728000,9992.0,1.00,55267.937,55990.392,1789132012281.018,2026-09-11T17:06:52.281018+04:00,80.1
1990,4008,14964761620000,9992.0,1.00,55281.829,56004.284,1789132012294.910,2026-09-11T17:06:52.294910+04:00,80.1
1991,4009,14964775513000,9992.0,1.00,55295.722,56018.177,1789132012308.803,2026-09-11T17:06:52.308803+04:00,80.2
1992,4013,14964831091000,9992.0,1.00,55351.300,56073.755,1789132012364.381,2026-09-11T17:06:52.364381+04:00,80.2
1993,4014,14964844981000,9992.0,1.00,55365.190,56087.645,1789132012378.271,2026-09-11T17:06:52.378271+04:00,80.2
1994,4015,14964858873000,9992.0,1.00,55379.082,56101.537,1789132012392.163,2026-09-11T17:06:52.392163+04:00,80.2
1995,4019,14964914448000,9992.0,1.00,55434.657,56157.112,1789132012447.738,2026-09-11T17:06:52.447738+04:00,80.3
1996,4020,14964928342000,9992.0,1.00,55448.551,56171.006,1789132012461.632,2026-09-11T17:06:52.461632+04:00,80.4
1997,4021,14964942235000,9992.0,1.00,55462.444,56184.899,1789132012475.525,2026-09-11T17:06:52.475525+04:00,80.4
1998,4025,14964997809000,9992.0,1.00,55518.018,56240.473,1789132012531.099,2026-09-11T17:06:52.531099+04:00,80.5
1999,4026,14965011700000,9992.0,1.00,55531.909,56254.364,1789132012544.990,2026-09-11T17:06:52.544990+04:00,80.6
2000,4027,14965025594000,9992.0,1.00,55545.803,56268.258,1789132012558.884,2026-09-11T17:06:52.558884+04:00,80.6
2001,4031,14965081169000,9992.0,1.00,55601.378,56323.833,1789132012614.459,2026-09-11T17:06:52.614459+04:00,80.7
2002,4032,14965095061000,9992.0,1.00,55615.270,56337.725,1789132012628.351,2026-09-11T17:06:52.628351+04:00,80.7
2003,4033,14965108955000,9992.0,1.00,55629.164,56351.619,1789132012642.245,2026-09-11T17:06:52.642245+04:00,80.7
2004,4037,14965164529000,9992.0,1.00,55684.738,56407.193,1789132012697.819,2026-09-11T17:06:52.697819+04:00,80.7
2005,4038,14965178422000,9992.0,1.00,55698.631,56421.086,1789132012711.712,2026-09-11T17:06:52.711712+04:00,80.7
2006,4039,14965192316000,9992.0,1.00,55712.525,56434.980,1789132012725.606,2026-09-11T17:06:52.725606+04:00,80.7
2007,4043,14965247893000,9992.0,1.00,55768.102,56490.557,1789132012781.183,2026-09-11T17:06:52.781183+04:00,80.7
2008,4044,14965261786000,9992.0,1.00,55781.995,56504.450,1789132012795.076,2026-09-11T17:06:52.795076+04:00,80.7
2009,4045,14965275676000,9992.0,1.00,55795.885,56518.340,1789132012808.966,2026-09-11T17:06:52.808966+04:00,80.7
2010,4049,14965331253000,9992.0,1.00,55851.462,56573.917,1789132012864.543,2026-09-11T17:06:52.864543+04:00,80.7
2011,4050,14965345143000,9992.0,1.00,55865.352,56587.807,1789132012878.433,2026-09-11T17:06:52.878433+04:00,80.7
2012,4051,14965359036000,9992.0,1.00,55879.245,56601.700,1789132012892.326,2026-09-11T17:06:52.892326+04:00,80.7
2013,4055,14965414613000,9992.0,1.00,55934.822,56657.277,1789132012947.903,2026-09-11T17:06:52.947903+04:00,80.7
2014,4056,14965428504000,9992.0,1.00,55948.713,56671.168,1789132012961.794,2026-09-11T17:06:52.961794+04:00,80.7
2015,4057,14965442397000,9992.0,1.00,55962.606,56685.061,1789132012975.687,2026-09-11T17:06:52.975687+04:00,80.7
2016,4061,14965497970000,9992.0,1.00,56018.179,56740.634,1789132013031.260,2026-09-11T17:06:53.031260+04:00,80.7
2017,4062,14965511862000,9992.0,1.00,56032.071,56754.526,1789132013045.152,2026-09-11T17:06:53.045152+04:00,80.7
2018,4063,14965525757000,9992.0,1.00,56045.966,56768.421,1789132013059.047,2026-09-11T17:06:53.059047+04:00,80.7
2019,4067,14965581330000,9992.0,1.00,56101.539,56823.994,1789132013114.620,2026-09-11T17:06:53.114620+04:00,80.7
2020,4068,14965595224000,9992.0,1.00,56115.433,56837.888,1789132013128.514,2026-09-11T17:06:53.128514+04:00,80.6
2021,4069,14965609117000,9992.0,1.00,56129.326,56851.781,1789132013142.407,2026-09-11T17:06:53.142407+04:00,80.6
2022,4073,14965664692000,9992.0,1.00,56184.901,56907.356,1789132013197.982,2026-09-11T17:06:53.197982+04:00,80.5
2023,4074,14965678584000,9992.0,1.00,56198.793,56921.248,1789132013211.874,2026-09-11T17:06:53.211874+04:00,80.4
2024,4075,14965692478000,9992.0,1.00,56212.687,56935.142,1789132013225.768,2026-09-11T17:06:53.225768+04:00,80.4
2025,4079,14965748056000,9992.0,1.00,56268.265,56990.720,1789132013281.346,2026-09-11T17:06:53.281346+04:00,80.2
2026,4080,14965761945000,9992.0,1.00,56282.154,57004.609,1789132013295.235,2026-09-11T17:06:53.295235+04:00,80.2
2027,4081,14965775841000,9992.0,1.00,56296.050,57018.505,1789132013309.131,2026-09-11T17:06:53.309131+04:00,80.2
2028,4085,14965831416000,9992.0,1.00,56351.625,57074.080,1789132013364.706,2026-09-11T17:06:53.364706+04:00,80.1
2029,4086,14965845304000,9992.0,1.00,56365.513,57087.968,1789132013378.594,2026-09-11T17:06:53.378594+04:00,80.0
2030,4087,14965859198000,9992.0,1.00,56379.407,57101.862,1789132013392.488,2026-09-11T17:06:53.392488+04:00,80.0
2031,4091,14965914779000,9992.0,1.00,56434.988,57157.443,1789132013448.069,2026-09-11T17:06:53.448069+04:00,80.0
2032,4092,14965928667000,9992.0,1.00,56448.876,57171.331,1789132013461.957,2026-09-11T17:06:53.461957+04:00,80.0
2033,4093,14965942559000,9992.0,1.00,56462.768,57185.223,1789132013475.849,2026-09-11T17:06:53.475849+04:00,80.0
2034,4097,14965998134000,9992.0,1.00,56518.343,57240.798,1789132013531.424,2026-09-11T17:06:53.531424+04:00,80.0
2035,4098,14966012027000,9992.0,1.00,56532.236,57254.691,1789132013545.317,2026-09-11T17:06:53.545317+04:00,80.0
2036,4099,14966025919000,9992.0,1.00,56546.128,57268.583,1789132013559.209,2026-09-11T17:06:53.559209+04:00,80.0
2037,4103,14966081494000,9992.0,1.00,56601.703,57324.158,1789132013614.784,2026-09-11T17:06:53.614784+04:00,80.0
2038,4104,14966095387000,9992.0,1.00,56615.596,57338.051,1789132013628.677,2026-09-11T17:06:53.628677+04:00,80.0
2039,4105,14966109280000,9992.0,1.00,56629.489,57351.944,1789132013642.570,2026-09-11T17:06:53.642570+04:00,80.0
2040,4109,14966164855000,9992.0,1.00,56685.064,57407.519,1789132013698.145,2026-09-11T17:06:53.698145+04:00,80.0
2041,4110,14966178748000,9992.0,1.00,56698.957,57421.412,1789132013712.038,2026-09-11T17:06:53.712038+04:00,80.0
2042,4111,14966192641000,9992.0,1.00,56712.850,57435.305,1789132013725.931,2026-09-11T17:06:53.725931+04:00,80.0
2043,4115,14966248214000,9992.0,1.00,56768.423,57490.878,1789132013781.504,2026-09-11T17:06:53.781504+04:00,80.0
2044,4116,14966262108000,9992.0,1.00,56782.317,57504.772,1789132013795.398,2026-09-11T17:06:53.795398+04:00,80.0
2045,4117,14966276000000,9992.0,1.00,56796.209,57518.664,1789132013809.290,2026-09-11T17:06:53.809290+04:00,80.0
2046,4121,14966331578000,9992.0,1.00,56851.787,57574.242,1789132013864.868,2026-09-11T17:06:53.864868+04:00,80.0
2047,4122,14966345468000,9992.0,1.00,56865.677,57588.132,1789132013878.758,2026-09-11T17:06:53.878758+04:00,80.0
2048,4123,14966359362000,9992.0,1.00,56879.571,57602.026,1789132013892.652,2026-09-11T17:06:53.892652+04:00,80.0
2049,4127,14966414938000,9992.0,1.00,56935.147,57657.602,1789132013948.228,2026-09-11T17:06:53.948228+04:00,80.0
2050,4128,14966428828000,9992.0,1.00,56949.037,57671.492,1789132013962.118,2026-09-11T17:06:53.962118+04:00,80.0
2051,4129,14966442722000,9992.0,1.00,56962.931,57685.386,1789132013976.012,2026-09-11T17:06:53.976012+04:00,80.0
2052,4133,14966498296000,9992.0,1.00,57018.505,57740.960,1789132014031.586,2026-09-11T17:06:54.031586+04:00,80.0
2053,4134,14966512190000,9992.0,1.00,57032.399,57754.854,1789132014045.480,2026-09-11T17:06:54.045480+04:00,80.0
2054,4135,14966526082000,9992.0,1.00,57046.291,57768.746,1789132014059.372,2026-09-11T17:06:54.059372+04:00,80.0
2055,4139,14966581657000,9992.0,1.00,57101.866,57824.321,1789132014114.947,2026-09-11T17:06:54.114947+04:00,80.0
2056,4140,14966595551000,9992.0,1.00,57115.760,57838.215,1789132014128.841,2026-09-11T17:06:54.128841+04:00,80.0
2057,4141,14966609443000,9992.0,1.00,57129.652,57852.107,1789132014142.733,2026-09-11T17:06:54.142733+04:00,80.0
2058,4145,14966665017000,9992.0,1.00,57185.226,57907.681,1789132014198.307,2026-09-11T17:06:54.198307+04:00,80.1
2059,4146,14966678909000,9992.0,1.00,57199.118,57921.573,1789132014212.199,2026-09-11T17:06:54.212199+04:00,80.1
2060,4147,14966692802000,9992.0,1.00,57213.011,57935.466,1789132014226.092,2026-09-11T17:06:54.226092+04:00,80.1
2061,4151,14966748377000,9992.0,1.00,57268.586,57991.041,1789132014281.667,2026-09-11T17:06:54.281667+04:00,80.1
2062,4152,14966762271000,9992.0,1.00,57282.480,58004.935,1789132014295.561,2026-09-11T17:06:54.295561+04:00,80.1
2063,4153,14966776164000,9992.0,1.00,57296.373,58018.828,1789132014309.454,2026-09-11T17:06:54.309454+04:00,80.1
2064,4157,14966831741000,9992.0,1.00,57351.950,58074.405,1789132014365.031,2026-09-11T17:06:54.365031+04:00,80.1
2065,4158,14966845629000,9992.0,1.00,57365.838,58088.293,1789132014378.919,2026-09-11T17:06:54.378919+04:00,80.1
2066,4159,14966859524000,9992.0,1.00,57379.733,58102.188,1789132014392.814,2026-09-11T17:06:54.392814+04:00,80.0
2067,4163,14966915102000,9992.0,1.00,57435.311,58157.766,1789132014448.392,2026-09-11T17:06:54.448392+04:00,80.0
2068,4164,14966928990000,9992.0,1.00,57449.199,58171.654,1789132014462.280,2026-09-11T17:06:54.462280+04:00,80.0
2069,4165,14966942884000,9992.0,1.00,57463.093,58185.548,1789132014476.174,2026-09-11T17:06:54.476174+04:00,80.0
2070,4169,14966998462000,9992.0,1.00,57518.671,58241.126,1789132014531.752,2026-09-11T17:06:54.531752+04:00,80.0
2071,4170,14967012351000,9992.0,1.00,57532.560,58255.015,1789132014545.641,2026-09-11T17:06:54.545641+04:00,79.9
2072,4171,14967026244000,9992.0,1.00,57546.453,58268.908,1789132014559.534,2026-09-11T17:06:54.559534+04:00,79.9
2073,4175,14967081822000,9992.0,1.00,57602.031,58324.486,1789132014615.112,2026-09-11T17:06:54.615112+04:00,79.9
2074,4176,14967095711000,9992.0,1.00,57615.920,58338.375,1789132014629.001,2026-09-11T17:06:54.629001+04:00,79.8
2075,4177,14967109605000,9992.0,1.00,57629.814,58352.269,1789132014642.895,2026-09-11T17:06:54.642895+04:00,79.8
2076,4181,14967165180000,9992.0,1.00,57685.389,58407.844,1789132014698.470,2026-09-11T17:06:54.698470+04:00,79.8
2077,4182,14967179072000,9992.0,1.00,57699.281,58421.736,1789132014712.362,2026-09-11T17:06:54.712362+04:00,79.8
2078,4183,14967192965000,9992.0,1.00,57713.174,58435.629,1789132014726.255,2026-09-11T17:06:54.726255+04:00,79.8
2079,4187,14967248539000,9992.0,1.00,57768.748,58491.203,1789132014781.829,2026-09-11T17:06:54.781829+04:00,79.7
2080,4188,14967262433000,9992.0,1.00,57782.642,58505.097,1789132014795.723,2026-09-11T17:06:54.795723+04:00,79.7
2081,4189,14967276326000,9992.0,1.00,57796.535,58518.990,1789132014809.616,2026-09-11T17:06:54.809616+04:00,79.7
2082,4193,14967331901000,9992.0,1.00,57852.110,58574.565,1789132014865.191,2026-09-11T17:06:54.865191+04:00,79.6
2083,4194,14967345793000,9992.0,1.00,57866.002,58588.457,1789132014879.083,2026-09-11T17:06:54.879083+04:00,79.6
2084,4195,14967359686000,9992.0,1.00,57879.895,58602.350,1789132014892.976,2026-09-11T17:06:54.892976+04:00,79.6
2085,4199,14967415263000,9992.0,1.00,57935.472,58657.927,1789132014948.553,2026-09-11T17:06:54.948553+04:00,79.6
2086,4200,14967429153000,9992.0,1.00,57949.362,58671.817,1789132014962.443,2026-09-11T17:06:54.962443+04:00,79.5
2087,4201,14967443047000,9992.0,1.00,57963.256,58685.711,1789132014976.337,2026-09-11T17:06:54.976337+04:00,79.5
2088,4205,14967498622000,9992.0,1.00,58018.831,58741.286,1789132015031.912,2026-09-11T17:06:55.031912+04:00,79.5
2089,4206,14967512514000,9992.0,1.00,58032.723,58755.178,1789132015045.804,2026-09-11T17:06:55.045804+04:00,79.5
2090,4207,14967526408000,9992.0,1.00,58046.617,58769.072,1789132015059.698,2026-09-11T17:06:55.059698+04:00,79.5
2091,4211,14967581980000,9992.0,1.00,58102.189,58824.644,1789132015115.270,2026-09-11T17:06:55.115270+04:00,79.4
2092,4212,14967595875000,9992.0,1.00,58116.084,58838.539,1789132015129.165,2026-09-11T17:06:55.129165+04:00,79.4
2093,4213,14967609767000,9992.0,1.00,58129.976,58852.431,1789132015143.057,2026-09-11T17:06:55.143057+04:00,79.4
2094,4217,14967665343000,9992.0,1.00,58185.552,58908.007,1789132015198.633,2026-09-11T17:06:55.198633+04:00,79.3
2095,4218,14967679235000,9992.0,1.00,58199.444,58921.899,1789132015212.525,2026-09-11T17:06:55.212525+04:00,79.3
2096,4219,14967693128000,9992.0,1.00,58213.337,58935.792,1789132015226.418,2026-09-11T17:06:55.226418+04:00,79.3
2097,4223,14967748703000,9992.0,1.00,58268.912,58991.367,1789132015281.993,2026-09-11T17:06:55.281993+04:00,79.3
2098,4224,14967762596000,9992.0,1.00,58282.805,59005.260,1789132015295.886,2026-09-11T17:06:55.295886+04:00,79.3
2099,4225,14967776488000,9992.0,1.00,58296.697,59019.152,1789132015309.778,2026-09-11T17:06:55.309778+04:00,79.2
2100,4229,14967832062000,9992.0,1.00,58352.271,59074.726,1789132015365.352,2026-09-11T17:06:55.365352+04:00,79.2
2101,4230,14967845956000,9992.0,1.00,58366.165,59088.620,1789132015379.246,2026-09-11T17:06:55.379246+04:00,79.2
2102,4231,14967859849000,9992.0,1.00,58380.058,59102.513,1789132015393.139,2026-09-11T17:06:55.393139+04:00,79.2
2103,4235,14967915427000,9992.0,1.00,58435.636,59158.091,1789132015448.717,2026-09-11T17:06:55.448717+04:00,79.2
2104,4236,14967929316000,9992.0,1.00,58449.525,59171.980,1789132015462.606,2026-09-11T17:06:55.462606+04:00,79.2
2105,4237,14967943210000,9992.0,1.00,58463.419,59185.874,1789132015476.500,2026-09-11T17:06:55.476500+04:00,79.2
2106,4241,14967998784000,9992.0,1.00,58518.993,59241.448,1789132015532.074,2026-09-11T17:06:55.532074+04:00,79.2
2107,4242,14968012676000,9992.0,1.00,58532.885,59255.340,1789132015545.966,2026-09-11T17:06:55.545966+04:00,79.2
2108,4243,14968026570000,9992.0,1.00,58546.779,59269.234,1789132015559.860,2026-09-11T17:06:55.559860+04:00,79.3
2109,4247,14968082146000,9992.0,1.00,58602.355,59324.810,1789132015615.436,2026-09-11T17:06:55.615436+04:00,79.7
2110,4248,14968096036000,9992.0,1.00,58616.245,59338.700,1789132015629.326,2026-09-11T17:06:55.629326+04:00,79.9
2111,4249,14968109931000,9992.0,1.00,58630.140,59352.595,1789132015643.221,2026-09-11T17:06:55.643221+04:00,80.2
2112,4253,14968165503000,9992.0,1.00,58685.712,59408.167,1789132015698.793,2026-09-11T17:06:55.698793+04:00,81.4
2113,4254,14968179398000,9992.0,1.00,58699.607,59422.062,1789132015712.688,2026-09-11T17:06:55.712688+04:00,81.4
2114,4255,14968193291000,9992.0,1.00,58713.500,59435.955,1789132015726.581,2026-09-11T17:06:55.726581+04:00,81.4
2115,4259,14968248865000,9992.0,1.00,58769.074,59491.529,1789132015782.155,2026-09-11T17:06:55.782155+04:00,81.5
2116,4260,14968262759000,9992.0,1.00,58782.968,59505.423,1789132015796.049,2026-09-11T17:06:55.796049+04:00,81.7
2117,4261,14968276654000,9992.0,1.00,58796.863,59519.318,1789132015809.944,2026-09-11T17:06:55.809944+04:00,81.9
2118,4265,14968332226000,9992.0,1.00,58852.435,59574.890,1789132015865.516,2026-09-11T17:06:55.865516+04:00,83.7
2119,4266,14968346119000,9992.0,1.00,58866.328,59588.783,1789132015879.409,2026-09-11T17:06:55.879409+04:00,84.3
2120,4267,14968360023000,9992.0,1.00,58880.232,59602.687,1789132015893.313,2026-09-11T17:06:55.893313+04:00,84.8
2121,4271,14968415589000,9992.0,1.00,58935.798,59658.253,1789132015948.879,2026-09-11T17:06:55.948879+04:00,86.0
2122,4272,14968429478000,9992.0,1.00,58949.687,59672.142,1789132015962.768,2026-09-11T17:06:55.962768+04:00,85.9
2123,4273,14968443372000,9992.0,1.00,58963.581,59686.036,1789132015976.662,2026-09-11T17:06:55.976662+04:00,85.7
2124,4277,14968498949000,9992.0,1.00,59019.158,59741.613,1789132016032.239,2026-09-11T17:06:56.032239+04:00,84.0
2125,4278,14968512839000,9992.0,1.00,59033.048,59755.503,1789132016046.129,2026-09-11T17:06:56.046129+04:00,83.4
2126,4279,14968526732000,9992.0,1.00,59046.941,59769.396,1789132016060.022,2026-09-11T17:06:56.060022+04:00,82.9
2127,4283,14968582310000,9992.0,1.00,59102.519,59824.974,1789132016115.600,2026-09-11T17:06:56.115600+04:00,81.3
2128,4284,14968596199000,9992.0,1.00,59116.408,59838.863,1789132016129.489,2026-09-11T17:06:56.129489+04:00,81.2
2129,4285,14968610092000,9992.0,1.00,59130.301,59852.756,1789132016143.382,2026-09-11T17:06:56.143382+04:00,81.0
2130,4289,14968665669000,9992.0,1.00,59185.878,59908.333,1789132016198.959,2026-09-11T17:06:56.198959+04:00,80.7
2131,4290,14968679561000,9992.0,1.00,59199.770,59922.225,1789132016212.851,2026-09-11T17:06:56.212851+04:00,80.7
2132,4291,14968693453000,9992.0,1.00,59213.662,59936.117,1789132016226.743,2026-09-11T17:06:56.226743+04:00,80.7
2133,4295,14968749028000,9992.0,1.00,59269.237,59991.692,1789132016282.318,2026-09-11T17:06:56.282318+04:00,80.7
2134,4296,14968762922000,9992.0,1.00,59283.131,60005.586,1789132016296.212,2026-09-11T17:06:56.296212+04:00,80.6
2135,4297,14968776813000,9992.0,1.00,59297.022,60019.477,1789132016310.103,2026-09-11T17:06:56.310103+04:00,80.6
2136,4301,14968832388000,9992.0,1.00,59352.597,60075.052,1789132016365.678,2026-09-11T17:06:56.365678+04:00,80.6
2137,4302,14968846281000,9992.0,1.00,59366.490,60088.945,1789132016379.571,2026-09-11T17:06:56.379571+04:00,80.6
2138,4303,14968860175000,9992.0,1.00,59380.384,60102.839,1789132016393.465,2026-09-11T17:06:56.393465+04:00,80.6
2139,4307,14968915751000,9992.0,1.00,59435.960,60158.415,1789132016449.041,2026-09-11T17:06:56.449041+04:00,81.0
2140,4308,14968929641000,9992.0,1.00,59449.850,60172.305,1789132016462.931,2026-09-11T17:06:56.462931+04:00,81.1
2141,4309,14968943534000,9992.0,1.00,59463.743,60186.198,1789132016476.824,2026-09-11T17:06:56.476824+04:00,81.3
2142,4313,14968999111000,9992.0,1.00,59519.320,60241.775,1789132016532.401,2026-09-11T17:06:56.532401+04:00,83.8
2143,4314,14969013002000,9992.0,1.00,59533.211,60255.666,1789132016546.292,2026-09-11T17:06:56.546292+04:00,85.0
2144,4315,14969026896000,9992.0,1.00,59547.105,60269.560,1789132016560.186,2026-09-11T17:06:56.560186+04:00,86.4
2145,4319,14969082471000,9992.0,1.00,59602.680,60325.135,1789132016615.761,2026-09-11T17:06:56.615761+04:00,93.1
2146,4320,14969096361000,9992.0,1.00,59616.570,60339.025,1789132016629.651,2026-09-11T17:06:56.629651+04:00,94.8
2147,4321,14969110254000,9992.0,1.00,59630.463,60352.918,1789132016643.544,2026-09-11T17:06:56.643544+04:00,96.7
2148,4325,14969165832000,9992.0,1.00,59686.041,60408.496,1789132016699.122,2026-09-11T17:06:56.699122+04:00,103.3
2149,4326,14969179721000,9992.0,1.00,59699.930,60422.385,1789132016713.011,2026-09-11T17:06:56.713011+04:00,104.9
2150,4327,14969193617000,9992.0,1.00,59713.826,60436.281,1789132016726.907,2026-09-11T17:06:56.726907+04:00,106.4
2151,4331,14969249192000,9992.0,1.00,59769.401,60491.856,1789132016782.482,2026-09-11T17:06:56.782482+04:00,111.4
2152,4332,14969263083000,9992.0,1.00,59783.292,60505.747,1789132016796.373,2026-09-11T17:06:56.796373+04:00,112.4
2153,4333,14969276977000,9992.0,1.00,59797.186,60519.641,1789132016810.267,2026-09-11T17:06:56.810267+04:00,113.3
2154,4337,14969332550000,9992.0,1.00,59852.759,60575.214,1789132016865.840,2026-09-11T17:06:56.865840+04:00,116.5
2155,4338,14969346443000,9992.0,1.00,59866.652,60589.107,1789132016879.733,2026-09-11T17:06:56.879733+04:00,117.1
2156,4339,14969360336000,9992.0,1.00,59880.545,60603.000,1789132016893.626,2026-09-11T17:06:56.893626+04:00,117.6
2157,4343,14969415914000,9992.0,1.00,59936.123,60658.578,1789132016949.204,2026-09-11T17:06:56.949204+04:00,119.0
2158,4344,14969429804000,9992.0,1.00,59950.013,60672.468,1789132016963.094,2026-09-11T17:06:56.963094+04:00,119.2
2159,4345,14969443698000,9992.0,1.00,59963.907,60686.362,1789132016976.988,2026-09-11T17:06:56.976988+04:00,119.4
2160,4349,14969499270000,9992.0,1.00,60019.479,60741.934,1789132017032.560,2026-09-11T17:06:57.032560+04:00,119.4
2161,4350,14969513163000,9992.0,1.00,60033.372,60755.827,1789132017046.453,2026-09-11T17:06:57.046453+04:00,119.2
2162,4351,14969527056000,9992.0,1.00,60047.265,60769.720,1789132017060.346,2026-09-11T17:06:57.060346+04:00,119.0
2163,4355,14969582630000,9992.0,1.00,60102.839,60825.294,1789132017115.920,2026-09-11T17:06:57.115920+04:00,117.8
2164,4356,14969596524000,9992.0,1.00,60116.733,60839.188,1789132017129.814,2026-09-11T17:06:57.129814+04:00,117.5
2165,4357,14969610419000,9992.0,1.00,60130.628,60853.083,1789132017143.709,2026-09-11T17:06:57.143709+04:00,117.4
2166,4361,14969665991000,9992.0,1.00,60186.200,60908.655,1789132017199.281,2026-09-11T17:06:57.199281+04:00,117.7
2167,4362,14969679884000,9992.0,1.00,60200.093,60922.548,1789132017213.174,2026-09-11T17:06:57.213174+04:00,117.7
2168,4363,14969693777000,9992.0,1.00,60213.986,60936.441,1789132017227.067,2026-09-11T17:06:57.227067+04:00,117.7
2169,4367,14969749351000,9992.0,1.00,60269.560,60992.015,1789132017282.641,2026-09-11T17:06:57.282641+04:00,117.5
2170,4368,14969763245000,9992.0,1.00,60283.454,61005.909,1789132017296.535,2026-09-11T17:06:57.296535+04:00,117.5
2171,4369,14969777136000,9992.0,1.00,60297.345,61019.800,1789132017310.426,2026-09-11T17:06:57.310426+04:00,117.5
2172,4373,14969832714000,9992.0,1.00,60352.923,61075.378,1789132017366.004,2026-09-11T17:06:57.366004+04:00,117.5
2173,4374,14969846605000,9992.0,1.00,60366.814,61089.269,1789132017379.895,2026-09-11T17:06:57.379895+04:00,117.5
2174,4375,14969860497000,9992.0,1.00,60380.706,61103.161,1789132017393.787,2026-09-11T17:06:57.393787+04:00,117.5
2175,4379,14969916072000,9992.0,1.00,60436.281,61158.736,1789132017449.362,2026-09-11T17:06:57.449362+04:00,117.5
2176,4380,14969929965000,9992.0,1.00,60450.174,61172.629,1789132017463.255,2026-09-11T17:06:57.463255+04:00,117.5
2177,4381,14969943857000,9992.0,1.00,60464.066,61186.521,1789132017477.147,2026-09-11T17:06:57.477147+04:00,117.5
2178,4385,14969999436000,9992.0,1.00,60519.645,61242.100,1789132017532.726,2026-09-11T17:06:57.532726+04:00,117.4
2179,4386,14970013327000,9992.0,1.00,60533.536,61255.991,1789132017546.617,2026-09-11T17:06:57.546617+04:00,117.4
2180,4387,14970027219000,9992.0,1.00,60547.428,61269.883,1789132017560.509,2026-09-11T17:06:57.560509+04:00,117.4
2181,4391,14970082795000,9992.0,1.00,60603.004,61325.459,1789132017616.085,2026-09-11T17:06:57.616085+04:00,117.4
2182,4392,14970096686000,9992.0,1.00,60616.895,61339.350,1789132017629.976,2026-09-11T17:06:57.629976+04:00,117.4
2183,4393,14970110579000,9992.0,1.00,60630.788,61353.243,1789132017643.869,2026-09-11T17:06:57.643869+04:00,117.4
2184,4397,14970166153000,9992.0,1.00,60686.362,61408.817,1789132017699.443,2026-09-11T17:06:57.699443+04:00,117.4
2185,4398,14970180046000,9992.0,1.00,60700.255,61422.710,1789132017713.336,2026-09-11T17:06:57.713336+04:00,117.4
2186,4399,14970193940000,9992.0,1.00,60714.149,61436.604,1789132017727.230,2026-09-11T17:06:57.727230+04:00,117.4
2187,4403,14970249511000,9992.0,1.00,60769.720,61492.175,1789132017782.801,2026-09-11T17:06:57.782801+04:00,117.3
2188,4404,14970263407000,9992.0,1.00,60783.616,61506.071,1789132017796.697,2026-09-11T17:06:57.796697+04:00,117.3
2189,4405,14970277299000,9992.0,1.00,60797.508,61519.963,1789132017810.589,2026-09-11T17:06:57.810589+04:00,117.3
2190,4409,14970332872000,9992.0,1.00,60853.081,61575.536,1789132017866.162,2026-09-11T17:06:57.866162+04:00,117.2
2191,4410,14970346767000,9992.0,1.00,60866.976,61589.431,1789132017880.057,2026-09-11T17:06:57.880057+04:00,117.2
2192,4411,14970360658000,9992.0,1.00,60880.867,61603.322,1789132017893.948,2026-09-11T17:06:57.893948+04:00,117.2
2193,4415,14970416233000,9992.0,1.00,60936.442,61658.897,1789132017949.523,2026-09-11T17:06:57.949523+04:00,117.2
2194,4416,14970430128000,9992.0,1.00,60950.337,61672.792,1789132017963.418,2026-09-11T17:06:57.963418+04:00,117.2
2195,4417,14970444019000,9992.0,1.00,60964.228,61686.683,1789132017977.309,2026-09-11T17:06:57.977309+04:00,117.3
2196,4421,14970499598000,9992.0,1.00,61019.807,61742.262,1789132018032.888,2026-09-11T17:06:58.032888+04:00,117.2
2197,4422,14970513489000,9992.0,1.00,61033.698,61756.153,1789132018046.779,2026-09-11T17:06:58.046779+04:00,117.2
2198,4423,14970527380000,9992.0,1.00,61047.589,61770.044,1789132018060.670,2026-09-11T17:06:58.060670+04:00,117.1
2199,4427,14970582956000,9992.0,1.00,61103.165,61825.620,1789132018116.246,2026-09-11T17:06:58.116246+04:00,117.0
2200,4428,14970596847000,9992.0,1.00,61117.056,61839.511,1789132018130.137,2026-09-11T17:06:58.130137+04:00,116.9
2201,4429,14970610740000,9992.0,1.00,61130.949,61853.404,1789132018144.030,2026-09-11T17:06:58.144030+04:00,116.8
2202,4433,14970666317000,9992.0,1.00,61186.526,61908.981,1789132018199.607,2026-09-11T17:06:58.199607+04:00,116.6
2203,4434,14970680206000,9992.0,1.00,61200.415,61922.870,1789132018213.496,2026-09-11T17:06:58.213496+04:00,116.7
2204,4435,14970694101000,9992.0,1.00,61214.310,61936.765,1789132018227.391,2026-09-11T17:06:58.227391+04:00,116.7
2205,4439,14970749677000,9992.0,1.00,61269.886,61992.341,1789132018282.967,2026-09-11T17:06:58.282967+04:00,116.9
2206,4440,14970763567000,9992.0,1.00,61283.776,62006.231,1789132018296.857,2026-09-11T17:06:58.296857+04:00,117.0
2207,4441,14970777462000,9992.0,1.00,61297.671,62020.126,1789132018310.752,2026-09-11T17:06:58.310752+04:00,116.9
2208,4445,14970833036000,9992.0,1.00,61353.245,62075.700,1789132018366.326,2026-09-11T17:06:58.366326+04:00,116.9
2209,4446,14970846928000,9992.0,1.00,61367.137,62089.592,1789132018380.218,2026-09-11T17:06:58.380218+04:00,116.8
2210,4447,14970860823000,9992.0,1.00,61381.032,62103.487,1789132018394.113,2026-09-11T17:06:58.394113+04:00,116.8
2211,4451,14970916394000,9992.0,1.00,61436.603,62159.058,1789132018449.684,2026-09-11T17:06:58.449684+04:00,117.0
2212,4452,14970930289000,9992.0,1.00,61450.498,62172.953,1789132018463.579,2026-09-11T17:06:58.463579+04:00,117.2
2213,4453,14970944183000,9992.0,1.00,61464.392,62186.847,1789132018477.473,2026-09-11T17:06:58.477473+04:00,117.3
2214,4457,14970999760000,9992.0,1.00,61519.969,62242.424,1789132018533.050,2026-09-11T17:06:58.533050+04:00,117.4
2215,4458,14971013652000,9992.0,1.00,61533.861,62256.316,1789132018546.942,2026-09-11T17:06:58.546942+04:00,117.5
2216,4459,14971027544000,9992.0,1.00,61547.753,62270.208,1789132018560.834,2026-09-11T17:06:58.560834+04:00,117.5
2217,4463,14971083120000,9992.0,1.00,61603.329,62325.784,1789132018616.410,2026-09-11T17:06:58.616410+04:00,117.6
2218,4464,14971097011000,9992.0,1.00,61617.220,62339.675,1789132018630.301,2026-09-11T17:06:58.630301+04:00,117.6
2219,4465,14971110903000,9992.0,1.00,61631.112,62353.567,1789132018644.193,2026-09-11T17:06:58.644193+04:00,117.7
2220,4469,14971166480000,9992.0,1.00,61686.689,62409.144,1789132018699.770,2026-09-11T17:06:58.699770+04:00,118.0
2221,4470,14971180372000,9992.0,1.00,61700.581,62423.036,1789132018713.662,2026-09-11T17:06:58.713662+04:00,118.1
2222,4471,14971194265000,9992.0,1.00,61714.474,62436.929,1789132018727.555,2026-09-11T17:06:58.727555+04:00,118.1
2223,4475,14971249840000,9992.0,1.00,61770.049,62492.504,1789132018783.130,2026-09-11T17:06:58.783130+04:00,118.1
2224,4476,14971263732000,9992.0,1.00,61783.941,62506.396,1789132018797.022,2026-09-11T17:06:58.797022+04:00,118.1
2225,4477,14971277625000,9992.0,1.00,61797.834,62520.289,1789132018810.915,2026-09-11T17:06:58.810915+04:00,118.1
2226,4481,14971333200000,9992.0,1.00,61853.409,62575.864,1789132018866.490,2026-09-11T17:06:58.866490+04:00,117.9
2227,4482,14971347091000,9992.0,1.00,61867.300,62589.755,1789132018880.381,2026-09-11T17:06:58.880381+04:00,117.7
2228,4483,14971360986000,9992.0,1.00,61881.195,62603.650,1789132018894.276,2026-09-11T17:06:58.894276+04:00,117.6
2229,4487,14971416561000,9992.0,1.00,61936.770,62659.225,1789132018949.851,2026-09-11T17:06:58.949851+04:00,117.6
2230,4488,14971430451000,9992.0,1.00,61950.660,62673.115,1789132018963.741,2026-09-11T17:06:58.963741+04:00,117.6
2231,4489,14971444346000,9992.0,1.00,61964.555,62687.010,1789132018977.636,2026-09-11T17:06:58.977636+04:00,117.6
2232,4493,14971499923000,9992.0,1.00,62020.132,62742.587,1789132019033.213,2026-09-11T17:06:59.033213+04:00,117.5
2233,4494,14971513813000,9992.0,1.00,62034.022,62756.477,1789132019047.103,2026-09-11T17:06:59.047103+04:00,117.5
2234,4495,14971527707000,9992.0,1.00,62047.916,62770.371,1789132019060.997,2026-09-11T17:06:59.060997+04:00,117.5
2235,4499,14971583280000,9992.0,1.00,62103.489,62825.944,1789132019116.570,2026-09-11T17:06:59.116570+04:00,117.5
2236,4500,14971597174000,9992.0,1.00,62117.383,62839.838,1789132019130.464,2026-09-11T17:06:59.130464+04:00,117.5
2237,4501,14971611086000,9992.0,1.00,62131.295,62853.750,1789132019144.376,2026-09-11T17:06:59.144376+04:00,117.4
2238,4505,14971666641000,9992.0,1.00,62186.850,62909.305,1789132019199.931,2026-09-11T17:06:59.199931+04:00,117.2
2239,4506,14971680535000,9992.0,1.00,62200.744,62923.199,1789132019213.825,2026-09-11T17:06:59.213825+04:00,117.1
2240,4507,14971694427000,9992.0,1.00,62214.636,62937.091,1789132019227.717,2026-09-11T17:06:59.227717+04:00,117.0
2241,4511,14971750001000,9992.0,1.00,62270.210,62992.665,1789132019283.291,2026-09-11T17:06:59.283291+04:00,116.8
2242,4512,14971763894000,9992.0,1.00,62284.103,63006.558,1789132019297.184,2026-09-11T17:06:59.297184+04:00,116.8
2243,4513,14971777787000,9992.0,1.00,62297.996,63020.451,1789132019311.077,2026-09-11T17:06:59.311077+04:00,116.7
2244,4517,14971833362000,9992.0,1.00,62353.571,63076.026,1789132019366.652,2026-09-11T17:06:59.366652+04:00,116.7
2245,4518,14971847255000,9992.0,1.00,62367.464,63089.919,1789132019380.545,2026-09-11T17:06:59.380545+04:00,116.7
2246,4519,14971861148000,9992.0,1.00,62381.357,63103.812,1789132019394.438,2026-09-11T17:06:59.394438+04:00,116.7
2247,4523,14971916722000,9992.0,1.00,62436.931,63159.386,1789132019450.012,2026-09-11T17:06:59.450012+04:00,116.8
2248,4524,14971930616000,9992.0,1.00,62450.825,63173.280,1789132019463.906,2026-09-11T17:06:59.463906+04:00,116.8
2249,4525,14971944509000,9992.0,1.00,62464.718,63187.173,1789132019477.799,2026-09-11T17:06:59.477799+04:00,116.9
2250,4529,14972000084000,9992.0,1.00,62520.293,63242.748,1789132019533.374,2026-09-11T17:06:59.533374+04:00,116.9
2251,4530,14972013977000,9992.0,1.00,62534.186,63256.641,1789132019547.267,2026-09-11T17:06:59.547267+04:00,117.0
2252,4531,14972027870000,9992.0,1.00,62548.079,63270.534,1789132019561.160,2026-09-11T17:06:59.561160+04:00,117.0
2253,4535,14972083442000,9992.0,1.00,62603.651,63326.106,1789132019616.732,2026-09-11T17:06:59.616732+04:00,117.0
2254,4536,14972097336000,9992.0,1.00,62617.545,63340.000,1789132019630.626,2026-09-11T17:06:59.630626+04:00,117.0
2255,4537,14972111229000,9992.0,1.00,62631.438,63353.893,1789132019644.519,2026-09-11T17:06:59.644519+04:00,117.0
2256,4541,14972166804000,9992.0,1.00,62687.013,63409.468,1789132019700.094,2026-09-11T17:06:59.700094+04:00,116.9
2257,4542,14972180696000,9992.0,1.00,62700.905,63423.360,1789132019713.986,2026-09-11T17:06:59.713986+04:00,116.9
2258,4543,14972194592000,9992.0,1.00,62714.801,63437.256,1789132019727.882,2026-09-11T17:06:59.727882+04:00,116.9
2259,4547,14972250165000,9992.0,1.00,62770.374,63492.829,1789132019783.455,2026-09-11T17:06:59.783455+04:00,116.6
2260,4548,14972264061000,9992.0,1.00,62784.270,63506.725,1789132019797.351,2026-09-11T17:06:59.797351+04:00,116.5
2261,4549,14972277951000,9992.0,1.00,62798.160,63520.615,1789132019811.241,2026-09-11T17:06:59.811241+04:00,116.4
2262,4553,14972333524000,9992.0,1.00,62853.733,63576.188,1789132019866.814,2026-09-11T17:06:59.866814+04:00,116.2
2263,4554,14972347418000,9992.0,1.00,62867.627,63590.082,1789132019880.708,2026-09-11T17:06:59.880708+04:00,116.1
2264,4555,14972361310000,9992.0,1.00,62881.519,63603.974,1789132019894.600,2026-09-11T17:06:59.894600+04:00,116.0
2265,4559,14972416885000,9992.0,1.00,62937.094,63659.549,1789132019950.175,2026-09-11T17:06:59.950175+04:00,115.8
2266,4560,14972430779000,9992.0,1.00,62950.988,63673.443,1789132019964.069,2026-09-11T17:06:59.964069+04:00,115.8
2267,4561,14972444669000,9992.0,1.00,62964.878,63687.333,1789132019977.959,2026-09-11T17:06:59.977959+04:00,115.7
2268,4565,14972500245000,9992.0,1.00,63020.454,63742.909,1789132020033.535,2026-09-11T17:07:00.033535+04:00,115.7
2269,4566,14972514135000,9992.0,1.00,63034.344,63756.799,1789132020047.425,2026-09-11T17:07:00.047425+04:00,115.7
2270,4567,14972528031000,9992.0,1.00,63048.240,63770.695,1789132020061.321,2026-09-11T17:07:00.061321+04:00,115.7
2271,4571,14972583604000,9992.0,1.00,63103.813,63826.268,1789132020116.894,2026-09-11T17:07:00.116894+04:00,115.7
2272,4572,14972597497000,9992.0,1.00,63117.706,63840.161,1789132020130.787,2026-09-11T17:07:00.130787+04:00,115.8
2273,4573,14972611391000,9992.0,1.00,63131.600,63854.055,1789132020144.681,2026-09-11T17:07:00.144681+04:00,115.8
2274,4577,14972666967000,9992.0,1.00,63187.176,63909.631,1789132020200.257,2026-09-11T17:07:00.200257+04:00,116.0
2275,4578,14972680859000,9992.0,1.00,63201.068,63923.523,1789132020214.149,2026-09-11T17:07:00.214149+04:00,116.1
2276,4579,14972694753000,9992.0,1.00,63214.962,63937.417,1789132020228.043,2026-09-11T17:07:00.228043+04:00,116.2
2277,4583,14972750327000,9992.0,1.00,63270.536,63992.991,1789132020283.617,2026-09-11T17:07:00.283617+04:00,116.4
2278,4584,14972764219000,9992.0,1.00,63284.428,64006.883,1789132020297.509,2026-09-11T17:07:00.297509+04:00,116.5
2279,4585,14972778113000,9992.0,1.00,63298.322,64020.777,1789132020311.403,2026-09-11T17:07:00.311403+04:00,116.6
2280,4589,14972833689000,9992.0,1.00,63353.898,64076.353,1789132020366.979,2026-09-11T17:07:00.366979+04:00,116.6
2281,4590,14972847580000,9992.0,1.00,63367.789,64090.244,1789132020380.870,2026-09-11T17:07:00.380870+04:00,116.6
2282,4591,14972861473000,9992.0,1.00,63381.682,64104.137,1789132020394.763,2026-09-11T17:07:00.394763+04:00,116.6
2283,4595,14972917048000,9992.0,1.00,63437.257,64159.712,1789132020450.338,2026-09-11T17:07:00.450338+04:00,116.5
2284,4596,14972930940000,9992.0,1.00,63451.149,64173.604,1789132020464.230,2026-09-11T17:07:00.464230+04:00,116.5
2285,4597,14972944834000,9992.0,1.00,63465.043,64187.498,1789132020478.124,2026-09-11T17:07:00.478124+04:00,116.5
2286,4601,14973000409000,9992.0,1.00,63520.618,64243.073,1789132020533.699,2026-09-11T17:07:00.533699+04:00,116.3
2287,4602,14973014301000,9992.0,1.00,63534.510,64256.965,1789132020547.591,2026-09-11T17:07:00.547591+04:00,116.3
2288,4603,14973028194000,9992.0,1.00,63548.403,64270.858,1789132020561.484,2026-09-11T17:07:00.561484+04:00,116.2
2289,4607,14973083772000,9992.0,1.00,63603.981,64326.436,1789132020617.062,2026-09-11T17:07:00.617062+04:00,116.1
2290,4608,14973097660000,9992.0,1.00,63617.869,64340.324,1789132020630.950,2026-09-11T17:07:00.630950+04:00,116.1
2291,4609,14973111554000,9992.0,1.00,63631.763,64354.218,1789132020644.844,2026-09-11T17:07:00.644844+04:00,116.1
2292,4613,14973167131000,9992.0,1.00,63687.340,64409.795,1789132020700.421,2026-09-11T17:07:00.700421+04:00,115.9
2293,4614,14973181023000,9992.0,1.00,63701.232,64423.687,1789132020714.313,2026-09-11T17:07:00.714313+04:00,115.9
2294,4615,14973194917000,9992.0,1.00,63715.126,64437.581,1789132020728.207,2026-09-11T17:07:00.728207+04:00,115.9
2295,4619,14973250489000,9992.0,1.00,63770.698,64493.153,1789132020783.779,2026-09-11T17:07:00.783779+04:00,115.8
2296,4620,14973264382000,9992.0,1.00,63784.591,64507.046,1789132020797.672,2026-09-11T17:07:00.797672+04:00,115.9
2297,4621,14973278276000,9992.0,1.00,63798.485,64520.940,1789132020811.566,2026-09-11T17:07:00.811566+04:00,115.9
2298,4625,14973333851000,9992.0,1.00,63854.060,64576.515,1789132020867.141,2026-09-11T17:07:00.867141+04:00,115.9
2299,4626,14973347742000,9992.0,1.00,63867.951,64590.406,1789132020881.032,2026-09-11T17:07:00.881032+04:00,115.9
2300,4627,14973361636000,9992.0,1.00,63881.845,64604.300,1789132020894.926,2026-09-11T17:07:00.894926+04:00,115.9
2301,4631,14973417210000,9992.0,1.00,63937.419,64659.874,1789132020950.500,2026-09-11T17:07:00.950500+04:00,115.9
2302,4632,14973431103000,9992.0,1.00,63951.312,64673.767,1789132020964.393,2026-09-11T17:07:00.964393+04:00,115.9
2303,4633,14973444996000,9992.0,1.00,63965.205,64687.660,1789132020978.286,2026-09-11T17:07:00.978286+04:00,115.9
2304,4637,14973500571000,9992.0,1.00,64020.780,64743.235,1789132021033.861,2026-09-11T17:07:01.033861+04:00,115.8
2305,4638,14973514464000,9992.0,1.00,64034.673,64757.128,1789132021047.754,2026-09-11T17:07:01.047754+04:00,115.8
2306,4639,14973528357000,9992.0,1.00,64048.566,64771.021,1789132021061.647,2026-09-11T17:07:01.061647+04:00,115.7
2307,4643,14973583935000,9992.0,1.00,64104.144,64826.599,1789132021117.225,2026-09-11T17:07:01.117225+04:00,115.6
2308,4644,14973597825000,9992.0,1.00,64118.034,64840.489,1789132021131.115,2026-09-11T17:07:01.131115+04:00,115.6
2309,4645,14973611717000,9992.0,1.00,64131.926,64854.381,1789132021145.007,2026-09-11T17:07:01.145007+04:00,115.5
2310,4649,14973667295000,9992.0,1.00,64187.504,64909.959,1789132021200.585,2026-09-11T17:07:01.200585+04:00,115.4
2311,4650,14973681183000,9992.0,1.00,64201.392,64923.847,1789132021214.473,2026-09-11T17:07:01.214473+04:00,115.3
2312,4651,14973695081000,9992.0,1.00,64215.290,64937.745,1789132021228.371,2026-09-11T17:07:01.228371+04:00,115.3
2313,4655,14973750655000,9992.0,1.00,64270.864,64993.319,1789132021283.945,2026-09-11T17:07:01.283945+04:00,115.1
2314,4656,14973764545000,9992.0,1.00,64284.754,65007.209,1789132021297.835,2026-09-11T17:07:01.297835+04:00,115.1
2315,4657,14973778438000,9992.0,1.00,64298.647,65021.102,1789132021311.728,2026-09-11T17:07:01.311728+04:00,115.0
2316,4661,14973834012000,9992.0,1.00,64354.221,65076.676,1789132021367.302,2026-09-11T17:07:01.367302+04:00,114.7
2317,4662,14973847905000,9992.0,1.00,64368.114,65090.569,1789132021381.195,2026-09-11T17:07:01.381195+04:00,114.7
2318,4663,14973861799000,9992.0,1.00,64382.008,65104.463,1789132021395.089,2026-09-11T17:07:01.395089+04:00,114.7
2319,4667,14973917373000,9992.0,1.00,64437.582,65160.037,1789132021450.663,2026-09-11T17:07:01.450663+04:00,114.7
2320,4668,14973931265000,9992.0,1.00,64451.474,65173.929,1789132021464.555,2026-09-11T17:07:01.464555+04:00,114.7
2321,4669,14973945160000,9992.0,1.00,64465.369,65187.824,1789132021478.450,2026-09-11T17:07:01.478450+04:00,114.8
2322,4673,14974000733000,9992.0,1.00,64520.942,65243.397,1789132021534.023,2026-09-11T17:07:01.534023+04:00,115.0
2323,4674,14974014626000,9992.0,1.00,64534.835,65257.290,1789132021547.916,2026-09-11T17:07:01.547916+04:00,115.0
2324,4675,14974028518000,9992.0,1.00,64548.727,65271.182,1789132021561.808,2026-09-11T17:07:01.561808+04:00,115.0
2325,4679,14974084094000,9992.0,1.00,64604.303,65326.758,1789132021617.384,2026-09-11T17:07:01.617384+04:00,115.3
2326,4680,14974097986000,9992.0,1.00,64618.195,65340.650,1789132021631.276,2026-09-11T17:07:01.631276+04:00,115.4
2327,4681,14974111879000,9992.0,1.00,64632.088,65354.543,1789132021645.169,2026-09-11T17:07:01.645169+04:00,115.5
2328,4685,14974167458000,9992.0,1.00,64687.667,65410.122,1789132021700.748,2026-09-11T17:07:01.700748+04:00,115.7
2329,4686,14974181347000,9992.0,1.00,64701.556,65424.011,1789132021714.637,2026-09-11T17:07:01.714637+04:00,115.8
2330,4687,14974195240000,9992.0,1.00,64715.449,65437.904,1789132021728.530,2026-09-11T17:07:01.728530+04:00,115.8
2331,4691,14974250818000,9992.0,1.00,64771.027,65493.482,1789132021784.108,2026-09-11T17:07:01.784108+04:00,115.8
2332,4692,14974264707000,9992.0,1.00,64784.916,65507.371,1789132021797.997,2026-09-11T17:07:01.797997+04:00,115.8
2333,4693,14974278600000,9992.0,1.00,64798.809,65521.264,1789132021811.890,2026-09-11T17:07:01.811890+04:00,115.7
2334,4697,14974334178000,9992.0,1.00,64854.387,65576.842,1789132021867.468,2026-09-11T17:07:01.867468+04:00,115.5
2335,4698,14974348067000,9992.0,1.00,64868.276,65590.731,1789132021881.357,2026-09-11T17:07:01.881357+04:00,115.5
2336,4699,14974361961000,9992.0,1.00,64882.170,65604.625,1789132021895.251,2026-09-11T17:07:01.895251+04:00,115.5
2337,4703,14974417535000,9992.0,1.00,64937.744,65660.199,1789132021950.825,2026-09-11T17:07:01.950825+04:00,115.7
2338,4704,14974431427000,9992.0,1.00,64951.636,65674.091,1789132021964.717,2026-09-11T17:07:01.964717+04:00,115.7
2339,4705,14974445320000,9992.0,1.00,64965.529,65687.984,1789132021978.610,2026-09-11T17:07:01.978610+04:00,115.8
2340,4709,14974500895000,9992.0,1.00,65021.104,65743.559,1789132022034.185,2026-09-11T17:07:02.034185+04:00,115.6
2341,4710,14974514787000,9992.0,1.00,65034.996,65757.451,1789132022048.077,2026-09-11T17:07:02.048077+04:00,115.5
2342,4711,14974528682000,9992.0,1.00,65048.891,65771.346,1789132022061.972,2026-09-11T17:07:02.061972+04:00,115.5
2343,4715,14974584256000,9992.0,1.00,65104.465,65826.920,1789132022117.546,2026-09-11T17:07:02.117546+04:00,115.5
2344,4716,14974598149000,9992.0,1.00,65118.358,65840.813,1789132022131.439,2026-09-11T17:07:02.131439+04:00,115.6
2345,4717,14974612042000,9992.0,1.00,65132.251,65854.706,1789132022145.332,2026-09-11T17:07:02.145332+04:00,115.6
2346,4721,14974667626000,9992.0,1.00,65187.835,65910.290,1789132022200.916,2026-09-11T17:07:02.200916+04:00,115.6
2347,4722,14974681510000,9992.0,1.00,65201.719,65924.174,1789132022214.800,2026-09-11T17:07:02.214800+04:00,115.7
2348,4723,14974695402000,9992.0,1.00,65215.611,65938.066,1789132022228.692,2026-09-11T17:07:02.228692+04:00,115.7
2349,4727,14974750981000,9992.0,1.00,65271.190,65993.645,1789132022284.271,2026-09-11T17:07:02.284271+04:00,115.7
2350,4728,14974764869000,9992.0,1.00,65285.078,66007.533,1789132022298.159,2026-09-11T17:07:02.298159+04:00,115.8
2351,4729,14974778763000,9992.0,1.00,65298.972,66021.427,1789132022312.053,2026-09-11T17:07:02.312053+04:00,115.8
2352,4733,14974834337000,9992.0,1.00,65354.546,66077.001,1789132022367.627,2026-09-11T17:07:02.367627+04:00,115.9
2353,4734,14974848230000,9992.0,1.00,65368.439,66090.894,1789132022381.520,2026-09-11T17:07:02.381520+04:00,116.0
2354,4735,14974862123000,9992.0,1.00,65382.332,66104.787,1789132022395.413,2026-09-11T17:07:02.395413+04:00,116.0
2355,4739,14974917697000,9992.0,1.00,65437.906,66160.361,1789132022450.987,2026-09-11T17:07:02.450987+04:00,116.1
2356,4740,14974931593000,9992.0,1.00,65451.802,66174.257,1789132022464.883,2026-09-11T17:07:02.464883+04:00,116.1
2357,4741,14974945484000,9992.0,1.00,65465.693,66188.148,1789132022478.774,2026-09-11T17:07:02.478774+04:00,116.2
2358,4745,14975001058000,9992.0,1.00,65521.267,66243.722,1789132022534.348,2026-09-11T17:07:02.534348+04:00,116.5
2359,4746,14975014950000,9992.0,1.00,65535.159,66257.614,1789132022548.240,2026-09-11T17:07:02.548240+04:00,116.6
2360,4747,14975028842000,9992.0,1.00,65549.051,66271.506,1789132022562.132,2026-09-11T17:07:02.562132+04:00,116.6
2361,4751,14975084418000,9992.0,1.00,65604.627,66327.082,1789132022617.708,2026-09-11T17:07:02.617708+04:00,116.7
2362,4752,14975098311000,9992.0,1.00,65618.520,66340.975,1789132022631.601,2026-09-11T17:07:02.631601+04:00,116.6
2363,4753,14975112204000,9992.0,1.00,65632.413,66354.868,1789132022645.494,2026-09-11T17:07:02.645494+04:00,116.6
2364,4757,14975167782000,9992.0,1.00,65687.991,66410.446,1789132022701.072,2026-09-11T17:07:02.701072+04:00,116.5
2365,4758,14975181671000,9992.0,1.00,65701.880,66424.335,1789132022714.961,2026-09-11T17:07:02.714961+04:00,116.5
2366,4759,14975195565000,9992.0,1.00,65715.774,66438.229,1789132022728.855,2026-09-11T17:07:02.728855+04:00,116.5
2367,4763,14975251142000,9992.0,1.00,65771.351,66493.806,1789132022784.432,2026-09-11T17:07:02.784432+04:00,116.5
2368,4764,14975265032000,9992.0,1.00,65785.241,66507.696,1789132022798.322,2026-09-11T17:07:02.798322+04:00,116.4
2369,4765,14975278926000,9992.0,1.00,65799.135,66521.590,1789132022812.216,2026-09-11T17:07:02.812216+04:00,116.4
2370,4769,14975334503000,9992.0,1.00,65854.712,66577.167,1789132022867.793,2026-09-11T17:07:02.867793+04:00,116.2
2371,4770,14975348393000,9992.0,1.00,65868.602,66591.057,1789132022881.683,2026-09-11T17:07:02.881683+04:00,116.1
2372,4771,14975362285000,9992.0,1.00,65882.494,66604.949,1789132022895.575,2026-09-11T17:07:02.895575+04:00,116.1
2373,4775,14975417859000,9992.0,1.00,65938.068,66660.523,1789132022951.149,2026-09-11T17:07:02.951149+04:00,115.9
2374,4776,14975431752000,9992.0,1.00,65951.961,66674.416,1789132022965.042,2026-09-11T17:07:02.965042+04:00,115.8
2375,4777,14975445647000,9992.0,1.00,65965.856,66688.311,1789132022978.937,2026-09-11T17:07:02.978937+04:00,115.8
2376,4781,14975501220000,9992.0,1.00,66021.429,66743.884,1789132023034.510,2026-09-11T17:07:03.034510+04:00,115.6
2377,4782,14975515113000,9992.0,1.00,66035.322,66757.777,1789132023048.403,2026-09-11T17:07:03.048403+04:00,115.6
2378,4783,14975529006000,9992.0,1.00,66049.215,66771.670,1789132023062.296,2026-09-11T17:07:03.062296+04:00,115.6
2379,4787,14975584580000,9992.0,1.00,66104.789,66827.244,1789132023117.870,2026-09-11T17:07:03.117870+04:00,115.7
2380,4788,14975598474000,9992.0,1.00,66118.683,66841.138,1789132023131.764,2026-09-11T17:07:03.131764+04:00,115.7
2381,4789,14975612367000,9992.0,1.00,66132.576,66855.031,1789132023145.657,2026-09-11T17:07:03.145657+04:00,115.8
2382,4793,14975667944000,9992.0,1.00,66188.153,66910.608,1789132023201.234,2026-09-11T17:07:03.201234+04:00,115.8
2383,4794,14975681834000,9992.0,1.00,66202.043,66924.498,1789132023215.124,2026-09-11T17:07:03.215124+04:00,115.9
2384,4795,14975695727000,9992.0,1.00,66215.936,66938.391,1789132023229.017,2026-09-11T17:07:03.229017+04:00,115.9
2385,4799,14975751309000,9992.0,1.00,66271.518,66993.973,1789132023284.599,2026-09-11T17:07:03.284599+04:00,115.9
2386,4800,14975765195000,9992.0,1.00,66285.404,67007.859,1789132023298.485,2026-09-11T17:07:03.298485+04:00,115.9
2387,4801,14975779087000,9992.0,1.00,66299.296,67021.751,1789132023312.377,2026-09-11T17:07:03.312377+04:00,115.9
2388,4805,14975834664000,9992.0,1.00,66354.873,67077.328,1789132023367.954,2026-09-11T17:07:03.367954+04:00,116.0
2389,4806,14975848555000,9992.0,1.00,66368.764,67091.219,1789132023381.845,2026-09-11T17:07:03.381845+04:00,115.9
2390,4807,14975862448000,9992.0,1.00,66382.657,67105.112,1789132023395.738,2026-09-11T17:07:03.395738+04:00,115.9
2391,4811,14975918023000,9992.0,1.00,66438.232,67160.687,1789132023451.313,2026-09-11T17:07:03.451313+04:00,115.8
2392,4812,14975931916000,9992.0,1.00,66452.125,67174.580,1789132023465.206,2026-09-11T17:07:03.465206+04:00,115.8
2393,4813,14975945809000,9992.0,1.00,66466.018,67188.473,1789132023479.099,2026-09-11T17:07:03.479099+04:00,115.8
2394,4817,14976001383000,9992.0,1.00,66521.592,67244.047,1789132023534.673,2026-09-11T17:07:03.534673+04:00,115.9
2395,4818,14976015276000,9992.0,1.00,66535.485,67257.940,1789132023548.566,2026-09-11T17:07:03.548566+04:00,116.0
2396,4819,14976029170000,9992.0,1.00,66549.379,67271.834,1789132023562.460,2026-09-11T17:07:03.562460+04:00,116.0
2397,4823,14976084743000,9992.0,1.00,66604.952,67327.407,1789132023618.033,2026-09-11T17:07:03.618033+04:00,116.0
2398,4824,14976098636000,9992.0,1.00,66618.845,67341.300,1789132023631.926,2026-09-11T17:07:03.631926+04:00,116.0
2399,4825,14976112530000,9992.0,1.00,66632.739,67355.194,1789132023645.820,2026-09-11T17:07:03.645820+04:00,116.0
2400,4829,14976168104000,9992.0,1.00,66688.313,67410.768,1789132023701.394,2026-09-11T17:07:03.701394+04:00,116.0
2401,4830,14976181996000,9992.0,1.00,66702.205,67424.660,1789132023715.286,2026-09-11T17:07:03.715286+04:00,116.0
2402,4831,14976195890000,9992.0,1.00,66716.099,67438.554,1789132023729.180,2026-09-11T17:07:03.729180+04:00,116.0
2403,4835,14976251467000,9992.0,1.00,66771.676,67494.131,1789132023784.757,2026-09-11T17:07:03.784757+04:00,116.0
2404,4836,14976265366000,9992.0,1.00,66785.575,67508.030,1789132023798.656,2026-09-11T17:07:03.798656+04:00,116.0
2405,4837,14976279251000,9992.0,1.00,66799.460,67521.915,1789132023812.541,2026-09-11T17:07:03.812541+04:00,116.0
2406,4841,14976334828000,9992.0,1.00,66855.037,67577.492,1789132023868.118,2026-09-11T17:07:03.868118+04:00,115.9
2407,4842,14976348718000,9992.0,1.00,66868.927,67591.382,1789132023882.008,2026-09-11T17:07:03.882008+04:00,115.9
2408,4843,14976362610000,9992.0,1.00,66882.819,67605.274,1789132023895.900,2026-09-11T17:07:03.895900+04:00,115.8
2409,4847,14976418188000,9992.0,1.00,66938.397,67660.852,1789132023951.478,2026-09-11T17:07:03.951478+04:00,115.4
2410,4848,14976432078000,9992.0,1.00,66952.287,67674.742,1789132023965.368,2026-09-11T17:07:03.965368+04:00,115.3
2411,4849,14976445971000,9992.0,1.00,66966.180,67688.635,1789132023979.261,2026-09-11T17:07:03.979261+04:00,115.3
2412,4853,14976501547000,9992.0,1.00,67021.756,67744.211,1789132024034.837,2026-09-11T17:07:04.034837+04:00,114.9
2413,4854,14976515439000,9992.0,1.00,67035.648,67758.103,1789132024048.729,2026-09-11T17:07:04.048729+04:00,114.9
2414,4855,14976529331000,9992.0,1.00,67049.540,67771.995,1789132024062.621,2026-09-11T17:07:04.062621+04:00,114.8
2415,4859,14976584906000,9992.0,1.00,67105.115,67827.570,1789132024118.196,2026-09-11T17:07:04.118196+04:00,114.7
2416,4860,14976598799000,9992.0,1.00,67119.008,67841.463,1789132024132.089,2026-09-11T17:07:04.132089+04:00,114.7
2417,4861,14976612693000,9992.0,1.00,67132.902,67855.357,1789132024145.983,2026-09-11T17:07:04.145983+04:00,114.7
2418,4865,14976668267000,9992.0,1.00,67188.476,67910.931,1789132024201.557,2026-09-11T17:07:04.201557+04:00,114.8
2419,4866,14976682162000,9992.0,1.00,67202.371,67924.826,1789132024215.452,2026-09-11T17:07:04.215452+04:00,114.8
2420,4867,14976696052000,9992.0,1.00,67216.261,67938.716,1789132024229.342,2026-09-11T17:07:04.229342+04:00,114.8
2421,4871,14976751627000,9992.0,1.00,67271.836,67994.291,1789132024284.917,2026-09-11T17:07:04.284917+04:00,115.0
2422,4872,14976765520000,9992.0,1.00,67285.729,68008.184,1789132024298.810,2026-09-11T17:07:04.298810+04:00,115.1
2423,4873,14976779413000,9992.0,1.00,67299.622,68022.077,1789132024312.703,2026-09-11T17:07:04.312703+04:00,115.1
2424,4877,14976834990000,9992.0,1.00,67355.199,68077.654,1789132024368.280,2026-09-11T17:07:04.368280+04:00,115.3
2425,4878,14976848880000,9992.0,1.00,67369.089,68091.544,1789132024382.170,2026-09-11T17:07:04.382170+04:00,115.3
2426,4879,14976862773000,9992.0,1.00,67382.982,68105.437,1789132024396.063,2026-09-11T17:07:04.396063+04:00,115.3
2427,4883,14976918351000,9992.0,1.00,67438.560,68161.015,1789132024451.641,2026-09-11T17:07:04.451641+04:00,115.3
2428,4884,14976932241000,9992.0,1.00,67452.450,68174.905,1789132024465.531,2026-09-11T17:07:04.465531+04:00,115.3
2429,4885,14976946134000,9992.0,1.00,67466.343,68188.798,1789132024479.424,2026-09-11T17:07:04.479424+04:00,115.3
2430,4889,14977001708000,9992.0,1.00,67521.917,68244.372,1789132024534.998,2026-09-11T17:07:04.534998+04:00,115.2
2431,4890,14977015600000,9992.0,1.00,67535.809,68258.264,1789132024548.890,2026-09-11T17:07:04.548890+04:00,115.2
2432,4891,14977029494000,9992.0,1.00,67549.703,68272.158,1789132024562.784,2026-09-11T17:07:04.562784+04:00,115.2
2433,4895,14977085070000,9992.0,1.00,67605.279,68327.734,1789132024618.360,2026-09-11T17:07:04.618360+04:00,115.0
2434,4896,14977098962000,9992.0,1.00,67619.171,68341.626,1789132024632.252,2026-09-11T17:07:04.632252+04:00,114.9
2435,4897,14977112855000,9992.0,1.00,67633.064,68355.519,1789132024646.145,2026-09-11T17:07:04.646145+04:00,114.8
2436,4901,14977168429000,9992.0,1.00,67688.638,68411.093,1789132024701.719,2026-09-11T17:07:04.701719+04:00,114.8
2437,4902,14977182323000,9992.0,1.00,67702.532,68424.987,1789132024715.613,2026-09-11T17:07:04.715613+04:00,114.8
2438,4903,14977196215000,9992.0,1.00,67716.424,68438.879,1789132024729.505,2026-09-11T17:07:04.729505+04:00,114.8
2439,4907,14977251793000,9992.0,1.00,67772.002,68494.457,1789132024785.083,2026-09-11T17:07:04.785083+04:00,114.9
2440,4908,14977265682000,9992.0,1.00,67785.891,68508.346,1789132024798.972,2026-09-11T17:07:04.798972+04:00,114.9
2441,4909,14977279575000,9992.0,1.00,67799.784,68522.239,1789132024812.865,2026-09-11T17:07:04.812865+04:00,115.0
2442,4913,14977335153000,9992.0,1.00,67855.362,68577.817,1789132024868.443,2026-09-11T17:07:04.868443+04:00,115.1
2443,4914,14977349042000,9992.0,1.00,67869.251,68591.706,1789132024882.332,2026-09-11T17:07:04.882332+04:00,115.1
2444,4915,14977362935000,9992.0,1.00,67883.144,68605.599,1789132024896.225,2026-09-11T17:07:04.896225+04:00,115.1
2445,4919,14977418511000,9992.0,1.00,67938.720,68661.175,1789132024951.801,2026-09-11T17:07:04.951801+04:00,115.3
2446,4920,14977432403000,9992.0,1.00,67952.612,68675.067,1789132024965.693,2026-09-11T17:07:04.965693+04:00,115.4
2447,4921,14977446297000,9992.0,1.00,67966.506,68688.961,1789132024979.587,2026-09-11T17:07:04.979587+04:00,115.4
2448,4925,14977501870000,9992.0,1.00,68022.079,68744.534,1789132025035.160,2026-09-11T17:07:05.035160+04:00,115.6
2449,4926,14977515768000,9992.0,1.00,68035.977,68758.432,1789132025049.058,2026-09-11T17:07:05.049058+04:00,115.7
2450,4927,14977529657000,9992.0,1.00,68049.866,68772.321,1789132025062.947,2026-09-11T17:07:05.062947+04:00,115.8
2451,4931,14977585231000,9992.0,1.00,68105.440,68827.895,1789132025118.521,2026-09-11T17:07:05.118521+04:00,116.0
2452,4932,14977599124000,9992.0,1.00,68119.333,68841.788,1789132025132.414,2026-09-11T17:07:05.132414+04:00,116.0
2453,4933,14977613018000,9992.0,1.00,68133.227,68855.682,1789132025146.308,2026-09-11T17:07:05.146308+04:00,116.1
2454,4937,14977668592000,9992.0,1.00,68188.801,68911.256,1789132025201.882,2026-09-11T17:07:05.201882+04:00,116.3
2455,4938,14977682484000,9992.0,1.00,68202.693,68925.148,1789132025215.774,2026-09-11T17:07:05.215774+04:00,116.3
2456,4939,14977696378000,9992.0,1.00,68216.587,68939.042,1789132025229.668,2026-09-11T17:07:05.229668+04:00,116.3
2457,4943,14977751954000,9992.0,1.00,68272.163,68994.618,1789132025285.244,2026-09-11T17:07:05.285244+04:00,116.3
2458,4944,14977765844000,9992.0,1.00,68286.053,69008.508,1789132025299.134,2026-09-11T17:07:05.299134+04:00,116.3
2459,4945,14977779741000,9992.0,1.00,68299.950,69022.405,1789132025313.031,2026-09-11T17:07:05.313031+04:00,116.3
2460,4949,14977835313000,9992.0,1.00,68355.522,69077.977,1789132025368.603,2026-09-11T17:07:05.368603+04:00,116.1
2461,4950,14977849205000,9992.0,1.00,68369.414,69091.869,1789132025382.495,2026-09-11T17:07:05.382495+04:00,116.0
2462,4951,14977863099000,9992.0,1.00,68383.308,69105.763,1789132025396.389,2026-09-11T17:07:05.396389+04:00,115.9
2463,4955,14977918676000,9992.0,1.00,68438.885,69161.340,1789132025451.966,2026-09-11T17:07:05.451966+04:00,115.5
2464,4956,14977932565000,9992.0,1.00,68452.774,69175.229,1789132025465.855,2026-09-11T17:07:05.465855+04:00,115.5
2465,4957,14977946459000,9992.0,1.00,68466.668,69189.123,1789132025479.749,2026-09-11T17:07:05.479749+04:00,115.4
2466,4961,14978002033000,9992.0,1.00,68522.242,69244.697,1789132025535.323,2026-09-11T17:07:05.535323+04:00,115.3
2467,4962,14978015931000,9992.0,1.00,68536.140,69258.595,1789132025549.221,2026-09-11T17:07:05.549221+04:00,115.4
2468,4963,14978029820000,9992.0,1.00,68550.029,69272.484,1789132025563.110,2026-09-11T17:07:05.563110+04:00,115.3
2469,4967,14978085394000,9992.0,1.00,68605.603,69328.058,1789132025618.684,2026-09-11T17:07:05.618684+04:00,115.3
2470,4968,14978099286000,9992.0,1.00,68619.495,69341.950,1789132025632.576,2026-09-11T17:07:05.632576+04:00,115.3
2471,4969,14978113180000,9992.0,1.00,68633.389,69355.844,1789132025646.470,2026-09-11T17:07:05.646470+04:00,115.4
2472,4973,14978168754000,9992.0,1.00,68688.963,69411.418,1789132025702.044,2026-09-11T17:07:05.702044+04:00,115.4
2473,4974,14978182646000,9992.0,1.00,68702.855,69425.310,1789132025715.936,2026-09-11T17:07:05.715936+04:00,115.4
2474,4975,14978196541000,9992.0,1.00,68716.750,69439.205,1789132025729.831,2026-09-11T17:07:05.729831+04:00,115.4
2475,4979,14978252115000,9992.0,1.00,68772.324,69494.779,1789132025785.405,2026-09-11T17:07:05.785405+04:00,115.8
2476,4980,14978266007000,9992.0,1.00,68786.216,69508.671,1789132025799.297,2026-09-11T17:07:05.799297+04:00,115.9
2477,4981,14978279901000,9992.0,1.00,68800.110,69522.565,1789132025813.191,2026-09-11T17:07:05.813191+04:00,116.1
2478,4985,14978335475000,9992.0,1.00,68855.684,69578.139,1789132025868.765,2026-09-11T17:07:05.868765+04:00,115.8
2479,4986,14978349368000,9992.0,1.00,68869.577,69592.032,1789132025882.658,2026-09-11T17:07:05.882658+04:00,115.7
2480,4987,14978363261000,9992.0,1.00,68883.470,69605.925,1789132025896.551,2026-09-11T17:07:05.896551+04:00,115.6
2481,4991,14978418837000,9992.0,1.00,68939.046,69661.501,1789132025952.127,2026-09-11T17:07:05.952127+04:00,115.6
2482,4992,14978432728000,9992.0,1.00,68952.937,69675.392,1789132025966.018,2026-09-11T17:07:05.966018+04:00,115.7
2483,4993,14978446622000,9992.0,1.00,68966.831,69689.286,1789132025979.912,2026-09-11T17:07:05.979912+04:00,115.8
2484,4997,14978502197000,9992.0,1.00,69022.406,69744.861,1789132026035.487,2026-09-11T17:07:06.035487+04:00,115.8
2485,4998,14978516088000,9992.0,1.00,69036.297,69758.752,1789132026049.378,2026-09-11T17:07:06.049378+04:00,115.8
2486,4999,14978529982000,9992.0,1.00,69050.191,69772.646,1789132026063.272,2026-09-11T17:07:06.063272+04:00,115.8
2487,5003,14978585556000,9992.0,1.00,69105.765,69828.220,1789132026118.846,2026-09-11T17:07:06.118846+04:00,115.8
2488,5004,14978599448000,9992.0,1.00,69119.657,69842.112,1789132026132.738,2026-09-11T17:07:06.132738+04:00,115.7
2489,5005,14978613344000,9992.0,1.00,69133.553,69856.008,1789132026146.634,2026-09-11T17:07:06.146634+04:00,115.7
2490,5009,14978668916000,9992.0,1.00,69189.125,69911.580,1789132026202.206,2026-09-11T17:07:06.202206+04:00,115.5
2491,5010,14978682810000,9992.0,1.00,69203.019,69925.474,1789132026216.100,2026-09-11T17:07:06.216100+04:00,115.5
2492,5011,14978696704000,9992.0,1.00,69216.913,69939.368,1789132026229.994,2026-09-11T17:07:06.229994+04:00,115.5
2493,5015,14978752277000,9992.0,1.00,69272.486,69994.941,1789132026285.567,2026-09-11T17:07:06.285567+04:00,115.3
2494,5016,14978766169000,9992.0,1.00,69286.378,70008.833,1789132026299.459,2026-09-11T17:07:06.299459+04:00,115.3
2495,5017,14978780062000,9992.0,1.00,69300.271,70022.726,1789132026313.352,2026-09-11T17:07:06.313352+04:00,115.3
2496,5021,14978835641000,9992.0,1.00,69355.850,70078.305,1789132026368.931,2026-09-11T17:07:06.368931+04:00,115.2
2497,5022,14978849530000,9992.0,1.00,69369.739,70092.194,1789132026382.820,2026-09-11T17:07:06.382820+04:00,115.2
2498,5023,14978863426000,9992.0,1.00,69383.635,70106.090,1789132026396.716,2026-09-11T17:07:06.396716+04:00,115.1
2499,5027,14978918997000,9992.0,1.00,69439.206,70161.661,1789132026452.287,2026-09-11T17:07:06.452287+04:00,115.0
2500,5028,14978932891000,9992.0,1.00,69453.100,70175.555,1789132026466.181,2026-09-11T17:07:06.466181+04:00,115.0
2501,5029,14978946783000,9992.0,1.00,69466.992,70189.447,1789132026480.073,2026-09-11T17:07:06.480073+04:00,115.0
2502,5033,14979002358000,9992.0,1.00,69522.567,70245.022,1789132026535.648,2026-09-11T17:07:06.535648+04:00,114.8
2503,5034,14979016251000,9992.0,1.00,69536.460,70258.915,1789132026549.541,2026-09-11T17:07:06.549541+04:00,114.8
2504,5035,14979030144000,9992.0,1.00,69550.353,70272.808,1789132026563.434,2026-09-11T17:07:06.563434+04:00,114.8
2505,5039,14979085718000,9992.0,1.00,69605.927,70328.382,1789132026619.008,2026-09-11T17:07:06.619008+04:00,114.8
2506,5040,14979099611000,9992.0,1.00,69619.820,70342.275,1789132026632.901,2026-09-11T17:07:06.632901+04:00,114.8
2507,5041,14979113504000,9992.0,1.00,69633.713,70356.168,1789132026646.794,2026-09-11T17:07:06.646794+04:00,114.8
2508,5045,14979169079000,9992.0,1.00,69689.288,70411.743,1789132026702.369,2026-09-11T17:07:06.702369+04:00,114.7
2509,5046,14979182972000,9992.0,1.00,69703.181,70425.636,1789132026716.262,2026-09-11T17:07:06.716262+04:00,114.7
2510,5047,14979196865000,9992.0,1.00,69717.074,70439.529,1789132026730.155,2026-09-11T17:07:06.730155+04:00,114.6
2511,5051,14979252439000,9992.0,1.00,69772.648,70495.103,1789132026785.729,2026-09-11T17:07:06.785729+04:00,114.7
2512,5052,14979266332000,9992.0,1.00,69786.541,70508.996,1789132026799.622,2026-09-11T17:07:06.799622+04:00,114.7
2513,5053,14979280226000,9992.0,1.00,69800.435,70522.890,1789132026813.516,2026-09-11T17:07:06.813516+04:00,114.7
2514,5057,14979335803000,9992.0,1.00,69856.012,70578.467,1789132026869.093,2026-09-11T17:07:06.869093+04:00,114.8
2515,5058,14979349692000,9992.0,1.00,69869.901,70592.356,1789132026882.982,2026-09-11T17:07:06.882982+04:00,114.8
2516,5059,14979363586000,9992.0,1.00,69883.795,70606.250,1789132026896.876,2026-09-11T17:07:06.896876+04:00,114.9
2517,5063,14979419160000,9992.0,1.00,69939.369,70661.824,1789132026952.450,2026-09-11T17:07:06.952450+04:00,115.0
2518,5064,14979433053000,9992.0,1.00,69953.262,70675.717,1789132026966.343,2026-09-11T17:07:06.966343+04:00,115.0
2519,5065,14979446946000,9992.0,1.00,69967.155,70689.610,1789132026980.236,2026-09-11T17:07:06.980236+04:00,115.0
2520,5069,14979502520000,9992.0,1.00,70022.729,70745.184,1789132027035.810,2026-09-11T17:07:07.035810+04:00,115.0
2521,5070,14979516413000,9992.0,1.00,70036.622,70759.077,1789132027049.703,2026-09-11T17:07:07.049703+04:00,115.1
2522,5071,14979530307000,9992.0,1.00,70050.516,70772.971,1789132027063.597,2026-09-11T17:07:07.063597+04:00,115.1
2523,5075,14979585881000,9992.0,1.00,70106.090,70828.545,1789132027119.171,2026-09-11T17:07:07.119171+04:00,115.2
2524,5076,14979599773000,9992.0,1.00,70119.982,70842.437,1789132027133.063,2026-09-11T17:07:07.133063+04:00,115.3
2525,5077,14979613666000,9992.0,1.00,70133.875,70856.330,1789132027146.956,2026-09-11T17:07:07.146956+04:00,115.4
2526,5081,14979669242000,9992.0,1.00,70189.451,70911.906,1789132027202.532,2026-09-11T17:07:07.202532+04:00,115.3
2527,5082,14979683134000,9992.0,1.00,70203.343,70925.798,1789132027216.424,2026-09-11T17:07:07.216424+04:00,115.2
2528,5083,14979697031000,9992.0,1.00,70217.240,70939.695,1789132027230.321,2026-09-11T17:07:07.230321+04:00,115.3
2529,5087,14979752602000,9992.0,1.00,70272.811,70995.266,1789132027285.892,2026-09-11T17:07:07.285892+04:00,115.4
2530,5088,14979766497000,9992.0,1.00,70286.706,71009.161,1789132027299.787,2026-09-11T17:07:07.299787+04:00,115.5
2531,5089,14979780388000,9992.0,1.00,70300.597,71023.052,1789132027313.678,2026-09-11T17:07:07.313678+04:00,115.6
2532,5093,14979835962000,9992.0,1.00,70356.171,71078.626,1789132027369.252,2026-09-11T17:07:07.369252+04:00,115.8
2533,5094,14979849856000,9992.0,1.00,70370.065,71092.520,1789132027383.146,2026-09-11T17:07:07.383146+04:00,115.8
2534,5095,14979863749000,9992.0,1.00,70383.958,71106.413,1789132027397.039,2026-09-11T17:07:07.397039+04:00,115.8
2535,5099,14979919325000,9992.0,1.00,70439.534,71161.989,1789132027452.615,2026-09-11T17:07:07.452615+04:00,115.8
2536,5100,14979933215000,9992.0,1.00,70453.424,71175.879,1789132027466.505,2026-09-11T17:07:07.466505+04:00,115.8
2537,5101,14979947108000,9992.0,1.00,70467.317,71189.772,1789132027480.398,2026-09-11T17:07:07.480398+04:00,115.8
2538,5105,14980002686000,9992.0,1.00,70522.895,71245.350,1789132027535.976,2026-09-11T17:07:07.535976+04:00,115.9
2539,5106,14980016576000,9992.0,1.00,70536.785,71259.240,1789132027549.866,2026-09-11T17:07:07.549866+04:00,115.9
2540,5107,14980030469000,9992.0,1.00,70550.678,71273.133,1789132027563.759,2026-09-11T17:07:07.563759+04:00,116.0
2541,5111,14980086045000,9992.0,1.00,70606.254,71328.709,1789132027619.335,2026-09-11T17:07:07.619335+04:00,116.0
2542,5112,14980099936000,9992.0,1.00,70620.145,71342.600,1789132027633.226,2026-09-11T17:07:07.633226+04:00,116.1
2543,5113,14980113829000,9992.0,1.00,70634.038,71356.493,1789132027647.119,2026-09-11T17:07:07.647119+04:00,116.1
2544,5117,14980169404000,9992.0,1.00,70689.613,71412.068,1789132027702.694,2026-09-11T17:07:07.702694+04:00,116.2
2545,5118,14980183297000,9992.0,1.00,70703.506,71425.961,1789132027716.587,2026-09-11T17:07:07.716587+04:00,116.3
2546,5119,14980197190000,9992.0,1.00,70717.399,71439.854,1789132027730.480,2026-09-11T17:07:07.730480+04:00,116.3
2547,5123,14980252765000,9992.0,1.00,70772.974,71495.429,1789132027786.055,2026-09-11T17:07:07.786055+04:00,116.1
2548,5124,14980266657000,9992.0,1.00,70786.866,71509.321,1789132027799.947,2026-09-11T17:07:07.799947+04:00,116.1
2549,5125,14980280552000,9992.0,1.00,70800.761,71523.216,1789132027813.842,2026-09-11T17:07:07.813842+04:00,115.9
2550,5129,14980336124000,9992.0,1.00,70856.333,71578.788,1789132027869.414,2026-09-11T17:07:07.869414+04:00,115.4
2551,5130,14980350019000,9992.0,1.00,70870.228,71592.683,1789132027883.309,2026-09-11T17:07:07.883309+04:00,115.2
2552,5131,14980363911000,9992.0,1.00,70884.120,71606.575,1789132027897.201,2026-09-11T17:07:07.897201+04:00,115.1
2553,5135,14980419488000,9992.0,1.00,70939.697,71662.152,1789132027952.778,2026-09-11T17:07:07.952778+04:00,114.2
2554,5136,14980433378000,9992.0,1.00,70953.587,71676.042,1789132027966.668,2026-09-11T17:07:07.966668+04:00,113.8
2555,5137,14980447271000,9992.0,1.00,70967.480,71689.935,1789132027980.561,2026-09-11T17:07:07.980561+04:00,113.4
2556,5141,14980502849000,9992.0,1.00,71023.058,71745.513,1789132028036.139,2026-09-11T17:07:08.036139+04:00,111.4
2557,5142,14980516737000,9992.0,1.00,71036.946,71759.401,1789132028050.027,2026-09-11T17:07:08.050027+04:00,110.8
2558,5143,14980530633000,9992.0,1.00,71050.842,71773.297,1789132028063.923,2026-09-11T17:07:08.063923+04:00,110.1
2559,5147,14980586208000,9992.0,1.00,71106.417,71828.872,1789132028119.498,2026-09-11T17:07:08.119498+04:00,107.4
2560,5148,14980600099000,9992.0,1.00,71120.308,71842.763,1789132028133.389,2026-09-11T17:07:08.133389+04:00,106.7
2561,5149,14980613994000,9992.0,1.00,71134.203,71856.658,1789132028147.284,2026-09-11T17:07:08.147284+04:00,106.0
2562,5153,14980669567000,9992.0,1.00,71189.776,71912.231,1789132028202.857,2026-09-11T17:07:08.202857+04:00,103.0
2563,5154,14980683459000,9992.0,1.00,71203.668,71926.123,1789132028216.749,2026-09-11T17:07:08.216749+04:00,102.2
2564,5155,14980697354000,9992.0,1.00,71217.563,71940.018,1789132028230.644,2026-09-11T17:07:08.230644+04:00,101.6
2565,5159,14980752927000,9992.0,1.00,71273.136,71995.591,1789132028286.217,2026-09-11T17:07:08.286217+04:00,98.9
2566,5160,14980766821000,9992.0,1.00,71287.030,72009.485,1789132028300.111,2026-09-11T17:07:08.300111+04:00,98.3
2567,5161,14980780713000,9992.0,1.00,71300.922,72023.377,1789132028314.003,2026-09-11T17:07:08.314003+04:00,97.7
2568,5165,14980836288000,9992.0,1.00,71356.497,72078.952,1789132028369.578,2026-09-11T17:07:08.369578+04:00,95.4
2569,5166,14980850179000,9992.0,1.00,71370.388,72092.843,1789132028383.469,2026-09-11T17:07:08.383469+04:00,94.9
2570,5167,14980864074000,9992.0,1.00,71384.283,72106.738,1789132028397.364,2026-09-11T17:07:08.397364+04:00,94.4
2571,5171,14980919649000,9992.0,1.00,71439.858,72162.313,1789132028452.939,2026-09-11T17:07:08.452939+04:00,92.3
2572,5172,14980933541000,9992.0,1.00,71453.750,72176.205,1789132028466.831,2026-09-11T17:07:08.466831+04:00,92.0
2573,5173,14980947434000,9992.0,1.00,71467.643,72190.098,1789132028480.724,2026-09-11T17:07:08.480724+04:00,91.7
2574,5177,14981003011000,9992.0,1.00,71523.220,72245.675,1789132028536.301,2026-09-11T17:07:08.536301+04:00,91.1
2575,5178,14981016901000,9992.0,1.00,71537.110,72259.565,1789132028550.191,2026-09-11T17:07:08.550191+04:00,91.0
2576,5179,14981030794000,9992.0,1.00,71551.003,72273.458,1789132028564.084,2026-09-11T17:07:08.564084+04:00,90.8
2577,5183,14981086370000,9992.0,1.00,71606.579,72329.034,1789132028619.660,2026-09-11T17:07:08.619660+04:00,89.7
2578,5184,14981100263000,9992.0,1.00,71620.472,72342.927,1789132028633.553,2026-09-11T17:07:08.633553+04:00,89.2
2579,5185,14981114158000,9992.0,1.00,71634.367,72356.822,1789132028647.448,2026-09-11T17:07:08.647448+04:00,88.7
2580,5189,14981169730000,9992.0,1.00,71689.939,72412.394,1789132028703.020,2026-09-11T17:07:08.703020+04:00,86.2
2581,5190,14981183622000,9992.0,1.00,71703.831,72426.286,1789132028716.912,2026-09-11T17:07:08.716912+04:00,85.5
2582,5191,14981197516000,9992.0,1.00,71717.725,72440.180,1789132028730.806,2026-09-11T17:07:08.730806+04:00,84.7
2583,5195,14981253090000,9992.0,1.00,71773.299,72495.754,1789132028786.380,2026-09-11T17:07:08.786380+04:00,81.3
2584,5196,14981266986000,9992.0,1.00,71787.195,72509.650,1789132028800.276,2026-09-11T17:07:08.800276+04:00,80.6
2585,5197,14981280875000,9992.0,1.00,71801.084,72523.539,1789132028814.165,2026-09-11T17:07:08.814165+04:00,80.2
2586,5201,14981336450000,9992.0,1.00,71856.659,72579.114,1789132028869.740,2026-09-11T17:07:08.869740+04:00,79.6
2587,5202,14981350342000,9992.0,1.00,71870.551,72593.006,1789132028883.632,2026-09-11T17:07:08.883632+04:00,79.6
2588,5203,14981364235000,9992.0,1.00,71884.444,72606.899,1789132028897.525,2026-09-11T17:07:08.897525+04:00,79.6
2589,5207,14981419810000,9992.0,1.00,71940.019,72662.474,1789132028953.100,2026-09-11T17:07:08.953100+04:00,79.5
2590,5208,14981433703000,9992.0,1.00,71953.912,72676.367,1789132028966.993,2026-09-11T17:07:08.966993+04:00,79.4
2591,5209,14981447597000,9992.0,1.00,71967.806,72690.261,1789132028980.887,2026-09-11T17:07:08.980887+04:00,79.3
2592,5213,14981503174000,9992.0,1.00,72023.383,72745.838,1789132029036.464,2026-09-11T17:07:09.036464+04:00,78.9
2593,5214,14981517064000,9992.0,1.00,72037.273,72759.728,1789132029050.354,2026-09-11T17:07:09.050354+04:00,78.9
2594,5215,14981530957000,9992.0,1.00,72051.166,72773.621,1789132029064.247,2026-09-11T17:07:09.064247+04:00,78.9
2595,5219,14981586534000,9992.0,1.00,72106.743,72829.198,1789132029119.824,2026-09-11T17:07:09.119824+04:00,78.7
2596,5220,14981600423000,9992.0,1.00,72120.632,72843.087,1789132029133.713,2026-09-11T17:07:09.133713+04:00,78.7
2597,5221,14981614317000,9992.0,1.00,72134.526,72856.981,1789132029147.607,2026-09-11T17:07:09.147607+04:00,78.7
2598,5225,14981669891000,9992.0,1.00,72190.100,72912.555,1789132029203.181,2026-09-11T17:07:09.203181+04:00,78.7
2599,5226,14981683784000,9992.0,1.00,72203.993,72926.448,1789132029217.074,2026-09-11T17:07:09.217074+04:00,78.7
2600,5227,14981697678000,9992.0,1.00,72217.887,72940.342,1789132029230.968,2026-09-11T17:07:09.230968+04:00,78.7
2601,5231,14981753257000,9992.0,1.00,72273.466,72995.921,1789132029286.547,2026-09-11T17:07:09.286547+04:00,78.7
2602,5232,14981767145000,9992.0,1.00,72287.354,73009.809,1789132029300.435,2026-09-11T17:07:09.300435+04:00,78.7
2603,5233,14981781037000,9992.0,1.00,72301.246,73023.701,1789132029314.327,2026-09-11T17:07:09.314327+04:00,78.7
2604,5237,14981836612000,9992.0,1.00,72356.821,73079.276,1789132029369.902,2026-09-11T17:07:09.369902+04:00,78.7
2605,5238,14981850505000,9992.0,1.00,72370.714,73093.169,1789132029383.795,2026-09-11T17:07:09.383795+04:00,78.7
2606,5239,14981864398000,9992.0,1.00,72384.607,73107.062,1789132029397.688,2026-09-11T17:07:09.397688+04:00,78.6
2607,5243,14981919975000,9992.0,1.00,72440.184,73162.639,1789132029453.265,2026-09-11T17:07:09.453265+04:00,78.2
2608,5244,14981933866000,9992.0,1.00,72454.075,73176.530,1789132029467.156,2026-09-11T17:07:09.467156+04:00,78.1
2609,5245,14981947760000,9992.0,1.00,72467.969,73190.424,1789132029481.050,2026-09-11T17:07:09.481050+04:00,77.9
2610,5249,14982003337000,9992.0,1.00,72523.546,73246.001,1789132029536.627,2026-09-11T17:07:09.536627+04:00,77.4
2611,5250,14982017226000,9992.0,1.00,72537.435,73259.890,1789132029550.516,2026-09-11T17:07:09.550516+04:00,77.4
2612,5251,14982031120000,9992.0,1.00,72551.329,73273.784,1789132029564.410,2026-09-11T17:07:09.564410+04:00,77.4
2613,5255,14982086696000,9992.0,1.00,72606.905,73329.360,1789132029619.986,2026-09-11T17:07:09.619986+04:00,77.5
2614,5256,14982100586000,9992.0,1.00,72620.795,73343.250,1789132029633.876,2026-09-11T17:07:09.633876+04:00,77.5
2615,5257,14982114480000,9992.0,1.00,72634.689,73357.144,1789132029647.770,2026-09-11T17:07:09.647770+04:00,77.5
2616,5261,14982170054000,9992.0,1.00,72690.263,73412.718,1789132029703.344,2026-09-11T17:07:09.703344+04:00,77.5
2617,5262,14982183947000,9992.0,1.00,72704.156,73426.611,1789132029717.237,2026-09-11T17:07:09.717237+04:00,77.5
2618,5263,14982197841000,9992.0,1.00,72718.050,73440.505,1789132029731.131,2026-09-11T17:07:09.731131+04:00,77.5
2619,5267,14982253414000,9992.0,1.00,72773.623,73496.078,1789132029786.704,2026-09-11T17:07:09.786704+04:00,77.5
2620,5268,14982267307000,9992.0,1.00,72787.516,73509.971,1789132029800.597,2026-09-11T17:07:09.800597+04:00,77.5
2621,5269,14982281200000,9992.0,1.00,72801.409,73523.864,1789132029814.490,2026-09-11T17:07:09.814490+04:00,77.5
2622,5273,14982336775000,9992.0,1.00,72856.984,73579.439,1789132029870.065,2026-09-11T17:07:09.870065+04:00,77.5
2623,5274,14982350668000,9992.0,1.00,72870.877,73593.332,1789132029883.958,2026-09-11T17:07:09.883958+04:00,77.5
2624,5275,14982364561000,9992.0,1.00,72884.770,73607.225,1789132029897.851,2026-09-11T17:07:09.897851+04:00,77.5
2625,5279,14982420135000,9992.0,1.00,72940.344,73662.799,1789132029953.425,2026-09-11T17:07:09.953425+04:00,77.5
2626,5280,14982434027000,9992.0,1.00,72954.236,73676.691,1789132029967.317,2026-09-11T17:07:09.967317+04:00,77.6
2627,5281,14982447920000,9992.0,1.00,72968.129,73690.584,1789132029981.210,2026-09-11T17:07:09.981210+04:00,77.6
2628,5285,14982503496000,9992.0,1.00,73023.705,73746.160,1789132030036.786,2026-09-11T17:07:10.036786+04:00,77.6
2629,5286,14982517389000,9992.0,1.00,73037.598,73760.053,1789132030050.679,2026-09-11T17:07:10.050679+04:00,77.6
2630,5287,14982531281000,9992.0,1.00,73051.490,73773.945,1789132030064.571,2026-09-11T17:07:10.064571+04:00,77.6
2631,5291,14982586858000,9992.0,1.00,73107.067,73829.522,1789132030120.148,2026-09-11T17:07:10.120148+04:00,77.5
2632,5292,14982600748000,9992.0,1.00,73120.957,73843.412,1789132030134.038,2026-09-11T17:07:10.134038+04:00,77.5
2633,5293,14982614642000,9992.0,1.00,73134.851,73857.306,1789132030147.932,2026-09-11T17:07:10.147932+04:00,77.5
2634,5297,14982670217000,9992.0,1.00,73190.426,73912.881,1789132030203.507,2026-09-11T17:07:10.203507+04:00,77.5
2635,5298,14982684110000,9992.0,1.00,73204.319,73926.774,1789132030217.400,2026-09-11T17:07:10.217400+04:00,77.5
2636,5299,14982698004000,9992.0,1.00,73218.213,73940.668,1789132030231.294,2026-09-11T17:07:10.231294+04:00,77.5
2637,5303,14982753577000,9992.0,1.00,73273.786,73996.241,1789132030286.867,2026-09-11T17:07:10.286867+04:00,77.5
2638,5304,14982767470000,9992.0,1.00,73287.679,74010.134,1789132030300.760,2026-09-11T17:07:10.300760+04:00,77.5
2639,5305,14982781371000,9992.0,1.00,73301.580,74024.035,1789132030314.661,2026-09-11T17:07:10.314661+04:00,77.5
2640,5309,14982836937000,9992.0,1.00,73357.146,74079.601,1789132030370.227,2026-09-11T17:07:10.370227+04:00,77.6
2641,5310,14982850836000,9992.0,1.00,73371.045,74093.500,1789132030384.126,2026-09-11T17:07:10.384126+04:00,77.6
2642,5311,14982864724000,9992.0,1.00,73384.933,74107.388,1789132030398.014,2026-09-11T17:07:10.398014+04:00,77.6
2643,5315,14982920298000,9992.0,1.00,73440.507,74162.962,1789132030453.588,2026-09-11T17:07:10.453588+04:00,77.7
2644,5316,14982934190000,9992.0,1.00,73454.399,74176.854,1789132030467.480,2026-09-11T17:07:10.467480+04:00,77.7
2645,5317,14982948083000,9992.0,1.00,73468.292,74190.747,1789132030481.373,2026-09-11T17:07:10.481373+04:00,77.7
2646,5321,14983003661000,9992.0,1.00,73523.870,74246.325,1789132030536.951,2026-09-11T17:07:10.536951+04:00,77.7
2647,5322,14983017552000,9992.0,1.00,73537.761,74260.216,1789132030550.842,2026-09-11T17:07:10.550842+04:00,77.8
2648,5323,14983031446000,9992.0,1.00,73551.655,74274.110,1789132030564.736,2026-09-11T17:07:10.564736+04:00,77.8
2649,5327,14983087019000,9992.0,1.00,73607.228,74329.683,1789132030620.309,2026-09-11T17:07:10.620309+04:00,77.9
2650,5328,14983100911000,9992.0,1.00,73621.120,74343.575,1789132030634.201,2026-09-11T17:07:10.634201+04:00,77.9
2651,5329,14983114804000,9992.0,1.00,73635.013,74357.468,1789132030648.094,2026-09-11T17:07:10.648094+04:00,77.9
2652,5333,14983170379000,9992.0,1.00,73690.588,74413.043,1789132030703.669,2026-09-11T17:07:10.703669+04:00,77.9
2653,5334,14983184272000,9992.0,1.00,73704.481,74426.936,1789132030717.562,2026-09-11T17:07:10.717562+04:00,77.8
2654,5335,14983198165000,9992.0,1.00,73718.374,74440.829,1789132030731.455,2026-09-11T17:07:10.731455+04:00,77.7
2655,5339,14983253741000,9992.0,1.00,73773.950,74496.405,1789132030787.031,2026-09-11T17:07:10.787031+04:00,77.5
2656,5340,14983267632000,9992.0,1.00,73787.841,74510.296,1789132030800.922,2026-09-11T17:07:10.800922+04:00,77.4
2657,5341,14983281525000,9992.0,1.00,73801.734,74524.189,1789132030814.815,2026-09-11T17:07:10.814815+04:00,77.4
2658,5345,14983337100000,9992.0,1.00,73857.309,74579.764,1789132030870.390,2026-09-11T17:07:10.870390+04:00,77.0
2659,5346,14983350992000,9992.0,1.00,73871.201,74593.656,1789132030884.282,2026-09-11T17:07:10.884282+04:00,77.1
2660,5347,14983364887000,9992.0,1.00,73885.096,74607.551,1789132030898.177,2026-09-11T17:07:10.898177+04:00,77.2
2661,5351,14983420460000,9992.0,1.00,73940.669,74663.124,1789132030953.750,2026-09-11T17:07:10.953750+04:00,77.4
2662,5352,14983434353000,9992.0,1.00,73954.562,74677.017,1789132030967.643,2026-09-11T17:07:10.967643+04:00,77.4
2663,5353,14983448247000,9992.0,1.00,73968.456,74690.911,1789132030981.537,2026-09-11T17:07:10.981537+04:00,77.4
2664,5357,14983503824000,9992.0,1.00,74024.033,74746.488,1789132031037.114,2026-09-11T17:07:11.037114+04:00,77.5
2665,5358,14983517713000,9992.0,1.00,74037.922,74760.377,1789132031051.003,2026-09-11T17:07:11.051003+04:00,77.5
2666,5359,14983531607000,9992.0,1.00,74051.816,74774.271,1789132031064.897,2026-09-11T17:07:11.064897+04:00,77.5
2667,5363,14983587185000,9992.0,1.00,74107.394,74829.849,1789132031120.475,2026-09-11T17:07:11.120475+04:00,77.6
2668,5364,14983601075000,9992.0,1.00,74121.284,74843.739,1789132031134.365,2026-09-11T17:07:11.134365+04:00,77.6
2669,5365,14983614968000,9992.0,1.00,74135.177,74857.632,1789132031148.258,2026-09-11T17:07:11.148258+04:00,77.6
2670,5369,14983670544000,9992.0,1.00,74190.753,74913.208,1789132031203.834,2026-09-11T17:07:11.203834+04:00,77.6
2671,5370,14983684435000,9992.0,1.00,74204.644,74927.099,1789132031217.725,2026-09-11T17:07:11.217725+04:00,77.6
2672,5371,14983698327000,9992.0,1.00,74218.536,74940.991,1789132031231.617,2026-09-11T17:07:11.231617+04:00,77.6
2673,5375,14983753902000,9992.0,1.00,74274.111,74996.566,1789132031287.192,2026-09-11T17:07:11.287192+04:00,77.7
2674,5376,14983767796000,9992.0,1.00,74288.005,75010.460,1789132031301.086,2026-09-11T17:07:11.301086+04:00,77.8
2675,5377,14983781688000,9992.0,1.00,74301.897,75024.352,1789132031314.978,2026-09-11T17:07:11.314978+04:00,77.8
2676,5381,14983837264000,9992.0,1.00,74357.473,75079.928,1789132031370.554,2026-09-11T17:07:11.370554+04:00,77.9
2677,5382,14983851156000,9992.0,1.00,74371.365,75093.820,1789132031384.446,2026-09-11T17:07:11.384446+04:00,78.0
2678,5383,14983865050000,9992.0,1.00,74385.259,75107.714,1789132031398.340,2026-09-11T17:07:11.398340+04:00,78.0
2679,5387,14983920623000,9992.0,1.00,74440.832,75163.287,1789132031453.913,2026-09-11T17:07:11.453913+04:00,77.9
2680,5388,14983934515000,9992.0,1.00,74454.724,75177.179,1789132031467.805,2026-09-11T17:07:11.467805+04:00,77.8
2681,5389,14983948408000,9992.0,1.00,74468.617,75191.072,1789132031481.698,2026-09-11T17:07:11.481698+04:00,77.8
2682,5393,14984003986000,9992.0,1.00,74524.195,75246.650,1789132031537.276,2026-09-11T17:07:11.537276+04:00,77.8
2683,5394,14984017876000,9992.0,1.00,74538.085,75260.540,1789132031551.166,2026-09-11T17:07:11.551166+04:00,77.8
2684,5395,14984031770000,9992.0,1.00,74551.979,75274.434,1789132031565.060,2026-09-11T17:07:11.565060+04:00,77.8
2685,5399,14984087347000,9992.0,1.00,74607.556,75330.011,1789132031620.637,2026-09-11T17:07:11.620637+04:00,77.7
2686,5400,14984101236000,9992.0,1.00,74621.445,75343.900,1789132031634.526,2026-09-11T17:07:11.634526+04:00,77.7
2687,5401,14984115130000,9992.0,1.00,74635.339,75357.794,1789132031648.420,2026-09-11T17:07:11.648420+04:00,77.7
2688,5405,14984170707000,9992.0,1.00,74690.916,75413.371,1789132031703.997,2026-09-11T17:07:11.703997+04:00,77.7
2689,5406,14984184597000,9992.0,1.00,74704.806,75427.261,1789132031717.887,2026-09-11T17:07:11.717887+04:00,77.7
2690,5407,14984198492000,9992.0,1.00,74718.701,75441.156,1789132031731.782,2026-09-11T17:07:11.731782+04:00,77.8
2691,5411,14984254064000,9992.0,1.00,74774.273,75496.728,1789132031787.354,2026-09-11T17:07:11.787354+04:00,77.8
2692,5412,14984267956000,9992.0,1.00,74788.165,75510.620,1789132031801.246,2026-09-11T17:07:11.801246+04:00,77.7
2693,5413,14984281850000,9992.0,1.00,74802.059,75524.514,1789132031815.140,2026-09-11T17:07:11.815140+04:00,77.6
2694,5417,14984337425000,9992.0,1.00,74857.634,75580.089,1789132031870.715,2026-09-11T17:07:11.870715+04:00,77.6
2695,5418,14984351318000,9992.0,1.00,74871.527,75593.982,1789132031884.608,2026-09-11T17:07:11.884608+04:00,77.6
2696,5419,14984365212000,9992.0,1.00,74885.421,75607.876,1789132031898.502,2026-09-11T17:07:11.898502+04:00,77.7
2697,5423,14984420786000,9992.0,1.00,74940.995,75663.450,1789132031954.076,2026-09-11T17:07:11.954076+04:00,77.9
2698,5424,14984434679000,9992.0,1.00,74954.888,75677.343,1789132031967.969,2026-09-11T17:07:11.967969+04:00,77.9
2699,5425,14984448571000,9992.0,1.00,74968.780,75691.235,1789132031981.861,2026-09-11T17:07:11.981861+04:00,78.0
2700,5429,14984504146000,9992.0,1.00,75024.355,75746.810,1789132032037.436,2026-09-11T17:07:12.037436+04:00,78.0
2701,5430,14984518038000,9992.0,1.00,75038.247,75760.702,1789132032051.328,2026-09-11T17:07:12.051328+04:00,78.1
2702,5431,14984531930000,9992.0,1.00,75052.139,75774.594,1789132032065.220,2026-09-11T17:07:12.065220+04:00,78.1
2703,5435,14984587510000,9992.0,1.00,75107.719,75830.174,1789132032120.800,2026-09-11T17:07:12.120800+04:00,78.0
2704,5436,14984601400000,9992.0,1.00,75121.609,75844.064,1789132032134.690,2026-09-11T17:07:12.134690+04:00,78.0
2705,5437,14984615292000,9992.0,1.00,75135.501,75857.956,1789132032148.582,2026-09-11T17:07:12.148582+04:00,78.0
2706,5441,14984670870000,9992.0,1.00,75191.079,75913.534,1789132032204.160,2026-09-11T17:07:12.204160+04:00,77.9
2707,5442,14984684760000,9992.0,1.00,75204.969,75927.424,1789132032218.050,2026-09-11T17:07:12.218050+04:00,77.8
2708,5443,14984698653000,9992.0,1.00,75218.862,75941.317,1789132032231.943,2026-09-11T17:07:12.231943+04:00,77.8
2709,5447,14984754227000,9992.0,1.00,75274.436,75996.891,1789132032287.517,2026-09-11T17:07:12.287517+04:00,77.8
2710,5448,14984768119000,9992.0,1.00,75288.328,76010.783,1789132032301.409,2026-09-11T17:07:12.301409+04:00,77.8
2711,5449,14984782012000,9992.0,1.00,75302.221,76024.676,1789132032315.302,2026-09-11T17:07:12.315302+04:00,77.9
2712,5453,14984837588000,9992.0,1.00,75357.797,76080.252,1789132032370.878,2026-09-11T17:07:12.370878+04:00,78.0
2713,5454,14984851480000,9992.0,1.00,75371.689,76094.144,1789132032384.770,2026-09-11T17:07:12.384770+04:00,77.9
2714,5455,14984865373000,9992.0,1.00,75385.582,76108.037,1789132032398.663,2026-09-11T17:07:12.398663+04:00,78.0
2715,5459,14984920947000,9992.0,1.00,75441.156,76163.611,1789132032454.237,2026-09-11T17:07:12.454237+04:00,78.0
2716,5460,14984934840000,9992.0,1.00,75455.049,76177.504,1789132032468.130,2026-09-11T17:07:12.468130+04:00,78.0
2717,5461,14984948733000,9992.0,1.00,75468.942,76191.397,1789132032482.023,2026-09-11T17:07:12.482023+04:00,78.1
2718,5465,14985004310000,9992.0,1.00,75524.519,76246.974,1789132032537.600,2026-09-11T17:07:12.537600+04:00,78.1
2719,5466,14985018201000,9992.0,1.00,75538.410,76260.865,1789132032551.491,2026-09-11T17:07:12.551491+04:00,78.1
2720,5467,14985032094000,9992.0,1.00,75552.303,76274.758,1789132032565.384,2026-09-11T17:07:12.565384+04:00,78.1
2721,5471,14985087672000,9992.0,1.00,75607.881,76330.336,1789132032620.962,2026-09-11T17:07:12.620962+04:00,78.2
2722,5472,14985101562000,9992.0,1.00,75621.771,76344.226,1789132032634.852,2026-09-11T17:07:12.634852+04:00,78.2
2723,5473,14985115459000,9992.0,1.00,75635.668,76358.123,1789132032648.749,2026-09-11T17:07:12.648749+04:00,78.2
2724,5477,14985171033000,9992.0,1.00,75691.242,76413.697,1789132032704.323,2026-09-11T17:07:12.704323+04:00,78.3
2725,5478,14985184923000,9992.0,1.00,75705.132,76427.587,1789132032718.213,2026-09-11T17:07:12.718213+04:00,78.3
2726,5479,14985198815000,9992.0,1.00,75719.024,76441.479,1789132032732.105,2026-09-11T17:07:12.732105+04:00,78.3
2727,5483,14985254391000,9992.0,1.00,75774.600,76497.055,1789132032787.681,2026-09-11T17:07:12.787681+04:00,78.2
2728,5484,14985268283000,9992.0,1.00,75788.492,76510.947,1789132032801.573,2026-09-11T17:07:12.801573+04:00,78.2
2729,5485,14985282176000,9992.0,1.00,75802.385,76524.840,1789132032815.466,2026-09-11T17:07:12.815466+04:00,78.2
2730,5489,14985337751000,9992.0,1.00,75857.960,76580.415,1789132032871.041,2026-09-11T17:07:12.871041+04:00,78.1
2731,5490,14985351643000,9992.0,1.00,75871.852,76594.307,1789132032884.933,2026-09-11T17:07:12.884933+04:00,78.1
2732,5491,14985365536000,9992.0,1.00,75885.745,76608.200,1789132032898.826,2026-09-11T17:07:12.898826+04:00,78.1
2733,5495,14985421110000,9992.0,1.00,75941.319,76663.774,1789132032954.400,2026-09-11T17:07:12.954400+04:00,78.0
2734,5496,14985435003000,9992.0,1.00,75955.212,76677.667,1789132032968.293,2026-09-11T17:07:12.968293+04:00,78.0
2735,5497,14985448896000,9992.0,1.00,75969.105,76691.560,1789132032982.186,2026-09-11T17:07:12.982186+04:00,78.0
2736,5501,14985504469000,9992.0,1.00,76024.678,76747.133,1789132033037.759,2026-09-11T17:07:13.037759+04:00,78.0
2737,5502,14985518364000,9992.0,1.00,76038.573,76761.028,1789132033051.654,2026-09-11T17:07:13.051654+04:00,78.0
2738,5503,14985532257000,9992.0,1.00,76052.466,76774.921,1789132033065.547,2026-09-11T17:07:13.065547+04:00,77.9
2739,5507,14985587832000,9992.0,1.00,76108.041,76830.496,1789132033121.122,2026-09-11T17:07:13.121122+04:00,77.8
2740,5508,14985601724000,9992.0,1.00,76121.933,76844.388,1789132033135.014,2026-09-11T17:07:13.135014+04:00,77.8
2741,5509,14985615617000,9992.0,1.00,76135.826,76858.281,1789132033148.907,2026-09-11T17:07:13.148907+04:00,77.8
2742,5513,14985671195000,9992.0,1.00,76191.404,76913.859,1789132033204.485,2026-09-11T17:07:13.204485+04:00,78.0
2743,5514,14985685084000,9992.0,1.00,76205.293,76927.748,1789132033218.374,2026-09-11T17:07:13.218374+04:00,78.0
2744,5515,14985698978000,9992.0,1.00,76219.187,76941.642,1789132033232.268,2026-09-11T17:07:13.232268+04:00,78.0
2745,5519,14985754555000,9992.0,1.00,76274.764,76997.219,1789132033287.845,2026-09-11T17:07:13.287845+04:00,78.1
2746,5520,14985768445000,9992.0,1.00,76288.654,77011.109,1789132033301.735,2026-09-11T17:07:13.301735+04:00,78.1
2747,5521,14985782338000,9992.0,1.00,76302.547,77025.002,1789132033315.628,2026-09-11T17:07:13.315628+04:00,78.1
2748,5525,14985837913000,9992.0,1.00,76358.122,77080.577,1789132033371.203,2026-09-11T17:07:13.371203+04:00,78.2
2749,5526,14985851806000,9992.0,1.00,76372.015,77094.470,1789132033385.096,2026-09-11T17:07:13.385096+04:00,78.2
2750,5527,14985865699000,9992.0,1.00,76385.908,77108.363,1789132033398.989,2026-09-11T17:07:13.398989+04:00,78.3
2751,5531,14985921273000,9992.0,1.00,76441.482,77163.937,1789132033454.563,2026-09-11T17:07:13.454563+04:00,78.4
2752,5532,14985935166000,9992.0,1.00,76455.375,77177.830,1789132033468.456,2026-09-11T17:07:13.468456+04:00,78.4
2753,5533,14985949058000,9992.0,1.00,76469.267,77191.722,1789132033482.348,2026-09-11T17:07:13.482348+04:00,78.4
2754,5537,14986004634000,9992.0,1.00,76524.843,77247.298,1789132033537.924,2026-09-11T17:07:13.537924+04:00,78.5
2755,5538,14986018526000,9992.0,1.00,76538.735,77261.190,1789132033551.816,2026-09-11T17:07:13.551816+04:00,78.5
2756,5539,14986032419000,9992.0,1.00,76552.628,77275.083,1789132033565.709,2026-09-11T17:07:13.565709+04:00,78.5
2757,5543,14986087997000,9992.0,1.00,76608.206,77330.661,1789132033621.287,2026-09-11T17:07:13.621287+04:00,78.6
2758,5544,14986101887000,9992.0,1.00,76622.096,77344.551,1789132033635.177,2026-09-11T17:07:13.635177+04:00,78.6
2759,5545,14986115780000,9992.0,1.00,76635.989,77358.444,1789132033649.070,2026-09-11T17:07:13.649070+04:00,78.6
2760,5549,14986171355000,9992.0,1.00,76691.564,77414.019,1789132033704.645,2026-09-11T17:07:13.704645+04:00,78.7
2761,5550,14986185247000,9992.0,1.00,76705.456,77427.911,1789132033718.537,2026-09-11T17:07:13.718537+04:00,78.7
2762,5551,14986199141000,9992.0,1.00,76719.350,77441.805,1789132033732.431,2026-09-11T17:07:13.732431+04:00,78.7
2763,5555,14986254718000,9992.0,1.00,76774.927,77497.382,1789132033788.008,2026-09-11T17:07:13.788008+04:00,78.8
2764,5556,14986268608000,9992.0,1.00,76788.817,77511.272,1789132033801.898,2026-09-11T17:07:13.801898+04:00,78.8
2765,5557,14986282500000,9992.0,1.00,76802.709,77525.164,1789132033815.790,2026-09-11T17:07:13.815790+04:00,78.8
2766,5561,14986338076000,9992.0,1.00,76858.285,77580.740,1789132033871.366,2026-09-11T17:07:13.871366+04:00,78.8
2767,5562,14986351967000,9992.0,1.00,76872.176,77594.631,1789132033885.257,2026-09-11T17:07:13.885257+04:00,78.8
2768,5563,14986365860000,9992.0,1.00,76886.069,77608.524,1789132033899.150,2026-09-11T17:07:13.899150+04:00,78.9
2769,5567,14986421436000,9992.0,1.00,76941.645,77664.100,1789132033954.726,2026-09-11T17:07:13.954726+04:00,78.9
2770,5568,14986435328000,9992.0,1.00,76955.537,77677.992,1789132033968.618,2026-09-11T17:07:13.968618+04:00,78.9
2771,5569,14986449222000,9992.0,1.00,76969.431,77691.886,1789132033982.512,2026-09-11T17:07:13.982512+04:00,78.9
2772,5573,14986504796000,9992.0,1.00,77025.005,77747.460,1789132034038.086,2026-09-11T17:07:14.038086+04:00,78.9
2773,5574,14986518689000,9992.0,1.00,77038.898,77761.353,1789132034051.979,2026-09-11T17:07:14.051979+04:00,78.8
2774,5575,14986532582000,9992.0,1.00,77052.791,77775.246,1789132034065.872,2026-09-11T17:07:14.065872+04:00,78.8
2775,5579,14986588157000,9992.0,1.00,77108.366,77830.821,1789132034121.447,2026-09-11T17:07:14.121447+04:00,78.8
2776,5580,14986602049000,9992.0,1.00,77122.258,77844.713,1789132034135.339,2026-09-11T17:07:14.135339+04:00,78.8
2777,5581,14986615943000,9992.0,1.00,77136.152,77858.607,1789132034149.233,2026-09-11T17:07:14.149233+04:00,78.9
2778,5585,14986671520000,9992.0,1.00,77191.729,77914.184,1789132034204.810,2026-09-11T17:07:14.204810+04:00,79.0
2779,5586,14986685408000,9992.0,1.00,77205.617,77928.072,1789132034218.698,2026-09-11T17:07:14.218698+04:00,79.0
2780,5587,14986699302000,9992.0,1.00,77219.511,77941.966,1789132034232.592,2026-09-11T17:07:14.232592+04:00,79.0
2781,5591,14986754878000,9992.0,1.00,77275.087,77997.542,1789132034288.168,2026-09-11T17:07:14.288168+04:00,79.0
2782,5592,14986768770000,9992.0,1.00,77288.979,78011.434,1789132034302.060,2026-09-11T17:07:14.302060+04:00,79.1
2783,5593,14986782663000,9992.0,1.00,77302.872,78025.327,1789132034315.953,2026-09-11T17:07:14.315953+04:00,79.1
2784,5597,14986838238000,9992.0,1.00,77358.447,78080.902,1789132034371.528,2026-09-11T17:07:14.371528+04:00,79.1
2785,5598,14986852131000,9992.0,1.00,77372.340,78094.795,1789132034385.421,2026-09-11T17:07:14.385421+04:00,79.1
2786,5599,14986866023000,9992.0,1.00,77386.232,78108.687,1789132034399.313,2026-09-11T17:07:14.399313+04:00,79.1
2787,5603,14986921599000,9992.0,1.00,77441.808,78164.263,1789132034454.889,2026-09-11T17:07:14.454889+04:00,79.0
2788,5604,14986935491000,9992.0,1.00,77455.700,78178.155,1789132034468.781,2026-09-11T17:07:14.468781+04:00,79.0
2789,5605,14986949383000,9992.0,1.00,77469.592,78192.047,1789132034482.673,2026-09-11T17:07:14.482673+04:00,78.9
2790,5609,14987004958000,9992.0,1.00,77525.167,78247.622,1789132034538.248,2026-09-11T17:07:14.538248+04:00,78.8
2791,5610,14987018851000,9992.0,1.00,77539.060,78261.515,1789132034552.141,2026-09-11T17:07:14.552141+04:00,78.9
2792,5611,14987032743000,9992.0,1.00,77552.952,78275.407,1789132034566.033,2026-09-11T17:07:14.566033+04:00,78.9
2793,5615,14987088319000,9992.0,1.00,77608.528,78330.983,1789132034621.609,2026-09-11T17:07:14.621609+04:00,79.0
2794,5616,14987102211000,9992.0,1.00,77622.420,78344.875,1789132034635.501,2026-09-11T17:07:14.635501+04:00,79.0
2795,5617,14987116105000,9992.0,1.00,77636.314,78358.769,1789132034649.395,2026-09-11T17:07:14.649395+04:00,79.0
2796,5621,14987171680000,9992.0,1.00,77691.889,78414.344,1789132034704.970,2026-09-11T17:07:14.704970+04:00,79.0
2797,5622,14987185571000,9992.0,1.00,77705.780,78428.235,1789132034718.861,2026-09-11T17:07:14.718861+04:00,79.0
2798,5623,14987199465000,9992.0,1.00,77719.674,78442.129,1789132034732.755,2026-09-11T17:07:14.732755+04:00,79.1
2799,5627,14987255040000,9992.0,1.00,77775.249,78497.704,1789132034788.330,2026-09-11T17:07:14.788330+04:00,79.0
2800,5628,14987268933000,9992.0,1.00,77789.142,78511.597,1789132034802.223,2026-09-11T17:07:14.802223+04:00,79.0
2801,5629,14987282827000,9992.0,1.00,77803.036,78525.491,1789132034816.117,2026-09-11T17:07:14.816117+04:00,79.0
2802,5633,14987338401000,9992.0,1.00,77858.610,78581.065,1789132034871.691,2026-09-11T17:07:14.871691+04:00,79.0
2803,5634,14987352294000,9992.0,1.00,77872.503,78594.958,1789132034885.584,2026-09-11T17:07:14.885584+04:00,79.0
2804,5635,14987366187000,9992.0,1.00,77886.396,78608.851,1789132034899.477,2026-09-11T17:07:14.899477+04:00,79.1
2805,5639,14987421760000,9992.0,1.00,77941.969,78664.424,1789132034955.050,2026-09-11T17:07:14.955050+04:00,79.1
2806,5640,14987435653000,9992.0,1.00,77955.862,78678.317,1789132034968.943,2026-09-11T17:07:14.968943+04:00,79.2
2807,5641,14987449547000,9992.0,1.00,77969.756,78692.211,1789132034982.837,2026-09-11T17:07:14.982837+04:00,79.2
2808,5645,14987505120000,9992.0,1.00,78025.329,78747.784,1789132035038.410,2026-09-11T17:07:15.038410+04:00,79.2
2809,5646,14987519014000,9992.0,1.00,78039.223,78761.678,1789132035052.304,2026-09-11T17:07:15.052304+04:00,79.2
2810,5647,14987532908000,9992.0,1.00,78053.117,78775.572,1789132035066.198,2026-09-11T17:07:15.066198+04:00,79.3
2811,5651,14987588482000,9992.0,1.00,78108.691,78831.146,1789132035121.772,2026-09-11T17:07:15.121772+04:00,79.4
2812,5652,14987602374000,9992.0,1.00,78122.583,78845.038,1789132035135.664,2026-09-11T17:07:15.135664+04:00,79.4
2813,5653,14987616267000,9992.0,1.00,78136.476,78858.931,1789132035149.557,2026-09-11T17:07:15.149557+04:00,79.4
2814,5657,14987671845000,9992.0,1.00,78192.054,78914.509,1789132035205.135,2026-09-11T17:07:15.205135+04:00,79.5
2815,5658,14987685740000,9992.0,1.00,78205.949,78928.404,1789132035219.030,2026-09-11T17:07:15.219030+04:00,79.5
2816,5659,14987699628000,9992.0,1.00,78219.837,78942.292,1789132035232.918,2026-09-11T17:07:15.232918+04:00,79.5
2817,5663,14987755206000,9992.0,1.00,78275.415,78997.870,1789132035288.496,2026-09-11T17:07:15.288496+04:00,79.5
2818,5664,14987769095000,9992.0,1.00,78289.304,79011.759,1789132035302.385,2026-09-11T17:07:15.302385+04:00,79.5
2819,5665,14987782989000,9992.0,1.00,78303.198,79025.653,1789132035316.279,2026-09-11T17:07:15.316279+04:00,79.5
2820,5669,14987838564000,9992.0,1.00,78358.773,79081.228,1789132035371.854,2026-09-11T17:07:15.371854+04:00,79.3
2821,5670,14987852455000,9992.0,1.00,78372.664,79095.119,1789132035385.745,2026-09-11T17:07:15.385745+04:00,79.2
2822,5671,14987866347000,9992.0,1.00,78386.556,79109.011,1789132035399.637,2026-09-11T17:07:15.399637+04:00,79.2
2823,5675,14987921956000,9992.0,1.00,78442.165,79164.620,1789132035455.246,2026-09-11T17:07:15.455246+04:00,79.2
2824,5676,14987935816000,9992.0,1.00,78456.025,79178.480,1789132035469.106,2026-09-11T17:07:15.469106+04:00,79.2
2825,5677,14987949709000,9992.0,1.00,78469.918,79192.373,1789132035482.999,2026-09-11T17:07:15.482999+04:00,79.2
2826,5681,14988005284000,9992.0,1.00,78525.493,79247.948,1789132035538.574,2026-09-11T17:07:15.538574+04:00,79.3
2827,5682,14988019176000,9992.0,1.00,78539.385,79261.840,1789132035552.466,2026-09-11T17:07:15.552466+04:00,79.3
2828,5683,14988033072000,9992.0,1.00,78553.281,79275.736,1789132035566.362,2026-09-11T17:07:15.566362+04:00,79.3
2829,5687,14988088644000,9992.0,1.00,78608.853,79331.308,1789132035621.934,2026-09-11T17:07:15.621934+04:00,79.2
2830,5688,14988102537000,9992.0,1.00,78622.746,79345.201,1789132035635.827,2026-09-11T17:07:15.635827+04:00,79.2
2831,5689,14988116430000,9992.0,1.00,78636.639,79359.094,1789132035649.720,2026-09-11T17:07:15.649720+04:00,79.2
2832,5693,14988172027000,9992.0,1.00,78692.236,79414.691,1789132035705.317,2026-09-11T17:07:15.705317+04:00,79.2
2833,5694,14988185899000,9992.0,1.00,78706.108,79428.563,1789132035719.189,2026-09-11T17:07:15.719189+04:00,79.2
2834,5695,14988199795000,9992.0,1.00,78720.004,79442.459,1789132035733.085,2026-09-11T17:07:15.733085+04:00,79.2
2835,5699,14988255369000,9992.0,1.00,78775.578,79498.033,1789132035788.659,2026-09-11T17:07:15.788659+04:00,79.3
2836,5700,14988269258000,9992.0,1.00,78789.467,79511.922,1789132035802.548,2026-09-11T17:07:15.802548+04:00,79.3
2837,5701,14988283151000,9992.0,1.00,78803.360,79525.815,1789132035816.441,2026-09-11T17:07:15.816441+04:00,79.3
2838,5705,14988338726000,9992.0,1.00,78858.935,79581.390,1789132035872.016,2026-09-11T17:07:15.872016+04:00,79.5
2839,5706,14988352618000,9992.0,1.00,78872.827,79595.282,1789132035885.908,2026-09-11T17:07:15.885908+04:00,79.5
2840,5707,14988366511000,9992.0,1.00,78886.720,79609.175,1789132035899.801,2026-09-11T17:07:15.899801+04:00,79.6
2841,5711,14988422087000,9992.0,1.00,78942.296,79664.751,1789132035955.377,2026-09-11T17:07:15.955377+04:00,79.7
2842,5712,14988435978000,9992.0,1.00,78956.187,79678.642,1789132035969.268,2026-09-11T17:07:15.969268+04:00,79.7
2843,5713,14988449872000,9992.0,1.00,78970.081,79692.536,1789132035983.162,2026-09-11T17:07:15.983162+04:00,79.7
2844,5717,14988505446000,9992.0,1.00,79025.655,79748.110,1789132036038.736,2026-09-11T17:07:16.038736+04:00,79.6
2845,5718,14988519343000,9992.0,1.00,79039.552,79762.007,1789132036052.633,2026-09-11T17:07:16.052633+04:00,79.6
2846,5719,14988533232000,9992.0,1.00,79053.441,79775.896,1789132036066.522,2026-09-11T17:07:16.066522+04:00,79.6
2847,5723,14988588807000,9992.0,1.00,79109.016,79831.471,1789132036122.097,2026-09-11T17:07:16.122097+04:00,79.4
2848,5724,14988602699000,9992.0,1.00,79122.908,79845.363,1789132036135.989,2026-09-11T17:07:16.135989+04:00,79.3
2849,5725,14988616592000,9992.0,1.00,79136.801,79859.256,1789132036149.882,2026-09-11T17:07:16.149882+04:00,79.3
2850,5729,14988672167000,9992.0,1.00,79192.376,79914.831,1789132036205.457,2026-09-11T17:07:16.205457+04:00,79.2
2851,5730,14988686061000,9992.0,1.00,79206.270,79928.725,1789132036219.351,2026-09-11T17:07:16.219351+04:00,79.3
2852,5731,14988699953000,9992.0,1.00,79220.162,79942.617,1789132036233.243,2026-09-11T17:07:16.233243+04:00,79.3
2853,5735,14988755531000,9992.0,1.00,79275.740,79998.195,1789132036288.821,2026-09-11T17:07:16.288821+04:00,79.3
2854,5736,14988769422000,9992.0,1.00,79289.631,80012.086,1789132036302.712,2026-09-11T17:07:16.302712+04:00,79.3
2855,5737,14988783313000,9992.0,1.00,79303.522,80025.977,1789132036316.603,2026-09-11T17:07:16.316603+04:00,79.3
2856,5741,14988838890000,9992.0,1.00,79359.099,80081.554,1789132036372.180,2026-09-11T17:07:16.372180+04:00,79.2
2857,5742,14988852781000,9992.0,1.00,79372.990,80095.445,1789132036386.071,2026-09-11T17:07:16.386071+04:00,79.2
2858,5743,14988866675000,9992.0,1.00,79386.884,80109.339,1789132036399.965,2026-09-11T17:07:16.399965+04:00,79.2
2859,5747,14988922255000,9992.0,1.00,79442.464,80164.919,1789132036455.545,2026-09-11T17:07:16.455545+04:00,79.2
2860,5748,14988936142000,9992.0,1.00,79456.351,80178.806,1789132036469.432,2026-09-11T17:07:16.469432+04:00,79.2
2861,5749,14988950035000,9992.0,1.00,79470.244,80192.699,1789132036483.325,2026-09-11T17:07:16.483325+04:00,79.2
2862,5753,14989005609000,9992.0,1.00,79525.818,80248.273,1789132036538.899,2026-09-11T17:07:16.538899+04:00,79.2
2863,5754,14989019501000,9992.0,1.00,79539.710,80262.165,1789132036552.791,2026-09-11T17:07:16.552791+04:00,79.3
2864,5755,14989033395000,9992.0,1.00,79553.604,80276.059,1789132036566.685,2026-09-11T17:07:16.566685+04:00,79.3
2865,5759,14989088969000,9992.0,1.00,79609.178,80331.633,1789132036622.259,2026-09-11T17:07:16.622259+04:00,79.3
2866,5760,14989102862000,9992.0,1.00,79623.071,80345.526,1789132036636.152,2026-09-11T17:07:16.636152+04:00,79.3
2867,5761,14989116755000,9992.0,1.00,79636.964,80359.419,1789132036650.045,2026-09-11T17:07:16.650045+04:00,79.3
2868,5765,14989172330000,9992.0,1.00,79692.539,80414.994,1789132036705.620,2026-09-11T17:07:16.705620+04:00,79.4
2869,5766,14989186223000,9992.0,1.00,79706.432,80428.887,1789132036719.513,2026-09-11T17:07:16.719513+04:00,79.4
2870,5767,14989200116000,9992.0,1.00,79720.325,80442.780,1789132036733.406,2026-09-11T17:07:16.733406+04:00,79.4
2871,5771,14989255693000,9992.0,1.00,79775.902,80498.357,1789132036788.983,2026-09-11T17:07:16.788983+04:00,79.5
2872,5772,14989269583000,9992.0,1.00,79789.792,80512.247,1789132036802.873,2026-09-11T17:07:16.802873+04:00,79.5
2873,5773,14989283476000,9992.0,1.00,79803.685,80526.140,1789132036816.766,2026-09-11T17:07:16.816766+04:00,79.6
2874,5777,14989339053000,9992.0,1.00,79859.262,80581.717,1789132036872.343,2026-09-11T17:07:16.872343+04:00,79.7
2875,5778,14989352944000,9992.0,1.00,79873.153,80595.608,1789132036886.234,2026-09-11T17:07:16.886234+04:00,79.7
2876,5779,14989366836000,9992.0,1.00,79887.045,80609.500,1789132036900.126,2026-09-11T17:07:16.900126+04:00,79.7
2877,5783,14989422414000,9992.0,1.00,79942.623,80665.078,1789132036955.704,2026-09-11T17:07:16.955704+04:00,79.7
2878,5784,14989436304000,9992.0,1.00,79956.513,80678.968,1789132036969.594,2026-09-11T17:07:16.969594+04:00,79.7
2879,5785,14989450196000,9992.0,1.00,79970.405,80692.860,1789132036983.486,2026-09-11T17:07:16.983486+04:00,79.7
2880,5789,14989505775000,9992.0,1.00,80025.984,80748.439,1789132037039.065,2026-09-11T17:07:17.039065+04:00,79.5
2881,5790,14989519665000,9992.0,1.00,80039.874,80762.329,1789132037052.955,2026-09-11T17:07:17.052955+04:00,79.5
2882,5791,14989533559000,9992.0,1.00,80053.768,80776.223,1789132037066.849,2026-09-11T17:07:17.066849+04:00,79.5
2883,5795,14989589132000,9992.0,1.00,80109.341,80831.796,1789132037122.422,2026-09-11T17:07:17.122422+04:00,79.5
2884,5796,14989603025000,9992.0,1.00,80123.234,80845.689,1789132037136.315,2026-09-11T17:07:17.136315+04:00,79.5
2885,5797,14989616919000,9992.0,1.00,80137.128,80859.583,1789132037150.209,2026-09-11T17:07:17.150209+04:00,79.5
2886,5801,14989672493000,9992.0,1.00,80192.702,80915.157,1789132037205.783,2026-09-11T17:07:17.205783+04:00,79.7
2887,5802,14989686385000,9992.0,1.00,80206.594,80929.049,1789132037219.675,2026-09-11T17:07:17.219675+04:00,79.7
2888,5803,14989700279000,9992.0,1.00,80220.488,80942.943,1789132037233.569,2026-09-11T17:07:17.233569+04:00,79.8
2889,5807,14989755857000,9992.0,1.00,80276.066,80998.521,1789132037289.147,2026-09-11T17:07:17.289147+04:00,79.9
2890,5808,14989769745000,9992.0,1.00,80289.954,81012.409,1789132037303.035,2026-09-11T17:07:17.303035+04:00,80.0
2891,5809,14989783639000,9992.0,1.00,80303.848,81026.303,1789132037316.929,2026-09-11T17:07:17.316929+04:00,80.1
2892,5813,14989839216000,9992.0,1.00,80359.425,81081.880,1789132037372.506,2026-09-11T17:07:17.372506+04:00,80.3
2893,5814,14989853106000,9992.0,1.00,80373.315,81095.770,1789132037386.396,2026-09-11T17:07:17.386396+04:00,80.4
2894,5815,14989866999000,9992.0,1.00,80387.208,81109.663,1789132037400.289,2026-09-11T17:07:17.400289+04:00,80.5
2895,5819,14989922576000,9992.0,1.00,80442.785,81165.240,1789132037455.866,2026-09-11T17:07:17.455866+04:00,80.6
2896,5820,14989936467000,9992.0,1.00,80456.676,81179.131,1789132037469.757,2026-09-11T17:07:17.469757+04:00,80.6
2897,5821,14989950361000,9992.0,1.00,80470.570,81193.025,1789132037483.651,2026-09-11T17:07:17.483651+04:00,80.6
2898,5825,14990005934000,9992.0,1.00,80526.143,81248.598,1789132037539.224,2026-09-11T17:07:17.539224+04:00,80.6
2899,5826,14990019827000,9992.0,1.00,80540.036,81262.491,1789132037553.117,2026-09-11T17:07:17.553117+04:00,80.6
2900,5827,14990033721000,9992.0,1.00,80553.930,81276.385,1789132037567.011,2026-09-11T17:07:17.567011+04:00,80.5
2901,5831,14990089295000,9992.0,1.00,80609.504,81331.959,1789132037622.585,2026-09-11T17:07:17.622585+04:00,80.3
2902,5832,14990103187000,9992.0,1.00,80623.396,81345.851,1789132037636.477,2026-09-11T17:07:17.636477+04:00,80.2
2903,5833,14990117080000,9992.0,1.00,80637.289,81359.744,1789132037650.370,2026-09-11T17:07:17.650370+04:00,80.2
2904,5837,14990172669000,9992.0,1.00,80692.878,81415.333,1789132037705.959,2026-09-11T17:07:17.705959+04:00,80.0
2905,5838,14990186548000,9992.0,1.00,80706.757,81429.212,1789132037719.838,2026-09-11T17:07:17.719838+04:00,79.9
2906,5839,14990200442000,9992.0,1.00,80720.651,81443.106,1789132037733.732,2026-09-11T17:07:17.733732+04:00,79.9
2907,5843,14990256020000,9992.0,1.00,80776.229,81498.684,1789132037789.310,2026-09-11T17:07:17.789310+04:00,79.8
2908,5844,14990269907000,9992.0,1.00,80790.116,81512.571,1789132037803.197,2026-09-11T17:07:17.803197+04:00,79.8
2909,5845,14990283801000,9992.0,1.00,80804.010,81526.465,1789132037817.091,2026-09-11T17:07:17.817091+04:00,79.9
2910,5849,14990339379000,9992.0,1.00,80859.588,81582.043,1789132037872.669,2026-09-11T17:07:17.872669+04:00,80.0
2911,5850,14990353268000,9992.0,1.00,80873.477,81595.932,1789132037886.558,2026-09-11T17:07:17.886558+04:00,80.0
2912,5851,14990367162000,9992.0,1.00,80887.371,81609.826,1789132037900.452,2026-09-11T17:07:17.900452+04:00,80.0
2913,5855,14990422741000,9992.0,1.00,80942.950,81665.405,1789132037956.031,2026-09-11T17:07:17.956031+04:00,80.1
2914,5856,14990436629000,9992.0,1.00,80956.838,81679.293,1789132037969.919,2026-09-11T17:07:17.969919+04:00,80.0
2915,5857,14990450521000,9992.0,1.00,80970.730,81693.185,1789132037983.811,2026-09-11T17:07:17.983811+04:00,80.0
2916,5861,14990506097000,9992.0,1.00,81026.306,81748.761,1789132038039.387,2026-09-11T17:07:18.039387+04:00,80.4
2917,5862,14990519990000,9992.0,1.00,81040.199,81762.654,1789132038053.280,2026-09-11T17:07:18.053280+04:00,80.4
2918,5863,14990533883000,9992.0,1.00,81054.092,81776.547,1789132038067.173,2026-09-11T17:07:18.067173+04:00,80.5
2919,5867,14990589457000,9992.0,1.00,81109.666,81832.121,1789132038122.747,2026-09-11T17:07:18.122747+04:00,81.0
2920,5868,14990603350000,9992.0,1.00,81123.559,81846.014,1789132038136.640,2026-09-11T17:07:18.136640+04:00,81.2
2921,5869,14990617242000,9992.0,1.00,81137.451,81859.906,1789132038150.532,2026-09-11T17:07:18.150532+04:00,81.4
2922,5873,14990672817000,9992.0,1.00,81193.026,81915.481,1789132038206.107,2026-09-11T17:07:18.206107+04:00,81.8
2923,5874,14990686710000,9992.0,1.00,81206.919,81929.374,1789132038220.000,2026-09-11T17:07:18.220000+04:00,82.0
2924,5875,14990700605000,9992.0,1.00,81220.814,81943.269,1789132038233.895,2026-09-11T17:07:18.233895+04:00,82.1
2925,5879,14990756178000,9992.0,1.00,81276.387,81998.842,1789132038289.468,2026-09-11T17:07:18.289468+04:00,82.3
2926,5880,14990770072000,9992.0,1.00,81290.281,82012.736,1789132038303.362,2026-09-11T17:07:18.303362+04:00,82.3
2927,5881,14990783964000,9992.0,1.00,81304.173,82026.628,1789132038317.254,2026-09-11T17:07:18.317254+04:00,82.4
2928,5885,14990839542000,9992.0,1.00,81359.751,82082.206,1789132038372.832,2026-09-11T17:07:18.372832+04:00,82.3
2929,5886,14990853431000,9992.0,1.00,81373.640,82096.095,1789132038386.721,2026-09-11T17:07:18.386721+04:00,82.2
2930,5887,14990867325000,9992.0,1.00,81387.534,82109.989,1789132038400.615,2026-09-11T17:07:18.400615+04:00,82.2
2931,5891,14990922901000,9992.0,1.00,81443.110,82165.565,1789132038456.191,2026-09-11T17:07:18.456191+04:00,82.0
2932,5892,14990936792000,9992.0,1.00,81457.001,82179.456,1789132038470.082,2026-09-11T17:07:18.470082+04:00,81.9
2933,5893,14990950685000,9992.0,1.00,81470.894,82193.349,1789132038483.975,2026-09-11T17:07:18.483975+04:00,81.8
2934,5897,14991006260000,9992.0,1.00,81526.469,82248.924,1789132038539.550,2026-09-11T17:07:18.539550+04:00,81.8
2935,5898,14991020153000,9992.0,1.00,81540.362,82262.817,1789132038553.443,2026-09-11T17:07:18.553443+04:00,81.7
2936,5899,14991034045000,9992.0,1.00,81554.254,82276.709,1789132038567.335,2026-09-11T17:07:18.567335+04:00,81.8
2937,5903,14991089619000,9992.0,1.00,81609.828,82332.283,1789132038622.909,2026-09-11T17:07:18.622909+04:00,82.0
2938,5904,14991103512000,9992.0,1.00,81623.721,82346.176,1789132038636.802,2026-09-11T17:07:18.636802+04:00,82.0
2939,5905,14991117405000,9992.0,1.00,81637.614,82360.069,1789132038650.695,2026-09-11T17:07:18.650695+04:00,82.0
2940,5909,14991172980000,9992.0,1.00,81693.189,82415.644,1789132038706.270,2026-09-11T17:07:18.706270+04:00,82.1
2941,5910,14991186873000,9992.0,1.00,81707.082,82429.537,1789132038720.163,2026-09-11T17:07:18.720163+04:00,82.0
2942,5911,14991200766000,9992.0,1.00,81720.975,82443.430,1789132038734.056,2026-09-11T17:07:18.734056+04:00,82.0
2943,5915,14991256340000,9992.0,1.00,81776.549,82499.004,1789132038789.630,2026-09-11T17:07:18.789630+04:00,82.0
2944,5916,14991270233000,9992.0,1.00,81790.442,82512.897,1789132038803.523,2026-09-11T17:07:18.803523+04:00,81.9
2945,5917,14991284126000,9992.0,1.00,81804.335,82526.790,1789132038817.416,2026-09-11T17:07:18.817416+04:00,81.9
2946,5921,14991339702000,9992.0,1.00,81859.911,82582.366,1789132038872.992,2026-09-11T17:07:18.872992+04:00,82.0
2947,5922,14991353594000,9992.0,1.00,81873.803,82596.258,1789132038886.884,2026-09-11T17:07:18.886884+04:00,82.1
2948,5923,14991367487000,9992.0,1.00,81887.696,82610.151,1789132038900.777,2026-09-11T17:07:18.900777+04:00,82.2
2949,5927,14991423064000,9992.0,1.00,81943.273,82665.728,1789132038956.354,2026-09-11T17:07:18.956354+04:00,82.7
2950,5928,14991436954000,9992.0,1.00,81957.163,82679.618,1789132038970.244,2026-09-11T17:07:18.970244+04:00,82.7
2951,5929,14991450848000,9992.0,1.00,81971.057,82693.512,1789132038984.138,2026-09-11T17:07:18.984138+04:00,82.8
2952,5933,14991506424000,9992.0,1.00,82026.633,82749.088,1789132039039.714,2026-09-11T17:07:19.039714+04:00,82.9
2953,5934,14991520314000,9992.0,1.00,82040.523,82762.978,1789132039053.604,2026-09-11T17:07:19.053604+04:00,82.9
2954,5935,14991534207000,9992.0,1.00,82054.416,82776.871,1789132039067.497,2026-09-11T17:07:19.067497+04:00,82.9
2955,5939,14991589783000,9992.0,1.00,82109.992,82832.447,1789132039123.073,2026-09-11T17:07:19.123073+04:00,82.7
2956,5940,14991603675000,9992.0,1.00,82123.884,82846.339,1789132039136.965,2026-09-11T17:07:19.136965+04:00,82.7
2957,5941,14991617567000,9992.0,1.00,82137.776,82860.231,1789132039150.857,2026-09-11T17:07:19.150857+04:00,82.6
2958,5945,14991673142000,9992.0,1.00,82193.351,82915.806,1789132039206.432,2026-09-11T17:07:19.206432+04:00,82.5
2959,5946,14991687035000,9992.0,1.00,82207.244,82929.699,1789132039220.325,2026-09-11T17:07:19.220325+04:00,82.5
2960,5947,14991700927000,9992.0,1.00,82221.136,82943.591,1789132039234.217,2026-09-11T17:07:19.234217+04:00,82.4
2961,5951,14991756503000,9992.0,1.00,82276.712,82999.167,1789132039289.793,2026-09-11T17:07:19.289793+04:00,81.7
2962,5952,14991770396000,9992.0,1.00,82290.605,83013.060,1789132039303.686,2026-09-11T17:07:19.303686+04:00,81.6
2963,5953,14991784288000,9992.0,1.00,82304.497,83026.952,1789132039317.578,2026-09-11T17:07:19.317578+04:00,81.4
2964,5957,14991839867000,9992.0,1.00,82360.076,83082.531,1789132039373.157,2026-09-11T17:07:19.373157+04:00,80.9
2965,5958,14991853773000,9992.0,1.00,82373.982,83096.437,1789132039387.063,2026-09-11T17:07:19.387063+04:00,80.8
2966,5959,14991867649000,9992.0,1.00,82387.858,83110.313,1789132039400.939,2026-09-11T17:07:19.400939+04:00,80.8
2967,5963,14991923226000,9992.0,1.00,82443.435,83165.890,1789132039456.516,2026-09-11T17:07:19.456516+04:00,80.5
2968,5964,14991937117000,9992.0,1.00,82457.326,83179.781,1789132039470.407,2026-09-11T17:07:19.470407+04:00,80.4
2969,5965,14991951009000,9992.0,1.00,82471.218,83193.673,1789132039484.299,2026-09-11T17:07:19.484299+04:00,80.4
2970,5969,14992006584000,9992.0,1.00,82526.793,83249.248,1789132039539.874,2026-09-11T17:07:19.539874+04:00,80.4
2971,5970,14992020476000,9992.0,1.00,82540.685,83263.140,1789132039553.766,2026-09-11T17:07:19.553766+04:00,80.4
2972,5971,14992034370000,9992.0,1.00,82554.579,83277.034,1789132039567.660,2026-09-11T17:07:19.567660+04:00,80.4
2973,5975,14992089944000,9992.0,1.00,82610.153,83332.608,1789132039623.234,2026-09-11T17:07:19.623234+04:00,80.8
2974,5976,14992103838000,9992.0,1.00,82624.047,83346.502,1789132039637.128,2026-09-11T17:07:19.637128+04:00,81.0
2975,5977,14992117730000,9992.0,1.00,82637.939,83360.394,1789132039651.020,2026-09-11T17:07:19.651020+04:00,81.1
2976,5981,14992173305000,9992.0,1.00,82693.514,83415.969,1789132039706.595,2026-09-11T17:07:19.706595+04:00,81.5
2977,5982,14992187197000,9992.0,1.00,82707.406,83429.861,1789132039720.487,2026-09-11T17:07:19.720487+04:00,81.5
2978,5983,14992201090000,9992.0,1.00,82721.299,83443.754,1789132039734.380,2026-09-11T17:07:19.734380+04:00,81.5
2979,5987,14992256665000,9992.0,1.00,82776.874,83499.329,1789132039789.955,2026-09-11T17:07:19.789955+04:00,81.3
2980,5988,14992270558000,9992.0,1.00,82790.767,83513.222,1789132039803.848,2026-09-11T17:07:19.803848+04:00,81.3
2981,5989,14992284451000,9992.0,1.00,82804.660,83527.115,1789132039817.741,2026-09-11T17:07:19.817741+04:00,81.2
2982,5993,14992340025000,9992.0,1.00,82860.234,83582.689,1789132039873.315,2026-09-11T17:07:19.873315+04:00,81.0
2983,5994,14992353917000,9992.0,1.00,82874.126,83596.581,1789132039887.207,2026-09-11T17:07:19.887207+04:00,81.0
2984,5995,14992367810000,9992.0,1.00,82888.019,83610.474,1789132039901.100,2026-09-11T17:07:19.901100+04:00,80.9
2985,5999,14992423385000,9992.0,1.00,82943.594,83666.049,1789132039956.675,2026-09-11T17:07:19.956675+04:00,80.9
2986,6000,14992437278000,9992.0,1.00,82957.487,83679.942,1789132039970.568,2026-09-11T17:07:19.970568+04:00,81.0
2987,6001,14992451171000,9992.0,1.00,82971.380,83693.835,1789132039984.461,2026-09-11T17:07:19.984461+04:00,81.1
2988,6005,14992506749000,9992.0,1.00,83026.958,83749.413,1789132040040.039,2026-09-11T17:07:20.040039+04:00,81.3
2989,6006,14992520639000,9992.0,1.00,83040.848,83763.303,1789132040053.929,2026-09-11T17:07:20.053929+04:00,81.4
2990,6007,14992534532000,9992.0,1.00,83054.741,83777.196,1789132040067.822,2026-09-11T17:07:20.067822+04:00,81.5
2991,6011,14992590107000,9992.0,1.00,83110.316,83832.771,1789132040123.397,2026-09-11T17:07:20.123397+04:00,81.7
2992,6012,14992603999000,9992.0,1.00,83124.208,83846.663,1789132040137.289,2026-09-11T17:07:20.137289+04:00,81.6
2993,6013,14992617895000,9992.0,1.00,83138.104,83860.559,1789132040151.185,2026-09-11T17:07:20.151185+04:00,81.5
2994,6017,14992673467000,9992.0,1.00,83193.676,83916.131,1789132040206.757,2026-09-11T17:07:20.206757+04:00,81.1
2995,6018,14992687361000,9992.0,1.00,83207.570,83930.025,1789132040220.651,2026-09-11T17:07:20.220651+04:00,81.0
2996,6019,14992701254000,9992.0,1.00,83221.463,83943.918,1789132040234.544,2026-09-11T17:07:20.234544+04:00,80.9
2997,6023,14992756827000,9992.0,1.00,83277.036,83999.491,1789132040290.117,2026-09-11T17:07:20.290117+04:00,80.6
2998,6024,14992770720000,9992.0,1.00,83290.929,84013.384,1789132040304.010,2026-09-11T17:07:20.304010+04:00,80.5
2999,6025,14992784614000,9992.0,1.00,83304.823,84027.278,1789132040317.904,2026-09-11T17:07:20.317904+04:00,80.5
3000,6029,14992840188000,9992.0,1.00,83360.397,84082.852,1789132040373.478,2026-09-11T17:07:20.373478+04:00,80.4
3001,6030,14992854080000,9992.0,1.00,83374.289,84096.744,1789132040387.370,2026-09-11T17:07:20.387370+04:00,80.4
3002,6031,14992867973000,9992.0,1.00,83388.182,84110.637,1789132040401.263,2026-09-11T17:07:20.401263+04:00,80.5
3003,6035,14992923551000,9992.0,1.00,83443.760,84166.215,1789132040456.841,2026-09-11T17:07:20.456841+04:00,80.7
3004,6036,14992937441000,9992.0,1.00,83457.650,84180.105,1789132040470.731,2026-09-11T17:07:20.470731+04:00,80.7
3005,6037,14992951333000,9992.0,1.00,83471.542,84193.997,1789132040484.623,2026-09-11T17:07:20.484623+04:00,80.8
3006,6041,14993006912000,9992.0,1.00,83527.121,84249.576,1789132040540.202,2026-09-11T17:07:20.540202+04:00,81.0
3007,6042,14993020801000,9992.0,1.00,83541.010,84263.465,1789132040554.091,2026-09-11T17:07:20.554091+04:00,81.1
3008,6043,14993034695000,9992.0,1.00,83554.904,84277.359,1789132040567.985,2026-09-11T17:07:20.567985+04:00,81.1
3009,6047,14993090269000,9992.0,1.00,83610.478,84332.933,1789132040623.559,2026-09-11T17:07:20.623559+04:00,81.4
3010,6048,14993104162000,9992.0,1.00,83624.371,84346.826,1789132040637.452,2026-09-11T17:07:20.637452+04:00,81.4
3011,6049,14993118054000,9992.0,1.00,83638.263,84360.718,1789132040651.344,2026-09-11T17:07:20.651344+04:00,81.5
3012,6053,14993173630000,9992.0,1.00,83693.839,84416.294,1789132040706.920,2026-09-11T17:07:20.706920+04:00,81.6
3013,6054,14993187523000,9992.0,1.00,83707.732,84430.187,1789132040720.813,2026-09-11T17:07:20.720813+04:00,81.7
3014,6055,14993201415000,9992.0,1.00,83721.624,84444.079,1789132040734.705,2026-09-11T17:07:20.734705+04:00,81.7
3015,6059,14993256990000,9992.0,1.00,83777.199,84499.654,1789132040790.280,2026-09-11T17:07:20.790280+04:00,81.8
3016,6060,14993270882000,9992.0,1.00,83791.091,84513.546,1789132040804.172,2026-09-11T17:07:20.804172+04:00,81.9
3017,6061,14993284775000,9992.0,1.00,83804.984,84527.439,1789132040818.065,2026-09-11T17:07:20.818065+04:00,82.0
3018,6065,14993340350000,9992.0,1.00,83860.559,84583.014,1789132040873.640,2026-09-11T17:07:20.873640+04:00,82.0
3019,6066,14993354243000,9992.0,1.00,83874.452,84596.907,1789132040887.533,2026-09-11T17:07:20.887533+04:00,82.1
3020,6067,14993368136000,9992.0,1.00,83888.345,84610.800,1789132040901.426,2026-09-11T17:07:20.901426+04:00,82.1
3021,6071,14993423710000,9992.0,1.00,83943.919,84666.374,1789132040957.000,2026-09-11T17:07:20.957000+04:00,82.2
3022,6072,14993437603000,9992.0,1.00,83957.812,84680.267,1789132040970.893,2026-09-11T17:07:20.970893+04:00,82.3
3023,6073,14993451497000,9992.0,1.00,83971.706,84694.161,1789132040984.787,2026-09-11T17:07:20.984787+04:00,82.3
3024,6077,14993507074000,9992.0,1.00,84027.283,84749.738,1789132041040.364,2026-09-11T17:07:21.040364+04:00,82.2
3025,6078,14993520964000,9992.0,1.00,84041.173,84763.628,1789132041054.254,2026-09-11T17:07:21.054254+04:00,82.2
3026,6079,14993534858000,9992.0,1.00,84055.067,84777.522,1789132041068.148,2026-09-11T17:07:21.068148+04:00,82.2
3027,6083,14993590430000,9992.0,1.00,84110.639,84833.094,1789132041123.720,2026-09-11T17:07:21.123720+04:00,82.1
3028,6084,14993604325000,9992.0,1.00,84124.534,84846.989,1789132041137.615,2026-09-11T17:07:21.137615+04:00,82.0
3029,6085,14993618218000,9992.0,1.00,84138.427,84860.882,1789132041151.508,2026-09-11T17:07:21.151508+04:00,82.0
3030,6089,14993673791000,9992.0,1.00,84194.000,84916.455,1789132041207.081,2026-09-11T17:07:21.207081+04:00,81.8
3031,6090,14993687684000,9992.0,1.00,84207.893,84930.348,1789132041220.974,2026-09-11T17:07:21.220974+04:00,81.8
3032,6091,14993701578000,9992.0,1.00,84221.787,84944.242,1789132041234.868,2026-09-11T17:07:21.234868+04:00,81.8
3033,6095,14993757152000,9992.0,1.00,84277.361,84999.816,1789132041290.442,2026-09-11T17:07:21.290442+04:00,81.5
3034,6096,14993771045000,9992.0,1.00,84291.254,85013.709,1789132041304.335,2026-09-11T17:07:21.304335+04:00,81.4
3035,6097,14993784939000,9992.0,1.00,84305.148,85027.603,1789132041318.229,2026-09-11T17:07:21.318229+04:00,81.3
3036,6101,14993840512000,9992.0,1.00,84360.721,85083.176,1789132041373.802,2026-09-11T17:07:21.373802+04:00,81.0
3037,6102,14993854407000,9992.0,1.00,84374.616,85097.071,1789132041387.697,2026-09-11T17:07:21.387697+04:00,81.0
3038,6103,14993868300000,9992.0,1.00,84388.509,85110.964,1789132041401.590,2026-09-11T17:07:21.401590+04:00,80.9
3039,6107,14993923876000,9992.0,1.00,84444.085,85166.540,1789132041457.166,2026-09-11T17:07:21.457166+04:00,80.7
3040,6108,14993937766000,9992.0,1.00,84457.975,85180.430,1789132041471.056,2026-09-11T17:07:21.471056+04:00,80.6
3041,6109,14993951663000,9992.0,1.00,84471.872,85194.327,1789132041484.953,2026-09-11T17:07:21.484953+04:00,80.5
3042,6113,14994007234000,9992.0,1.00,84527.443,85249.898,1789132041540.524,2026-09-11T17:07:21.540524+04:00,80.2
3043,6114,14994021127000,9992.0,1.00,84541.336,85263.791,1789132041554.417,2026-09-11T17:07:21.554417+04:00,80.3
3044,6115,14994035020000,9992.0,1.00,84555.229,85277.684,1789132041568.310,2026-09-11T17:07:21.568310+04:00,80.3
3045,6119,14994090596000,9992.0,1.00,84610.805,85333.260,1789132041623.886,2026-09-11T17:07:21.623886+04:00,80.1
3046,6120,14994104487000,9992.0,1.00,84624.696,85347.151,1789132041637.777,2026-09-11T17:07:21.637777+04:00,80.0
3047,6121,14994118380000,9992.0,1.00,84638.589,85361.044,1789132041651.670,2026-09-11T17:07:21.651670+04:00,79.9
3048,6125,14994173955000,9992.0,1.00,84694.164,85416.619,1789132041707.245,2026-09-11T17:07:21.707245+04:00,79.9
3049,6126,14994187848000,9992.0,1.00,84708.057,85430.512,1789132041721.138,2026-09-11T17:07:21.721138+04:00,79.9
3050,6127,14994201740000,9992.0,1.00,84721.949,85444.404,1789132041735.030,2026-09-11T17:07:21.735030+04:00,79.9
3051,6131,14994257315000,9992.0,1.00,84777.524,85499.979,1789132041790.605,2026-09-11T17:07:21.790605+04:00,80.0
3052,6132,14994271208000,9992.0,1.00,84791.417,85513.872,1789132041804.498,2026-09-11T17:07:21.804498+04:00,80.0
3053,6133,14994285101000,9992.0,1.00,84805.310,85527.765,1789132041818.391,2026-09-11T17:07:21.818391+04:00,80.1
3054,6137,14994340675000,9992.0,1.00,84860.884,85583.339,1789132041873.965,2026-09-11T17:07:21.873965+04:00,80.3
3055,6138,14994354569000,9992.0,1.00,84874.778,85597.233,1789132041887.859,2026-09-11T17:07:21.887859+04:00,80.4
3056,6139,14994368462000,9992.0,1.00,84888.671,85611.126,1789132041901.752,2026-09-11T17:07:21.901752+04:00,80.4
3057,6143,14994424035000,9992.0,1.00,84944.244,85666.699,1789132041957.325,2026-09-11T17:07:21.957325+04:00,80.4
3058,6144,14994437929000,9992.0,1.00,84958.138,85680.593,1789132041971.219,2026-09-11T17:07:21.971219+04:00,80.4
3059,6145,14994451822000,9992.0,1.00,84972.031,85694.486,1789132041985.112,2026-09-11T17:07:21.985112+04:00,80.4
3060,6149,14994507399000,9992.0,1.00,85027.608,85750.063,1789132042040.689,2026-09-11T17:07:22.040689+04:00,80.5
3061,6150,14994521289000,9992.0,1.00,85041.498,85763.953,1789132042054.579,2026-09-11T17:07:22.054579+04:00,80.5
3062,6151,14994535182000,9992.0,1.00,85055.391,85777.846,1789132042068.472,2026-09-11T17:07:22.068472+04:00,80.5
3063,6155,14994590760000,9992.0,1.00,85110.969,85833.424,1789132042124.050,2026-09-11T17:07:22.124050+04:00,80.6
3064,6156,14994604650000,9992.0,1.00,85124.859,85847.314,1789132042137.940,2026-09-11T17:07:22.137940+04:00,80.7
3065,6157,14994618542000,9992.0,1.00,85138.751,85861.206,1789132042151.832,2026-09-11T17:07:22.151832+04:00,80.7
3066,6161,14994674117000,9992.0,1.00,85194.326,85916.781,1789132042207.407,2026-09-11T17:07:22.207407+04:00,80.7
3067,6162,14994688023000,9992.0,1.00,85208.232,85930.687,1789132042221.313,2026-09-11T17:07:22.221313+04:00,80.8
3068,6163,14994701902000,9992.0,1.00,85222.111,85944.566,1789132042235.192,2026-09-11T17:07:22.235192+04:00,80.8
3069,6167,14994757478000,9992.0,1.00,85277.687,86000.142,1789132042290.768,2026-09-11T17:07:22.290768+04:00,80.8
3070,6168,14994771371000,9992.0,1.00,85291.580,86014.035,1789132042304.661,2026-09-11T17:07:22.304661+04:00,80.8
3071,6169,14994785263000,9992.0,1.00,85305.472,86027.927,1789132042318.553,2026-09-11T17:07:22.318553+04:00,80.8
3072,6173,14994840839000,9992.0,1.00,85361.048,86083.503,1789132042374.129,2026-09-11T17:07:22.374129+04:00,80.8
3073,6174,14994854731000,9992.0,1.00,85374.940,86097.395,1789132042388.021,2026-09-11T17:07:22.388021+04:00,80.8
3074,6175,14994868624000,9992.0,1.00,85388.833,86111.288,1789132042401.914,2026-09-11T17:07:22.401914+04:00,80.8
3075,6179,14994924199000,9992.0,1.00,85444.408,86166.863,1789132042457.489,2026-09-11T17:07:22.457489+04:00,80.8
3076,6180,14994938093000,9992.0,1.00,85458.302,86180.757,1789132042471.383,2026-09-11T17:07:22.471383+04:00,80.8
3077,6181,14994951984000,9992.0,1.00,85472.193,86194.648,1789132042485.274,2026-09-11T17:07:22.485274+04:00,80.8
3078,6185,14995007558000,9992.0,1.00,85527.767,86250.222,1789132042540.848,2026-09-11T17:07:22.540848+04:00,80.8
3079,6186,14995021452000,9992.0,1.00,85541.661,86264.116,1789132042554.742,2026-09-11T17:07:22.554742+04:00,80.8
3080,6187,14995035346000,9992.0,1.00,85555.555,86278.010,1789132042568.636,2026-09-11T17:07:22.568636+04:00,80.8
3081,6191,14995090919000,9992.0,1.00,85611.128,86333.583,1789132042624.209,2026-09-11T17:07:22.624209+04:00,80.8
3082,6192,14995104813000,9992.0,1.00,85625.022,86347.477,1789132042638.103,2026-09-11T17:07:22.638103+04:00,80.8
3083,6193,14995118705000,9992.0,1.00,85638.914,86361.369,1789132042651.995,2026-09-11T17:07:22.651995+04:00,80.8
3084,6197,14995174280000,9992.0,1.00,85694.489,86416.944,1789132042707.570,2026-09-11T17:07:22.707570+04:00,80.8
3085,6198,14995188172000,9992.0,1.00,85708.381,86430.836,1789132042721.462,2026-09-11T17:07:22.721462+04:00,80.8
3086,6199,14995202065000,9992.0,1.00,85722.274,86444.729,1789132042735.355,2026-09-11T17:07:22.735355+04:00,80.8
3087,6203,14995257640000,9992.0,1.00,85777.849,86500.304,1789132042790.930,2026-09-11T17:07:22.790930+04:00,80.8
3088,6204,14995271533000,9992.0,1.00,85791.742,86514.197,1789132042804.823,2026-09-11T17:07:22.804823+04:00,80.8
3089,6205,14995285425000,9992.0,1.00,85805.634,86528.089,1789132042818.715,2026-09-11T17:07:22.818715+04:00,80.8
3090,6209,14995341001000,9992.0,1.00,85861.210,86583.665,1789132042874.291,2026-09-11T17:07:22.874291+04:00,80.9
3091,6210,14995354894000,9992.0,1.00,85875.103,86597.558,1789132042888.184,2026-09-11T17:07:22.888184+04:00,80.9
3092,6211,14995368787000,9992.0,1.00,85888.996,86611.451,1789132042902.077,2026-09-11T17:07:22.902077+04:00,80.9
3093,6215,14995424361000,9992.0,1.00,85944.570,86667.025,1789132042957.651,2026-09-11T17:07:22.957651+04:00,81.1
3094,6216,14995438255000,9992.0,1.00,85958.464,86680.919,1789132042971.545,2026-09-11T17:07:22.971545+04:00,81.1
3095,6217,14995452146000,9992.0,1.00,85972.355,86694.810,1789132042985.436,2026-09-11T17:07:22.985436+04:00,81.1
3096,6221,14995507721000,9992.0,1.00,86027.930,86750.385,1789132043041.011,2026-09-11T17:07:23.041011+04:00,81.3
3097,6222,14995521612000,9992.0,1.00,86041.821,86764.276,1789132043054.902,2026-09-11T17:07:23.054902+04:00,81.3
3098,6223,14995535505000,9992.0,1.00,86055.714,86778.169,1789132043068.795,2026-09-11T17:07:23.068795+04:00,81.3
3099,6227,14995591081000,9992.0,1.00,86111.290,86833.745,1789132043124.371,2026-09-11T17:07:23.124371+04:00,81.3
3100,6228,14995604973000,9992.0,1.00,86125.182,86847.637,1789132043138.263,2026-09-11T17:07:23.138263+04:00,81.4
3101,6229,14995618866000,9992.0,1.00,86139.075,86861.530,1789132043152.156,2026-09-11T17:07:23.152156+04:00,81.4
3102,6233,14995674442000,9992.0,1.00,86194.651,86917.106,1789132043207.732,2026-09-11T17:07:23.207732+04:00,81.6
3103,6234,14995688334000,9992.0,1.00,86208.543,86930.998,1789132043221.624,2026-09-11T17:07:23.221624+04:00,81.7
3104,6235,14995702227000,9992.0,1.00,86222.436,86944.891,1789132043235.517,2026-09-11T17:07:23.235517+04:00,81.9
3105,6239,14995757803000,9992.0,1.00,86278.012,87000.467,1789132043291.093,2026-09-11T17:07:23.291093+04:00,82.1
3106,6240,14995771694000,9992.0,1.00,86291.903,87014.358,1789132043304.984,2026-09-11T17:07:23.304984+04:00,82.2
3107,6241,14995785587000,9992.0,1.00,86305.796,87028.251,1789132043318.877,2026-09-11T17:07:23.318877+04:00,82.2
3108,6245,14995841163000,9992.0,1.00,86361.372,87083.827,1789132043374.453,2026-09-11T17:07:23.374453+04:00,82.3
3109,6246,14995855054000,9992.0,1.00,86375.263,87097.718,1789132043388.344,2026-09-11T17:07:23.388344+04:00,82.3
3110,6247,14995868948000,9992.0,1.00,86389.157,87111.612,1789132043402.238,2026-09-11T17:07:23.402238+04:00,82.3
3111,6251,14995924524000,9992.0,1.00,86444.733,87167.188,1789132043457.814,2026-09-11T17:07:23.457814+04:00,82.4
3112,6252,14995938414000,9992.0,1.00,86458.623,87181.078,1789132043471.704,2026-09-11T17:07:23.471704+04:00,82.5
3113,6253,14995952309000,9992.0,1.00,86472.518,87194.973,1789132043485.599,2026-09-11T17:07:23.485599+04:00,82.5
3114,6257,14996007882000,9992.0,1.00,86528.091,87250.546,1789132043541.172,2026-09-11T17:07:23.541172+04:00,82.7
3115,6258,14996021775000,9992.0,1.00,86541.984,87264.439,1789132043555.065,2026-09-11T17:07:23.555065+04:00,82.8
3116,6259,14996035669000,9992.0,1.00,86555.878,87278.333,1789132043568.959,2026-09-11T17:07:23.568959+04:00,82.8
3117,6263,14996091244000,9992.0,1.00,86611.453,87333.908,1789132043624.534,2026-09-11T17:07:23.624534+04:00,82.9
3118,6264,14996105136000,9992.0,1.00,86625.345,87347.800,1789132043638.426,2026-09-11T17:07:23.638426+04:00,83.0
3119,6265,14996119029000,9992.0,1.00,86639.238,87361.693,1789132043652.319,2026-09-11T17:07:23.652319+04:00,83.0
3120,6269,14996174606000,9992.0,1.00,86694.815,87417.270,1789132043707.896,2026-09-11T17:07:23.707896+04:00,83.1
3121,6270,14996188496000,9992.0,1.00,86708.705,87431.160,1789132043721.786,2026-09-11T17:07:23.721786+04:00,83.1
3122,6271,14996202390000,9992.0,1.00,86722.599,87445.054,1789132043735.680,2026-09-11T17:07:23.735680+04:00,83.1
3123,6275,14996257966000,9992.0,1.00,86778.175,87500.630,1789132043791.256,2026-09-11T17:07:23.791256+04:00,83.1
3124,6276,14996271857000,9992.0,1.00,86792.066,87514.521,1789132043805.147,2026-09-11T17:07:23.805147+04:00,83.1
3125,6277,14996285750000,9992.0,1.00,86805.959,87528.414,1789132043819.040,2026-09-11T17:07:23.819040+04:00,83.1
3126,6281,14996341324000,9992.0,1.00,86861.533,87583.988,1789132043874.614,2026-09-11T17:07:23.874614+04:00,83.1
3127,6282,14996355217000,9992.0,1.00,86875.426,87597.881,1789132043888.507,2026-09-11T17:07:23.888507+04:00,83.2
3128,6283,14996369110000,9992.0,1.00,86889.319,87611.774,1789132043902.400,2026-09-11T17:07:23.902400+04:00,83.2
3129,6287,14996424686000,9992.0,1.00,86944.895,87667.350,1789132043957.976,2026-09-11T17:07:23.957976+04:00,83.3
3130,6288,14996438577000,9992.0,1.00,86958.786,87681.241,1789132043971.867,2026-09-11T17:07:23.971867+04:00,83.3
3131,6289,14996452471000,9992.0,1.00,86972.680,87695.135,1789132043985.761,2026-09-11T17:07:23.985761+04:00,83.4
3132,6293,14996508047000,9992.0,1.00,87028.256,87750.711,1789132044041.337,2026-09-11T17:07:24.041337+04:00,83.4
3133,6294,14996521940000,9992.0,1.00,87042.149,87764.604,1789132044055.230,2026-09-11T17:07:24.055230+04:00,83.2
3134,6295,14996535831000,9992.0,1.00,87056.040,87778.495,1789132044069.121,2026-09-11T17:07:24.069121+04:00,83.1
3135,6299,14996591406000,9992.0,1.00,87111.615,87834.070,1789132044124.696,2026-09-11T17:07:24.124696+04:00,82.7
3136,6300,14996605298000,9992.0,1.00,87125.507,87847.962,1789132044138.588,2026-09-11T17:07:24.138588+04:00,82.6
3137,6301,14996619191000,9992.0,1.00,87139.400,87861.855,1789132044152.481,2026-09-11T17:07:24.152481+04:00,82.6
3138,6305,14996674767000,9992.0,1.00,87194.976,87917.431,1789132044208.057,2026-09-11T17:07:24.208057+04:00,82.6
3139,6306,14996688659000,9992.0,1.00,87208.868,87931.323,1789132044221.949,2026-09-11T17:07:24.221949+04:00,82.6
3140,6307,14996702552000,9992.0,1.00,87222.761,87945.216,1789132044235.842,2026-09-11T17:07:24.235842+04:00,82.6
3141,6311,14996758128000,9992.0,1.00,87278.337,88000.792,1789132044291.418,2026-09-11T17:07:24.291418+04:00,82.6
3142,6312,14996772019000,9992.0,1.00,87292.228,88014.683,1789132044305.309,2026-09-11T17:07:24.305309+04:00,82.7
3143,6313,14996785913000,9992.0,1.00,87306.122,88028.577,1789132044319.203,2026-09-11T17:07:24.319203+04:00,82.6
3144,6317,14996841488000,9992.0,1.00,87361.697,88084.152,1789132044374.778,2026-09-11T17:07:24.374778+04:00,82.7
3145,6318,14996855379000,9992.0,1.00,87375.588,88098.043,1789132044388.669,2026-09-11T17:07:24.388669+04:00,82.7
3146,6319,14996869273000,9992.0,1.00,87389.482,88111.937,1789132044402.563,2026-09-11T17:07:24.402563+04:00,82.7
3147,6323,14996924849000,9992.0,1.00,87445.058,88167.513,1789132044458.139,2026-09-11T17:07:24.458139+04:00,82.6
3148,6324,14996938740000,9992.0,1.00,87458.949,88181.404,1789132044472.030,2026-09-11T17:07:24.472030+04:00,82.6
3149,6325,14996952633000,9992.0,1.00,87472.842,88195.297,1789132044485.923,2026-09-11T17:07:24.485923+04:00,82.5
3150,6329,14997008210000,9992.0,1.00,87528.419,88250.874,1789132044541.500,2026-09-11T17:07:24.541500+04:00,82.4
3151,6330,14997022100000,9992.0,1.00,87542.309,88264.764,1789132044555.390,2026-09-11T17:07:24.555390+04:00,82.4
3152,6331,14997035995000,9992.0,1.00,87556.204,88278.659,1789132044569.285,2026-09-11T17:07:24.569285+04:00,82.4
3153,6335,14997091570000,9992.0,1.00,87611.779,88334.234,1789132044624.860,2026-09-11T17:07:24.624860+04:00,82.4
3154,6336,14997105461000,9992.0,1.00,87625.670,88348.125,1789132044638.751,2026-09-11T17:07:24.638751+04:00,82.5
3155,6337,14997119354000,9992.0,1.00,87639.563,88362.018,1789132044652.644,2026-09-11T17:07:24.652644+04:00,82.5
3156,6341,14997174929000,9992.0,1.00,87695.138,88417.593,1789132044708.219,2026-09-11T17:07:24.708219+04:00,82.5
3157,6342,14997188821000,9992.0,1.00,87709.030,88431.485,1789132044722.111,2026-09-11T17:07:24.722111+04:00,82.5
3158,6343,14997202715000,9992.0,1.00,87722.924,88445.379,1789132044736.005,2026-09-11T17:07:24.736005+04:00,82.4
3159,6347,14997258290000,9992.0,1.00,87778.499,88500.954,1789132044791.580,2026-09-11T17:07:24.791580+04:00,82.4
3160,6348,14997272182000,9992.0,1.00,87792.391,88514.846,1789132044805.472,2026-09-11T17:07:24.805472+04:00,82.5
3161,6349,14997286075000,9992.0,1.00,87806.284,88528.739,1789132044819.365,2026-09-11T17:07:24.819365+04:00,82.5
3162,6353,14997341651000,9992.0,1.00,87861.860,88584.315,1789132044874.941,2026-09-11T17:07:24.874941+04:00,82.6
3163,6354,14997355542000,9992.0,1.00,87875.751,88598.206,1789132044888.832,2026-09-11T17:07:24.888832+04:00,82.6
3164,6355,14997369435000,9992.0,1.00,87889.644,88612.099,1789132044902.725,2026-09-11T17:07:24.902725+04:00,82.6
3165,6359,14997425010000,9992.0,1.00,87945.219,88667.674,1789132044958.300,2026-09-11T17:07:24.958300+04:00,82.7
3166,6360,14997438904000,9992.0,1.00,87959.113,88681.568,1789132044972.194,2026-09-11T17:07:24.972194+04:00,82.8
3167,6361,14997452796000,9992.0,1.00,87973.005,88695.460,1789132044986.086,2026-09-11T17:07:24.986086+04:00,82.8
3168,6365,14997508371000,9992.0,1.00,88028.580,88751.035,1789132045041.661,2026-09-11T17:07:25.041661+04:00,82.9
3169,6366,14997522263000,9992.0,1.00,88042.472,88764.927,1789132045055.553,2026-09-11T17:07:25.055553+04:00,82.9
3170,6367,14997536157000,9992.0,1.00,88056.366,88778.821,1789132045069.447,2026-09-11T17:07:25.069447+04:00,82.9
3171,6371,14997591732000,9992.0,1.00,88111.941,88834.396,1789132045125.022,2026-09-11T17:07:25.125022+04:00,82.9
3172,6372,14997605623000,9992.0,1.00,88125.832,88848.287,1789132045138.913,2026-09-11T17:07:25.138913+04:00,82.9
3173,6373,14997619517000,9992.0,1.00,88139.726,88862.181,1789132045152.807,2026-09-11T17:07:25.152807+04:00,82.9
3174,6377,14997675093000,9992.0,1.00,88195.302,88917.757,1789132045208.383,2026-09-11T17:07:25.208383+04:00,82.5
3175,6378,14997688983000,9992.0,1.00,88209.192,88931.647,1789132045222.273,2026-09-11T17:07:25.222273+04:00,82.5
3176,6379,14997702877000,9992.0,1.00,88223.086,88945.541,1789132045236.167,2026-09-11T17:07:25.236167+04:00,82.4
3177,6383,14997758452000,9992.0,1.00,88278.661,89001.116,1789132045291.742,2026-09-11T17:07:25.291742+04:00,82.4
3178,6384,14997772344000,9992.0,1.00,88292.553,89015.008,1789132045305.634,2026-09-11T17:07:25.305634+04:00,82.4
3179,6385,14997786238000,9992.0,1.00,88306.447,89028.902,1789132045319.528,2026-09-11T17:07:25.319528+04:00,82.5
3180,6389,14997841813000,9992.0,1.00,88362.022,89084.477,1789132045375.103,2026-09-11T17:07:25.375103+04:00,82.7
3181,6390,14997855705000,9992.0,1.00,88375.914,89098.369,1789132045388.995,2026-09-11T17:07:25.388995+04:00,82.8
3182,6391,14997869599000,9992.0,1.00,88389.808,89112.263,1789132045402.889,2026-09-11T17:07:25.402889+04:00,82.9
3183,6395,14997925173000,9992.0,1.00,88445.382,89167.837,1789132045458.463,2026-09-11T17:07:25.458463+04:00,83.4
3184,6396,14997939065000,9992.0,1.00,88459.274,89181.729,1789132045472.355,2026-09-11T17:07:25.472355+04:00,83.4
3185,6397,14997952958000,9992.0,1.00,88473.167,89195.622,1789132045486.248,2026-09-11T17:07:25.486248+04:00,83.3
3186,6401,14998008534000,9992.0,1.00,88528.743,89251.198,1789132045541.824,2026-09-11T17:07:25.541824+04:00,82.5
3187,6402,14998022426000,9992.0,1.00,88542.635,89265.090,1789132045555.716,2026-09-11T17:07:25.555716+04:00,82.3
3188,6403,14998036319000,9992.0,1.00,88556.528,89278.983,1789132045569.609,2026-09-11T17:07:25.569609+04:00,82.1
3189,6407,14998091894000,9992.0,1.00,88612.103,89334.558,1789132045625.184,2026-09-11T17:07:25.625184+04:00,81.6
3190,6408,14998105787000,9992.0,1.00,88625.996,89348.451,1789132045639.077,2026-09-11T17:07:25.639077+04:00,81.6
3191,6409,14998119679000,9992.0,1.00,88639.888,89362.343,1789132045652.969,2026-09-11T17:07:25.652969+04:00,81.6
3192,6413,14998175255000,9992.0,1.00,88695.464,89417.919,1789132045708.545,2026-09-11T17:07:25.708545+04:00,81.6
3193,6414,14998189146000,9992.0,1.00,88709.355,89431.810,1789132045722.436,2026-09-11T17:07:25.722436+04:00,81.6
3194,6415,14998203040000,9992.0,1.00,88723.249,89445.704,1789132045736.330,2026-09-11T17:07:25.736330+04:00,81.6
3195,6419,14998258615000,9992.0,1.00,88778.824,89501.279,1789132045791.905,2026-09-11T17:07:25.791905+04:00,81.6
3196,6420,14998272507000,9992.0,1.00,88792.716,89515.171,1789132045805.797,2026-09-11T17:07:25.805797+04:00,81.6
3197,6421,14998286400000,9992.0,1.00,88806.609,89529.064,1789132045819.690,2026-09-11T17:07:25.819690+04:00,81.6
3198,6425,14998341975000,9992.0,1.00,88862.184,89584.639,1789132045875.265,2026-09-11T17:07:25.875265+04:00,81.6
3199,6426,14998355867000,9992.0,1.00,88876.076,89598.531,1789132045889.157,2026-09-11T17:07:25.889157+04:00,81.6
3200,6427,14998369761000,9992.0,1.00,88889.970,89612.425,1789132045903.051,2026-09-11T17:07:25.903051+04:00,81.6
3201,6431,14998425335000,9992.0,1.00,88945.544,89667.999,1789132045958.625,2026-09-11T17:07:25.958625+04:00,81.7
3202,6432,14998439227000,9992.0,1.00,88959.436,89681.891,1789132045972.517,2026-09-11T17:07:25.972517+04:00,81.7
3203,6433,14998453121000,9992.0,1.00,88973.330,89695.785,1789132045986.411,2026-09-11T17:07:25.986411+04:00,81.7
3204,6437,14998508695000,9992.0,1.00,89028.904,89751.359,1789132046041.985,2026-09-11T17:07:26.041985+04:00,81.7
3205,6438,14998522588000,9992.0,1.00,89042.797,89765.252,1789132046055.878,2026-09-11T17:07:26.055878+04:00,81.7
3206,6439,14998536482000,9992.0,1.00,89056.691,89779.146,1789132046069.772,2026-09-11T17:07:26.069772+04:00,81.7
3207,6443,14998592058000,9992.0,1.00,89112.267,89834.722,1789132046125.348,2026-09-11T17:07:26.125348+04:00,81.8
3208,6444,14998605949000,9992.0,1.00,89126.158,89848.613,1789132046139.239,2026-09-11T17:07:26.139239+04:00,81.8
3209,6445,14998619841000,9992.0,1.00,89140.050,89862.505,1789132046153.131,2026-09-11T17:07:26.153131+04:00,81.8
3210,6449,14998675435000,9992.0,1.00,89195.644,89918.099,1789132046208.725,2026-09-11T17:07:26.208725+04:00,81.7
3211,6450,14998689309000,9992.0,1.00,89209.518,89931.973,1789132046222.599,2026-09-11T17:07:26.222599+04:00,81.7
3212,6451,14998703202000,9992.0,1.00,89223.411,89945.866,1789132046236.492,2026-09-11T17:07:26.236492+04:00,81.7
3213,6455,14998758777000,9992.0,1.00,89278.986,90001.441,1789132046292.067,2026-09-11T17:07:26.292067+04:00,81.6
3214,6456,14998772670000,9992.0,1.00,89292.879,90015.334,1789132046305.960,2026-09-11T17:07:26.305960+04:00,81.6
3215,6457,14998786563000,9992.0,1.00,89306.772,90029.227,1789132046319.853,2026-09-11T17:07:26.319853+04:00,81.6
3216,6461,14998842138000,9992.0,1.00,89362.347,90084.802,1789132046375.428,2026-09-11T17:07:26.375428+04:00,81.5
3217,6462,14998856030000,9992.0,1.00,89376.239,90098.694,1789132046389.320,2026-09-11T17:07:26.389320+04:00,81.5
3218,6463,14998869924000,9992.0,1.00,89390.133,90112.588,1789132046403.214,2026-09-11T17:07:26.403214+04:00,81.5
3219,6467,14998925499000,9992.0,1.00,89445.708,90168.163,1789132046458.789,2026-09-11T17:07:26.458789+04:00,81.5
3220,6468,14998939390000,9992.0,1.00,89459.599,90182.054,1789132046472.680,2026-09-11T17:07:26.472680+04:00,81.5
3221,6469,14998953283000,9992.0,1.00,89473.492,90195.947,1789132046486.573,2026-09-11T17:07:26.486573+04:00,81.5
3222,6473,14999008859000,9992.0,1.00,89529.068,90251.523,1789132046542.149,2026-09-11T17:07:26.542149+04:00,81.5
3223,6474,14999022751000,9992.0,1.00,89542.960,90265.415,1789132046556.041,2026-09-11T17:07:26.556041+04:00,81.5
3224,6475,14999036645000,9992.0,1.00,89556.854,90279.309,1789132046569.935,2026-09-11T17:07:26.569935+04:00,81.5
3225,6479,14999092219000,9992.0,1.00,89612.428,90334.883,1789132046625.509,2026-09-11T17:07:26.625509+04:00,81.6
3226,6480,14999106111000,9992.0,1.00,89626.320,90348.775,1789132046639.401,2026-09-11T17:07:26.639401+04:00,81.6
3227,6481,14999120019000,9992.0,1.00,89640.228,90362.683,1789132046653.309,2026-09-11T17:07:26.653309+04:00,81.7
3228,6485,14999175579000,9992.0,1.00,89695.788,90418.243,1789132046708.869,2026-09-11T17:07:26.708869+04:00,81.7
3229,6486,14999189471000,9992.0,1.00,89709.680,90432.135,1789132046722.761,2026-09-11T17:07:26.722761+04:00,81.7
3230,6487,14999203365000,9992.0,1.00,89723.574,90446.029,1789132046736.655,2026-09-11T17:07:26.736655+04:00,81.7
3231,6491,14999258940000,9992.0,1.00,89779.149,90501.604,1789132046792.230,2026-09-11T17:07:26.792230+04:00,81.8
3232,6492,14999272832000,9992.0,1.00,89793.041,90515.496,1789132046806.122,2026-09-11T17:07:26.806122+04:00,81.8
3233,6493,14999286725000,9992.0,1.00,89806.934,90529.389,1789132046820.015,2026-09-11T17:07:26.820015+04:00,81.8
3234,6497,14999342302000,9992.0,1.00,89862.511,90584.966,1789132046875.592,2026-09-11T17:07:26.875592+04:00,81.8
3235,6498,14999356192000,9992.0,1.00,89876.401,90598.856,1789132046889.482,2026-09-11T17:07:26.889482+04:00,81.8
3236,6499,14999370085000,9992.0,1.00,89890.294,90612.749,1789132046903.375,2026-09-11T17:07:26.903375+04:00,81.8
3237,6503,14999425662000,9992.0,1.00,89945.871,90668.326,1789132046958.952,2026-09-11T17:07:26.958952+04:00,81.6
3238,6504,14999439553000,9992.0,1.00,89959.762,90682.217,1789132046972.843,2026-09-11T17:07:26.972843+04:00,81.5
3239,6505,14999453447000,9992.0,1.00,89973.656,90696.111,1789132046986.737,2026-09-11T17:07:26.986737+04:00,81.5
3240,6509,14999509021000,9992.0,1.00,90029.230,90751.685,1789132047042.311,2026-09-11T17:07:27.042311+04:00,81.5
3241,6510,14999522914000,9992.0,1.00,90043.123,90765.578,1789132047056.204,2026-09-11T17:07:27.056204+04:00,81.5
3242,6511,14999536807000,9992.0,1.00,90057.016,90779.471,1789132047070.097,2026-09-11T17:07:27.070097+04:00,81.5
3243,6515,14999592381000,9992.0,1.00,90112.590,90835.045,1789132047125.671,2026-09-11T17:07:27.125671+04:00,81.5
3244,6516,14999606274000,9992.0,1.00,90126.483,90848.938,1789132047139.564,2026-09-11T17:07:27.139564+04:00,81.5
3245,6517,14999620167000,9992.0,1.00,90140.376,90862.831,1789132047153.457,2026-09-11T17:07:27.153457+04:00,81.5
3246,6521,14999675742000,9992.0,1.00,90195.951,90918.406,1789132047209.032,2026-09-11T17:07:27.209032+04:00,81.5
3247,6522,14999689637000,9992.0,1.00,90209.846,90932.301,1789132047222.927,2026-09-11T17:07:27.222927+04:00,81.5
3248,6523,14999703527000,9992.0,1.00,90223.736,90946.191,1789132047236.817,2026-09-11T17:07:27.236817+04:00,81.5
3249,6527,14999759103000,9992.0,1.00,90279.312,91001.767,1789132047292.393,2026-09-11T17:07:27.292393+04:00,81.6
3250,6528,14999772995000,9992.0,1.00,90293.204,91015.659,1789132047306.285,2026-09-11T17:07:27.306285+04:00,81.6
3251,6529,14999786888000,9992.0,1.00,90307.097,91029.552,1789132047320.178,2026-09-11T17:07:27.320178+04:00,81.6
3252,6533,14999842464000,9992.0,1.00,90362.673,91085.128,1789132047375.754,2026-09-11T17:07:27.375754+04:00,81.8
3253,6534,14999856355000,9992.0,1.00,90376.564,91099.019,1789132047389.645,2026-09-11T17:07:27.389645+04:00,81.8
3254,6535,14999870248000,9992.0,1.00,90390.457,91112.912,1789132047403.538,2026-09-11T17:07:27.403538+04:00,81.9
3255,6539,14999925824000,9992.0,1.00,90446.033,91168.488,1789132047459.114,2026-09-11T17:07:27.459114+04:00,82.0
3256,6540,14999939715000,9992.0,1.00,90459.924,91182.379,1789132047473.005,2026-09-11T17:07:27.473005+04:00,82.0
3257,6541,14999953609000,9992.0,1.00,90473.818,91196.273,1789132047486.899,2026-09-11T17:07:27.486899+04:00,82.0
3258,6545,15000009184000,9992.0,1.00,90529.393,91251.848,1789132047542.474,2026-09-11T17:07:27.542474+04:00,82.1
3259,6546,15000023076000,9992.0,1.00,90543.285,91265.740,1789132047556.366,2026-09-11T17:07:27.556366+04:00,82.0
3260,6547,15000036969000,9992.0,1.00,90557.178,91279.633,1789132047570.259,2026-09-11T17:07:27.570259+04:00,82.0
3261,6551,15000092545000,9992.0,1.00,90612.754,91335.209,1789132047625.835,2026-09-11T17:07:27.625835+04:00,82.0
3262,6552,15000106437000,9992.0,1.00,90626.646,91349.101,1789132047639.727,2026-09-11T17:07:27.639727+04:00,82.0
3263,6553,15000120329000,9992.0,1.00,90640.538,91362.993,1789132047653.619,2026-09-11T17:07:27.653619+04:00,82.1
3264,6557,15000175906000,9992.0,1.00,90696.115,91418.570,1789132047709.196,2026-09-11T17:07:27.709196+04:00,82.1
3265,6558,15000189796000,9992.0,1.00,90710.005,91432.460,1789132047723.086,2026-09-11T17:07:27.723086+04:00,82.1
3266,6559,15000203691000,9992.0,1.00,90723.900,91446.355,1789132047736.981,2026-09-11T17:07:27.736981+04:00,82.1
3267,6563,15000259265000,9992.0,1.00,90779.474,91501.929,1789132047792.555,2026-09-11T17:07:27.792555+04:00,82.3
3268,6564,15000273157000,9992.0,1.00,90793.366,91515.821,1789132047806.447,2026-09-11T17:07:27.806447+04:00,82.4
3269,6565,15000287050000,9992.0,1.00,90807.259,91529.714,1789132047820.340,2026-09-11T17:07:27.820340+04:00,82.4
3270,6569,15000342626000,9992.0,1.00,90862.835,91585.290,1789132047875.916,2026-09-11T17:07:27.875916+04:00,82.6
3271,6570,15000356518000,9992.0,1.00,90876.727,91599.182,1789132047889.808,2026-09-11T17:07:27.889808+04:00,82.6
3272,6571,15000370411000,9992.0,1.00,90890.620,91613.075,1789132047903.701,2026-09-11T17:07:27.903701+04:00,82.6
3273,6575,15000425986000,9992.0,1.00,90946.195,91668.650,1789132047959.276,2026-09-11T17:07:27.959276+04:00,82.5
3274,6576,15000439878000,9992.0,1.00,90960.087,91682.542,1789132047973.168,2026-09-11T17:07:27.973168+04:00,82.4
3275,6577,15000453773000,9992.0,1.00,90973.982,91696.437,1789132047987.063,2026-09-11T17:07:27.987063+04:00,82.4
3276,6581,15000509347000,9992.0,1.00,91029.556,91752.011,1789132048042.637,2026-09-11T17:07:28.042637+04:00,82.4
3277,6582,15000523245000,9992.0,1.00,91043.454,91765.909,1789132048056.535,2026-09-11T17:07:28.056535+04:00,82.4
3278,6583,15000537136000,9992.0,1.00,91057.345,91779.800,1789132048070.426,2026-09-11T17:07:28.070426+04:00,82.4
3279,6587,15000592707000,9992.0,1.00,91112.916,91835.371,1789132048125.997,2026-09-11T17:07:28.125997+04:00,82.8
3280,6588,15000606602000,9992.0,1.00,91126.811,91849.266,1789132048139.892,2026-09-11T17:07:28.139892+04:00,83.0
3281,6589,15000620494000,9992.0,1.00,91140.703,91863.158,1789132048153.784,2026-09-11T17:07:28.153784+04:00,83.1
3282,6593,15000676068000,9992.0,1.00,91196.277,91918.732,1789132048209.358,2026-09-11T17:07:28.209358+04:00,82.9
3283,6594,15000689961000,9992.0,1.00,91210.170,91932.625,1789132048223.251,2026-09-11T17:07:28.223251+04:00,82.9
3284,6595,15000703854000,9992.0,1.00,91224.063,91946.518,1789132048237.144,2026-09-11T17:07:28.237144+04:00,82.8
3285,6599,15000759432000,9992.0,1.00,91279.641,92002.096,1789132048292.722,2026-09-11T17:07:28.292722+04:00,82.7
3286,6600,15000773321000,9992.0,1.00,91293.530,92015.985,1789132048306.611,2026-09-11T17:07:28.306611+04:00,82.6
3287,6601,15000787215000,9992.0,1.00,91307.424,92029.879,1789132048320.505,2026-09-11T17:07:28.320505+04:00,82.6
3288,6605,15000842792000,9992.0,1.00,91363.001,92085.456,1789132048376.082,2026-09-11T17:07:28.376082+04:00,82.3
3289,6606,15000856683000,9992.0,1.00,91376.892,92099.347,1789132048389.973,2026-09-11T17:07:28.389973+04:00,82.3
3290,6607,15000870575000,9992.0,1.00,91390.784,92113.239,1789132048403.865,2026-09-11T17:07:28.403865+04:00,82.3
3291,6611,15000926152000,9992.0,1.00,91446.361,92168.816,1789132048459.442,2026-09-11T17:07:28.459442+04:00,82.5
3292,6612,15000940050000,9992.0,1.00,91460.259,92182.714,1789132048473.340,2026-09-11T17:07:28.473340+04:00,82.6
3293,6613,15000953936000,9992.0,1.00,91474.145,92196.600,1789132048487.226,2026-09-11T17:07:28.487226+04:00,82.6
3294,6617,15001009512000,9992.0,1.00,91529.721,92252.176,1789132048542.802,2026-09-11T17:07:28.542802+04:00,82.6
3295,6618,15001023403000,9992.0,1.00,91543.612,92266.067,1789132048556.693,2026-09-11T17:07:28.556693+04:00,82.6
3296,6619,15001037296000,9992.0,1.00,91557.505,92279.960,1789132048570.586,2026-09-11T17:07:28.570586+04:00,82.6
3297,6623,15001092870000,9992.0,1.00,91613.079,92335.534,1789132048626.160,2026-09-11T17:07:28.626160+04:00,82.7
3298,6624,15001106765000,9992.0,1.00,91626.974,92349.429,1789132048640.055,2026-09-11T17:07:28.640055+04:00,82.8
3299,6625,15001120656000,9992.0,1.00,91640.865,92363.320,1789132048653.946,2026-09-11T17:07:28.653946+04:00,82.8
3300,6629,15001176231000,9992.0,1.00,91696.440,92418.895,1789132048709.521,2026-09-11T17:07:28.709521+04:00,83.0
3301,6630,15001190125000,9992.0,1.00,91710.334,92432.789,1789132048723.415,2026-09-11T17:07:28.723415+04:00,83.0
3302,6631,15001204025000,9992.0,1.00,91724.234,92446.689,1789132048737.315,2026-09-11T17:07:28.737315+04:00,82.9
3303,6635,15001259595000,9992.0,1.00,91779.804,92502.259,1789132048792.885,2026-09-11T17:07:28.792885+04:00,83.0
3304,6636,15001273484000,9992.0,1.00,91793.693,92516.148,1789132048806.774,2026-09-11T17:07:28.806774+04:00,83.0
3305,6637,15001287377000,9992.0,1.00,91807.586,92530.041,1789132048820.667,2026-09-11T17:07:28.820667+04:00,83.0
3306,6641,15001342955000,9992.0,1.00,91863.164,92585.619,1789132048876.245,2026-09-11T17:07:28.876245+04:00,83.2
3307,6642,15001356845000,9992.0,1.00,91877.054,92599.509,1789132048890.135,2026-09-11T17:07:28.890135+04:00,83.2
3308,6643,15001370738000,9992.0,1.00,91890.947,92613.402,1789132048904.028,2026-09-11T17:07:28.904028+04:00,83.3
3309,6647,15001426315000,9992.0,1.00,91946.524,92668.979,1789132048959.605,2026-09-11T17:07:28.959605+04:00,83.4
3310,6648,15001440206000,9992.0,1.00,91960.415,92682.870,1789132048973.496,2026-09-11T17:07:28.973496+04:00,83.4
3311,6649,15001454098000,9992.0,1.00,91974.307,92696.762,1789132048987.388,2026-09-11T17:07:28.987388+04:00,83.4
3312,6653,15001509675000,9992.0,1.00,92029.884,92752.339,1789132049042.965,2026-09-11T17:07:29.042965+04:00,83.1
3313,6654,15001523567000,9992.0,1.00,92043.776,92766.231,1789132049056.857,2026-09-11T17:07:29.056857+04:00,83.2
3314,6655,15001537458000,9992.0,1.00,92057.667,92780.122,1789132049070.748,2026-09-11T17:07:29.070748+04:00,83.2
3315,6659,15001593034000,9992.0,1.00,92113.243,92835.698,1789132049126.324,2026-09-11T17:07:29.126324+04:00,83.4
3316,6660,15001606927000,9992.0,1.00,92127.136,92849.591,1789132049140.217,2026-09-11T17:07:29.140217+04:00,83.4
3317,6661,15001620819000,9992.0,1.00,92141.028,92863.483,1789132049154.109,2026-09-11T17:07:29.154109+04:00,83.5
3318,6665,15001676393000,9992.0,1.00,92196.602,92919.057,1789132049209.683,2026-09-11T17:07:29.209683+04:00,83.4
3319,6666,15001690287000,9992.0,1.00,92210.496,92932.951,1789132049223.577,2026-09-11T17:07:29.223577+04:00,83.3
3320,6667,15001704179000,9992.0,1.00,92224.388,92946.843,1789132049237.469,2026-09-11T17:07:29.237469+04:00,83.3
3321,6671,15001759758000,9992.0,1.00,92279.967,93002.422,1789132049293.048,2026-09-11T17:07:29.293048+04:00,83.0
3322,6672,15001773648000,9992.0,1.00,92293.857,93016.312,1789132049306.938,2026-09-11T17:07:29.306938+04:00,82.8
3323,6673,15001787541000,9992.0,1.00,92307.750,93030.205,1789132049320.831,2026-09-11T17:07:29.320831+04:00,82.7
3324,6677,15001843117000,9992.0,1.00,92363.326,93085.781,1789132049376.407,2026-09-11T17:07:29.376407+04:00,82.3
3325,6678,15001857009000,9992.0,1.00,92377.218,93099.673,1789132049390.299,2026-09-11T17:07:29.390299+04:00,82.2
3326,6679,15001870907000,9992.0,1.00,92391.116,93113.571,1789132049404.197,2026-09-11T17:07:29.404197+04:00,82.3
3327,6683,15001926478000,9992.0,1.00,92446.687,93169.142,1789132049459.768,2026-09-11T17:07:29.459768+04:00,82.6
3328,6684,15001940367000,9992.0,1.00,92460.576,93183.031,1789132049473.657,2026-09-11T17:07:29.473657+04:00,82.7
3329,6685,15001954261000,9992.0,1.00,92474.470,93196.925,1789132049487.551,2026-09-11T17:07:29.487551+04:00,82.8
3330,6689,15002009837000,9992.0,1.00,92530.046,93252.501,1789132049543.127,2026-09-11T17:07:29.543127+04:00,82.9
3331,6690,15002023728000,9992.0,1.00,92543.937,93266.392,1789132049557.018,2026-09-11T17:07:29.557018+04:00,83.1
3332,6691,15002037621000,9992.0,1.00,92557.830,93280.285,1789132049570.911,2026-09-11T17:07:29.570911+04:00,83.3
3333,6695,15002093198000,9992.0,1.00,92613.407,93335.862,1789132049626.488,2026-09-11T17:07:29.626488+04:00,83.6
3334,6696,15002107089000,9992.0,1.00,92627.298,93349.753,1789132049640.379,2026-09-11T17:07:29.640379+04:00,83.4
3335,6697,15002120981000,9992.0,1.00,92641.190,93363.645,1789132049654.271,2026-09-11T17:07:29.654271+04:00,83.3
3336,6701,15002176556000,9992.0,1.00,92696.765,93419.220,1789132049709.846,2026-09-11T17:07:29.709846+04:00,82.7
3337,6702,15002190449000,9992.0,1.00,92710.658,93433.113,1789132049723.739,2026-09-11T17:07:29.723739+04:00,82.7
3338,6703,15002204342000,9992.0,1.00,92724.551,93447.006,1789132049737.632,2026-09-11T17:07:29.737632+04:00,82.7
3339,6707,15002259917000,9992.0,1.00,92780.126,93502.581,1789132049793.207,2026-09-11T17:07:29.793207+04:00,83.0
3340,6708,15002273810000,9992.0,1.00,92794.019,93516.474,1789132049807.100,2026-09-11T17:07:29.807100+04:00,83.1
3341,6709,15002287705000,9992.0,1.00,92807.914,93530.369,1789132049820.995,2026-09-11T17:07:29.820995+04:00,83.1
3342,6713,15002343278000,9992.0,1.00,92863.487,93585.942,1789132049876.568,2026-09-11T17:07:29.876568+04:00,83.4
3343,6714,15002357171000,9992.0,1.00,92877.380,93599.835,1789132049890.461,2026-09-11T17:07:29.890461+04:00,83.5
3344,6715,15002371075000,9992.0,1.00,92891.284,93613.739,1789132049904.365,2026-09-11T17:07:29.904365+04:00,83.6
3345,6719,15002426642000,9992.0,1.00,92946.851,93669.306,1789132049959.932,2026-09-11T17:07:29.959932+04:00,83.8
3346,6720,15002440530000,9992.0,1.00,92960.739,93683.194,1789132049973.820,2026-09-11T17:07:29.973820+04:00,83.8
3347,6721,15002454422000,9992.0,1.00,92974.631,93697.086,1789132049987.712,2026-09-11T17:07:29.987712+04:00,83.8
3348,6725,15002510001000,9992.0,1.00,93030.210,93752.665,1789132050043.291,2026-09-11T17:07:30.043291+04:00,83.6
3349,6726,15002523891000,9992.0,1.00,93044.100,93766.555,1789132050057.181,2026-09-11T17:07:30.057181+04:00,83.6
3350,6727,15002537784000,9992.0,1.00,93057.993,93780.448,1789132050071.074,2026-09-11T17:07:30.071074+04:00,83.6
3351,6731,15002593361000,9992.0,1.00,93113.570,93836.025,1789132050126.651,2026-09-11T17:07:30.126651+04:00,83.7
3352,6732,15002607252000,9992.0,1.00,93127.461,93849.916,1789132050140.542,2026-09-11T17:07:30.140542+04:00,83.7
3353,6733,15002621145000,9992.0,1.00,93141.354,93863.809,1789132050154.435,2026-09-11T17:07:30.154435+04:00,83.8
3354,6737,15002676719000,9992.0,1.00,93196.928,93919.383,1789132050210.009,2026-09-11T17:07:30.210009+04:00,84.1
3355,6738,15002690611000,9992.0,1.00,93210.820,93933.275,1789132050223.901,2026-09-11T17:07:30.223901+04:00,84.2
3356,6739,15002704505000,9992.0,1.00,93224.714,93947.169,1789132050237.795,2026-09-11T17:07:30.237795+04:00,84.4
3357,6743,15002760079000,9992.0,1.00,93280.288,94002.743,1789132050293.369,2026-09-11T17:07:30.293369+04:00,84.2
3358,6744,15002773973000,9992.0,1.00,93294.182,94016.637,1789132050307.263,2026-09-11T17:07:30.307263+04:00,84.1
3359,6745,15002787868000,9992.0,1.00,93308.077,94030.532,1789132050321.158,2026-09-11T17:07:30.321158+04:00,84.1
3360,6749,15002843443000,9992.0,1.00,93363.652,94086.107,1789132050376.733,2026-09-11T17:07:30.376733+04:00,84.0
3361,6750,15002857333000,9992.0,1.00,93377.542,94099.997,1789132050390.623,2026-09-11T17:07:30.390623+04:00,84.1
3362,6751,15002871226000,9992.0,1.00,93391.435,94113.890,1789132050404.516,2026-09-11T17:07:30.404516+04:00,84.1
3363,6755,15002926803000,9992.0,1.00,93447.012,94169.467,1789132050460.093,2026-09-11T17:07:30.460093+04:00,84.0
3364,6756,15002940694000,9992.0,1.00,93460.903,94183.358,1789132050473.984,2026-09-11T17:07:30.473984+04:00,83.7
3365,6757,15002954585000,9992.0,1.00,93474.794,94197.249,1789132050487.875,2026-09-11T17:07:30.487875+04:00,83.5
3366,6761,15003010161000,9992.0,1.00,93530.370,94252.825,1789132050543.451,2026-09-11T17:07:30.543451+04:00,82.8
3367,6762,15003024053000,9992.0,1.00,93544.262,94266.717,1789132050557.343,2026-09-11T17:07:30.557343+04:00,82.7
3368,6763,15003037946000,9992.0,1.00,93558.155,94280.610,1789132050571.236,2026-09-11T17:07:30.571236+04:00,82.7
3369,6767,15003093522000,9992.0,1.00,93613.731,94336.186,1789132050626.812,2026-09-11T17:07:30.626812+04:00,82.4
3370,6768,15003107415000,9992.0,1.00,93627.624,94350.079,1789132050640.705,2026-09-11T17:07:30.640705+04:00,82.4
3371,6769,15003121306000,9992.0,1.00,93641.515,94363.970,1789132050654.596,2026-09-11T17:07:30.654596+04:00,82.4
3372,6773,15003176883000,9992.0,1.00,93697.092,94419.547,1789132050710.173,2026-09-11T17:07:30.710173+04:00,82.7
3373,6774,15003190777000,9992.0,1.00,93710.986,94433.441,1789132050724.067,2026-09-11T17:07:30.724067+04:00,82.7
3374,6775,15003204668000,9992.0,1.00,93724.877,94447.332,1789132050737.958,2026-09-11T17:07:30.737958+04:00,82.7
3375,6779,15003260241000,9992.0,1.00,93780.450,94502.905,1789132050793.531,2026-09-11T17:07:30.793531+04:00,83.0
3376,6780,15003274135000,9992.0,1.00,93794.344,94516.799,1789132050807.425,2026-09-11T17:07:30.807425+04:00,83.1
3377,6781,15003288034000,9992.0,1.00,93808.243,94530.698,1789132050821.324,2026-09-11T17:07:30.821324+04:00,83.2
3378,6785,15003343605000,9992.0,1.00,93863.814,94586.269,1789132050876.895,2026-09-11T17:07:30.876895+04:00,83.2
3379,6786,15003357495000,9992.0,1.00,93877.704,94600.159,1789132050890.785,2026-09-11T17:07:30.890785+04:00,83.2
3380,6787,15003371387000,9992.0,1.00,93891.596,94614.051,1789132050904.677,2026-09-11T17:07:30.904677+04:00,83.3
3381,6791,15003426966000,9992.0,1.00,93947.175,94669.630,1789132050960.256,2026-09-11T17:07:30.960256+04:00,83.5
3382,6792,15003440856000,9992.0,1.00,93961.065,94683.520,1789132050974.146,2026-09-11T17:07:30.974146+04:00,83.3
3383,6793,15003454748000,9992.0,1.00,93974.957,94697.412,1789132050988.038,2026-09-11T17:07:30.988038+04:00,83.2
3384,6797,15003510326000,9992.0,1.00,94030.535,94752.990,1789132051043.616,2026-09-11T17:07:31.043616+04:00,83.2
3385,6798,15003524216000,9992.0,1.00,94044.425,94766.880,1789132051057.506,2026-09-11T17:07:31.057506+04:00,83.1
3386,6799,15003538112000,9992.0,1.00,94058.321,94780.776,1789132051071.402,2026-09-11T17:07:31.071402+04:00,83.1
3387,6803,15003593686000,9992.0,1.00,94113.895,94836.350,1789132051126.976,2026-09-11T17:07:31.126976+04:00,82.8
3388,6804,15003607576000,9992.0,1.00,94127.785,94850.240,1789132051140.866,2026-09-11T17:07:31.140866+04:00,82.8
3389,6805,15003621470000,9992.0,1.00,94141.679,94864.134,1789132051154.760,2026-09-11T17:07:31.154760+04:00,82.7
3390,6809,15003677044000,9992.0,1.00,94197.253,94919.708,1789132051210.334,2026-09-11T17:07:31.210334+04:00,82.6
3391,6810,15003690937000,9992.0,1.00,94211.146,94933.601,1789132051224.227,2026-09-11T17:07:31.224227+04:00,82.6
3392,6811,15003704831000,9992.0,1.00,94225.040,94947.495,1789132051238.121,2026-09-11T17:07:31.238121+04:00,82.6
3393,6815,15003760404000,9992.0,1.00,94280.613,95003.068,1789132051293.694,2026-09-11T17:07:31.293694+04:00,82.5
3394,6816,15003774297000,9992.0,1.00,94294.506,95016.961,1789132051307.587,2026-09-11T17:07:31.307587+04:00,82.4
3395,6817,15003788191000,9992.0,1.00,94308.400,95030.855,1789132051321.481,2026-09-11T17:07:31.321481+04:00,82.4
3396,6821,15003843769000,9992.0,1.00,94363.978,95086.433,1789132051377.059,2026-09-11T17:07:31.377059+04:00,82.4
3397,6822,15003857656000,9992.0,1.00,94377.865,95100.320,1789132051390.946,2026-09-11T17:07:31.390946+04:00,82.4
3398,6823,15003871550000,9992.0,1.00,94391.759,95114.214,1789132051404.840,2026-09-11T17:07:31.404840+04:00,82.3
3399,6827,15003927129000,9992.0,1.00,94447.338,95169.793,1789132051460.419,2026-09-11T17:07:31.460419+04:00,82.3
3400,6828,15003941019000,9992.0,1.00,94461.228,95183.683,1789132051474.309,2026-09-11T17:07:31.474309+04:00,82.2
3401,6829,15003954911000,9992.0,1.00,94475.120,95197.575,1789132051488.201,2026-09-11T17:07:31.488201+04:00,82.2
3402,6833,15004010489000,9992.0,1.00,94530.698,95253.153,1789132051543.779,2026-09-11T17:07:31.543779+04:00,81.8
3403,6834,15004024379000,9992.0,1.00,94544.588,95267.043,1789132051557.669,2026-09-11T17:07:31.557669+04:00,81.7
3404,6835,15004038271000,9992.0,1.00,94558.480,95280.935,1789132051571.561,2026-09-11T17:07:31.571561+04:00,81.6
3405,6839,15004093849000,9992.0,1.00,94614.058,95336.513,1789132051627.139,2026-09-11T17:07:31.627139+04:00,81.2
3406,6840,15004107739000,9992.0,1.00,94627.948,95350.403,1789132051641.029,2026-09-11T17:07:31.641029+04:00,81.1
3407,6841,15004121632000,9992.0,1.00,94641.841,95364.296,1789132051654.922,2026-09-11T17:07:31.654922+04:00,81.1
3408,6845,15004177209000,9992.0,1.00,94697.418,95419.873,1789132051710.499,2026-09-11T17:07:31.710499+04:00,81.1
3409,6846,15004191099000,9992.0,1.00,94711.308,95433.763,1789132051724.389,2026-09-11T17:07:31.724389+04:00,81.1
3410,6847,15004204992000,9992.0,1.00,94725.201,95447.656,1789132051738.282,2026-09-11T17:07:31.738282+04:00,81.2
3411,6851,15004260567000,9992.0,1.00,94780.776,95503.231,1789132051793.857,2026-09-11T17:07:31.793857+04:00,81.5
3412,6852,15004274460000,9992.0,1.00,94794.669,95517.124,1789132051807.750,2026-09-11T17:07:31.807750+04:00,81.6
3413,6853,15004288351000,9992.0,1.00,94808.560,95531.015,1789132051821.641,2026-09-11T17:07:31.821641+04:00,81.8
3414,6857,15004343930000,9992.0,1.00,94864.139,95586.594,1789132051877.220,2026-09-11T17:07:31.877220+04:00,82.3
3415,6858,15004357820000,9992.0,1.00,94878.029,95600.484,1789132051891.110,2026-09-11T17:07:31.891110+04:00,82.4
3416,6859,15004371714000,9992.0,1.00,94891.923,95614.378,1789132051905.004,2026-09-11T17:07:31.905004+04:00,82.6
3417,6863,15004427291000,9992.0,1.00,94947.500,95669.955,1789132051960.581,2026-09-11T17:07:31.960581+04:00,83.0
3418,6864,15004441180000,9992.0,1.00,94961.389,95683.844,1789132051974.470,2026-09-11T17:07:31.974470+04:00,83.1
3419,6865,15004455074000,9992.0,1.00,94975.283,95697.738,1789132051988.364,2026-09-11T17:07:31.988364+04:00,83.1
3420,6869,15004510651000,9992.0,1.00,95030.860,95753.315,1789132052043.941,2026-09-11T17:07:32.043941+04:00,83.2
3421,6870,15004524542000,9992.0,1.00,95044.751,95767.206,1789132052057.832,2026-09-11T17:07:32.057832+04:00,83.2
3422,6871,15004538434000,9992.0,1.00,95058.643,95781.098,1789132052071.724,2026-09-11T17:07:32.071724+04:00,83.2
3423,6875,15004594012000,9992.0,1.00,95114.221,95836.676,1789132052127.302,2026-09-11T17:07:32.127302+04:00,83.1
3424,6876,15004607901000,9992.0,1.00,95128.110,95850.565,1789132052141.191,2026-09-11T17:07:32.141191+04:00,83.0
3425,6877,15004621796000,9992.0,1.00,95142.005,95864.460,1789132052155.086,2026-09-11T17:07:32.155086+04:00,83.0
3426,6881,15004677371000,9992.0,1.00,95197.580,95920.035,1789132052210.661,2026-09-11T17:07:32.210661+04:00,82.7
3427,6882,15004691261000,9992.0,1.00,95211.470,95933.925,1789132052224.551,2026-09-11T17:07:32.224551+04:00,82.7
3428,6883,15004705156000,9992.0,1.00,95225.365,95947.820,1789132052238.446,2026-09-11T17:07:32.238446+04:00,82.7
3429,6887,15004760729000,9992.0,1.00,95280.938,96003.393,1789132052294.019,2026-09-11T17:07:32.294019+04:00,82.5
3430,6888,15004774622000,9992.0,1.00,95294.831,96017.286,1789132052307.912,2026-09-11T17:07:32.307912+04:00,82.4
3431,6889,15004788518000,9992.0,1.00,95308.727,96031.182,1789132052321.808,2026-09-11T17:07:32.321808+04:00,82.3
3432,6893,15004844089000,9992.0,1.00,95364.298,96086.753,1789132052377.379,2026-09-11T17:07:32.377379+04:00,82.0
3433,6894,15004857982000,9992.0,1.00,95378.191,96100.646,1789132052391.272,2026-09-11T17:07:32.391272+04:00,81.9
3434,6895,15004871880000,9992.0,1.00,95392.089,96114.544,1789132052405.170,2026-09-11T17:07:32.405170+04:00,81.9
3435,6899,15004927450000,9992.0,1.00,95447.659,96170.114,1789132052460.740,2026-09-11T17:07:32.460740+04:00,81.8
3436,6900,15004941344000,9992.0,1.00,95461.553,96184.008,1789132052474.634,2026-09-11T17:07:32.474634+04:00,81.8
3437,6901,15004955235000,9992.0,1.00,95475.444,96197.899,1789132052488.525,2026-09-11T17:07:32.488525+04:00,81.7
3438,6905,15005010814000,9992.0,1.00,95531.023,96253.478,1789132052544.104,2026-09-11T17:07:32.544104+04:00,81.4
3439,6906,15005024704000,9992.0,1.00,95544.913,96267.368,1789132052557.994,2026-09-11T17:07:32.557994+04:00,81.4
3440,6907,15005038599000,9992.0,1.00,95558.808,96281.263,1789132052571.889,2026-09-11T17:07:32.571889+04:00,81.4
3441,6911,15005094174000,9992.0,1.00,95614.383,96336.838,1789132052627.464,2026-09-11T17:07:32.627464+04:00,81.4
3442,6912,15005108064000,9992.0,1.00,95628.273,96350.728,1789132052641.354,2026-09-11T17:07:32.641354+04:00,81.4
3443,6913,15005121957000,9992.0,1.00,95642.166,96364.621,1789132052655.247,2026-09-11T17:07:32.655247+04:00,81.4
3444,6917,15005177534000,9992.0,1.00,95697.743,96420.198,1789132052710.824,2026-09-11T17:07:32.710824+04:00,81.7
3445,6918,15005191424000,9992.0,1.00,95711.633,96434.088,1789132052724.714,2026-09-11T17:07:32.724714+04:00,81.7
3446,6919,15005205319000,9992.0,1.00,95725.528,96447.983,1789132052738.609,2026-09-11T17:07:32.738609+04:00,81.8
3447,6923,15005260892000,9992.0,1.00,95781.101,96503.556,1789132052794.182,2026-09-11T17:07:32.794182+04:00,81.9
3448,6924,15005274787000,9992.0,1.00,95794.996,96517.451,1789132052808.077,2026-09-11T17:07:32.808077+04:00,81.9
3449,6925,15005288678000,9992.0,1.00,95808.887,96531.342,1789132052821.968,2026-09-11T17:07:32.821968+04:00,81.9
3450,6929,15005344249000,9992.0,1.00,95864.458,96586.913,1789132052877.539,2026-09-11T17:07:32.877539+04:00,82.0
3451,6930,15005358143000,9992.0,1.00,95878.352,96600.807,1789132052891.433,2026-09-11T17:07:32.891433+04:00,82.0
3452,6931,15005372039000,9992.0,1.00,95892.248,96614.703,1789132052905.329,2026-09-11T17:07:32.905329+04:00,82.0
3453,6935,15005427616000,9992.0,1.00,95947.825,96670.280,1789132052960.906,2026-09-11T17:07:32.960906+04:00,81.9
3454,6936,15005441506000,9992.0,1.00,95961.715,96684.170,1789132052974.796,2026-09-11T17:07:32.974796+04:00,81.9
3455,6937,15005455401000,9992.0,1.00,95975.610,96698.065,1789132052988.691,2026-09-11T17:07:32.988691+04:00,81.9
3456,6941,15005510973000,9992.0,1.00,96031.182,96753.637,1789132053044.263,2026-09-11T17:07:33.044263+04:00,82.0
3457,6942,15005524866000,9992.0,1.00,96045.075,96767.530,1789132053058.156,2026-09-11T17:07:33.058156+04:00,82.0
3458,6943,15005538758000,9992.0,1.00,96058.967,96781.422,1789132053072.048,2026-09-11T17:07:33.072048+04:00,82.1
3459,6947,15005594335000,9992.0,1.00,96114.544,96836.999,1789132053127.625,2026-09-11T17:07:33.127625+04:00,82.1
3460,6948,15005608226000,9992.0,1.00,96128.435,96850.890,1789132053141.516,2026-09-11T17:07:33.141516+04:00,82.2
3461,6949,15005622119000,9992.0,1.00,96142.328,96864.783,1789132053155.409,2026-09-11T17:07:33.155409+04:00,82.2
3462,6953,15005677694000,9992.0,1.00,96197.903,96920.358,1789132053210.984,2026-09-11T17:07:33.210984+04:00,82.3
3463,6954,15005691586000,9992.0,1.00,96211.795,96934.250,1789132053224.876,2026-09-11T17:07:33.224876+04:00,82.4
3464,6955,15005705479000,9992.0,1.00,96225.688,96948.143,1789132053238.769,2026-09-11T17:07:33.238769+04:00,82.4
3465,6959,15005761054000,9992.0,1.00,96281.263,97003.718,1789132053294.344,2026-09-11T17:07:33.294344+04:00,82.5
3466,6960,15005774946000,9992.0,1.00,96295.155,97017.610,1789132053308.236,2026-09-11T17:07:33.308236+04:00,82.5
3467,6961,15005788839000,9992.0,1.00,96309.048,97031.503,1789132053322.129,2026-09-11T17:07:33.322129+04:00,82.6
3468,6965,15005844415000,9992.0,1.00,96364.624,97087.079,1789132053377.705,2026-09-11T17:07:33.377705+04:00,82.4
3469,6966,15005858310000,9992.0,1.00,96378.519,97100.974,1789132053391.600,2026-09-11T17:07:33.391600+04:00,82.4
3470,6967,15005872199000,9992.0,1.00,96392.408,97114.863,1789132053405.489,2026-09-11T17:07:33.405489+04:00,82.3
3471,6971,15005927778000,9992.0,1.00,96447.987,97170.442,1789132053461.068,2026-09-11T17:07:33.461068+04:00,82.2
3472,6972,15005941668000,9992.0,1.00,96461.877,97184.332,1789132053474.958,2026-09-11T17:07:33.474958+04:00,82.1
3473,6973,15005955560000,9992.0,1.00,96475.769,97198.224,1789132053488.850,2026-09-11T17:07:33.488850+04:00,82.1
3474,6977,15006011139000,9992.0,1.00,96531.348,97253.803,1789132053544.429,2026-09-11T17:07:33.544429+04:00,82.3
3475,6978,15006025028000,9992.0,1.00,96545.237,97267.692,1789132053558.318,2026-09-11T17:07:33.558318+04:00,82.4
3476,6979,15006038921000,9992.0,1.00,96559.130,97281.585,1789132053572.211,2026-09-11T17:07:33.572211+04:00,82.4
3477,6983,15006094497000,9992.0,1.00,96614.706,97337.161,1789132053627.787,2026-09-11T17:07:33.627787+04:00,82.5
3478,6984,15006108388000,9992.0,1.00,96628.597,97351.052,1789132053641.678,2026-09-11T17:07:33.641678+04:00,82.5
3479,6985,15006122281000,9992.0,1.00,96642.490,97364.945,1789132053655.571,2026-09-11T17:07:33.655571+04:00,82.5
3480,6989,15006177856000,9992.0,1.00,96698.065,97420.520,1789132053711.146,2026-09-11T17:07:33.711146+04:00,82.5
3481,6990,15006191753000,9992.0,1.00,96711.962,97434.417,1789132053725.043,2026-09-11T17:07:33.725043+04:00,82.6
3482,6991,15006205643000,9992.0,1.00,96725.852,97448.307,1789132053738.933,2026-09-11T17:07:33.738933+04:00,82.6
3483,6995,15006261217000,9992.0,1.00,96781.426,97503.881,1789132053794.507,2026-09-11T17:07:33.794507+04:00,82.6
3484,6996,15006275110000,9992.0,1.00,96795.319,97517.774,1789132053808.400,2026-09-11T17:07:33.808400+04:00,82.6
3485,6997,15006289003000,9992.0,1.00,96809.212,97531.667,1789132053822.293,2026-09-11T17:07:33.822293+04:00,82.6
3486,7001,15006344578000,9992.0,1.00,96864.787,97587.242,1789132053877.868,2026-09-11T17:07:33.877868+04:00,82.6
3487,7002,15006358471000,9992.0,1.00,96878.680,97601.135,1789132053891.761,2026-09-11T17:07:33.891761+04:00,82.6
3488,7003,15006372362000,9992.0,1.00,96892.571,97615.026,1789132053905.652,2026-09-11T17:07:33.905652+04:00,82.5
3489,7007,15006427941000,9992.0,1.00,96948.150,97670.605,1789132053961.231,2026-09-11T17:07:33.961231+04:00,82.5
3490,7008,15006441830000,9992.0,1.00,96962.039,97684.494,1789132053975.120,2026-09-11T17:07:33.975120+04:00,82.5
3491,7009,15006455722000,9992.0,1.00,96975.931,97698.386,1789132053989.012,2026-09-11T17:07:33.989012+04:00,82.5
3492,7013,15006511301000,9992.0,1.00,97031.510,97753.965,1789132054044.591,2026-09-11T17:07:34.044591+04:00,82.6
3493,7014,15006525191000,9992.0,1.00,97045.400,97767.855,1789132054058.481,2026-09-11T17:07:34.058481+04:00,82.6
3494,7015,15006539083000,9992.0,1.00,97059.292,97781.747,1789132054072.373,2026-09-11T17:07:34.072373+04:00,82.6
3495,7019,15006594660000,9992.0,1.00,97114.869,97837.324,1789132054127.950,2026-09-11T17:07:34.127950+04:00,82.6
3496,7020,15006608552000,9992.0,1.00,97128.761,97851.216,1789132054141.842,2026-09-11T17:07:34.141842+04:00,82.6
3497,7021,15006622445000,9992.0,1.00,97142.654,97865.109,1789132054155.735,2026-09-11T17:07:34.155735+04:00,82.6
3498,7025,15006678016000,9992.0,1.00,97198.225,97920.680,1789132054211.306,2026-09-11T17:07:34.211306+04:00,82.7
3499,7026,15006691912000,9992.0,1.00,97212.121,97934.576,1789132054225.202,2026-09-11T17:07:34.225202+04:00,82.7
3500,7027,15006705805000,9992.0,1.00,97226.014,97948.469,1789132054239.095,2026-09-11T17:07:34.239095+04:00,82.7
3501,7031,15006761380000,9992.0,1.00,97281.589,98004.044,1789132054294.670,2026-09-11T17:07:34.294670+04:00,82.8
3502,7032,15006775272000,9992.0,1.00,97295.481,98017.936,1789132054308.562,2026-09-11T17:07:34.308562+04:00,82.9
3503,7033,15006789165000,9992.0,1.00,97309.374,98031.829,1789132054322.455,2026-09-11T17:07:34.322455+04:00,82.9
3504,7037,15006844740000,9992.0,1.00,97364.949,98087.404,1789132054378.030,2026-09-11T17:07:34.378030+04:00,82.9
3505,7038,15006858633000,9992.0,1.00,97378.842,98101.297,1789132054391.923,2026-09-11T17:07:34.391923+04:00,83.0
3506,7039,15006872525000,9992.0,1.00,97392.734,98115.189,1789132054405.815,2026-09-11T17:07:34.405815+04:00,83.0
3507,7043,15006928101000,9992.0,1.00,97448.310,98170.765,1789132054461.391,2026-09-11T17:07:34.461391+04:00,83.1
3508,7044,15006941994000,9992.0,1.00,97462.203,98184.658,1789132054475.284,2026-09-11T17:07:34.475284+04:00,83.1
3509,7045,15006955887000,9992.0,1.00,97476.096,98198.551,1789132054489.177,2026-09-11T17:07:34.489177+04:00,83.0
3510,7049,15007011462000,9992.0,1.00,97531.671,98254.126,1789132054544.752,2026-09-11T17:07:34.544752+04:00,82.9
3511,7050,15007025354000,9992.0,1.00,97545.563,98268.018,1789132054558.644,2026-09-11T17:07:34.558644+04:00,82.9
3512,7051,15007039247000,9992.0,1.00,97559.456,98281.911,1789132054572.537,2026-09-11T17:07:34.572537+04:00,82.9
3513,7055,15007094824000,9992.0,1.00,97615.033,98337.488,1789132054628.114,2026-09-11T17:07:34.628114+04:00,82.8
3514,7056,15007108715000,9992.0,1.00,97628.924,98351.379,1789132054642.005,2026-09-11T17:07:34.642005+04:00,82.8
3515,7057,15007122608000,9992.0,1.00,97642.817,98365.272,1789132054655.898,2026-09-11T17:07:34.655898+04:00,82.7
3516,7061,15007178189000,9992.0,1.00,97698.398,98420.853,1789132054711.479,2026-09-11T17:07:34.711479+04:00,82.6
3517,7062,15007192074000,9992.0,1.00,97712.283,98434.738,1789132054725.364,2026-09-11T17:07:34.725364+04:00,82.6
3518,7063,15007205968000,9992.0,1.00,97726.177,98448.632,1789132054739.258,2026-09-11T17:07:34.739258+04:00,82.6
3519,7067,15007261542000,9992.0,1.00,97781.751,98504.206,1789132054794.832,2026-09-11T17:07:34.794832+04:00,82.6
3520,7068,15007275435000,9992.0,1.00,97795.644,98518.099,1789132054808.725,2026-09-11T17:07:34.808725+04:00,82.6
3521,7069,15007289327000,9992.0,1.00,97809.536,98531.991,1789132054822.617,2026-09-11T17:07:34.822617+04:00,82.6
3522,7073,15007344903000,9992.0,1.00,97865.112,98587.567,1789132054878.193,2026-09-11T17:07:34.878193+04:00,82.7
3523,7074,15007358795000,9992.0,1.00,97879.004,98601.459,1789132054892.085,2026-09-11T17:07:34.892085+04:00,82.7
3524,7075,15007372688000,9992.0,1.00,97892.897,98615.352,1789132054905.978,2026-09-11T17:07:34.905978+04:00,82.7
3525,7079,15007428263000,9992.0,1.00,97948.472,98670.927,1789132054961.553,2026-09-11T17:07:34.961553+04:00,82.7
3526,7080,15007442156000,9992.0,1.00,97962.365,98684.820,1789132054975.446,2026-09-11T17:07:34.975446+04:00,82.7
3527,7081,15007456050000,9992.0,1.00,97976.259,98698.714,1789132054989.340,2026-09-11T17:07:34.989340+04:00,82.7
3528,7085,15007511627000,9992.0,1.00,98031.836,98754.291,1789132055044.917,2026-09-11T17:07:35.044917+04:00,82.6
3529,7086,15007525516000,9992.0,1.00,98045.725,98768.180,1789132055058.806,2026-09-11T17:07:35.058806+04:00,82.6
3530,7087,15007539409000,9992.0,1.00,98059.618,98782.073,1789132055072.699,2026-09-11T17:07:35.072699+04:00,82.6
3531,7091,15007594987000,9992.0,1.00,98115.196,98837.651,1789132055128.277,2026-09-11T17:07:35.128277+04:00,82.4
3532,7092,15007608878000,9992.0,1.00,98129.087,98851.542,1789132055142.168,2026-09-11T17:07:35.142168+04:00,82.4
3533,7093,15007622770000,9992.0,1.00,98142.979,98865.434,1789132055156.060,2026-09-11T17:07:35.156060+04:00,82.3
3534,7097,15007678345000,9992.0,1.00,98198.554,98921.009,1789132055211.635,2026-09-11T17:07:35.211635+04:00,82.5
3535,7098,15007692237000,9992.0,1.00,98212.446,98934.901,1789132055225.527,2026-09-11T17:07:35.225527+04:00,82.4
3536,7099,15007706131000,9992.0,1.00,98226.340,98948.795,1789132055239.421,2026-09-11T17:07:35.239421+04:00,82.3
3537,7103,15007761705000,9992.0,1.00,98281.914,99004.369,1789132055294.995,2026-09-11T17:07:35.294995+04:00,82.3
3538,7104,15007775598000,9992.0,1.00,98295.807,99018.262,1789132055308.888,2026-09-11T17:07:35.308888+04:00,82.3
3539,7105,15007789490000,9992.0,1.00,98309.699,99032.154,1789132055322.780,2026-09-11T17:07:35.322780+04:00,82.3
3540,7109,15007845065000,9992.0,1.00,98365.274,99087.729,1789132055378.355,2026-09-11T17:07:35.378355+04:00,82.4
3541,7110,15007858957000,9992.0,1.00,98379.166,99101.621,1789132055392.247,2026-09-11T17:07:35.392247+04:00,82.5
3542,7111,15007872850000,9992.0,1.00,98393.059,99115.514,1789132055406.140,2026-09-11T17:07:35.406140+04:00,82.6
3543,7115,15007928426000,9992.0,1.00,98448.635,99171.090,1789132055461.716,2026-09-11T17:07:35.461716+04:00,83.0
3544,7116,15007942319000,9992.0,1.00,98462.528,99184.983,1789132055475.609,2026-09-11T17:07:35.475609+04:00,82.9
3545,7117,15007956212000,9992.0,1.00,98476.421,99198.876,1789132055489.502,2026-09-11T17:07:35.489502+04:00,82.9
3546,7121,15008011789000,9992.0,1.00,98531.998,99254.453,1789132055545.079,2026-09-11T17:07:35.545079+04:00,82.7
3547,7122,15008025679000,9992.0,1.00,98545.888,99268.343,1789132055558.969,2026-09-11T17:07:35.558969+04:00,82.6
3548,7123,15008039571000,9992.0,1.00,98559.780,99282.235,1789132055572.861,2026-09-11T17:07:35.572861+04:00,82.6
3549,7127,15008095146000,9992.0,1.00,98615.355,99337.810,1789132055628.436,2026-09-11T17:07:35.628436+04:00,82.6
3550,7128,15008109040000,9992.0,1.00,98629.249,99351.704,1789132055642.330,2026-09-11T17:07:35.642330+04:00,82.6
3551,7129,15008122934000,9992.0,1.00,98643.143,99365.598,1789132055656.224,2026-09-11T17:07:35.656224+04:00,82.6
3552,7133,15008178507000,9992.0,1.00,98698.716,99421.171,1789132055711.797,2026-09-11T17:07:35.711797+04:00,82.6
3553,7134,15008192399000,9992.0,1.00,98712.608,99435.063,1789132055725.689,2026-09-11T17:07:35.725689+04:00,82.5
3554,7135,15008206291000,9992.0,1.00,98726.500,99448.955,1789132055739.581,2026-09-11T17:07:35.739581+04:00,82.5
3555,7139,15008261867000,9992.0,1.00,98782.076,99504.531,1789132055795.157,2026-09-11T17:07:35.795157+04:00,82.6
3556,7140,15008275760000,9992.0,1.00,98795.969,99518.424,1789132055809.050,2026-09-11T17:07:35.809050+04:00,82.6
3557,7141,15008289652000,9992.0,1.00,98809.861,99532.316,1789132055822.942,2026-09-11T17:07:35.822942+04:00,82.6
3558,7145,15008345228000,9992.0,1.00,98865.437,99587.892,1789132055878.518,2026-09-11T17:07:35.878518+04:00,82.6
3559,7146,15008359121000,9992.0,1.00,98879.330,99601.785,1789132055892.411,2026-09-11T17:07:35.892411+04:00,82.6
3560,7147,15008373012000,9992.0,1.00,98893.221,99615.676,1789132055906.302,2026-09-11T17:07:35.906302+04:00,82.6
3561,7151,15008428588000,9992.0,1.00,98948.797,99671.252,1789132055961.878,2026-09-11T17:07:35.961878+04:00,82.6
3562,7152,15008442481000,9992.0,1.00,98962.690,99685.145,1789132055975.771,2026-09-11T17:07:35.975771+04:00,82.7
3563,7153,15008456374000,9992.0,1.00,98976.583,99699.038,1789132055989.664,2026-09-11T17:07:35.989664+04:00,82.8
3564,7157,15008511951000,9992.0,1.00,99032.160,99754.615,1789132056045.241,2026-09-11T17:07:36.045241+04:00,82.8
3565,7158,15008525842000,9992.0,1.00,99046.051,99768.506,1789132056059.132,2026-09-11T17:07:36.059132+04:00,82.8
3566,7159,15008539734000,9992.0,1.00,99059.943,99782.398,1789132056073.024,2026-09-11T17:07:36.073024+04:00,82.8
3567,7163,15008595311000,9992.0,1.00,99115.520,99837.975,1789132056128.601,2026-09-11T17:07:36.128601+04:00,82.7
3568,7164,15008609201000,9992.0,1.00,99129.410,99851.865,1789132056142.491,2026-09-11T17:07:36.142491+04:00,82.7
3569,7165,15008623094000,9992.0,1.00,99143.303,99865.758,1789132056156.384,2026-09-11T17:07:36.156384+04:00,82.8
3570,7169,15008678670000,9992.0,1.00,99198.879,99921.334,1789132056211.960,2026-09-11T17:07:36.211960+04:00,82.8
3571,7170,15008692561000,9992.0,1.00,99212.770,99935.225,1789132056225.851,2026-09-11T17:07:36.225851+04:00,82.9
3572,7171,15008706455000,9992.0,1.00,99226.664,99949.119,1789132056239.745,2026-09-11T17:07:36.239745+04:00,82.9
3573,7175,15008762030000,9992.0,1.00,99282.239,100004.694,1789132056295.320,2026-09-11T17:07:36.295320+04:00,83.3
3574,7176,15008775922000,9992.0,1.00,99296.131,100018.586,1789132056309.212,2026-09-11T17:07:36.309212+04:00,83.5
3575,7177,15008789815000,9992.0,1.00,99310.024,100032.479,1789132056323.105,2026-09-11T17:07:36.323105+04:00,83.6
3576,7181,15008845393000,9992.0,1.00,99365.602,100088.057,1789132056378.683,2026-09-11T17:07:36.378683+04:00,83.8
3577,7182,15008859283000,9992.0,1.00,99379.492,100101.947,1789132056392.573,2026-09-11T17:07:36.392573+04:00,83.9
3578,7183,15008873176000,9992.0,1.00,99393.385,100115.840,1789132056406.466,2026-09-11T17:07:36.406466+04:00,83.9
3579,7187,15008928750000,9992.0,1.00,99448.959,100171.414,1789132056462.040,2026-09-11T17:07:36.462040+04:00,83.9
3580,7188,15008942646000,9992.0,1.00,99462.855,100185.310,1789132056475.936,2026-09-11T17:07:36.475936+04:00,83.9
3581,7189,15008956536000,9992.0,1.00,99476.745,100199.200,1789132056489.826,2026-09-11T17:07:36.489826+04:00,83.9
3582,7193,15009012111000,9992.0,1.00,99532.320,100254.775,1789132056545.401,2026-09-11T17:07:36.545401+04:00,84.0
3583,7194,15009026004000,9992.0,1.00,99546.213,100268.668,1789132056559.294,2026-09-11T17:07:36.559294+04:00,84.1
3584,7195,15009039896000,9992.0,1.00,99560.105,100282.560,1789132056573.186,2026-09-11T17:07:36.573186+04:00,84.1
3585,7199,15009095468000,9992.0,1.00,99615.677,100338.132,1789132056628.758,2026-09-11T17:07:36.628758+04:00,84.1
3586,7200,15009109363000,9992.0,1.00,99629.572,100352.027,1789132056642.653,2026-09-11T17:07:36.642653+04:00,84.1
3587,7201,15009123255000,9992.0,1.00,99643.464,100365.919,1789132056656.545,2026-09-11T17:07:36.656545+04:00,84.1
3588,7205,15009178829000,9992.0,1.00,99699.038,100421.493,1789132056712.119,2026-09-11T17:07:36.712119+04:00,84.0
3589,7206,15009192725000,9992.0,1.00,99712.934,100435.389,1789132056726.015,2026-09-11T17:07:36.726015+04:00,84.0
3590,7207,15009206616000,9992.0,1.00,99726.825,100449.280,1789132056739.906,2026-09-11T17:07:36.739906+04:00,84.0
3591,7211,15009262192000,9992.0,1.00,99782.401,100504.856,1789132056795.482,2026-09-11T17:07:36.795482+04:00,84.0
3592,7212,15009276086000,9992.0,1.00,99796.295,100518.750,1789132056809.376,2026-09-11T17:07:36.809376+04:00,84.0
3593,7213,15009289977000,9992.0,1.00,99810.186,100532.641,1789132056823.267,2026-09-11T17:07:36.823267+04:00,84.0
3594,7217,15009345551000,9992.0,1.00,99865.760,100588.215,1789132056878.841,2026-09-11T17:07:36.878841+04:00,84.0
3595,7218,15009359446000,9992.0,1.00,99879.655,100602.110,1789132056892.736,2026-09-11T17:07:36.892736+04:00,84.0
3596,7219,15009373337000,9992.0,1.00,99893.546,100616.001,1789132056906.627,2026-09-11T17:07:36.906627+04:00,84.0
3597,7223,15009428911000,9992.0,1.00,99949.120,100671.575,1789132056962.201,2026-09-11T17:07:36.962201+04:00,84.0
3598,7224,15009442806000,9992.0,1.00,99963.015,100685.470,1789132056976.096,2026-09-11T17:07:36.976096+04:00,84.1
3599,7225,15009456698000,9992.0,1.00,99976.907,100699.362,1789132056989.988,2026-09-11T17:07:36.989988+04:00,84.1
3600,7229,15009512272000,9992.0,1.00,100032.481,100754.936,1789132057045.562,2026-09-11T17:07:37.045562+04:00,84.1
3601,7230,15009526165000,9992.0,1.00,100046.374,100768.829,1789132057059.455,2026-09-11T17:07:37.059455+04:00,84.1
3602,7231,15009540058000,9992.0,1.00,100060.267,100782.722,1789132057073.348,2026-09-11T17:07:37.073348+04:00,84.1
3603,7235,15009595636000,9992.0,1.00,100115.845,100838.300,1789132057128.926,2026-09-11T17:07:37.128926+04:00,84.1
3604,7236,15009609527000,9992.0,1.00,100129.736,100852.191,1789132057142.817,2026-09-11T17:07:37.142817+04:00,84.1
3605,7237,15009623419000,9992.0,1.00,100143.628,100866.083,1789132057156.709,2026-09-11T17:07:37.156709+04:00,84.1
3606,7241,15009678995000,9992.0,1.00,100199.204,100921.659,1789132057212.285,2026-09-11T17:07:37.212285+04:00,84.0
3607,7242,15009692885000,9992.0,1.00,100213.094,100935.549,1789132057226.175,2026-09-11T17:07:37.226175+04:00,83.9
3608,7243,15009706779000,9992.0,1.00,100226.988,100949.443,1789132057240.069,2026-09-11T17:07:37.240069+04:00,83.9
3609,7247,15009762354000,9992.0,1.00,100282.563,101005.018,1789132057295.644,2026-09-11T17:07:37.295644+04:00,83.8
3610,7248,15009776247000,9992.0,1.00,100296.456,101018.911,1789132057309.537,2026-09-11T17:07:37.309537+04:00,83.8
3611,7249,15009790139000,9992.0,1.00,100310.348,101032.803,1789132057323.429,2026-09-11T17:07:37.323429+04:00,83.8
3612,7253,15009845714000,9992.0,1.00,100365.923,101088.378,1789132057379.004,2026-09-11T17:07:37.379004+04:00,83.8
3613,7254,15009859608000,9992.0,1.00,100379.817,101102.272,1789132057392.898,2026-09-11T17:07:37.392898+04:00,83.8
3614,7255,15009873500000,9992.0,1.00,100393.709,101116.164,1789132057406.790,2026-09-11T17:07:37.406790+04:00,83.8
3615,7259,15009929075000,9992.0,1.00,100449.284,101171.739,1789132057462.365,2026-09-11T17:07:37.462365+04:00,83.9
3616,7260,15009942967000,9992.0,1.00,100463.176,101185.631,1789132057476.257,2026-09-11T17:07:37.476257+04:00,84.0
3617,7261,15009956860000,9992.0,1.00,100477.069,101199.524,1789132057490.150,2026-09-11T17:07:37.490150+04:00,84.1
3618,7265,15010012435000,9992.0,1.00,100532.644,101255.099,1789132057545.725,2026-09-11T17:07:37.545725+04:00,84.4
3619,7266,15010026328000,9992.0,1.00,100546.537,101268.992,1789132057559.618,2026-09-11T17:07:37.559618+04:00,84.4
3620,7267,15010040222000,9992.0,1.00,100560.431,101282.886,1789132057573.512,2026-09-11T17:07:37.573512+04:00,84.4
3621,7271,15010095796000,9992.0,1.00,100616.005,101338.460,1789132057629.086,2026-09-11T17:07:37.629086+04:00,84.4
3622,7272,15010109689000,9992.0,1.00,100629.898,101352.353,1789132057642.979,2026-09-11T17:07:37.642979+04:00,84.4
3623,7273,15010123582000,9992.0,1.00,100643.791,101366.246,1789132057656.872,2026-09-11T17:07:37.656872+04:00,84.4
3624,7277,15010179156000,9992.0,1.00,100699.365,101421.820,1789132057712.446,2026-09-11T17:07:37.712446+04:00,84.1
3625,7278,15010193049000,9992.0,1.00,100713.258,101435.713,1789132057726.339,2026-09-11T17:07:37.726339+04:00,84.1
3626,7279,15010206941000,9992.0,1.00,100727.150,101449.605,1789132057740.231,2026-09-11T17:07:37.740231+04:00,84.0
3627,7283,15010262517000,9992.0,1.00,100782.726,101505.181,1789132057795.807,2026-09-11T17:07:37.795807+04:00,83.9
3628,7284,15010276409000,9992.0,1.00,100796.618,101519.073,1789132057809.699,2026-09-11T17:07:37.809699+04:00,83.9
3629,7285,15010290304000,9992.0,1.00,100810.513,101532.968,1789132057823.594,2026-09-11T17:07:37.823594+04:00,83.9
3630,7289,15010345877000,9992.0,1.00,100866.086,101588.541,1789132057879.167,2026-09-11T17:07:37.879167+04:00,83.8
3631,7290,15010359770000,9992.0,1.00,100879.979,101602.434,1789132057893.060,2026-09-11T17:07:37.893060+04:00,83.7
3632,7291,15010373662000,9992.0,1.00,100893.871,101616.326,1789132057906.952,2026-09-11T17:07:37.906952+04:00,83.7
3633,7295,15010429237000,9992.0,1.00,100949.446,101671.901,1789132057962.527,2026-09-11T17:07:37.962527+04:00,83.7
3634,7296,15010443131000,9992.0,1.00,100963.340,101685.795,1789132057976.421,2026-09-11T17:07:37.976421+04:00,83.7
3635,7297,15010457023000,9992.0,1.00,100977.232,101699.687,1789132057990.313,2026-09-11T17:07:37.990313+04:00,83.7
3636,7301,15010512598000,9992.0,1.00,101032.807,101755.262,1789132058045.888,2026-09-11T17:07:38.045888+04:00,83.8
3637,7302,15010526491000,9992.0,1.00,101046.700,101769.155,1789132058059.781,2026-09-11T17:07:38.059781+04:00,83.8
3638,7303,15010540383000,9992.0,1.00,101060.592,101783.047,1789132058073.673,2026-09-11T17:07:38.073673+04:00,83.8
3639,7307,15010595961000,9992.0,1.00,101116.170,101838.625,1789132058129.251,2026-09-11T17:07:38.129251+04:00,83.9
3640,7308,15010609851000,9992.0,1.00,101130.060,101852.515,1789132058143.141,2026-09-11T17:07:38.143141+04:00,83.8
3641,7309,15010623743000,9992.0,1.00,101143.952,101866.407,1789132058157.033,2026-09-11T17:07:38.157033+04:00,83.7
3642,7313,15010679320000,9992.0,1.00,101199.529,101921.984,1789132058212.610,2026-09-11T17:07:38.212610+04:00,83.7
3643,7314,15010693212000,9992.0,1.00,101213.421,101935.876,1789132058226.502,2026-09-11T17:07:38.226502+04:00,83.7
3644,7315,15010707103000,9992.0,1.00,101227.312,101949.767,1789132058240.393,2026-09-11T17:07:38.240393+04:00,83.8
3645,7319,15010762677000,9992.0,1.00,101282.886,102005.341,1789132058295.967,2026-09-11T17:07:38.295967+04:00,83.9
3646,7320,15010776572000,9992.0,1.00,101296.781,102019.236,1789132058309.862,2026-09-11T17:07:38.309862+04:00,83.9
3647,7321,15010790464000,9992.0,1.00,101310.673,102033.128,1789132058323.754,2026-09-11T17:07:38.323754+04:00,84.0
3648,7325,15010846037000,9992.0,1.00,101366.246,102088.701,1789132058379.327,2026-09-11T17:07:38.379327+04:00,84.2
3649,7326,15010859932000,9992.0,1.00,101380.141,102102.596,1789132058393.222,2026-09-11T17:07:38.393222+04:00,84.3
3650,7327,15010873826000,9992.0,1.00,101394.035,102116.490,1789132058407.116,2026-09-11T17:07:38.407116+04:00,84.3
3651,7331,15010929401000,9992.0,1.00,101449.610,102172.065,1789132058462.691,2026-09-11T17:07:38.462691+04:00,84.6
3652,7332,15010943293000,9992.0,1.00,101463.502,102185.957,1789132058476.583,2026-09-11T17:07:38.476583+04:00,84.7
3653,7333,15010957187000,9992.0,1.00,101477.396,102199.851,1789132058490.477,2026-09-11T17:07:38.490477+04:00,84.8
3654,7337,15011012762000,9992.0,1.00,101532.971,102255.426,1789132058546.052,2026-09-11T17:07:38.546052+04:00,84.9
3655,7338,15011026654000,9992.0,1.00,101546.863,102269.318,1789132058559.944,2026-09-11T17:07:38.559944+04:00,85.0
3656,7339,15011040546000,9992.0,1.00,101560.755,102283.210,1789132058573.836,2026-09-11T17:07:38.573836+04:00,85.0
3657,7343,15011096122000,9992.0,1.00,101616.331,102338.786,1789132058629.412,2026-09-11T17:07:38.629412+04:00,85.0
3658,7344,15011110015000,9992.0,1.00,101630.224,102352.679,1789132058643.305,2026-09-11T17:07:38.643305+04:00,85.0
3659,7345,15011123907000,9992.0,1.00,101644.116,102366.571,1789132058657.197,2026-09-11T17:07:38.657197+04:00,85.0
3660,7349,15011179484000,9992.0,1.00,101699.693,102422.148,1789132058712.774,2026-09-11T17:07:38.712774+04:00,85.0
3661,7350,15011193374000,9992.0,1.00,101713.583,102436.038,1789132058726.664,2026-09-11T17:07:38.726664+04:00,85.0
3662,7351,15011207271000,9992.0,1.00,101727.480,102449.935,1789132058740.561,2026-09-11T17:07:38.740561+04:00,85.0
3663,7355,15011262845000,9992.0,1.00,101783.054,102505.509,1789132058796.135,2026-09-11T17:07:38.796135+04:00,85.0
3664,7356,15011276735000,9992.0,1.00,101796.944,102519.399,1789132058810.025,2026-09-11T17:07:38.810025+04:00,84.9
3665,7357,15011290628000,9992.0,1.00,101810.837,102533.292,1789132058823.918,2026-09-11T17:07:38.823918+04:00,84.9
3666,7361,15011346204000,9992.0,1.00,101866.413,102588.868,1789132058879.494,2026-09-11T17:07:38.879494+04:00,84.8
3667,7362,15011360094000,9992.0,1.00,101880.303,102602.758,1789132058893.384,2026-09-11T17:07:38.893384+04:00,84.8
3668,7363,15011373988000,9992.0,1.00,101894.197,102616.652,1789132058907.278,2026-09-11T17:07:38.907278+04:00,84.7
3669,7367,15011429564000,9992.0,1.00,101949.773,102672.228,1789132058962.854,2026-09-11T17:07:38.962854+04:00,84.3
3670,7368,15011443456000,9992.0,1.00,101963.665,102686.120,1789132058976.746,2026-09-11T17:07:38.976746+04:00,84.3
3671,7369,15011457350000,9992.0,1.00,101977.559,102700.014,1789132058990.640,2026-09-11T17:07:38.990640+04:00,84.2
3672,7373,15011512924000,9992.0,1.00,102033.133,102755.588,1789132059046.214,2026-09-11T17:07:39.046214+04:00,84.0
3673,7374,15011526816000,9992.0,1.00,102047.025,102769.480,1789132059060.106,2026-09-11T17:07:39.060106+04:00,83.9
3674,7375,15011540709000,9992.0,1.00,102060.918,102783.373,1789132059073.999,2026-09-11T17:07:39.073999+04:00,83.9
3675,7379,15011596285000,9992.0,1.00,102116.494,102838.949,1789132059129.575,2026-09-11T17:07:39.129575+04:00,83.8
3676,7380,15011610177000,9992.0,1.00,102130.386,102852.841,1789132059143.467,2026-09-11T17:07:39.143467+04:00,83.8
3677,7381,15011624070000,9992.0,1.00,102144.279,102866.734,1789132059157.360,2026-09-11T17:07:39.157360+04:00,83.8
3678,7385,15011679648000,9992.0,1.00,102199.857,102922.312,1789132059212.938,2026-09-11T17:07:39.212938+04:00,83.9
3679,7386,15011693537000,9992.0,1.00,102213.746,102936.201,1789132059226.827,2026-09-11T17:07:39.226827+04:00,83.9
3680,7387,15011707430000,9992.0,1.00,102227.639,102950.094,1789132059240.720,2026-09-11T17:07:39.240720+04:00,83.9
3681,7391,15011763007000,9992.0,1.00,102283.216,103005.671,1789132059296.297,2026-09-11T17:07:39.296297+04:00,83.9
3682,7392,15011776899000,9992.0,1.00,102297.108,103019.563,1789132059310.189,2026-09-11T17:07:39.310189+04:00,83.9
3683,7393,15011790791000,9992.0,1.00,102311.000,103033.455,1789132059324.081,2026-09-11T17:07:39.324081+04:00,83.9
3684,7397,15011846365000,9992.0,1.00,102366.574,103089.029,1789132059379.655,2026-09-11T17:07:39.379655+04:00,83.9
3685,7398,15011860258000,9992.0,1.00,102380.467,103102.922,1789132059393.548,2026-09-11T17:07:39.393548+04:00,83.9
3686,7399,15011874151000,9992.0,1.00,102394.360,103116.815,1789132059407.441,2026-09-11T17:07:39.407441+04:00,83.9
3687,7403,15011929727000,9992.0,1.00,102449.936,103172.391,1789132059463.017,2026-09-11T17:07:39.463017+04:00,83.9
3688,7404,15011943619000,9992.0,1.00,102463.828,103186.283,1789132059476.909,2026-09-11T17:07:39.476909+04:00,83.8
3689,7405,15011957511000,9992.0,1.00,102477.720,103200.175,1789132059490.801,2026-09-11T17:07:39.490801+04:00,83.8
3690,7409,15012013086000,9992.0,1.00,102533.295,103255.750,1789132059546.376,2026-09-11T17:07:39.546376+04:00,83.9
3691,7410,15012026980000,9992.0,1.00,102547.189,103269.644,1789132059560.270,2026-09-11T17:07:39.560270+04:00,83.9
3692,7411,15012040873000,9992.0,1.00,102561.082,103283.537,1789132059574.163,2026-09-11T17:07:39.574163+04:00,84.0
3693,7415,15012096447000,9992.0,1.00,102616.656,103339.111,1789132059629.737,2026-09-11T17:07:39.629737+04:00,84.1
3694,7416,15012110339000,9992.0,1.00,102630.548,103353.003,1789132059643.629,2026-09-11T17:07:39.643629+04:00,84.1
3695,7417,15012124232000,9992.0,1.00,102644.441,103366.896,1789132059657.522,2026-09-11T17:07:39.657522+04:00,84.1
3696,7421,15012179809000,9992.0,1.00,102700.018,103422.473,1789132059713.099,2026-09-11T17:07:39.713099+04:00,84.3
3697,7422,15012193701000,9992.0,1.00,102713.910,103436.365,1789132059726.991,2026-09-11T17:07:39.726991+04:00,84.3
3698,7423,15012207593000,9992.0,1.00,102727.802,103450.257,1789132059740.883,2026-09-11T17:07:39.740883+04:00,84.4
3699,7427,15012263166000,9992.0,1.00,102783.375,103505.830,1789132059796.456,2026-09-11T17:07:39.796456+04:00,84.6
3700,7428,15012277060000,9992.0,1.00,102797.269,103519.724,1789132059810.350,2026-09-11T17:07:39.810350+04:00,84.7
3701,7429,15012290952000,9992.0,1.00,102811.161,103533.616,1789132059824.242,2026-09-11T17:07:39.824242+04:00,84.7
3702,7433,15012346527000,9992.0,1.00,102866.736,103589.191,1789132059879.817,2026-09-11T17:07:39.879817+04:00,84.8
3703,7434,15012360421000,9992.0,1.00,102880.630,103603.085,1789132059893.711,2026-09-11T17:07:39.893711+04:00,84.8
3704,7435,15012374313000,9992.0,1.00,102894.522,103616.977,1789132059907.603,2026-09-11T17:07:39.907603+04:00,84.9
3705,7439,15012429889000,9992.0,1.00,102950.098,103672.553,1789132059963.179,2026-09-11T17:07:39.963179+04:00,85.0
3706,7440,15012443784000,9992.0,1.00,102963.993,103686.448,1789132059977.074,2026-09-11T17:07:39.977074+04:00,85.0
3707,7441,15012457674000,9992.0,1.00,102977.883,103700.338,1789132059990.964,2026-09-11T17:07:39.990964+04:00,85.0
3708,7445,15012513248000,9992.0,1.00,103033.457,103755.912,1789132060046.538,2026-09-11T17:07:40.046538+04:00,85.0
3709,7446,15012527141000,9992.0,1.00,103047.350,103769.805,1789132060060.431,2026-09-11T17:07:40.060431+04:00,85.0
3710,7447,15012541034000,9992.0,1.00,103061.243,103783.698,1789132060074.324,2026-09-11T17:07:40.074324+04:00,84.9
3711,7451,15012596608000,9992.0,1.00,103116.817,103839.272,1789132060129.898,2026-09-11T17:07:40.129898+04:00,84.8
3712,7452,15012610502000,9992.0,1.00,103130.711,103853.166,1789132060143.792,2026-09-11T17:07:40.143792+04:00,84.7
3713,7453,15012624395000,9992.0,1.00,103144.604,103867.059,1789132060157.685,2026-09-11T17:07:40.157685+04:00,84.7
3714,7457,15012679972000,9992.0,1.00,103200.181,103922.636,1789132060213.262,2026-09-11T17:07:40.213262+04:00,84.4
3715,7458,15012693862000,9992.0,1.00,103214.071,103936.526,1789132060227.152,2026-09-11T17:07:40.227152+04:00,84.4
3716,7459,15012707754000,9992.0,1.00,103227.963,103950.418,1789132060241.044,2026-09-11T17:07:40.241044+04:00,84.4
3717,7463,15012763333000,9992.0,1.00,103283.542,104005.997,1789132060296.623,2026-09-11T17:07:40.296623+04:00,84.3
3718,7464,15012777223000,9992.0,1.00,103297.432,104019.887,1789132060310.513,2026-09-11T17:07:40.310513+04:00,84.3
3719,7465,15012791115000,9992.0,1.00,103311.324,104033.779,1789132060324.405,2026-09-11T17:07:40.324405+04:00,84.3
3720,7469,15012846691000,9992.0,1.00,103366.900,104089.355,1789132060379.981,2026-09-11T17:07:40.379981+04:00,84.3
3721,7470,15012860584000,9992.0,1.00,103380.793,104103.248,1789132060393.874,2026-09-11T17:07:40.393874+04:00,84.3
3722,7471,15012874475000,9992.0,1.00,103394.684,104117.139,1789132060407.765,2026-09-11T17:07:40.407765+04:00,84.2
3723,7475,15012930050000,9992.0,1.00,103450.259,104172.714,1789132060463.340,2026-09-11T17:07:40.463340+04:00,84.0
3724,7476,15012943943000,9992.0,1.00,103464.152,104186.607,1789132060477.233,2026-09-11T17:07:40.477233+04:00,84.0
3725,7477,15012957838000,9992.0,1.00,103478.047,104200.502,1789132060491.128,2026-09-11T17:07:40.491128+04:00,83.9
3726,7481,15013013415000,9992.0,1.00,103533.624,104256.079,1789132060546.705,2026-09-11T17:07:40.546705+04:00,83.6
3727,7482,15013027304000,9992.0,1.00,103547.513,104269.968,1789132060560.594,2026-09-11T17:07:40.560594+04:00,83.6
3728,7483,15013041196000,9992.0,1.00,103561.405,104283.860,1789132060574.486,2026-09-11T17:07:40.574486+04:00,83.6
3729,7487,15013096771000,9992.0,1.00,103616.980,104339.435,1789132060630.061,2026-09-11T17:07:40.630061+04:00,83.4
3730,7488,15013110664000,9992.0,1.00,103630.873,104353.328,1789132060643.954,2026-09-11T17:07:40.643954+04:00,83.3
3731,7489,15013124557000,9992.0,1.00,103644.766,104367.221,1789132060657.847,2026-09-11T17:07:40.657847+04:00,83.3
3732,7493,15013180132000,9992.0,1.00,103700.341,104422.796,1789132060713.422,2026-09-11T17:07:40.713422+04:00,83.4
3733,7494,15013194025000,9992.0,1.00,103714.234,104436.689,1789132060727.315,2026-09-11T17:07:40.727315+04:00,83.4
3734,7495,15013207917000,9992.0,1.00,103728.126,104450.581,1789132060741.207,2026-09-11T17:07:40.741207+04:00,83.4
3735,7499,15013263492000,9992.0,1.00,103783.701,104506.156,1789132060796.782,2026-09-11T17:07:40.796782+04:00,83.5
3736,7500,15013277386000,9992.0,1.00,103797.595,104520.050,1789132060810.676,2026-09-11T17:07:40.810676+04:00,83.5
3737,7501,15013291278000,9992.0,1.00,103811.487,104533.942,1789132060824.568,2026-09-11T17:07:40.824568+04:00,83.5
3738,7505,15013346853000,9992.0,1.00,103867.062,104589.517,1789132060880.143,2026-09-11T17:07:40.880143+04:00,83.6
3739,7506,15013360745000,9992.0,1.00,103880.954,104603.409,1789132060894.035,2026-09-11T17:07:40.894035+04:00,83.7
3740,7507,15013374638000,9992.0,1.00,103894.847,104617.302,1789132060907.928,2026-09-11T17:07:40.907928+04:00,83.7
3741,7511,15013430213000,9992.0,1.00,103950.422,104672.877,1789132060963.503,2026-09-11T17:07:40.963503+04:00,83.7
3742,7512,15013444106000,9992.0,1.00,103964.315,104686.770,1789132060977.396,2026-09-11T17:07:40.977396+04:00,83.7
3743,7513,15013457998000,9992.0,1.00,103978.207,104700.662,1789132060991.288,2026-09-11T17:07:40.991288+04:00,83.7
3744,7517,15013513573000,9992.0,1.00,104033.782,104756.237,1789132061046.863,2026-09-11T17:07:41.046863+04:00,83.6
3745,7518,15013527467000,9992.0,1.00,104047.676,104770.131,1789132061060.757,2026-09-11T17:07:41.060757+04:00,83.6
3746,7519,15013541358000,9992.0,1.00,104061.567,104784.022,1789132061074.648,2026-09-11T17:07:41.074648+04:00,83.6
3747,7523,15013596933000,9992.0,1.00,104117.142,104839.597,1789132061130.223,2026-09-11T17:07:41.130223+04:00,83.6
3748,7524,15013610826000,9992.0,1.00,104131.035,104853.490,1789132061144.116,2026-09-11T17:07:41.144116+04:00,83.7
3749,7525,15013624719000,9992.0,1.00,104144.928,104867.383,1789132061158.009,2026-09-11T17:07:41.158009+04:00,83.7
3750,7529,15013680294000,9992.0,1.00,104200.503,104922.958,1789132061213.584,2026-09-11T17:07:41.213584+04:00,83.9
3751,7530,15013694186000,9992.0,1.00,104214.395,104936.850,1789132061227.476,2026-09-11T17:07:41.227476+04:00,83.9
3752,7531,15013708080000,9992.0,1.00,104228.289,104950.744,1789132061241.370,2026-09-11T17:07:41.241370+04:00,83.9
3753,7535,15013763654000,9992.0,1.00,104283.863,105006.318,1789132061296.944,2026-09-11T17:07:41.296944+04:00,83.8
3754,7536,15013777548000,9992.0,1.00,104297.757,105020.212,1789132061310.838,2026-09-11T17:07:41.310838+04:00,83.8
3755,7537,15013791441000,9992.0,1.00,104311.650,105034.105,1789132061324.731,2026-09-11T17:07:41.324731+04:00,83.8
3756,7541,15013847014000,9992.0,1.00,104367.223,105089.678,1789132061380.304,2026-09-11T17:07:41.380304+04:00,83.7
3757,7542,15013860908000,9992.0,1.00,104381.117,105103.572,1789132061394.198,2026-09-11T17:07:41.394198+04:00,83.7
3758,7543,15013874801000,9992.0,1.00,104395.010,105117.465,1789132061408.091,2026-09-11T17:07:41.408091+04:00,83.7
3759,7547,15013930376000,9992.0,1.00,104450.585,105173.040,1789132061463.666,2026-09-11T17:07:41.463666+04:00,83.7
3760,7548,15013944268000,9992.0,1.00,104464.477,105186.932,1789132061477.558,2026-09-11T17:07:41.477558+04:00,83.7
3761,7549,15013958161000,9992.0,1.00,104478.370,105200.825,1789132061491.451,2026-09-11T17:07:41.491451+04:00,83.7
3762,7553,15014013735000,9992.0,1.00,104533.944,105256.399,1789132061547.025,2026-09-11T17:07:41.547025+04:00,83.7
3763,7554,15014027631000,9992.0,1.00,104547.840,105270.295,1789132061560.921,2026-09-11T17:07:41.560921+04:00,83.6
3764,7555,15014041523000,9992.0,1.00,104561.732,105284.187,1789132061574.813,2026-09-11T17:07:41.574813+04:00,83.6
3765,7559,15014097096000,9992.0,1.00,104617.305,105339.760,1789132061630.386,2026-09-11T17:07:41.630386+04:00,83.7
3766,7560,15014110990000,9992.0,1.00,104631.199,105353.654,1789132061644.280,2026-09-11T17:07:41.644280+04:00,83.7
3767,7561,15014124883000,9992.0,1.00,104645.092,105367.547,1789132061658.173,2026-09-11T17:07:41.658173+04:00,83.7
3768,7565,15014180457000,9992.0,1.00,104700.666,105423.121,1789132061713.747,2026-09-11T17:07:41.713747+04:00,83.7
3769,7566,15014194352000,9992.0,1.00,104714.561,105437.016,1789132061727.642,2026-09-11T17:07:41.727642+04:00,83.7
3770,7567,15014208243000,9992.0,1.00,104728.452,105450.907,1789132061741.533,2026-09-11T17:07:41.741533+04:00,83.7
3771,7571,15014263820000,9992.0,1.00,104784.029,105506.484,1789132061797.110,2026-09-11T17:07:41.797110+04:00,83.6
3772,7572,15014277709000,9992.0,1.00,104797.918,105520.373,1789132061810.999,2026-09-11T17:07:41.810999+04:00,83.6
3773,7573,15014291606000,9992.0,1.00,104811.815,105534.270,1789132061824.896,2026-09-11T17:07:41.824896+04:00,83.5
3774,7577,15014347177000,9992.0,1.00,104867.386,105589.841,1789132061880.467,2026-09-11T17:07:41.880467+04:00,83.5
3775,7578,15014361070000,9992.0,1.00,104881.279,105603.734,1789132061894.360,2026-09-11T17:07:41.894360+04:00,83.5
3776,7579,15014374963000,9992.0,1.00,104895.172,105617.627,1789132061908.253,2026-09-11T17:07:41.908253+04:00,83.5
3777,7583,15014430541000,9992.0,1.00,104950.750,105673.205,1789132061963.831,2026-09-11T17:07:41.963831+04:00,83.5
3778,7584,15014444431000,9992.0,1.00,104964.640,105687.095,1789132061977.721,2026-09-11T17:07:41.977721+04:00,83.5
3779,7585,15014458325000,9992.0,1.00,104978.534,105700.989,1789132061991.615,2026-09-11T17:07:41.991615+04:00,83.5
3780,7589,15014513899000,9992.0,1.00,105034.108,105756.563,1789132062047.189,2026-09-11T17:07:42.047189+04:00,83.5
3781,7590,15014527791000,9992.0,1.00,105048.000,105770.455,1789132062061.081,2026-09-11T17:07:42.061081+04:00,83.5
3782,7591,15014541686000,9992.0,1.00,105061.895,105784.350,1789132062074.976,2026-09-11T17:07:42.074976+04:00,83.5
3783,7595,15014597259000,9992.0,1.00,105117.468,105839.923,1789132062130.549,2026-09-11T17:07:42.130549+04:00,83.5
3784,7596,15014611153000,9992.0,1.00,105131.362,105853.817,1789132062144.443,2026-09-11T17:07:42.144443+04:00,83.5
3785,7597,15014625047000,9992.0,1.00,105145.256,105867.711,1789132062158.337,2026-09-11T17:07:42.158337+04:00,83.5
3786,7601,15014680620000,9992.0,1.00,105200.829,105923.284,1789132062213.910,2026-09-11T17:07:42.213910+04:00,83.6
3787,7602,15014694513000,9992.0,1.00,105214.722,105937.177,1789132062227.803,2026-09-11T17:07:42.227803+04:00,83.6
3788,7603,15014708406000,9992.0,1.00,105228.615,105951.070,1789132062241.696,2026-09-11T17:07:42.241696+04:00,83.6
3789,7607,15014763981000,9992.0,1.00,105284.190,106006.645,1789132062297.271,2026-09-11T17:07:42.297271+04:00,83.5
3790,7608,15014777874000,9992.0,1.00,105298.083,106020.538,1789132062311.164,2026-09-11T17:07:42.311164+04:00,83.5
3791,7609,15014791766000,9992.0,1.00,105311.975,106034.430,1789132062325.056,2026-09-11T17:07:42.325056+04:00,83.5
3792,7613,15014847342000,9992.0,1.00,105367.551,106090.006,1789132062380.632,2026-09-11T17:07:42.380632+04:00,83.6
3793,7614,15014861234000,9992.0,1.00,105381.443,106103.898,1789132062394.524,2026-09-11T17:07:42.394524+04:00,83.7
3794,7615,15014875126000,9992.0,1.00,105395.335,106117.790,1789132062408.416,2026-09-11T17:07:42.408416+04:00,83.7
3795,7619,15014930702000,9992.0,1.00,105450.911,106173.366,1789132062463.992,2026-09-11T17:07:42.463992+04:00,83.8
3796,7620,15014944593000,9992.0,1.00,105464.802,106187.257,1789132062477.883,2026-09-11T17:07:42.477883+04:00,83.7
3797,7621,15014958488000,9992.0,1.00,105478.697,106201.152,1789132062491.778,2026-09-11T17:07:42.491778+04:00,83.7
3798,7625,15015014062000,9992.0,1.00,105534.271,106256.726,1789132062547.352,2026-09-11T17:07:42.547352+04:00,83.2
3799,7626,15015027955000,9992.0,1.00,105548.164,106270.619,1789132062561.245,2026-09-11T17:07:42.561245+04:00,83.2
3800,7627,15015041848000,9992.0,1.00,105562.057,106284.512,1789132062575.138,2026-09-11T17:07:42.575138+04:00,83.1
3801,7631,15015097422000,9992.0,1.00,105617.631,106340.086,1789132062630.712,2026-09-11T17:07:42.630712+04:00,83.4
3802,7632,15015111316000,9992.0,1.00,105631.525,106353.980,1789132062644.606,2026-09-11T17:07:42.644606+04:00,83.4
3803,7633,15015125208000,9992.0,1.00,105645.417,106367.872,1789132062658.498,2026-09-11T17:07:42.658498+04:00,83.4
3804,7637,15015180782000,9992.0,1.00,105700.991,106423.446,1789132062714.072,2026-09-11T17:07:42.714072+04:00,83.5
3805,7638,15015194675000,9992.0,1.00,105714.884,106437.339,1789132062727.965,2026-09-11T17:07:42.727965+04:00,83.6
3806,7639,15015208570000,9992.0,1.00,105728.779,106451.234,1789132062741.860,2026-09-11T17:07:42.741860+04:00,83.6
3807,7643,15015264141000,9992.0,1.00,105784.350,106506.805,1789132062797.431,2026-09-11T17:07:42.797431+04:00,84.0
3808,7644,15015278035000,9992.0,1.00,105798.244,106520.699,1789132062811.325,2026-09-11T17:07:42.811325+04:00,83.9
3809,7645,15015291928000,9992.0,1.00,105812.137,106534.592,1789132062825.218,2026-09-11T17:07:42.825218+04:00,83.8
3810,7649,15015347506000,9992.0,1.00,105867.715,106590.170,1789132062880.796,2026-09-11T17:07:42.880796+04:00,83.1
3811,7650,15015361397000,9992.0,1.00,105881.606,106604.061,1789132062894.687,2026-09-11T17:07:42.894687+04:00,83.0
3812,7651,15015375291000,9992.0,1.00,105895.500,106617.955,1789132062908.581,2026-09-11T17:07:42.908581+04:00,82.9
3813,7655,15015430864000,9992.0,1.00,105951.073,106673.528,1789132062964.154,2026-09-11T17:07:42.964154+04:00,82.3
3814,7656,15015444756000,9992.0,1.00,105964.965,106687.420,1789132062978.046,2026-09-11T17:07:42.978046+04:00,82.1
3815,7657,15015458648000,9992.0,1.00,105978.857,106701.312,1789132062991.938,2026-09-11T17:07:42.991938+04:00,82.0
3816,7661,15015514226000,9992.0,1.00,106034.435,106756.890,1789132063047.516,2026-09-11T17:07:43.047516+04:00,82.4
3817,7662,15015528117000,9992.0,1.00,106048.326,106770.781,1789132063061.407,2026-09-11T17:07:43.061407+04:00,82.6
3818,7663,15015542011000,9992.0,1.00,106062.220,106784.675,1789132063075.301,2026-09-11T17:07:43.075301+04:00,82.7
3819,7667,15015597588000,9992.0,1.00,106117.797,106840.252,1789132063130.878,2026-09-11T17:07:43.130878+04:00,83.0
3820,7668,15015611477000,9992.0,1.00,106131.686,106854.141,1789132063144.767,2026-09-11T17:07:43.144767+04:00,83.1
3821,7669,15015625371000,9992.0,1.00,106145.580,106868.035,1789132063158.661,2026-09-11T17:07:43.158661+04:00,83.4
3822,7673,15015680943000,9992.0,1.00,106201.152,106923.607,1789132063214.233,2026-09-11T17:07:43.214233+04:00,84.2
3823,7674,15015694836000,9992.0,1.00,106215.045,106937.500,1789132063228.126,2026-09-11T17:07:43.228126+04:00,84.4
3824,7675,15015708730000,9992.0,1.00,106228.939,106951.394,1789132063242.020,2026-09-11T17:07:43.242020+04:00,84.6
3825,7679,15015764303000,9992.0,1.00,106284.512,107006.967,1789132063297.593,2026-09-11T17:07:43.297593+04:00,85.2
3826,7680,15015778198000,9992.0,1.00,106298.407,107020.862,1789132063311.488,2026-09-11T17:07:43.311488+04:00,85.3
3827,7681,15015792091000,9992.0,1.00,106312.300,107034.755,1789132063325.381,2026-09-11T17:07:43.325381+04:00,85.3
3828,7685,15015847665000,9992.0,1.00,106367.874,107090.329,1789132063380.955,2026-09-11T17:07:43.380955+04:00,85.5
3829,7686,15015861558000,9992.0,1.00,106381.767,107104.222,1789132063394.848,2026-09-11T17:07:43.394848+04:00,85.6
3830,7687,15015875450000,9992.0,1.00,106395.659,107118.114,1789132063408.740,2026-09-11T17:07:43.408740+04:00,85.6
3831,7691,15015931025000,9992.0,1.00,106451.234,107173.689,1789132063464.315,2026-09-11T17:07:43.464315+04:00,85.8
3832,7692,15015944918000,9992.0,1.00,106465.127,107187.582,1789132063478.208,2026-09-11T17:07:43.478208+04:00,85.8
3833,7693,15015958811000,9992.0,1.00,106479.020,107201.475,1789132063492.101,2026-09-11T17:07:43.492101+04:00,85.8
3834,7697,15016014384000,9992.0,1.00,106534.593,107257.048,1789132063547.674,2026-09-11T17:07:43.547674+04:00,85.6
3835,7698,15016028279000,9992.0,1.00,106548.488,107270.943,1789132063561.569,2026-09-11T17:07:43.561569+04:00,85.6
3836,7699,15016042171000,9992.0,1.00,106562.380,107284.835,1789132063575.461,2026-09-11T17:07:43.575461+04:00,85.5
3837,7703,15016097745000,9992.0,1.00,106617.954,107340.409,1789132063631.035,2026-09-11T17:07:43.631035+04:00,85.1
3838,7704,15016111638000,9992.0,1.00,106631.847,107354.302,1789132063644.928,2026-09-11T17:07:43.644928+04:00,85.0
3839,7705,15016125532000,9992.0,1.00,106645.741,107368.196,1789132063658.822,2026-09-11T17:07:43.658822+04:00,85.0
3840,7709,15016181108000,9992.0,1.00,106701.317,107423.772,1789132063714.398,2026-09-11T17:07:43.714398+04:00,85.0
3841,7710,15016194999000,9992.0,1.00,106715.208,107437.663,1789132063728.289,2026-09-11T17:07:43.728289+04:00,85.1
3842,7711,15016208895000,9992.0,1.00,106729.104,107451.559,1789132063742.185,2026-09-11T17:07:43.742185+04:00,85.2
3843,7715,15016264465000,9992.0,1.00,106784.674,107507.129,1789132063797.755,2026-09-11T17:07:43.797755+04:00,85.1
3844,7716,15016278359000,9992.0,1.00,106798.568,107521.023,1789132063811.649,2026-09-11T17:07:43.811649+04:00,85.0
3845,7717,15016292256000,9992.0,1.00,106812.465,107534.920,1789132063825.546,2026-09-11T17:07:43.825546+04:00,85.0
3846,7721,15016347826000,9992.0,1.00,106868.035,107590.490,1789132063881.116,2026-09-11T17:07:43.881116+04:00,84.6
3847,7722,15016361720000,9992.0,1.00,106881.929,107604.384,1789132063895.010,2026-09-11T17:07:43.895010+04:00,84.6
3848,7723,15016375616000,9992.0,1.00,106895.825,107618.280,1789132063908.906,2026-09-11T17:07:43.908906+04:00,84.5
3849,7727,15016431189000,9992.0,1.00,106951.398,107673.853,1789132063964.479,2026-09-11T17:07:43.964479+04:00,84.2
3850,7728,15016445081000,9992.0,1.00,106965.290,107687.745,1789132063978.371,2026-09-11T17:07:43.978371+04:00,84.1
3851,7729,15016458975000,9992.0,1.00,106979.184,107701.639,1789132063992.265,2026-09-11T17:07:43.992265+04:00,84.0
3852,7733,15016514549000,9992.0,1.00,107034.758,107757.213,1789132064047.839,2026-09-11T17:07:44.047839+04:00,83.5
3853,7734,15016528441000,9992.0,1.00,107048.650,107771.105,1789132064061.731,2026-09-11T17:07:44.061731+04:00,83.4
3854,7735,15016542335000,9992.0,1.00,107062.544,107784.999,1789132064075.625,2026-09-11T17:07:44.075625+04:00,83.3
3855,7739,15016597908000,9992.0,1.00,107118.117,107840.572,1789132064131.198,2026-09-11T17:07:44.131198+04:00,83.2
3856,7740,15016611801000,9992.0,1.00,107132.010,107854.465,1789132064145.091,2026-09-11T17:07:44.145091+04:00,83.3
3857,7741,15016625696000,9992.0,1.00,107145.905,107868.360,1789132064158.986,2026-09-11T17:07:44.158986+04:00,83.3
3858,7745,15016681270000,9992.0,1.00,107201.479,107923.934,1789132064214.560,2026-09-11T17:07:44.214560+04:00,83.5
3859,7746,15016695163000,9992.0,1.00,107215.372,107937.827,1789132064228.453,2026-09-11T17:07:44.228453+04:00,83.5
3860,7747,15016709057000,9992.0,1.00,107229.266,107951.721,1789132064242.347,2026-09-11T17:07:44.242347+04:00,83.6
3861,7751,15016764631000,9992.0,1.00,107284.840,108007.295,1789132064297.921,2026-09-11T17:07:44.297921+04:00,83.7
3862,7752,15016778523000,9992.0,1.00,107298.732,108021.187,1789132064311.813,2026-09-11T17:07:44.311813+04:00,83.8
3863,7753,15016792417000,9992.0,1.00,107312.626,108035.081,1789132064325.707,2026-09-11T17:07:44.325707+04:00,83.9
3864,7757,15016847994000,9992.0,1.00,107368.203,108090.658,1789132064381.284,2026-09-11T17:07:44.381284+04:00,83.9
3865,7758,15016861883000,9992.0,1.00,107382.092,108104.547,1789132064395.173,2026-09-11T17:07:44.395173+04:00,83.9
3866,7759,15016875778000,9992.0,1.00,107395.987,108118.442,1789132064409.068,2026-09-11T17:07:44.409068+04:00,83.9
3867,7763,15016931352000,9992.0,1.00,107451.561,108174.016,1789132064464.642,2026-09-11T17:07:44.464642+04:00,83.8
3868,7764,15016945244000,9992.0,1.00,107465.453,108187.908,1789132064478.534,2026-09-11T17:07:44.478534+04:00,83.8
3869,7765,15016959138000,9992.0,1.00,107479.347,108201.802,1789132064492.428,2026-09-11T17:07:44.492428+04:00,83.8
3870,7769,15017014712000,9992.0,1.00,107534.921,108257.376,1789132064548.002,2026-09-11T17:07:44.548002+04:00,83.8
3871,7770,15017028605000,9992.0,1.00,107548.814,108271.269,1789132064561.895,2026-09-11T17:07:44.561895+04:00,83.8
3872,7771,15017042499000,9992.0,1.00,107562.708,108285.163,1789132064575.789,2026-09-11T17:07:44.575789+04:00,83.9
3873,7775,15017098073000,9992.0,1.00,107618.282,108340.737,1789132064631.363,2026-09-11T17:07:44.631363+04:00,84.0
3874,7776,15017111965000,9992.0,1.00,107632.174,108354.629,1789132064645.255,2026-09-11T17:07:44.645255+04:00,84.0
3875,7777,15017125860000,9992.0,1.00,107646.069,108368.524,1789132064659.150,2026-09-11T17:07:44.659150+04:00,84.0
3876,7781,15017181435000,9992.0,1.00,107701.644,108424.099,1789132064714.725,2026-09-11T17:07:44.714725+04:00,84.1
3877,7782,15017195326000,9992.0,1.00,107715.535,108437.990,1789132064728.616,2026-09-11T17:07:44.728616+04:00,84.2
3878,7783,15017209219000,9992.0,1.00,107729.428,108451.883,1789132064742.509,2026-09-11T17:07:44.742509+04:00,84.2
3879,7787,15017264796000,9992.0,1.00,107785.005,108507.460,1789132064798.086,2026-09-11T17:07:44.798086+04:00,84.1
3880,7788,15017278687000,9992.0,1.00,107798.896,108521.351,1789132064811.977,2026-09-11T17:07:44.811977+04:00,84.0
3881,7789,15017292581000,9992.0,1.00,107812.790,108535.245,1789132064825.871,2026-09-11T17:07:44.825871+04:00,83.9
3882,7793,15017348154000,9992.0,1.00,107868.363,108590.818,1789132064881.444,2026-09-11T17:07:44.881444+04:00,83.8
3883,7794,15017362047000,9992.0,1.00,107882.256,108604.711,1789132064895.337,2026-09-11T17:07:44.895337+04:00,83.8
3884,7795,15017375945000,9992.0,1.00,107896.154,108618.609,1789132064909.235,2026-09-11T17:07:44.909235+04:00,83.7
3885,7799,15017431518000,9992.0,1.00,107951.727,108674.182,1789132064964.808,2026-09-11T17:07:44.964808+04:00,83.7
3886,7800,15017445407000,9992.0,1.00,107965.616,108688.071,1789132064978.697,2026-09-11T17:07:44.978697+04:00,83.7
3887,7801,15017459301000,9992.0,1.00,107979.510,108701.965,1789132064992.591,2026-09-11T17:07:44.992591+04:00,83.7
3888,7805,15017514872000,9992.0,1.00,108035.081,108757.536,1789132065048.162,2026-09-11T17:07:45.048162+04:00,83.7
3889,7806,15017528767000,9992.0,1.00,108048.976,108771.431,1789132065062.057,2026-09-11T17:07:45.062057+04:00,83.7
3890,7807,15017542660000,9992.0,1.00,108062.869,108785.324,1789132065075.950,2026-09-11T17:07:45.075950+04:00,83.7
3891,7811,15017598233000,9992.0,1.00,108118.442,108840.897,1789132065131.523,2026-09-11T17:07:45.131523+04:00,83.8
3892,7812,15017612127000,9992.0,1.00,108132.336,108854.791,1789132065145.417,2026-09-11T17:07:45.145417+04:00,83.8
3893,7813,15017626021000,9992.0,1.00,108146.230,108868.685,1789132065159.311,2026-09-11T17:07:45.159311+04:00,83.8
3894,7817,15017681595000,9992.0,1.00,108201.804,108924.259,1789132065214.885,2026-09-11T17:07:45.214885+04:00,83.9
3895,7818,15017695489000,9992.0,1.00,108215.698,108938.153,1789132065228.779,2026-09-11T17:07:45.228779+04:00,83.9
3896,7819,15017709381000,9992.0,1.00,108229.590,108952.045,1789132065242.671,2026-09-11T17:07:45.242671+04:00,83.9
3897,7823,15017764956000,9992.0,1.00,108285.165,109007.620,1789132065298.246,2026-09-11T17:07:45.298246+04:00,83.7
3898,7824,15017778847000,9992.0,1.00,108299.056,109021.511,1789132065312.137,2026-09-11T17:07:45.312137+04:00,83.7
3899,7825,15017792740000,9992.0,1.00,108312.949,109035.404,1789132065326.030,2026-09-11T17:07:45.326030+04:00,83.6
3900,7829,15017848316000,9992.0,1.00,108368.525,109090.980,1789132065381.606,2026-09-11T17:07:45.381606+04:00,83.3
3901,7830,15017862208000,9992.0,1.00,108382.417,109104.872,1789132065395.498,2026-09-11T17:07:45.395498+04:00,83.2
3902,7831,15017876104000,9992.0,1.00,108396.313,109118.768,1789132065409.394,2026-09-11T17:07:45.409394+04:00,83.1
3903,7835,15017931674000,9992.0,1.00,108451.883,109174.338,1789132065464.964,2026-09-11T17:07:45.464964+04:00,82.7
3904,7836,15017945568000,9992.0,1.00,108465.777,109188.232,1789132065478.858,2026-09-11T17:07:45.478858+04:00,82.6
3905,7837,15017959464000,9992.0,1.00,108479.673,109202.128,1789132065492.754,2026-09-11T17:07:45.492754+04:00,82.6
3906,7841,15018015034000,9992.0,1.00,108535.243,109257.698,1789132065548.324,2026-09-11T17:07:45.548324+04:00,82.3
3907,7842,15018028930000,9992.0,1.00,108549.139,109271.594,1789132065562.220,2026-09-11T17:07:45.562220+04:00,82.3
3908,7843,15018042823000,9992.0,1.00,108563.032,109285.487,1789132065576.113,2026-09-11T17:07:45.576113+04:00,82.3
3909,7847,15018098395000,9992.0,1.00,108618.604,109341.059,1789132065631.685,2026-09-11T17:07:45.631685+04:00,82.1
3910,7848,15018112291000,9992.0,1.00,108632.500,109354.955,1789132065645.581,2026-09-11T17:07:45.645581+04:00,82.0
3911,7849,15018126183000,9992.0,1.00,108646.392,109368.847,1789132065659.473,2026-09-11T17:07:45.659473+04:00,82.0
3912,7853,15018181758000,9992.0,1.00,108701.967,109424.422,1789132065715.048,2026-09-11T17:07:45.715048+04:00,81.8
3913,7854,15018195651000,9992.0,1.00,108715.860,109438.315,1789132065728.941,2026-09-11T17:07:45.728941+04:00,81.7
3914,7855,15018209544000,9992.0,1.00,108729.753,109452.208,1789132065742.834,2026-09-11T17:07:45.742834+04:00,81.7
3915,7859,15018265119000,9992.0,1.00,108785.328,109507.783,1789132065798.409,2026-09-11T17:07:45.798409+04:00,81.6
3916,7860,15018279011000,9992.0,1.00,108799.220,109521.675,1789132065812.301,2026-09-11T17:07:45.812301+04:00,81.5
3917,7861,15018292904000,9992.0,1.00,108813.113,109535.568,1789132065826.194,2026-09-11T17:07:45.826194+04:00,81.5
3918,7865,15018348478000,9992.0,1.00,108868.687,109591.142,1789132065881.768,2026-09-11T17:07:45.881768+04:00,81.4
3919,7866,15018362371000,9992.0,1.00,108882.580,109605.035,1789132065895.661,2026-09-11T17:07:45.895661+04:00,81.4
3920,7867,15018376266000,9992.0,1.00,108896.475,109618.930,1789132065909.556,2026-09-11T17:07:45.909556+04:00,81.4
3921,7871,15018431837000,9992.0,1.00,108952.046,109674.501,1789132065965.127,2026-09-11T17:07:45.965127+04:00,81.3
3922,7872,15018445731000,9992.0,1.00,108965.940,109688.395,1789132065979.021,2026-09-11T17:07:45.979021+04:00,81.3
3923,7873,15018459627000,9992.0,1.00,108979.836,109702.291,1789132065992.917,2026-09-11T17:07:45.992917+04:00,81.3
3924,7877,15018515199000,9992.0,1.00,109035.408,109757.863,1789132066048.489,2026-09-11T17:07:46.048489+04:00,81.2
3925,7878,15018529092000,9992.0,1.00,109049.301,109771.756,1789132066062.382,2026-09-11T17:07:46.062382+04:00,81.2
3926,7879,15018542990000,9992.0,1.00,109063.199,109785.654,1789132066076.280,2026-09-11T17:07:46.076280+04:00,81.2
3927,7883,15018598559000,9992.0,1.00,109118.768,109841.223,1789132066131.849,2026-09-11T17:07:46.131849+04:00,81.1
3928,7884,15018612453000,9992.0,1.00,109132.662,109855.117,1789132066145.743,2026-09-11T17:07:46.145743+04:00,81.1
3929,7885,15018626347000,9992.0,1.00,109146.556,109869.011,1789132066159.637,2026-09-11T17:07:46.159637+04:00,81.1
3930,7889,15018681921000,9992.0,1.00,109202.130,109924.585,1789132066215.211,2026-09-11T17:07:46.215211+04:00,81.0
3931,7890,15018695814000,9992.0,1.00,109216.023,109938.478,1789132066229.104,2026-09-11T17:07:46.229104+04:00,81.0
3932,7891,15018709706000,9992.0,1.00,109229.915,109952.370,1789132066242.996,2026-09-11T17:07:46.242996+04:00,81.0
3933,7895,15018765281000,9992.0,1.00,109285.490,110007.945,1789132066298.571,2026-09-11T17:07:46.298571+04:00,80.9
3934,7896,15018779173000,9992.0,1.00,109299.382,110021.837,1789132066312.463,2026-09-11T17:07:46.312463+04:00,80.9
3935,7897,15018793067000,9992.0,1.00,109313.276,110035.731,1789132066326.357,2026-09-11T17:07:46.326357+04:00,80.9
3936,7901,15018848642000,9992.0,1.00,109368.851,110091.306,1789132066381.932,2026-09-11T17:07:46.381932+04:00,80.9
3937,7902,15018862533000,9992.0,1.00,109382.742,110105.197,1789132066395.823,2026-09-11T17:07:46.395823+04:00,80.9
3938,7903,15018876428000,9992.0,1.00,109396.637,110119.092,1789132066409.718,2026-09-11T17:07:46.409718+04:00,80.8
3939,7907,15018931999000,9992.0,1.00,109452.208,110174.663,1789132066465.289,2026-09-11T17:07:46.465289+04:00,80.8
3940,7908,15018945894000,9992.0,1.00,109466.103,110188.558,1789132066479.184,2026-09-11T17:07:46.479184+04:00,80.8
3941,7909,15018959787000,9992.0,1.00,109479.996,110202.451,1789132066493.077,2026-09-11T17:07:46.493077+04:00,80.8
3942,7913,15019015364000,9992.0,1.00,109535.573,110258.028,1789132066548.654,2026-09-11T17:07:46.548654+04:00,80.7
3943,7914,15019029255000,9992.0,1.00,109549.464,110271.919,1789132066562.545,2026-09-11T17:07:46.562545+04:00,80.7
3944,7915,15019043148000,9992.0,1.00,109563.357,110285.812,1789132066576.438,2026-09-11T17:07:46.576438+04:00,80.6
3945,7919,15019098723000,9992.0,1.00,109618.932,110341.387,1789132066632.013,2026-09-11T17:07:46.632013+04:00,80.6
3946,7920,15019112615000,9992.0,1.00,109632.824,110355.279,1789132066645.905,2026-09-11T17:07:46.645905+04:00,80.6
3947,7921,15019126509000,9992.0,1.00,109646.718,110369.173,1789132066659.799,2026-09-11T17:07:46.659799+04:00,80.6
3948,7925,15019182083000,9992.0,1.00,109702.292,110424.747,1789132066715.373,2026-09-11T17:07:46.715373+04:00,80.6
3949,7926,15019195976000,9992.0,1.00,109716.185,110438.640,1789132066729.266,2026-09-11T17:07:46.729266+04:00,80.6
3950,7927,15019209868000,9992.0,1.00,109730.077,110452.532,1789132066743.158,2026-09-11T17:07:46.743158+04:00,80.6
3951,7931,15019265443000,9992.0,1.00,109785.652,110508.107,1789132066798.733,2026-09-11T17:07:46.798733+04:00,80.6
3952,7932,15019279335000,9992.0,1.00,109799.544,110521.999,1789132066812.625,2026-09-11T17:07:46.812625+04:00,80.6
3953,7933,15019293228000,9992.0,1.00,109813.437,110535.892,1789132066826.518,2026-09-11T17:07:46.826518+04:00,80.6
3954,7937,15019348804000,9992.0,1.00,109869.013,110591.468,1789132066882.094,2026-09-11T17:07:46.882094+04:00,80.6
3955,7938,15019362696000,9992.0,1.00,109882.905,110605.360,1789132066895.986,2026-09-11T17:07:46.895986+04:00,80.6
3956,7939,15019376589000,9992.0,1.00,109896.798,110619.253,1789132066909.879,2026-09-11T17:07:46.909879+04:00,80.6
3957,7943,15019432164000,9992.0,1.00,109952.373,110674.828,1789132066965.454,2026-09-11T17:07:46.965454+04:00,80.5
3958,7944,15019446056000,9992.0,1.00,109966.265,110688.720,1789132066979.346,2026-09-11T17:07:46.979346+04:00,80.5
3959,7945,15019459950000,9992.0,1.00,109980.159,110702.614,1789132066993.240,2026-09-11T17:07:46.993240+04:00,80.5
3960,7949,15019515523000,9992.0,1.00,110035.732,110758.187,1789132067048.813,2026-09-11T17:07:47.048813+04:00,80.5
3961,7950,15019529417000,9992.0,1.00,110049.626,110772.081,1789132067062.707,2026-09-11T17:07:47.062707+04:00,80.5
3962,7951,15019543311000,9992.0,1.00,110063.520,110785.975,1789132067076.601,2026-09-11T17:07:47.076601+04:00,80.5
3963,7955,15019598883000,9992.0,1.00,110119.092,110841.547,1789132067132.173,2026-09-11T17:07:47.132173+04:00,80.4
3964,7956,15019612777000,9992.0,1.00,110132.986,110855.441,1789132067146.067,2026-09-11T17:07:47.146067+04:00,80.4
3965,7957,15019626671000,9992.0,1.00,110146.880,110869.335,1789132067159.961,2026-09-11T17:07:47.159961+04:00,80.4
3966,7961,15019682246000,9992.0,1.00,110202.455,110924.910,1789132067215.536,2026-09-11T17:07:47.215536+04:00,80.4
3967,7962,15019696138000,9992.0,1.00,110216.347,110938.802,1789132067229.428,2026-09-11T17:07:47.229428+04:00,80.4
3968,7963,15019710030000,9992.0,1.00,110230.239,110952.694,1789132067243.320,2026-09-11T17:07:47.243320+04:00,80.4
3969,7967,15019765605000,9992.0,1.00,110285.814,111008.269,1789132067298.895,2026-09-11T17:07:47.298895+04:00,80.3
3970,7968,15019779499000,9992.0,1.00,110299.708,111022.163,1789132067312.789,2026-09-11T17:07:47.312789+04:00,80.3
3971,7969,15019793391000,9992.0,1.00,110313.600,111036.055,1789132067326.681,2026-09-11T17:07:47.326681+04:00,80.3
3972,7973,15019848966000,9992.0,1.00,110369.175,111091.630,1789132067382.256,2026-09-11T17:07:47.382256+04:00,80.3
3973,7974,15019862863000,9992.0,1.00,110383.072,111105.527,1789132067396.153,2026-09-11T17:07:47.396153+04:00,80.3
3974,7975,15019876752000,9992.0,1.00,110396.961,111119.416,1789132067410.042,2026-09-11T17:07:47.410042+04:00,80.3
3975,7979,15019932326000,9992.0,1.00,110452.535,111174.990,1789132067465.616,2026-09-11T17:07:47.465616+04:00,80.3
3976,7980,15019946218000,9992.0,1.00,110466.427,111188.882,1789132067479.508,2026-09-11T17:07:47.479508+04:00,80.3
3977,7981,15019960112000,9992.0,1.00,110480.321,111202.776,1789132067493.402,2026-09-11T17:07:47.493402+04:00,80.3
3978,7985,15020015687000,9992.0,1.00,110535.896,111258.351,1789132067548.977,2026-09-11T17:07:47.548977+04:00,80.3
3979,7986,15020029579000,9992.0,1.00,110549.788,111272.243,1789132067562.869,2026-09-11T17:07:47.562869+04:00,80.3
3980,7987,15020043472000,9992.0,1.00,110563.681,111286.136,1789132067576.762,2026-09-11T17:07:47.576762+04:00,80.3
3981,7991,15020099046000,9992.0,1.00,110619.255,111341.710,1789132067632.336,2026-09-11T17:07:47.632336+04:00,80.3
3982,7992,15020112939000,9992.0,1.00,110633.148,111355.603,1789132067646.229,2026-09-11T17:07:47.646229+04:00,80.4
3983,7993,15020126833000,9992.0,1.00,110647.042,111369.497,1789132067660.123,2026-09-11T17:07:47.660123+04:00,80.4
3984,7997,15020182410000,9992.0,1.00,110702.619,111425.074,1789132067715.700,2026-09-11T17:07:47.715700+04:00,80.5
3985,7998,15020196301000,9992.0,1.00,110716.510,111438.965,1789132067729.591,2026-09-11T17:07:47.729591+04:00,80.5
3986,7999,15020210193000,9992.0,1.00,110730.402,111452.857,1789132067743.483,2026-09-11T17:07:47.743483+04:00,80.5
3987,8003,15020265767000,9992.0,1.00,110785.976,111508.431,1789132067799.057,2026-09-11T17:07:47.799057+04:00,80.7
3988,8004,15020279659000,9992.0,1.00,110799.868,111522.323,1789132067812.949,2026-09-11T17:07:47.812949+04:00,80.7
3989,8005,15020293554000,9992.0,1.00,110813.763,111536.218,1789132067826.844,2026-09-11T17:07:47.826844+04:00,80.7
3990,8009,15020349127000,9992.0,1.00,110869.336,111591.791,1789132067882.417,2026-09-11T17:07:47.882417+04:00,80.9
3991,8010,15020363021000,9992.0,1.00,110883.230,111605.685,1789132067896.311,2026-09-11T17:07:47.896311+04:00,80.9
3992,8011,15020376914000,9992.0,1.00,110897.123,111619.578,1789132067910.204,2026-09-11T17:07:47.910204+04:00,81.0
3993,8015,15020432489000,9992.0,1.00,110952.698,111675.153,1789132067965.779,2026-09-11T17:07:47.965779+04:00,81.2
3994,8016,15020446381000,9992.0,1.00,110966.590,111689.045,1789132067979.671,2026-09-11T17:07:47.979671+04:00,81.3
3995,8017,15020460274000,9992.0,1.00,110980.483,111702.938,1789132067993.564,2026-09-11T17:07:47.993564+04:00,81.3
3996,8021,15020515847000,9992.0,1.00,111036.056,111758.511,1789132068049.137,2026-09-11T17:07:48.049137+04:00,81.5
3997,8022,15020529741000,9992.0,1.00,111049.950,111772.405,1789132068063.031,2026-09-11T17:07:48.063031+04:00,81.5
3998,8023,15020543635000,9992.0,1.00,111063.844,111786.299,1789132068076.925,2026-09-11T17:07:48.076925+04:00,81.6
3999,8027,15020599208000,9992.0,1.00,111119.417,111841.872,1789132068132.498,2026-09-11T17:07:48.132498+04:00,81.6
4000,8028,15020613102000,9992.0,1.00,111133.311,111855.766,1789132068146.392,2026-09-11T17:07:48.146392+04:00,81.7
4001,8029,15020626994000,9992.0,1.00,111147.203,111869.658,1789132068160.284,2026-09-11T17:07:48.160284+04:00,81.7
4002,8033,15020682574000,9992.0,1.00,111202.783,111925.238,1789132068215.864,2026-09-11T17:07:48.215864+04:00,81.8
4003,8034,15020696462000,9992.0,1.00,111216.671,111939.126,1789132068229.752,2026-09-11T17:07:48.229752+04:00,81.9
4004,8035,15020710355000,9992.0,1.00,111230.564,111953.019,1789132068243.645,2026-09-11T17:07:48.243645+04:00,81.9
4005,8039,15020765929000,9992.0,1.00,111286.138,112008.593,1789132068299.219,2026-09-11T17:07:48.299219+04:00,82.1
4006,8040,15020779822000,9992.0,1.00,111300.031,112022.486,1789132068313.112,2026-09-11T17:07:48.313112+04:00,82.2
4007,8041,15020793716000,9992.0,1.00,111313.925,112036.380,1789132068327.006,2026-09-11T17:07:48.327006+04:00,82.2
4008,8045,15020849290000,9992.0,1.00,111369.499,112091.954,1789132068382.580,2026-09-11T17:07:48.382580+04:00,82.4
4009,8046,15020863183000,9992.0,1.00,111383.392,112105.847,1789132068396.473,2026-09-11T17:07:48.396473+04:00,82.5
4010,8047,15020877076000,9992.0,1.00,111397.285,112119.740,1789132068410.366,2026-09-11T17:07:48.410366+04:00,82.5
4011,8051,15020932654000,9992.0,1.00,111452.863,112175.318,1789132068465.944,2026-09-11T17:07:48.465944+04:00,82.8
4012,8052,15020946546000,9992.0,1.00,111466.755,112189.210,1789132068479.836,2026-09-11T17:07:48.479836+04:00,82.9
4013,8053,15020960440000,9992.0,1.00,111480.649,112203.104,1789132068493.730,2026-09-11T17:07:48.493730+04:00,82.9
4014,8057,15021016027000,9992.0,1.00,111536.236,112258.691,1789132068549.317,2026-09-11T17:07:48.549317+04:00,83.1
4015,8058,15021029906000,9992.0,1.00,111550.115,112272.570,1789132068563.196,2026-09-11T17:07:48.563196+04:00,83.2
4016,8059,15021043800000,9992.0,1.00,111564.009,112286.464,1789132068577.090,2026-09-11T17:07:48.577090+04:00,83.2
4017,8063,15021099378000,9992.0,1.00,111619.587,112342.042,1789132068632.668,2026-09-11T17:07:48.632668+04:00,83.3
4018,8064,15021113266000,9992.0,1.00,111633.475,112355.930,1789132068646.556,2026-09-11T17:07:48.646556+04:00,83.3
4019,8065,15021127161000,9992.0,1.00,111647.370,112369.825,1789132068660.451,2026-09-11T17:07:48.660451+04:00,83.4
4020,8069,15021182737000,9992.0,1.00,111702.946,112425.401,1789132068716.027,2026-09-11T17:07:48.716027+04:00,83.5
4021,8070,15021196628000,9992.0,1.00,111716.837,112439.292,1789132068729.918,2026-09-11T17:07:48.729918+04:00,83.5
4022,8071,15021210521000,9992.0,1.00,111730.730,112453.185,1789132068743.811,2026-09-11T17:07:48.743811+04:00,83.5
4023,8075,15021266096000,9992.0,1.00,111786.305,112508.760,1789132068799.386,2026-09-11T17:07:48.799386+04:00,83.5
4024,8076,15021279987000,9992.0,1.00,111800.196,112522.651,1789132068813.277,2026-09-11T17:07:48.813277+04:00,83.6
4025,8077,15021293881000,9992.0,1.00,111814.090,112536.545,1789132068827.171,2026-09-11T17:07:48.827171+04:00,83.6
4026,8081,15021349456000,9992.0,1.00,111869.665,112592.120,1789132068882.746,2026-09-11T17:07:48.882746+04:00,83.6
4027,8082,15021363349000,9992.0,1.00,111883.558,112606.013,1789132068896.639,2026-09-11T17:07:48.896639+04:00,83.6
4028,8083,15021377241000,9992.0,1.00,111897.450,112619.905,1789132068910.531,2026-09-11T17:07:48.910531+04:00,83.6
4029,8087,15021432816000,9992.0,1.00,111953.025,112675.480,1789132068966.106,2026-09-11T17:07:48.966106+04:00,83.7
4030,8088,15021446709000,9992.0,1.00,111966.918,112689.373,1789132068979.999,2026-09-11T17:07:48.979999+04:00,83.7
4031,8089,15021460603000,9992.0,1.00,111980.812,112703.267,1789132068993.893,2026-09-11T17:07:48.993893+04:00,83.8
4032,8093,15021516177000,9992.0,1.00,112036.386,112758.841,1789132069049.467,2026-09-11T17:07:49.049467+04:00,84.0
4033,8094,15021530069000,9992.0,1.00,112050.278,112772.733,1789132069063.359,2026-09-11T17:07:49.063359+04:00,84.0
4034,8095,15021543963000,9992.0,1.00,112064.172,112786.627,1789132069077.253,2026-09-11T17:07:49.077253+04:00,84.1
4035,8099,15021599539000,9992.0,1.00,112119.748,112842.203,1789132069132.829,2026-09-11T17:07:49.132829+04:00,84.3
4036,8100,15021613429000,9992.0,1.00,112133.638,112856.093,1789132069146.719,2026-09-11T17:07:49.146719+04:00,84.3
4037,8101,15021627323000,9992.0,1.00,112147.532,112869.987,1789132069160.613,2026-09-11T17:07:49.160613+04:00,84.3
4038,8105,15021682899000,9992.0,1.00,112203.108,112925.563,1789132069216.189,2026-09-11T17:07:49.216189+04:00,84.4
4039,8106,15021696790000,9992.0,1.00,112216.999,112939.454,1789132069230.080,2026-09-11T17:07:49.230080+04:00,84.4
4040,8107,15021710684000,9992.0,1.00,112230.893,112953.348,1789132069243.974,2026-09-11T17:07:49.243974+04:00,84.4
4041,8111,15021766258000,9992.0,1.00,112286.467,113008.922,1789132069299.548,2026-09-11T17:07:49.299548+04:00,84.5
4042,8112,15021780150000,9992.0,1.00,112300.359,113022.814,1789132069313.440,2026-09-11T17:07:49.313440+04:00,84.5
4043,8113,15021794043000,9992.0,1.00,112314.252,113036.707,1789132069327.333,2026-09-11T17:07:49.327333+04:00,84.6
4044,8117,15021849619000,9992.0,1.00,112369.828,113092.283,1789132069382.909,2026-09-11T17:07:49.382909+04:00,84.7
4045,8118,15021863512000,9992.0,1.00,112383.721,113106.176,1789132069396.802,2026-09-11T17:07:49.396802+04:00,84.7
4046,8119,15021877405000,9992.0,1.00,112397.614,113120.069,1789132069410.695,2026-09-11T17:07:49.410695+04:00,84.7
4047,8123,15021932978000,9992.0,1.00,112453.187,113175.642,1789132069466.268,2026-09-11T17:07:49.466268+04:00,84.9
4048,8124,15021946871000,9992.0,1.00,112467.080,113189.535,1789132069480.161,2026-09-11T17:07:49.480161+04:00,84.9
4049,8125,15021960763000,9992.0,1.00,112480.972,113203.427,1789132069494.053,2026-09-11T17:07:49.494053+04:00,84.9
4050,8129,15022016339000,9992.0,1.00,112536.548,113259.003,1789132069549.629,2026-09-11T17:07:49.549629+04:00,85.1
4051,8130,15022030232000,9992.0,1.00,112550.441,113272.896,1789132069563.522,2026-09-11T17:07:49.563522+04:00,85.0
4052,8131,15022044124000,9992.0,1.00,112564.333,113286.788,1789132069577.414,2026-09-11T17:07:49.577414+04:00,85.1
4053,8135,15022099702000,9992.0,1.00,112619.911,113342.366,1789132069632.992,2026-09-11T17:07:49.632992+04:00,85.2
4054,8136,15022113592000,9992.0,1.00,112633.801,113356.256,1789132069646.882,2026-09-11T17:07:49.646882+04:00,85.2
4055,8137,15022127486000,9992.0,1.00,112647.695,113370.150,1789132069660.776,2026-09-11T17:07:49.660776+04:00,85.2
4056,8141,15022183062000,9992.0,1.00,112703.271,113425.726,1789132069716.352,2026-09-11T17:07:49.716352+04:00,85.3
4057,8142,15022196952000,9992.0,1.00,112717.161,113439.616,1789132069730.242,2026-09-11T17:07:49.730242+04:00,85.3
4058,8143,15022210849000,9992.0,1.00,112731.058,113453.513,1789132069744.139,2026-09-11T17:07:49.744139+04:00,85.3
4059,8147,15022266421000,9992.0,1.00,112786.630,113509.085,1789132069799.711,2026-09-11T17:07:49.799711+04:00,85.4
4060,8148,15022280313000,9992.0,1.00,112800.522,113522.977,1789132069813.603,2026-09-11T17:07:49.813603+04:00,85.4
4061,8149,15022294205000,9992.0,1.00,112814.414,113536.869,1789132069827.495,2026-09-11T17:07:49.827495+04:00,85.5
4062,8153,15022349781000,9992.0,1.00,112869.990,113592.445,1789132069883.071,2026-09-11T17:07:49.883071+04:00,85.6
4063,8154,15022363673000,9992.0,1.00,112883.882,113606.337,1789132069896.963,2026-09-11T17:07:49.896963+04:00,85.6
4064,8155,15022377567000,9992.0,1.00,112897.776,113620.231,1789132069910.857,2026-09-11T17:07:49.910857+04:00,85.7
4065,8159,15022433141000,9992.0,1.00,112953.350,113675.805,1789132069966.431,2026-09-11T17:07:49.966431+04:00,85.8
4066,8160,15022447036000,9992.0,1.00,112967.245,113689.700,1789132069980.326,2026-09-11T17:07:49.980326+04:00,85.8
4067,8161,15022460926000,9992.0,1.00,112981.135,113703.590,1789132069994.216,2026-09-11T17:07:49.994216+04:00,85.8
4068,8165,15022516500000,9992.0,1.00,113036.709,113759.164,1789132070049.790,2026-09-11T17:07:50.049790+04:00,85.9
4069,8166,15022530393000,9992.0,1.00,113050.602,113773.057,1789132070063.683,2026-09-11T17:07:50.063683+04:00,86.0
4070,8167,15022544286000,9992.0,1.00,113064.495,113786.950,1789132070077.576,2026-09-11T17:07:50.077576+04:00,86.0
4071,8171,15022599865000,9992.0,1.00,113120.074,113842.529,1789132070133.155,2026-09-11T17:07:50.133155+04:00,86.1
4072,8172,15022613754000,9992.0,1.00,113133.963,113856.418,1789132070147.044,2026-09-11T17:07:50.147044+04:00,86.2
4073,8173,15022627649000,9992.0,1.00,113147.858,113870.313,1789132070160.939,2026-09-11T17:07:50.160939+04:00,86.2
4074,8177,15022683223000,9992.0,1.00,113203.432,113925.887,1789132070216.513,2026-09-11T17:07:50.216513+04:00,86.3
4075,8178,15022697119000,9992.0,1.00,113217.328,113939.783,1789132070230.409,2026-09-11T17:07:50.230409+04:00,86.3
4076,8179,15022711008000,9992.0,1.00,113231.217,113953.672,1789132070244.298,2026-09-11T17:07:50.244298+04:00,86.3
4077,8183,15022766582000,9992.0,1.00,113286.791,114009.246,1789132070299.872,2026-09-11T17:07:50.299872+04:00,86.4
4078,8184,15022780474000,9992.0,1.00,113300.683,114023.138,1789132070313.764,2026-09-11T17:07:50.313764+04:00,86.5
4079,8185,15022794367000,9992.0,1.00,113314.576,114037.031,1789132070327.657,2026-09-11T17:07:50.327657+04:00,86.5
4080,8189,15022849942000,9992.0,1.00,113370.151,114092.606,1789132070383.232,2026-09-11T17:07:50.383232+04:00,86.5
4081,8190,15022863835000,9992.0,1.00,113384.044,114106.499,1789132070397.125,2026-09-11T17:07:50.397125+04:00,86.6
4082,8191,15022877728000,9992.0,1.00,113397.937,114120.392,1789132070411.018,2026-09-11T17:07:50.411018+04:00,86.6
4083,8195,15022933302000,9992.0,1.00,113453.511,114175.966,1789132070466.592,2026-09-11T17:07:50.466592+04:00,86.6
4084,8196,15022947195000,9992.0,1.00,113467.404,114189.859,1789132070480.485,2026-09-11T17:07:50.480485+04:00,86.6
4085,8197,15022961088000,9992.0,1.00,113481.297,114203.752,1789132070494.378,2026-09-11T17:07:50.494378+04:00,86.6
4086,8201,15023016662000,9992.0,1.00,113536.871,114259.326,1789132070549.952,2026-09-11T17:07:50.549952+04:00,86.7
4087,8202,15023030555000,9992.0,1.00,113550.764,114273.219,1789132070563.845,2026-09-11T17:07:50.563845+04:00,86.7
4088,8203,15023044448000,9992.0,1.00,113564.657,114287.112,1789132070577.738,2026-09-11T17:07:50.577738+04:00,86.7
4089,8207,15023100025000,9992.0,1.00,113620.234,114342.689,1789132070633.315,2026-09-11T17:07:50.633315+04:00,86.7
4090,8208,15023113920000,9992.0,1.00,113634.129,114356.584,1789132070647.210,2026-09-11T17:07:50.647210+04:00,86.7
4091,8209,15023127808000,9992.0,1.00,113648.017,114370.472,1789132070661.098,2026-09-11T17:07:50.661098+04:00,86.7
4092,8213,15023183384000,9992.0,1.00,113703.593,114426.048,1789132070716.674,2026-09-11T17:07:50.716674+04:00,86.7
4093,8214,15023197279000,9992.0,1.00,113717.488,114439.943,1789132070730.569,2026-09-11T17:07:50.730569+04:00,86.7
4094,8215,15023211169000,9992.0,1.00,113731.378,114453.833,1789132070744.459,2026-09-11T17:07:50.744459+04:00,86.7
4095,8219,15023266746000,9992.0,1.00,113786.955,114509.410,1789132070800.036,2026-09-11T17:07:50.800036+04:00,86.7
4096,8220,15023280636000,9992.0,1.00,113800.845,114523.300,1789132070813.926,2026-09-11T17:07:50.813926+04:00,86.7
4097,8221,15023294530000,9992.0,1.00,113814.739,114537.194,1789132070827.820,2026-09-11T17:07:50.827820+04:00,86.7
4098,8225,15023350106000,9992.0,1.00,113870.315,114592.770,1789132070883.396,2026-09-11T17:07:50.883396+04:00,86.7
4099,8226,15023363997000,9992.0,1.00,113884.206,114606.661,1789132070897.287,2026-09-11T17:07:50.897287+04:00,86.7
4100,8227,15023377890000,9992.0,1.00,113898.099,114620.554,1789132070911.180,2026-09-11T17:07:50.911180+04:00,86.7
4101,8231,15023433472000,9992.0,1.00,113953.681,114676.136,1789132070966.762,2026-09-11T17:07:50.966762+04:00,86.7
4102,8232,15023447358000,9992.0,1.00,113967.567,114690.022,1789132070980.648,2026-09-11T17:07:50.980648+04:00,86.7
4103,8233,15023461250000,9992.0,1.00,113981.459,114703.914,1789132070994.540,2026-09-11T17:07:50.994540+04:00,86.7
4104,8237,15023516825000,9992.0,1.00,114037.034,114759.489,1789132071050.115,2026-09-11T17:07:51.050115+04:00,86.6
4105,8238,15023530718000,9992.0,1.00,114050.927,114773.382,1789132071064.008,2026-09-11T17:07:51.064008+04:00,86.6
4106,8239,15023544612000,9992.0,1.00,114064.821,114787.276,1789132071077.902,2026-09-11T17:07:51.077902+04:00,86.6
4107,8243,15023600186000,9992.0,1.00,114120.395,114842.850,1789132071133.476,2026-09-11T17:07:51.133476+04:00,86.6
4108,8244,15023614079000,9992.0,1.00,114134.288,114856.743,1789132071147.369,2026-09-11T17:07:51.147369+04:00,86.6
4109,8245,15023627973000,9992.0,1.00,114148.182,114870.637,1789132071161.263,2026-09-11T17:07:51.161263+04:00,86.6
4110,8249,15023683547000,9992.0,1.00,114203.756,114926.211,1789132071216.837,2026-09-11T17:07:51.216837+04:00,86.6
4111,8250,15023697440000,9992.0,1.00,114217.649,114940.104,1789132071230.730,2026-09-11T17:07:51.230730+04:00,86.6
4112,8251,15023711331000,9992.0,1.00,114231.540,114953.995,1789132071244.621,2026-09-11T17:07:51.244621+04:00,86.6
4113,8255,15023766907000,9992.0,1.00,114287.116,115009.571,1789132071300.197,2026-09-11T17:07:51.300197+04:00,86.6
4114,8256,15023780800000,9992.0,1.00,114301.009,115023.464,1789132071314.090,2026-09-11T17:07:51.314090+04:00,86.6
4115,8257,15023794693000,9992.0,1.00,114314.902,115037.357,1789132071327.983,2026-09-11T17:07:51.327983+04:00,86.6
4116,8261,15023850267000,9992.0,1.00,114370.476,115092.931,1789132071383.557,2026-09-11T17:07:51.383557+04:00,86.5
4117,8262,15023864162000,9992.0,1.00,114384.371,115106.826,1789132071397.452,2026-09-11T17:07:51.397452+04:00,86.6
4118,8263,15023878052000,9992.0,1.00,114398.261,115120.716,1789132071411.342,2026-09-11T17:07:51.411342+04:00,86.5
4119,8267,15023933627000,9992.0,1.00,114453.836,115176.291,1789132071466.917,2026-09-11T17:07:51.466917+04:00,86.5
4120,8268,15023947519000,9992.0,1.00,114467.728,115190.183,1789132071480.809,2026-09-11T17:07:51.480809+04:00,86.5
4121,8269,15023961413000,9992.0,1.00,114481.622,115204.077,1789132071494.703,2026-09-11T17:07:51.494703+04:00,86.5
4122,8273,15024016988000,9992.0,1.00,114537.197,115259.652,1789132071550.278,2026-09-11T17:07:51.550278+04:00,86.6
4123,8274,15024030880000,9992.0,1.00,114551.089,115273.544,1789132071564.170,2026-09-11T17:07:51.564170+04:00,86.6
4124,8275,15024044774000,9992.0,1.00,114564.983,115287.438,1789132071578.064,2026-09-11T17:07:51.578064+04:00,86.6
4125,8279,15024100349000,9992.0,1.00,114620.558,115343.013,1789132071633.639,2026-09-11T17:07:51.633639+04:00,86.6
4126,8280,15024114241000,9992.0,1.00,114634.450,115356.905,1789132071647.531,2026-09-11T17:07:51.647531+04:00,86.6
4127,8281,15024128134000,9992.0,1.00,114648.343,115370.798,1789132071661.424,2026-09-11T17:07:51.661424+04:00,86.6
4128,8285,15024183708000,9992.0,1.00,114703.917,115426.372,1789132071716.998,2026-09-11T17:07:51.716998+04:00,86.6
4129,8286,15024197602000,9992.0,1.00,114717.811,115440.266,1789132071730.892,2026-09-11T17:07:51.730892+04:00,86.6
4130,8287,15024211496000,9992.0,1.00,114731.705,115454.160,1789132071744.786,2026-09-11T17:07:51.744786+04:00,86.6
4131,8291,15024267070000,9992.0,1.00,114787.279,115509.734,1789132071800.360,2026-09-11T17:07:51.800360+04:00,86.6
4132,8292,15024280962000,9992.0,1.00,114801.171,115523.626,1789132071814.252,2026-09-11T17:07:51.814252+04:00,86.6
4133,8293,15024294855000,9992.0,1.00,114815.064,115537.519,1789132071828.145,2026-09-11T17:07:51.828145+04:00,86.6
4134,8297,15024350429000,9992.0,1.00,114870.638,115593.093,1789132071883.719,2026-09-11T17:07:51.883719+04:00,86.6
4135,8298,15024364322000,9992.0,1.00,114884.531,115606.986,1789132071897.612,2026-09-11T17:07:51.897612+04:00,86.6
4136,8299,15024378216000,9992.0,1.00,114898.425,115620.880,1789132071911.506,2026-09-11T17:07:51.911506+04:00,86.6
4137,8303,15024433790000,9992.0,1.00,114953.999,115676.454,1789132071967.080,2026-09-11T17:07:51.967080+04:00,86.6
4138,8304,15024447682000,9992.0,1.00,114967.891,115690.346,1789132071980.972,2026-09-11T17:07:51.980972+04:00,86.6
4139,8305,15024461576000,9992.0,1.00,114981.785,115704.240,1789132071994.866,2026-09-11T17:07:51.994866+04:00,86.6
4140,8309,15024517150000,9992.0,1.00,115037.359,115759.814,1789132072050.440,2026-09-11T17:07:52.050440+04:00,86.6
4141,8310,15024531043000,9992.0,1.00,115051.252,115773.707,1789132072064.333,2026-09-11T17:07:52.064333+04:00,86.6
4142,8311,15024544936000,9992.0,1.00,115065.145,115787.600,1789132072078.226,2026-09-11T17:07:52.078226+04:00,86.6
4143,8315,15024600512000,9992.0,1.00,115120.721,115843.176,1789132072133.802,2026-09-11T17:07:52.133802+04:00,86.6
4144,8316,15024614406000,9992.0,1.00,115134.615,115857.070,1789132072147.696,2026-09-11T17:07:52.147696+04:00,86.6
4145,8317,15024628297000,9992.0,1.00,115148.506,115870.961,1789132072161.587,2026-09-11T17:07:52.161587+04:00,86.6
4146,8321,15024683872000,9992.0,1.00,115204.081,115926.536,1789132072217.162,2026-09-11T17:07:52.217162+04:00,86.6
4147,8322,15024697764000,9992.0,1.00,115217.973,115940.428,1789132072231.054,2026-09-11T17:07:52.231054+04:00,86.6
4148,8323,15024711657000,9992.0,1.00,115231.866,115954.321,1789132072244.947,2026-09-11T17:07:52.244947+04:00,86.6
4149,8327,15024767234000,9992.0,1.00,115287.443,116009.898,1789132072300.524,2026-09-11T17:07:52.300524+04:00,86.6
4150,8328,15024781124000,9992.0,1.00,115301.333,116023.788,1789132072314.414,2026-09-11T17:07:52.314414+04:00,86.6
4151,8329,15024795018000,9992.0,1.00,115315.227,116037.682,1789132072328.308,2026-09-11T17:07:52.328308+04:00,86.6
4152,8333,15024850594000,9992.0,1.00,115370.803,116093.258,1789132072383.884,2026-09-11T17:07:52.383884+04:00,86.6
4153,8334,15024864485000,9992.0,1.00,115384.694,116107.149,1789132072397.775,2026-09-11T17:07:52.397775+04:00,86.6
4154,8335,15024878378000,9992.0,1.00,115398.587,116121.042,1789132072411.668,2026-09-11T17:07:52.411668+04:00,86.6
4155,8339,15024933953000,9992.0,1.00,115454.162,116176.617,1789132072467.243,2026-09-11T17:07:52.467243+04:00,86.6
4156,8340,15024947846000,9992.0,1.00,115468.055,116190.510,1789132072481.136,2026-09-11T17:07:52.481136+04:00,86.6
4157,8341,15024961739000,9992.0,1.00,115481.948,116204.403,1789132072495.029,2026-09-11T17:07:52.495029+04:00,86.6
4158,8345,15025017314000,9992.0,1.00,115537.523,116259.978,1789132072550.604,2026-09-11T17:07:52.550604+04:00,86.6
4159,8346,15025031207000,9992.0,1.00,115551.416,116273.871,1789132072564.497,2026-09-11T17:07:52.564497+04:00,86.6
4160,8347,15025045100000,9992.0,1.00,115565.309,116287.764,1789132072578.390,2026-09-11T17:07:52.578390+04:00,86.6
4161,8351,15025100673000,9992.0,1.00,115620.882,116343.337,1789132072633.963,2026-09-11T17:07:52.633963+04:00,86.5
4162,8352,15025114567000,9992.0,1.00,115634.776,116357.231,1789132072647.857,2026-09-11T17:07:52.647857+04:00,86.5
4163,8353,15025128459000,9992.0,1.00,115648.668,116371.123,1789132072661.749,2026-09-11T17:07:52.661749+04:00,86.5
4164,8357,15025184034000,9992.0,1.00,115704.243,116426.698,1789132072717.324,2026-09-11T17:07:52.717324+04:00,86.5
4165,8358,15025197928000,9992.0,1.00,115718.137,116440.592,1789132072731.218,2026-09-11T17:07:52.731218+04:00,86.5
4166,8359,15025211820000,9992.0,1.00,115732.029,116454.484,1789132072745.110,2026-09-11T17:07:52.745110+04:00,86.5
4167,8363,15025267396000,9992.0,1.00,115787.605,116510.060,1789132072800.686,2026-09-11T17:07:52.800686+04:00,86.5
4168,8364,15025281289000,9992.0,1.00,115801.498,116523.953,1789132072814.579,2026-09-11T17:07:52.814579+04:00,86.5
4169,8365,15025295184000,9992.0,1.00,115815.393,116537.848,1789132072828.474,2026-09-11T17:07:52.828474+04:00,86.5
4170,8369,15025350757000,9992.0,1.00,115870.966,116593.421,1789132072884.047,2026-09-11T17:07:52.884047+04:00,86.4
4171,8370,15025364649000,9992.0,1.00,115884.858,116607.313,1789132072897.939,2026-09-11T17:07:52.897939+04:00,86.4
4172,8371,15025378540000,9992.0,1.00,115898.749,116621.204,1789132072911.830,2026-09-11T17:07:52.911830+04:00,86.4
4173,8375,15025434119000,9992.0,1.00,115954.328,116676.783,1789132072967.409,2026-09-11T17:07:52.967409+04:00,86.4
4174,8376,15025448020000,9992.0,1.00,115968.229,116690.684,1789132072981.310,2026-09-11T17:07:52.981310+04:00,86.4
4175,8377,15025461903000,9992.0,1.00,115982.112,116704.567,1789132072995.193,2026-09-11T17:07:52.995193+04:00,86.4
4176,8381,15025517477000,9992.0,1.00,116037.686,116760.141,1789132073050.767,2026-09-11T17:07:53.050767+04:00,86.4
4177,8382,15025531368000,9992.0,1.00,116051.577,116774.032,1789132073064.658,2026-09-11T17:07:53.064658+04:00,86.4
4178,8383,15025545263000,9992.0,1.00,116065.472,116787.927,1789132073078.553,2026-09-11T17:07:53.078553+04:00,86.4
4179,8387,15025600834000,9992.0,1.00,116121.043,116843.498,1789132073134.124,2026-09-11T17:07:53.134124+04:00,86.4
4180,8388,15025614730000,9992.0,1.00,116134.939,116857.394,1789132073148.020,2026-09-11T17:07:53.148020+04:00,86.4
4181,8389,15025628624000,9992.0,1.00,116148.833,116871.288,1789132073161.914,2026-09-11T17:07:53.161914+04:00,86.4
4182,8393,15025684195000,9992.0,1.00,116204.404,116926.859,1789132073217.485,2026-09-11T17:07:53.217485+04:00,86.4
4183,8394,15025698090000,9992.0,1.00,116218.299,116940.754,1789132073231.380,2026-09-11T17:07:53.231380+04:00,86.4
4184,8395,15025711985000,9992.0,1.00,116232.194,116954.649,1789132073245.275,2026-09-11T17:07:53.245275+04:00,86.4
4185,8399,15025767555000,9992.0,1.00,116287.764,117010.219,1789132073300.845,2026-09-11T17:07:53.300845+04:00,86.4
4186,8400,15025781451000,9992.0,1.00,116301.660,117024.115,1789132073314.741,2026-09-11T17:07:53.314741+04:00,86.4
4187,8401,15025795344000,9992.0,1.00,116315.553,117038.008,1789132073328.634,2026-09-11T17:07:53.328634+04:00,86.4
4188,8405,15025850918000,9992.0,1.00,116371.127,117093.582,1789132073384.208,2026-09-11T17:07:53.384208+04:00,86.4
4189,8406,15025864812000,9992.0,1.00,116385.021,117107.476,1789132073398.102,2026-09-11T17:07:53.398102+04:00,86.4
4190,8407,15025878702000,9992.0,1.00,116398.911,117121.366,1789132073411.992,2026-09-11T17:07:53.411992+04:00,86.4
4191,8411,15025934280000,9992.0,1.00,116454.489,117176.944,1789132073467.570,2026-09-11T17:07:53.467570+04:00,86.4
4192,8412,15025948172000,9992.0,1.00,116468.381,117190.836,1789132073481.462,2026-09-11T17:07:53.481462+04:00,86.4
4193,8413,15025962062000,9992.0,1.00,116482.271,117204.726,1789132073495.352,2026-09-11T17:07:53.495352+04:00,86.4
4194,8417,15026017639000,9992.0,1.00,116537.848,117260.303,1789132073550.929,2026-09-11T17:07:53.550929+04:00,86.4
4195,8418,15026031531000,9992.0,1.00,116551.740,117274.195,1789132073564.821,2026-09-11T17:07:53.564821+04:00,86.4
4196,8419,15026045423000,9992.0,1.00,116565.632,117288.087,1789132073578.713,2026-09-11T17:07:53.578713+04:00,86.4
4197,8423,15026101001000,9992.0,1.00,116621.210,117343.665,1789132073634.291,2026-09-11T17:07:53.634291+04:00,86.4
4198,8424,15026114892000,9992.0,1.00,116635.101,117357.556,1789132073648.182,2026-09-11T17:07:53.648182+04:00,86.4
4199,8425,15026128786000,9992.0,1.00,116648.995,117371.450,1789132073662.076,2026-09-11T17:07:53.662076+04:00,86.4
4200,8429,15026184362000,9992.0,1.00,116704.571,117427.026,1789132073717.652,2026-09-11T17:07:53.717652+04:00,86.4
4201,8430,15026198252000,9992.0,1.00,116718.461,117440.916,1789132073731.542,2026-09-11T17:07:53.731542+04:00,86.4
4202,8431,15026212146000,9992.0,1.00,116732.355,117454.810,1789132073745.436,2026-09-11T17:07:53.745436+04:00,86.4
4203,8435,15026267718000,9992.0,1.00,116787.927,117510.382,1789132073801.008,2026-09-11T17:07:53.801008+04:00,86.4
4204,8436,15026281613000,9992.0,1.00,116801.822,117524.277,1789132073814.903,2026-09-11T17:07:53.814903+04:00,86.4
4205,8437,15026295507000,9992.0,1.00,116815.716,117538.171,1789132073828.797,2026-09-11T17:07:53.828797+04:00,86.4
4206,8441,15026351079000,9992.0,1.00,116871.288,117593.743,1789132073884.369,2026-09-11T17:07:53.884369+04:00,86.4
4207,8442,15026364975000,9992.0,1.00,116885.184,117607.639,1789132073898.265,2026-09-11T17:07:53.898265+04:00,86.4
4208,8443,15026378867000,9992.0,1.00,116899.076,117621.531,1789132073912.157,2026-09-11T17:07:53.912157+04:00,86.4
4209,8447,15026434439000,9992.0,1.00,116954.648,117677.103,1789132073967.729,2026-09-11T17:07:53.967729+04:00,86.4
4210,8448,15026448335000,9992.0,1.00,116968.544,117690.999,1789132073981.625,2026-09-11T17:07:53.981625+04:00,86.4
4211,8449,15026462225000,9992.0,1.00,116982.434,117704.889,1789132073995.515,2026-09-11T17:07:53.995515+04:00,86.4
4212,8453,15026517799000,9992.0,1.00,117038.008,117760.463,1789132074051.089,2026-09-11T17:07:54.051089+04:00,86.4
4213,8454,15026531699000,9992.0,1.00,117051.908,117774.363,1789132074064.989,2026-09-11T17:07:54.064989+04:00,86.4
4214,8455,15026545586000,9992.0,1.00,117065.795,117788.250,1789132074078.876,2026-09-11T17:07:54.078876+04:00,86.4
4215,8459,15026601162000,9992.0,1.00,117121.371,117843.826,1789132074134.452,2026-09-11T17:07:54.134452+04:00,86.4
4216,8460,15026615056000,9992.0,1.00,117135.265,117857.720,1789132074148.346,2026-09-11T17:07:54.148346+04:00,86.4
4217,8461,15026628946000,9992.0,1.00,117149.155,117871.610,1789132074162.236,2026-09-11T17:07:54.162236+04:00,86.4
4218,8465,15026684523000,9992.0,1.00,117204.732,117927.187,1789132074217.813,2026-09-11T17:07:54.217813+04:00,86.4
4219,8466,15026698418000,9992.0,1.00,117218.627,117941.082,1789132074231.708,2026-09-11T17:07:54.231708+04:00,86.4
4220,8467,15026712307000,9992.0,1.00,117232.516,117954.971,1789132074245.597,2026-09-11T17:07:54.245597+04:00,86.4
4221,8471,15026767885000,9992.0,1.00,117288.094,118010.549,1789132074301.175,2026-09-11T17:07:54.301175+04:00,86.4
4222,8472,15026781775000,9992.0,1.00,117301.984,118024.439,1789132074315.065,2026-09-11T17:07:54.315065+04:00,86.4
4223,8473,15026795669000,9992.0,1.00,117315.878,118038.333,1789132074328.959,2026-09-11T17:07:54.328959+04:00,86.4
4224,8477,15026851240000,9992.0,1.00,117371.449,118093.904,1789132074384.530,2026-09-11T17:07:54.384530+04:00,86.4
4225,8478,15026865136000,9992.0,1.00,117385.345,118107.800,1789132074398.426,2026-09-11T17:07:54.398426+04:00,86.4
4226,8479,15026879030000,9992.0,1.00,117399.239,118121.694,1789132074412.320,2026-09-11T17:07:54.412320+04:00,86.4
4227,8483,15026934601000,9992.0,1.00,117454.810,118177.265,1789132074467.891,2026-09-11T17:07:54.467891+04:00,86.4
4228,8484,15026948496000,9992.0,1.00,117468.705,118191.160,1789132074481.786,2026-09-11T17:07:54.481786+04:00,86.4
4229,8485,15026962390000,9992.0,1.00,117482.599,118205.054,1789132074495.680,2026-09-11T17:07:54.495680+04:00,86.4
4230,8489,15027017962000,9992.0,1.00,117538.171,118260.626,1789132074551.252,2026-09-11T17:07:54.551252+04:00,86.4
4231,8490,15027031857000,9992.0,1.00,117552.066,118274.521,1789132074565.147,2026-09-11T17:07:54.565147+04:00,86.4
4232,8491,15027045753000,9992.0,1.00,117565.962,118288.417,1789132074579.043,2026-09-11T17:07:54.579043+04:00,86.4
4233,8495,15027101323000,9992.0,1.00,117621.532,118343.987,1789132074634.613,2026-09-11T17:07:54.634613+04:00,86.3
4234,8496,15027115220000,9992.0,1.00,117635.429,118357.884,1789132074648.510,2026-09-11T17:07:54.648510+04:00,86.4
4235,8497,15027129109000,9992.0,1.00,117649.318,118371.773,1789132074662.399,2026-09-11T17:07:54.662399+04:00,86.4
4236,8501,15027184686000,9992.0,1.00,117704.895,118427.350,1789132074717.976,2026-09-11T17:07:54.717976+04:00,86.3
4237,8502,15027198581000,9992.0,1.00,117718.790,118441.245,1789132074731.871,2026-09-11T17:07:54.731871+04:00,86.4
4238,8503,15027212470000,9992.0,1.00,117732.679,118455.134,1789132074745.760,2026-09-11T17:07:54.745760+04:00,86.4
4239,8507,15027268047000,9992.0,1.00,117788.256,118510.711,1789132074801.337,2026-09-11T17:07:54.801337+04:00,86.3
4240,8508,15027281938000,9992.0,1.00,117802.147,118524.602,1789132074815.228,2026-09-11T17:07:54.815228+04:00,86.3
4241,8509,15027295831000,9992.0,1.00,117816.040,118538.495,1789132074829.121,2026-09-11T17:07:54.829121+04:00,86.4
4242,8513,15027351406000,9992.0,1.00,117871.615,118594.070,1789132074884.696,2026-09-11T17:07:54.884696+04:00,86.3
4243,8514,15027365299000,9992.0,1.00,117885.508,118607.963,1789132074898.589,2026-09-11T17:07:54.898589+04:00,86.3
4244,8515,15027379191000,9992.0,1.00,117899.400,118621.855,1789132074912.481,2026-09-11T17:07:54.912481+04:00,86.3
4245,8519,15027434769000,9992.0,1.00,117954.978,118677.433,1789132074968.059,2026-09-11T17:07:54.968059+04:00,86.3
4246,8520,15027448659000,9992.0,1.00,117968.868,118691.323,1789132074981.949,2026-09-11T17:07:54.981949+04:00,86.3
4247,8521,15027462552000,9992.0,1.00,117982.761,118705.216,1789132074995.842,2026-09-11T17:07:54.995842+04:00,86.3
4248,8525,15027518124000,9992.0,1.00,118038.333,118760.788,1789132075051.414,2026-09-11T17:07:55.051414+04:00,86.3
4249,8526,15027532021000,9992.0,1.00,118052.230,118774.685,1789132075065.311,2026-09-11T17:07:55.065311+04:00,86.3
4250,8527,15027545913000,9992.0,1.00,118066.122,118788.577,1789132075079.203,2026-09-11T17:07:55.079203+04:00,86.3
4251,8531,15027601486000,9992.0,1.00,118121.695,118844.150,1789132075134.776,2026-09-11T17:07:55.134776+04:00,86.3
4252,8532,15027615380000,9992.0,1.00,118135.589,118858.044,1789132075148.670,2026-09-11T17:07:55.148670+04:00,86.3
4253,8533,15027629272000,9992.0,1.00,118149.481,118871.936,1789132075162.562,2026-09-11T17:07:55.162562+04:00,86.3
4254,8537,15027684847000,9992.0,1.00,118205.056,118927.511,1789132075218.137,2026-09-11T17:07:55.218137+04:00,86.3
4255,8538,15027698741000,9992.0,1.00,118218.950,118941.405,1789132075232.031,2026-09-11T17:07:55.232031+04:00,86.3
4256,8539,15027712638000,9992.0,1.00,118232.847,118955.302,1789132075245.928,2026-09-11T17:07:55.245928+04:00,86.3
4257,8543,15027768207000,9992.0,1.00,118288.416,119010.871,1789132075301.497,2026-09-11T17:07:55.301497+04:00,86.3
4258,8544,15027782102000,9992.0,1.00,118302.311,119024.766,1789132075315.392,2026-09-11T17:07:55.315392+04:00,86.3
4259,8545,15027795994000,9992.0,1.00,118316.203,119038.658,1789132075329.284,2026-09-11T17:07:55.329284+04:00,86.3
4260,8549,15027851569000,9992.0,1.00,118371.778,119094.233,1789132075384.859,2026-09-11T17:07:55.384859+04:00,86.3
4261,8550,15027865464000,9992.0,1.00,118385.673,119108.128,1789132075398.754,2026-09-11T17:07:55.398754+04:00,86.3
4262,8551,15027879354000,9992.0,1.00,118399.563,119122.018,1789132075412.644,2026-09-11T17:07:55.412644+04:00,86.3
