output_frame_index,sensor_frame_index,sensor_timestamp,actual_exposure_us,analogue_gain,pts_ms,elapsed_ms,frame_unix_ms,frame_time_iso8601,mean_luma
0,32,14909521473000,994.0,1.00,0.000,764.137,1789131957054.763,2026-09-11T17:05:57.054763+04:00,15.4
1,33,14909535369000,994.0,1.00,13.896,778.033,1789131957068.659,2026-09-11T17:05:57.068659+04:00,15.4
2,34,14909549256000,994.0,1.00,27.783,791.920,1789131957082.546,2026-09-11T17:05:57.082546+04:00,15.4
3,38,14909604829000,994.0,1.00,83.356,847.493,1789131957138.119,2026-09-11T17:05:57.138119+04:00,15.5
4,39,14909618721000,994.0,1.00,97.248,861.385,1789131957152.011,2026-09-11T17:05:57.152011+04:00,15.5
5,40,14909632614000,994.0,1.00,111.141,875.278,1789131957165.904,2026-09-11T17:05:57.165904+04:00,15.5
6,44,14909688189000,994.0,1.00,166.716,930.853,1789131957221.479,2026-09-11T17:05:57.221479+04:00,15.5
7,45,14909702082000,994.0,1.00,180.609,944.746,1789131957235.372,2026-09-11T17:05:57.235372+04:00,15.5
8,46,14909715975000,994.0,1.00,194.502,958.639,1789131957249.265,2026-09-11T17:05:57.249265+04:00,15.5
9,50,14909771550000,994.0,1.00,250.077,1014.214,1789131957304.840,2026-09-11T17:05:57.304840+04:00,15.6
10,51,14909785442000,994.0,1.00,263.969,1028.106,1789131957318.732,2026-09-11T17:05:57.318732+04:00,15.6
11,52,14909799336000,994.0,1.00,277.863,1042.000,1789131957332.626,2026-09-11T17:05:57.332626+04:00,15.6
12,56,14909854913000,994.0,1.00,333.440,1097.577,1789131957388.203,2026-09-11T17:05:57.388203+04:00,15.5
13,57,14909868802000,994.0,1.00,347.329,1111.466,1789131957402.092,2026-09-11T17:05:57.402092+04:00,15.5
14,58,14909882696000,994.0,1.00,361.223,1125.360,1789131957415.986,2026-09-11T17:05:57.415986+04:00,15.5
15,62,14909938271000,994.0,1.00,416.798,1180.935,1789131957471.561,2026-09-11T17:05:57.471561+04:00,15.5
16,63,14909952162000,994.0,1.00,430.689,1194.826,1789131957485.452,2026-09-11T17:05:57.485452+04:00,15.5
17,64,14909966056000,994.0,1.00,444.583,1208.720,1789131957499.346,2026-09-11T17:05:57.499346+04:00,15.5
18,68,14910021631000,994.0,1.00,500.158,1264.295,1789131957554.921,2026-09-11T17:05:57.554921+04:00,15.6
19,69,14910035524000,994.0,1.00,514.051,1278.188,1789131957568.814,2026-09-11T17:05:57.568814+04:00,15.6
20,70,14910049417000,994.0,1.00,527.944,1292.081,1789131957582.707,2026-09-11T17:05:57.582707+04:00,15.6
21,74,14910104991000,994.0,1.00,583.518,1347.655,1789131957638.281,2026-09-11T17:05:57.638281+04:00,15.7
22,75,14910118884000,994.0,1.00,597.411,1361.548,1789131957652.174,2026-09-11T17:05:57.652174+04:00,15.7
23,76,14910132777000,994.0,1.00,611.304,1375.441,1789131957666.067,2026-09-11T17:05:57.666067+04:00,15.7
24,80,14910188351000,994.0,1.00,666.878,1431.015,1789131957721.641,2026-09-11T17:05:57.721641+04:00,15.8
25,81,14910202244000,994.0,1.00,680.771,1444.908,1789131957735.534,2026-09-11T17:05:57.735534+04:00,15.8
26,82,14910216137000,994.0,1.00,694.664,1458.801,1789131957749.427,2026-09-11T17:05:57.749427+04:00,15.8
27,86,14910271712000,994.0,1.00,750.239,1514.376,1789131957805.002,2026-09-11T17:05:57.805002+04:00,15.8
28,87,14910285604000,994.0,1.00,764.131,1528.268,1789131957818.894,2026-09-11T17:05:57.818894+04:00,15.8
29,88,14910299498000,994.0,1.00,778.025,1542.162,1789131957832.788,2026-09-11T17:05:57.832788+04:00,15.8
30,92,14910355072000,994.0,1.00,833.599,1597.736,1789131957888.362,2026-09-11T17:05:57.888362+04:00,15.8
31,93,14910368965000,994.0,1.00,847.492,1611.629,1789131957902.255,2026-09-11T17:05:57.902255+04:00,15.8
32,94,14910382858000,994.0,1.00,861.385,1625.522,1789131957916.148,2026-09-11T17:05:57.916148+04:00,15.8
33,98,14910438432000,994.0,1.00,916.959,1681.096,1789131957971.722,2026-09-11T17:05:57.971722+04:00,15.9
34,99,14910452327000,994.0,1.00,930.854,1694.991,1789131957985.617,2026-09-11T17:05:57.985617+04:00,15.9
35,100,14910466219000,994.0,1.00,944.746,1708.883,1789131957999.509,2026-09-11T17:05:57.999509+04:00,15.9
36,104,14910521793000,994.0,1.00,1000.320,1764.457,1789131958055.083,2026-09-11T17:05:58.055083+04:00,15.9
37,105,14910535685000,994.0,1.00,1014.212,1778.349,1789131958068.975,2026-09-11T17:05:58.068975+04:00,15.9
38,106,14910549579000,994.0,1.00,1028.106,1792.243,1789131958082.869,2026-09-11T17:05:58.082869+04:00,15.9
39,110,14910605154000,994.0,1.00,1083.681,1847.818,1789131958138.444,2026-09-11T17:05:58.138444+04:00,15.9
40,111,14910619045000,994.0,1.00,1097.572,1861.709,1789131958152.335,2026-09-11T17:05:58.152335+04:00,15.9
41,112,14910632939000,994.0,1.00,1111.466,1875.603,1789131958166.229,2026-09-11T17:05:58.166229+04:00,15.9
42,116,14910688515000,994.0,1.00,1167.042,1931.179,1789131958221.805,2026-09-11T17:05:58.221805+04:00,15.9
43,117,14910702406000,994.0,1.00,1180.933,1945.070,1789131958235.696,2026-09-11T17:05:58.235696+04:00,15.9
44,118,14910716299000,994.0,1.00,1194.826,1958.963,1789131958249.589,2026-09-11T17:05:58.249589+04:00,15.9
45,122,14910771874000,994.0,1.00,1250.401,2014.538,1789131958305.164,2026-09-11T17:05:58.305164+04:00,15.9
46,123,14910785767000,994.0,1.00,1264.294,2028.431,1789131958319.057,2026-09-11T17:05:58.319057+04:00,15.8
47,124,14910799660000,994.0,1.00,1278.187,2042.324,1789131958332.950,2026-09-11T17:05:58.332950+04:00,15.8
48,128,14910855235000,994.0,1.00,1333.762,2097.899,1789131958388.525,2026-09-11T17:05:58.388525+04:00,15.8
49,129,14910869128000,994.0,1.00,1347.655,2111.792,1789131958402.418,2026-09-11T17:05:58.402418+04:00,15.8
50,130,14910883020000,994.0,1.00,1361.547,2125.684,1789131958416.310,2026-09-11T17:05:58.416310+04:00,15.9
51,134,14910938595000,994.0,1.00,1417.122,2181.259,1789131958471.885,2026-09-11T17:05:58.471885+04:00,16.0
52,135,14910952487000,994.0,1.00,1431.014,2195.151,1789131958485.777,2026-09-11T17:05:58.485777+04:00,16.0
53,136,14910966382000,994.0,1.00,1444.909,2209.046,1789131958499.672,2026-09-11T17:05:58.499672+04:00,16.0
54,140,14911021955000,994.0,1.00,1500.482,2264.619,1789131958555.245,2026-09-11T17:05:58.555245+04:00,16.0
55,141,14911035848000,994.0,1.00,1514.375,2278.512,1789131958569.138,2026-09-11T17:05:58.569138+04:00,16.0
56,142,14911049741000,994.0,1.00,1528.268,2292.405,1789131958583.031,2026-09-11T17:05:58.583031+04:00,16.0
57,146,14911105317000,994.0,1.00,1583.844,2347.981,1789131958638.607,2026-09-11T17:05:58.638607+04:00,16.0
58,147,14911119208000,994.0,1.00,1597.735,2361.872,1789131958652.498,2026-09-11T17:05:58.652498+04:00,15.9
59,148,14911133101000,994.0,1.00,1611.628,2375.765,1789131958666.391,2026-09-11T17:05:58.666391+04:00,15.9
60,152,14911188676000,994.0,1.00,1667.203,2431.340,1789131958721.966,2026-09-11T17:05:58.721966+04:00,15.9
61,153,14911202568000,994.0,1.00,1681.095,2445.232,1789131958735.858,2026-09-11T17:05:58.735858+04:00,15.9
62,154,14911216462000,994.0,1.00,1694.989,2459.126,1789131958749.752,2026-09-11T17:05:58.749752+04:00,15.9
63,158,14911272036000,994.0,1.00,1750.563,2514.700,1789131958805.326,2026-09-11T17:05:58.805326+04:00,15.9
64,159,14911285929000,994.0,1.00,1764.456,2528.593,1789131958819.219,2026-09-11T17:05:58.819219+04:00,15.9
65,160,14911299822000,994.0,1.00,1778.349,2542.486,1789131958833.112,2026-09-11T17:05:58.833112+04:00,15.9
66,164,14911355397000,994.0,1.00,1833.924,2598.061,1789131958888.687,2026-09-11T17:05:58.888687+04:00,15.9
67,165,14911369291000,994.0,1.00,1847.818,2611.955,1789131958902.581,2026-09-11T17:05:58.902581+04:00,16.0
68,166,14911383183000,994.0,1.00,1861.710,2625.847,1789131958916.473,2026-09-11T17:05:58.916473+04:00,16.0
69,170,14911438758000,994.0,1.00,1917.285,2681.422,1789131958972.048,2026-09-11T17:05:58.972048+04:00,16.0
70,171,14911452649000,994.0,1.00,1931.176,2695.313,1789131958985.939,2026-09-11T17:05:58.985939+04:00,16.0
71,172,14911466543000,994.0,1.00,1945.070,2709.207,1789131958999.833,2026-09-11T17:05:58.999833+04:00,16.0
72,176,14911522117000,994.0,1.00,2000.644,2764.781,1789131959055.407,2026-09-11T17:05:59.055407+04:00,16.0
73,177,14911536014000,994.0,1.00,2014.541,2778.678,1789131959069.304,2026-09-11T17:05:59.069304+04:00,16.0
74,178,14911549903000,994.0,1.00,2028.430,2792.567,1789131959083.193,2026-09-11T17:05:59.083193+04:00,16.0
75,182,14911605478000,994.0,1.00,2084.005,2848.142,1789131959138.768,2026-09-11T17:05:59.138768+04:00,16.0
76,183,14911619370000,994.0,1.00,2097.897,2862.034,1789131959152.660,2026-09-11T17:05:59.152660+04:00,16.0
77,184,14911633264000,994.0,1.00,2111.791,2875.928,1789131959166.554,2026-09-11T17:05:59.166554+04:00,16.0
78,188,14911688837000,994.0,1.00,2167.364,2931.501,1789131959222.127,2026-09-11T17:05:59.222127+04:00,16.0
79,189,14911702730000,994.0,1.00,2181.257,2945.394,1789131959236.020,2026-09-11T17:05:59.236020+04:00,16.0
80,190,14911716624000,994.0,1.00,2195.151,2959.288,1789131959249.914,2026-09-11T17:05:59.249914+04:00,16.0
81,194,14911772198000,994.0,1.00,2250.725,3014.862,1789131959305.488,2026-09-11T17:05:59.305488+04:00,15.9
82,195,14911786091000,994.0,1.00,2264.618,3028.755,1789131959319.381,2026-09-11T17:05:59.319381+04:00,15.9
83,196,14911799984000,994.0,1.00,2278.511,3042.648,1789131959333.274,2026-09-11T17:05:59.333274+04:00,15.9
84,200,14911855559000,994.0,1.00,2334.086,3098.223,1789131959388.849,2026-09-11T17:05:59.388849+04:00,15.9
85,201,14911869451000,994.0,1.00,2347.978,3112.115,1789131959402.741,2026-09-11T17:05:59.402741+04:00,15.9
86,202,14911883345000,994.0,1.00,2361.872,3126.009,1789131959416.635,2026-09-11T17:05:59.416635+04:00,15.9
87,206,14911938919000,994.0,1.00,2417.446,3181.583,1789131959472.209,2026-09-11T17:05:59.472209+04:00,15.9
88,207,14911952811000,994.0,1.00,2431.338,3195.475,1789131959486.101,2026-09-11T17:05:59.486101+04:00,15.9
89,208,14911966705000,994.0,1.00,2445.232,3209.369,1789131959499.995,2026-09-11T17:05:59.499995+04:00,15.9
90,212,14912022279000,994.0,1.00,2500.806,3264.943,1789131959555.569,2026-09-11T17:05:59.555569+04:00,15.9
91,213,14912036172000,994.0,1.00,2514.699,3278.836,1789131959569.462,2026-09-11T17:05:59.569462+04:00,15.8
92,214,14912050065000,994.0,1.00,2528.592,3292.729,1789131959583.355,2026-09-11T17:05:59.583355+04:00,15.8
93,218,14912105640000,994.0,1.00,2584.167,3348.304,1789131959638.930,2026-09-11T17:05:59.638930+04:00,15.8
94,219,14912119532000,994.0,1.00,2598.059,3362.196,1789131959652.822,2026-09-11T17:05:59.652822+04:00,15.8
95,220,14912133426000,994.0,1.00,2611.953,3376.090,1789131959666.716,2026-09-11T17:05:59.666716+04:00,15.8
96,224,14912189001000,994.0,1.00,2667.528,3431.665,1789131959722.291,2026-09-11T17:05:59.722291+04:00,15.8
97,225,14912202893000,994.0,1.00,2681.420,3445.557,1789131959736.183,2026-09-11T17:05:59.736183+04:00,15.8
98,226,14912216786000,994.0,1.00,2695.313,3459.450,1789131959750.076,2026-09-11T17:05:59.750076+04:00,15.8
99,230,14912272361000,994.0,1.00,2750.888,3515.025,1789131959805.651,2026-09-11T17:05:59.805651+04:00,15.8
100,231,14912286253000,994.0,1.00,2764.780,3528.917,1789131959819.543,2026-09-11T17:05:59.819543+04:00,15.8
101,232,14912300147000,994.0,1.00,2778.674,3542.811,1789131959833.437,2026-09-11T17:05:59.833437+04:00,15.8
102,236,14912355721000,994.0,1.00,2834.248,3598.385,1789131959889.011,2026-09-11T17:05:59.889011+04:00,15.8
103,237,14912369614000,994.0,1.00,2848.141,3612.278,1789131959902.904,2026-09-11T17:05:59.902904+04:00,15.8
104,238,14912383507000,994.0,1.00,2862.034,3626.171,1789131959916.797,2026-09-11T17:05:59.916797+04:00,15.8
105,242,14912439082000,994.0,1.00,2917.609,3681.746,1789131959972.372,2026-09-11T17:05:59.972372+04:00,15.8
106,243,14912452973000,994.0,1.00,2931.500,3695.637,1789131959986.263,2026-09-11T17:05:59.986263+04:00,15.8
107,244,14912466867000,994.0,1.00,2945.394,3709.531,1789131960000.157,2026-09-11T17:06:00.000157+04:00,15.8
108,248,14912522446000,994.0,1.00,3000.973,3765.110,1789131960055.736,2026-09-11T17:06:00.055736+04:00,15.7
109,249,14912536336000,994.0,1.00,3014.863,3779.000,1789131960069.626,2026-09-11T17:06:00.069626+04:00,15.7
110,250,14912550229000,994.0,1.00,3028.756,3792.893,1789131960083.519,2026-09-11T17:06:00.083519+04:00,15.7
111,254,14912605804000,994.0,1.00,3084.331,3848.468,1789131960139.094,2026-09-11T17:06:00.139094+04:00,15.7
112,255,14912619697000,994.0,1.00,3098.224,3862.361,1789131960152.987,2026-09-11T17:06:00.152987+04:00,15.7
113,256,14912633591000,994.0,1.00,3112.118,3876.255,1789131960166.881,2026-09-11T17:06:00.166881+04:00,15.7
114,260,14912689166000,994.0,1.00,3167.693,3931.830,1789131960222.456,2026-09-11T17:06:00.222456+04:00,15.7
115,261,14912703057000,994.0,1.00,3181.584,3945.721,1789131960236.347,2026-09-11T17:06:00.236347+04:00,15.7
116,262,14912716950000,994.0,1.00,3195.477,3959.614,1789131960250.240,2026-09-11T17:06:00.250240+04:00,15.7
117,266,14912772524000,994.0,1.00,3251.051,4015.188,1789131960305.814,2026-09-11T17:06:00.305814+04:00,15.7
118,267,14912786417000,994.0,1.00,3264.944,4029.081,1789131960319.707,2026-09-11T17:06:00.319707+04:00,15.7
119,268,14912800311000,994.0,1.00,3278.838,4042.975,1789131960333.601,2026-09-11T17:06:00.333601+04:00,15.7
120,272,14912855888000,994.0,1.00,3334.415,4098.552,1789131960389.178,2026-09-11T17:06:00.389178+04:00,15.7
121,273,14912869777000,994.0,1.00,3348.304,4112.441,1789131960403.067,2026-09-11T17:06:00.403067+04:00,15.7
122,274,14912883671000,994.0,1.00,3362.198,4126.335,1789131960416.961,2026-09-11T17:06:00.416961+04:00,15.7
123,278,14912939248000,994.0,1.00,3417.775,4181.912,1789131960472.538,2026-09-11T17:06:00.472538+04:00,15.7
124,279,14912953138000,994.0,1.00,3431.665,4195.802,1789131960486.428,2026-09-11T17:06:00.486428+04:00,15.7
125,280,14912967031000,994.0,1.00,3445.558,4209.695,1789131960500.321,2026-09-11T17:06:00.500321+04:00,15.8
126,284,14913022607000,994.0,1.00,3501.134,4265.271,1789131960555.897,2026-09-11T17:06:00.555897+04:00,15.8
127,285,14913036498000,994.0,1.00,3515.025,4279.162,1789131960569.788,2026-09-11T17:06:00.569788+04:00,15.8
128,286,14913050392000,994.0,1.00,3528.919,4293.056,1789131960583.682,2026-09-11T17:06:00.583682+04:00,15.8
129,290,14913105969000,994.0,1.00,3584.496,4348.633,1789131960639.259,2026-09-11T17:06:00.639259+04:00,15.7
130,291,14913119860000,994.0,1.00,3598.387,4362.524,1789131960653.150,2026-09-11T17:06:00.653150+04:00,15.7
131,292,14913133751000,994.0,1.00,3612.278,4376.415,1789131960667.041,2026-09-11T17:06:00.667041+04:00,15.7
132,296,14913189328000,994.0,1.00,3667.855,4431.992,1789131960722.618,2026-09-11T17:06:00.722618+04:00,15.7
133,297,14913203218000,994.0,1.00,3681.745,4445.882,1789131960736.508,2026-09-11T17:06:00.736508+04:00,15.7
134,298,14913217113000,994.0,1.00,3695.640,4459.777,1789131960750.403,2026-09-11T17:06:00.750403+04:00,15.7
135,302,14913272686000,994.0,1.00,3751.213,4515.350,1789131960805.976,2026-09-11T17:06:00.805976+04:00,15.7
136,303,14913286579000,994.0,1.00,3765.106,4529.243,1789131960819.869,2026-09-11T17:06:00.819869+04:00,15.7
137,304,14913300472000,994.0,1.00,3778.999,4543.136,1789131960833.762,2026-09-11T17:06:00.833762+04:00,15.7
138,308,14913356046000,994.0,1.00,3834.573,4598.710,1789131960889.336,2026-09-11T17:06:00.889336+04:00,15.7
139,309,14913369938000,994.0,1.00,3848.465,4612.602,1789131960903.228,2026-09-11T17:06:00.903228+04:00,15.7
140,310,14913383832000,994.0,1.00,3862.359,4626.496,1789131960917.122,2026-09-11T17:06:00.917122+04:00,15.7
141,314,14913439411000,994.0,1.00,3917.938,4682.075,1789131960972.701,2026-09-11T17:06:00.972701+04:00,15.7
142,315,14913453299000,994.0,1.00,3931.826,4695.963,1789131960986.589,2026-09-11T17:06:00.986589+04:00,15.7
143,316,14913467193000,994.0,1.00,3945.720,4709.857,1789131961000.483,2026-09-11T17:06:01.000483+04:00,15.7
144,320,14913522771000,994.0,1.00,4001.298,4765.435,1789131961056.061,2026-09-11T17:06:01.056061+04:00,15.7
145,321,14913536660000,994.0,1.00,4015.187,4779.324,1789131961069.950,2026-09-11T17:06:01.069950+04:00,15.7
146,322,14913550554000,994.0,1.00,4029.081,4793.218,1789131961083.844,2026-09-11T17:06:01.083844+04:00,15.7
147,326,14913606130000,994.0,1.00,4084.657,4848.794,1789131961139.420,2026-09-11T17:06:01.139420+04:00,15.7
148,327,14913620031000,994.0,1.00,4098.558,4862.695,1789131961153.321,2026-09-11T17:06:01.153321+04:00,15.7
149,328,14913633916000,994.0,1.00,4112.443,4876.580,1789131961167.206,2026-09-11T17:06:01.167206+04:00,15.7
150,332,14913689491000,994.0,1.00,4168.018,4932.155,1789131961222.781,2026-09-11T17:06:01.222781+04:00,15.7
151,333,14913703380000,994.0,1.00,4181.907,4946.044,1789131961236.670,2026-09-11T17:06:01.236670+04:00,15.7
152,334,14913717274000,994.0,1.00,4195.801,4959.938,1789131961250.564,2026-09-11T17:06:01.250564+04:00,15.7
153,338,14913772848000,994.0,1.00,4251.375,5015.512,1789131961306.138,2026-09-11T17:06:01.306138+04:00,15.7
154,339,14913786743000,994.0,1.00,4265.270,5029.407,1789131961320.033,2026-09-11T17:06:01.320033+04:00,15.7
155,340,14913800636000,994.0,1.00,4279.163,5043.300,1789131961333.926,2026-09-11T17:06:01.333926+04:00,15.7
156,344,14913856207000,994.0,1.00,4334.734,5098.871,1789131961389.497,2026-09-11T17:06:01.389497+04:00,15.7
157,345,14913870102000,994.0,1.00,4348.629,5112.766,1789131961403.392,2026-09-11T17:06:01.403392+04:00,15.7
158,346,14913883995000,994.0,1.00,4362.522,5126.659,1789131961417.285,2026-09-11T17:06:01.417285+04:00,15.7
159,350,14913939573000,994.0,1.00,4418.100,5182.237,1789131961472.863,2026-09-11T17:06:01.472863+04:00,15.7
160,351,14913953463000,994.0,1.00,4431.990,5196.127,1789131961486.753,2026-09-11T17:06:01.486753+04:00,15.7
161,352,14913967362000,994.0,1.00,4445.889,5210.026,1789131961500.652,2026-09-11T17:06:01.500652+04:00,15.7
162,356,14914022930000,994.0,1.00,4501.457,5265.594,1789131961556.220,2026-09-11T17:06:01.556220+04:00,15.7
163,357,14914036823000,994.0,1.00,4515.350,5279.487,1789131961570.113,2026-09-11T17:06:01.570113+04:00,15.7
164,358,14914050715000,994.0,1.00,4529.242,5293.379,1789131961584.005,2026-09-11T17:06:01.584005+04:00,15.8
165,362,14914106293000,994.0,1.00,4584.820,5348.957,1789131961639.583,2026-09-11T17:06:01.639583+04:00,15.7
166,363,14914120182000,994.0,1.00,4598.709,5362.846,1789131961653.472,2026-09-11T17:06:01.653472+04:00,15.7
167,364,14914134076000,994.0,1.00,4612.603,5376.740,1789131961667.366,2026-09-11T17:06:01.667366+04:00,15.7
168,368,14914189652000,994.0,1.00,4668.179,5432.316,1789131961722.942,2026-09-11T17:06:01.722942+04:00,15.8
169,369,14914203543000,994.0,1.00,4682.070,5446.207,1789131961736.833,2026-09-11T17:06:01.736833+04:00,15.8
170,370,14914217438000,994.0,1.00,4695.965,5460.102,1789131961750.728,2026-09-11T17:06:01.750728+04:00,15.8
171,374,14914273011000,994.0,1.00,4751.538,5515.675,1789131961806.301,2026-09-11T17:06:01.806301+04:00,15.9
172,375,14914286902000,994.0,1.00,4765.429,5529.566,1789131961820.192,2026-09-11T17:06:01.820192+04:00,15.9
173,376,14914300796000,994.0,1.00,4779.323,5543.460,1789131961834.086,2026-09-11T17:06:01.834086+04:00,15.9
174,380,14914356371000,994.0,1.00,4834.898,5599.035,1789131961889.661,2026-09-11T17:06:01.889661+04:00,15.9
175,381,14914370264000,994.0,1.00,4848.791,5612.928,1789131961903.554,2026-09-11T17:06:01.903554+04:00,15.9
176,382,14914384157000,994.0,1.00,4862.684,5626.821,1789131961917.447,2026-09-11T17:06:01.917447+04:00,15.9
177,386,14914439734000,994.0,1.00,4918.261,5682.398,1789131961973.024,2026-09-11T17:06:01.973024+04:00,15.9
178,387,14914453627000,994.0,1.00,4932.154,5696.291,1789131961986.917,2026-09-11T17:06:01.986917+04:00,15.9
179,388,14914467518000,994.0,1.00,4946.045,5710.182,1789131962000.808,2026-09-11T17:06:02.000808+04:00,15.9
180,392,14914523093000,994.0,1.00,5001.620,5765.757,1789131962056.383,2026-09-11T17:06:02.056383+04:00,15.9
181,393,14914536984000,994.0,1.00,5015.511,5779.648,1789131962070.274,2026-09-11T17:06:02.070274+04:00,15.9
182,394,14914550877000,994.0,1.00,5029.404,5793.541,1789131962084.167,2026-09-11T17:06:02.084167+04:00,15.9
183,398,14914606455000,994.0,1.00,5084.982,5849.119,1789131962139.745,2026-09-11T17:06:02.139745+04:00,15.9
184,399,14914620344000,994.0,1.00,5098.871,5863.008,1789131962153.634,2026-09-11T17:06:02.153634+04:00,15.9
185,400,14914634239000,994.0,1.00,5112.766,5876.903,1789131962167.529,2026-09-11T17:06:02.167529+04:00,15.9
186,404,14914689813000,994.0,1.00,5168.340,5932.477,1789131962223.103,2026-09-11T17:06:02.223103+04:00,15.9
187,405,14914703705000,994.0,1.00,5182.232,5946.369,1789131962236.995,2026-09-11T17:06:02.236995+04:00,15.9
188,406,14914717599000,994.0,1.00,5196.126,5960.263,1789131962250.889,2026-09-11T17:06:02.250889+04:00,15.9
189,410,14914773173000,994.0,1.00,5251.700,6015.837,1789131962306.463,2026-09-11T17:06:02.306463+04:00,15.8
190,411,14914787065000,994.0,1.00,5265.592,6029.729,1789131962320.355,2026-09-11T17:06:02.320355+04:00,15.8
191,412,14914800961000,994.0,1.00,5279.488,6043.625,1789131962334.251,2026-09-11T17:06:02.334251+04:00,15.8
192,416,14914856533000,994.0,1.00,5335.060,6099.197,1789131962389.823,2026-09-11T17:06:02.389823+04:00,15.8
193,417,14914870427000,994.0,1.00,5348.954,6113.091,1789131962403.717,2026-09-11T17:06:02.403717+04:00,15.8
194,418,14914884321000,994.0,1.00,5362.848,6126.985,1789131962417.611,2026-09-11T17:06:02.417611+04:00,15.8
195,422,14914939897000,994.0,1.00,5418.424,6182.561,1789131962473.187,2026-09-11T17:06:02.473187+04:00,15.8
196,423,14914953785000,994.0,1.00,5432.312,6196.449,1789131962487.075,2026-09-11T17:06:02.487075+04:00,15.8
197,424,14914967683000,994.0,1.00,5446.210,6210.347,1789131962500.973,2026-09-11T17:06:02.500973+04:00,15.8
198,428,14915023256000,994.0,1.00,5501.783,6265.920,1789131962556.546,2026-09-11T17:06:02.556546+04:00,15.8
199,429,14915037146000,994.0,1.00,5515.673,6279.810,1789131962570.436,2026-09-11T17:06:02.570436+04:00,15.7
200,430,14915051041000,994.0,1.00,5529.568,6293.705,1789131962584.331,2026-09-11T17:06:02.584331+04:00,15.7
201,434,14915106617000,994.0,1.00,5585.144,6349.281,1789131962639.907,2026-09-11T17:06:02.639907+04:00,15.7
202,435,14915120507000,994.0,1.00,5599.034,6363.171,1789131962653.797,2026-09-11T17:06:02.653797+04:00,15.7
203,436,14915134400000,994.0,1.00,5612.927,6377.064,1789131962667.690,2026-09-11T17:06:02.667690+04:00,15.7
204,440,14915189977000,994.0,1.00,5668.504,6432.641,1789131962723.267,2026-09-11T17:06:02.723267+04:00,15.6
205,441,14915203867000,994.0,1.00,5682.394,6446.531,1789131962737.157,2026-09-11T17:06:02.737157+04:00,15.6
206,442,14915217760000,994.0,1.00,5696.287,6460.424,1789131962751.050,2026-09-11T17:06:02.751050+04:00,15.6
207,446,14915273335000,994.0,1.00,5751.862,6515.999,1789131962806.625,2026-09-11T17:06:02.806625+04:00,15.6
208,447,14915287227000,994.0,1.00,5765.754,6529.891,1789131962820.517,2026-09-11T17:06:02.820517+04:00,15.6
209,448,14915301123000,994.0,1.00,5779.650,6543.787,1789131962834.413,2026-09-11T17:06:02.834413+04:00,15.6
210,452,14915356694000,994.0,1.00,5835.221,6599.358,1789131962889.984,2026-09-11T17:06:02.889984+04:00,15.7
211,453,14915370587000,994.0,1.00,5849.114,6613.251,1789131962903.877,2026-09-11T17:06:02.903877+04:00,15.7
212,454,14915384482000,994.0,1.00,5863.009,6627.146,1789131962917.772,2026-09-11T17:06:02.917772+04:00,15.7
213,458,14915440059000,994.0,1.00,5918.586,6682.723,1789131962973.349,2026-09-11T17:06:02.973349+04:00,15.7
214,459,14915453948000,994.0,1.00,5932.475,6696.612,1789131962987.238,2026-09-11T17:06:02.987238+04:00,15.7
215,460,14915467841000,994.0,1.00,5946.368,6710.505,1789131963001.131,2026-09-11T17:06:03.001131+04:00,15.7
216,464,14915523418000,994.0,1.00,6001.945,6766.082,1789131963056.708,2026-09-11T17:06:03.056708+04:00,15.7
217,465,14915537308000,994.0,1.00,6015.835,6779.972,1789131963070.598,2026-09-11T17:06:03.070598+04:00,15.7
218,466,14915551200000,994.0,1.00,6029.727,6793.864,1789131963084.490,2026-09-11T17:06:03.084490+04:00,15.7
219,470,14915606776000,994.0,1.00,6085.303,6849.440,1789131963140.066,2026-09-11T17:06:03.140066+04:00,15.7
220,471,14915620668000,994.0,1.00,6099.195,6863.332,1789131963153.958,2026-09-11T17:06:03.153958+04:00,15.7
221,472,14915634562000,994.0,1.00,6113.089,6877.226,1789131963167.852,2026-09-11T17:06:03.167852+04:00,15.7
222,476,14915690136000,994.0,1.00,6168.663,6932.800,1789131963223.426,2026-09-11T17:06:03.223426+04:00,15.8
223,477,14915704030000,994.0,1.00,6182.557,6946.694,1789131963237.320,2026-09-11T17:06:03.237320+04:00,15.8
224,478,14915717922000,994.0,1.00,6196.449,6960.586,1789131963251.212,2026-09-11T17:06:03.251212+04:00,15.8
225,482,14915773497000,994.0,1.00,6252.024,7016.161,1789131963306.787,2026-09-11T17:06:03.306787+04:00,15.8
226,483,14915787389000,994.0,1.00,6265.916,7030.053,1789131963320.679,2026-09-11T17:06:03.320679+04:00,15.8
227,484,14915801284000,994.0,1.00,6279.811,7043.948,1789131963334.574,2026-09-11T17:06:03.334574+04:00,15.8
228,488,14915856856000,994.0,1.00,6335.383,7099.520,1789131963390.146,2026-09-11T17:06:03.390146+04:00,15.8
229,489,14915870750000,994.0,1.00,6349.277,7113.414,1789131963404.040,2026-09-11T17:06:03.404040+04:00,15.8
230,490,14915884643000,994.0,1.00,6363.170,7127.307,1789131963417.933,2026-09-11T17:06:03.417933+04:00,15.8
231,494,14915940216000,994.0,1.00,6418.743,7182.880,1789131963473.506,2026-09-11T17:06:03.473506+04:00,15.8
232,495,14915954110000,994.0,1.00,6432.637,7196.774,1789131963487.400,2026-09-11T17:06:03.487400+04:00,15.8
233,496,14915968020000,994.0,1.00,6446.547,7210.684,1789131963501.310,2026-09-11T17:06:03.501310+04:00,15.8
234,500,14916023581000,994.0,1.00,6502.108,7266.245,1789131963556.871,2026-09-11T17:06:03.556871+04:00,15.8
235,501,14916037470000,994.0,1.00,6515.997,7280.134,1789131963570.760,2026-09-11T17:06:03.570760+04:00,15.8
236,502,14916051364000,994.0,1.00,6529.891,7294.028,1789131963584.654,2026-09-11T17:06:03.584654+04:00,15.8
237,506,14916106939000,994.0,1.00,6585.466,7349.603,1789131963640.229,2026-09-11T17:06:03.640229+04:00,15.8
238,507,14916120830000,994.0,1.00,6599.357,7363.494,1789131963654.120,2026-09-11T17:06:03.654120+04:00,15.8
239,508,14916134724000,994.0,1.00,6613.251,7377.388,1789131963668.014,2026-09-11T17:06:03.668014+04:00,15.8
240,512,14916190300000,994.0,1.00,6668.827,7432.964,1789131963723.590,2026-09-11T17:06:03.723590+04:00,15.7
241,513,14916204192000,994.0,1.00,6682.719,7446.856,1789131963737.482,2026-09-11T17:06:03.737482+04:00,15.7
242,514,14916218085000,994.0,1.00,6696.612,7460.749,1789131963751.375,2026-09-11T17:06:03.751375+04:00,15.7
243,518,14916273659000,994.0,1.00,6752.186,7516.323,1789131963806.949,2026-09-11T17:06:03.806949+04:00,15.9
244,519,14916287552000,994.0,1.00,6766.079,7530.216,1789131963820.842,2026-09-11T17:06:03.820842+04:00,15.9
245,520,14916301445000,994.0,1.00,6779.972,7544.109,1789131963834.735,2026-09-11T17:06:03.834735+04:00,16.0
246,524,14916357020000,994.0,1.00,6835.547,7599.684,1789131963890.310,2026-09-11T17:06:03.890310+04:00,16.0
247,525,14916370911000,994.0,1.00,6849.438,7613.575,1789131963904.201,2026-09-11T17:06:03.904201+04:00,16.0
248,526,14916384805000,994.0,1.00,6863.332,7627.469,1789131963918.095,2026-09-11T17:06:03.918095+04:00,16.0
249,530,14916440379000,994.0,1.00,6918.906,7683.043,1789131963973.669,2026-09-11T17:06:03.973669+04:00,16.0
250,531,14916454273000,994.0,1.00,6932.800,7696.937,1789131963987.563,2026-09-11T17:06:03.987563+04:00,16.0
251,532,14916468167000,994.0,1.00,6946.694,7710.831,1789131964001.457,2026-09-11T17:06:04.001457+04:00,16.0
252,536,14916523743000,994.0,1.00,7002.270,7766.407,1789131964057.033,2026-09-11T17:06:04.057033+04:00,16.0
253,537,14916537632000,994.0,1.00,7016.159,7780.296,1789131964070.922,2026-09-11T17:06:04.070922+04:00,16.0
254,538,14916551527000,994.0,1.00,7030.054,7794.191,1789131964084.817,2026-09-11T17:06:04.084817+04:00,16.0
255,542,14916607104000,994.0,1.00,7085.631,7849.768,1789131964140.394,2026-09-11T17:06:04.140394+04:00,16.0
256,543,14916620994000,994.0,1.00,7099.521,7863.658,1789131964154.284,2026-09-11T17:06:04.154284+04:00,16.0
257,544,14916634887000,994.0,1.00,7113.414,7877.551,1789131964168.177,2026-09-11T17:06:04.168177+04:00,16.0
258,548,14916690463000,994.0,1.00,7168.990,7933.127,1789131964223.753,2026-09-11T17:06:04.223753+04:00,16.0
259,549,14916704354000,994.0,1.00,7182.881,7947.018,1789131964237.644,2026-09-11T17:06:04.237644+04:00,16.0
260,550,14916718251000,994.0,1.00,7196.778,7960.915,1789131964251.541,2026-09-11T17:06:04.251541+04:00,16.0
261,554,14916773824000,994.0,1.00,7252.351,8016.488,1789131964307.114,2026-09-11T17:06:04.307114+04:00,16.0
262,555,14916787713000,994.0,1.00,7266.240,8030.377,1789131964321.003,2026-09-11T17:06:04.321003+04:00,16.0
263,556,14916801608000,994.0,1.00,7280.135,8044.272,1789131964334.898,2026-09-11T17:06:04.334898+04:00,16.0
264,560,14916857183000,994.0,1.00,7335.710,8099.847,1789131964390.473,2026-09-11T17:06:04.390473+04:00,16.0
265,561,14916871075000,994.0,1.00,7349.602,8113.739,1789131964404.365,2026-09-11T17:06:04.404365+04:00,16.0
266,562,14916884969000,994.0,1.00,7363.496,8127.633,1789131964418.259,2026-09-11T17:06:04.418259+04:00,16.0
267,566,14916940542000,994.0,1.00,7419.069,8183.206,1789131964473.832,2026-09-11T17:06:04.473832+04:00,16.0
268,567,14916954435000,994.0,1.00,7432.962,8197.099,1789131964487.725,2026-09-11T17:06:04.487725+04:00,16.0
269,568,14916968329000,994.0,1.00,7446.856,8210.993,1789131964501.619,2026-09-11T17:06:04.501619+04:00,16.0
270,572,14917023903000,994.0,1.00,7502.430,8266.567,1789131964557.193,2026-09-11T17:06:04.557193+04:00,16.0
271,573,14917037796000,994.0,1.00,7516.323,8280.460,1789131964571.086,2026-09-11T17:06:04.571086+04:00,16.0
272,574,14917051689000,994.0,1.00,7530.216,8294.353,1789131964584.979,2026-09-11T17:06:04.584979+04:00,16.0
273,578,14917107267000,994.0,1.00,7585.794,8349.931,1789131964640.557,2026-09-11T17:06:04.640557+04:00,16.0
274,579,14917121156000,994.0,1.00,7599.683,8363.820,1789131964654.446,2026-09-11T17:06:04.654446+04:00,16.0
275,580,14917135049000,994.0,1.00,7613.576,8377.713,1789131964668.339,2026-09-11T17:06:04.668339+04:00,16.0
276,584,14917190626000,994.0,1.00,7669.153,8433.290,1789131964723.916,2026-09-11T17:06:04.723916+04:00,16.0
277,585,14917204515000,994.0,1.00,7683.042,8447.179,1789131964737.805,2026-09-11T17:06:04.737805+04:00,16.0
278,586,14917218412000,994.0,1.00,7696.939,8461.076,1789131964751.702,2026-09-11T17:06:04.751702+04:00,16.0
279,590,14917273985000,994.0,1.00,7752.512,8516.649,1789131964807.275,2026-09-11T17:06:04.807275+04:00,16.0
280,591,14917287877000,994.0,1.00,7766.404,8530.541,1789131964821.167,2026-09-11T17:06:04.821167+04:00,16.0
281,592,14917301770000,994.0,1.00,7780.297,8544.434,1789131964835.060,2026-09-11T17:06:04.835060+04:00,16.0
282,596,14917357346000,994.0,1.00,7835.873,8600.010,1789131964890.636,2026-09-11T17:06:04.890636+04:00,16.0
283,597,14917371238000,994.0,1.00,7849.765,8613.902,1789131964904.528,2026-09-11T17:06:04.904528+04:00,16.0
284,598,14917385131000,994.0,1.00,7863.658,8627.795,1789131964918.421,2026-09-11T17:06:04.918421+04:00,16.0
285,602,14917440705000,994.0,1.00,7919.232,8683.369,1789131964973.995,2026-09-11T17:06:04.973995+04:00,16.0
286,603,14917454597000,994.0,1.00,7933.124,8697.261,1789131964987.887,2026-09-11T17:06:04.987887+04:00,16.0
287,604,14917468491000,994.0,1.00,7947.018,8711.155,1789131965001.781,2026-09-11T17:06:05.001781+04:00,16.0
288,608,14917524065000,994.0,1.00,8002.592,8766.729,1789131965057.355,2026-09-11T17:06:05.057355+04:00,16.0
289,609,14917537962000,994.0,1.00,8016.489,8780.626,1789131965071.252,2026-09-11T17:06:05.071252+04:00,16.0
290,610,14917551851000,994.0,1.00,8030.378,8794.515,1789131965085.141,2026-09-11T17:06:05.085141+04:00,16.0
291,614,14917607428000,994.0,1.00,8085.955,8850.092,1789131965140.718,2026-09-11T17:06:05.140718+04:00,16.0
292,615,14917621318000,994.0,1.00,8099.845,8863.982,1789131965154.608,2026-09-11T17:06:05.154608+04:00,16.0
293,616,14917635212000,994.0,1.00,8113.739,8877.876,1789131965168.502,2026-09-11T17:06:05.168502+04:00,16.0
294,620,14917690786000,994.0,1.00,8169.313,8933.450,1789131965224.076,2026-09-11T17:06:05.224076+04:00,16.0
295,621,14917704678000,994.0,1.00,8183.205,8947.342,1789131965237.968,2026-09-11T17:06:05.237968+04:00,16.0
296,622,14917718572000,994.0,1.00,8197.099,8961.236,1789131965251.862,2026-09-11T17:06:05.251862+04:00,16.0
297,626,14917774149000,994.0,1.00,8252.676,9016.813,1789131965307.439,2026-09-11T17:06:05.307439+04:00,16.0
298,627,14917788040000,994.0,1.00,8266.567,9030.704,1789131965321.330,2026-09-11T17:06:05.321330+04:00,16.0
299,628,14917801932000,994.0,1.00,8280.459,9044.596,1789131965335.222,2026-09-11T17:06:05.335222+04:00,16.0
300,632,14917857507000,994.0,1.00,8336.034,9100.171,1789131965390.797,2026-09-11T17:06:05.390797+04:00,16.0
301,633,14917871398000,994.0,1.00,8349.925,9114.062,1789131965404.688,2026-09-11T17:06:05.404688+04:00,16.0
302,634,14917885295000,994.0,1.00,8363.822,9127.959,1789131965418.585,2026-09-11T17:06:05.418585+04:00,16.0
303,638,14917940868000,994.0,1.00,8419.395,9183.532,1789131965474.158,2026-09-11T17:06:05.474158+04:00,16.0
304,639,14917954760000,994.0,1.00,8433.287,9197.424,1789131965488.050,2026-09-11T17:06:05.488050+04:00,16.0
305,640,14917968656000,994.0,1.00,8447.183,9211.320,1789131965501.946,2026-09-11T17:06:05.501946+04:00,16.0
306,644,14918024227000,994.0,1.00,8502.754,9266.891,1789131965557.517,2026-09-11T17:06:05.557517+04:00,16.0
307,645,14918038119000,994.0,1.00,8516.646,9280.783,1789131965571.409,2026-09-11T17:06:05.571409+04:00,16.0
308,646,14918052028000,994.0,1.00,8530.555,9294.692,1789131965585.318,2026-09-11T17:06:05.585318+04:00,16.0
309,650,14918107592000,994.0,1.00,8586.119,9350.256,1789131965640.882,2026-09-11T17:06:05.640882+04:00,16.0
310,651,14918121479000,994.0,1.00,8600.006,9364.143,1789131965654.769,2026-09-11T17:06:05.654769+04:00,16.0
311,652,14918135373000,994.0,1.00,8613.900,9378.037,1789131965668.663,2026-09-11T17:06:05.668663+04:00,16.0
312,656,14918190951000,994.0,1.00,8669.478,9433.615,1789131965724.241,2026-09-11T17:06:05.724241+04:00,16.0
313,657,14918204840000,994.0,1.00,8683.367,9447.504,1789131965738.130,2026-09-11T17:06:05.738130+04:00,16.0
314,658,14918218734000,994.0,1.00,8697.261,9461.398,1789131965752.024,2026-09-11T17:06:05.752024+04:00,16.0
315,662,14918274311000,994.0,1.00,8752.838,9516.975,1789131965807.601,2026-09-11T17:06:05.807601+04:00,16.0
316,663,14918288200000,994.0,1.00,8766.727,9530.864,1789131965821.490,2026-09-11T17:06:05.821490+04:00,16.0
317,664,14918302094000,994.0,1.00,8780.621,9544.758,1789131965835.384,2026-09-11T17:06:05.835384+04:00,16.0
318,668,14918357670000,994.0,1.00,8836.197,9600.334,1789131965890.960,2026-09-11T17:06:05.890960+04:00,16.0
319,669,14918371560000,994.0,1.00,8850.087,9614.224,1789131965904.850,2026-09-11T17:06:05.904850+04:00,16.0
320,670,14918385454000,994.0,1.00,8863.981,9628.118,1789131965918.744,2026-09-11T17:06:05.918744+04:00,16.0
321,674,14918441029000,994.0,1.00,8919.556,9683.693,1789131965974.319,2026-09-11T17:06:05.974319+04:00,16.0
322,675,14918454921000,994.0,1.00,8933.448,9697.585,1789131965988.211,2026-09-11T17:06:05.988211+04:00,16.0
323,676,14918468815000,994.0,1.00,8947.342,9711.479,1789131966002.105,2026-09-11T17:06:06.002105+04:00,16.0
324,680,14918524390000,994.0,1.00,9002.917,9767.054,1789131966057.680,2026-09-11T17:06:06.057680+04:00,16.0
325,681,14918538282000,994.0,1.00,9016.809,9780.946,1789131966071.572,2026-09-11T17:06:06.071572+04:00,16.0
326,682,14918552176000,994.0,1.00,9030.703,9794.840,1789131966085.466,2026-09-11T17:06:06.085466+04:00,16.0
327,686,14918607752000,994.0,1.00,9086.279,9850.416,1789131966141.042,2026-09-11T17:06:06.141042+04:00,16.0
328,687,14918621643000,994.0,1.00,9100.170,9864.307,1789131966154.933,2026-09-11T17:06:06.154933+04:00,16.0
329,688,14918635536000,994.0,1.00,9114.063,9878.200,1789131966168.826,2026-09-11T17:06:06.168826+04:00,16.0
330,692,14918691112000,994.0,1.00,9169.639,9933.776,1789131966224.402,2026-09-11T17:06:06.224402+04:00,16.0
331,693,14918705003000,994.0,1.00,9183.530,9947.667,1789131966238.293,2026-09-11T17:06:06.238293+04:00,16.0
332,694,14918718896000,994.0,1.00,9197.423,9961.560,1789131966252.186,2026-09-11T17:06:06.252186+04:00,16.0
333,698,14918774471000,994.0,1.00,9252.998,10017.135,1789131966307.761,2026-09-11T17:06:06.307761+04:00,16.0
334,699,14918788363000,994.0,1.00,9266.890,10031.027,1789131966321.653,2026-09-11T17:06:06.321653+04:00,16.0
335,700,14918802257000,994.0,1.00,9280.784,10044.921,1789131966335.547,2026-09-11T17:06:06.335547+04:00,16.0
336,704,14918857833000,994.0,1.00,9336.360,10100.497,1789131966391.123,2026-09-11T17:06:06.391123+04:00,16.0
337,705,14918871724000,994.0,1.00,9350.251,10114.388,1789131966405.014,2026-09-11T17:06:06.405014+04:00,16.0
338,706,14918885617000,994.0,1.00,9364.144,10128.281,1789131966418.907,2026-09-11T17:06:06.418907+04:00,16.0
339,710,14918941192000,994.0,1.00,9419.719,10183.856,1789131966474.482,2026-09-11T17:06:06.474482+04:00,16.0
340,711,14918955084000,994.0,1.00,9433.611,10197.748,1789131966488.374,2026-09-11T17:06:06.488374+04:00,16.0
341,712,14918968978000,994.0,1.00,9447.505,10211.642,1789131966502.268,2026-09-11T17:06:06.502268+04:00,16.0
342,716,14919024553000,994.0,1.00,9503.080,10267.217,1789131966557.843,2026-09-11T17:06:06.557843+04:00,16.0
343,717,14919038444000,994.0,1.00,9516.971,10281.108,1789131966571.734,2026-09-11T17:06:06.571734+04:00,16.0
344,718,14919052338000,994.0,1.00,9530.865,10295.002,1789131966585.628,2026-09-11T17:06:06.585628+04:00,16.0
345,722,14919107914000,994.0,1.00,9586.441,10350.578,1789131966641.204,2026-09-11T17:06:06.641204+04:00,16.0
346,723,14919121805000,994.0,1.00,9600.332,10364.469,1789131966655.095,2026-09-11T17:06:06.655095+04:00,16.0
347,724,14919135697000,994.0,1.00,9614.224,10378.361,1789131966668.987,2026-09-11T17:06:06.668987+04:00,16.0
348,728,14919191275000,994.0,1.00,9669.802,10433.939,1789131966724.565,2026-09-11T17:06:06.724565+04:00,16.0
349,729,14919205165000,994.0,1.00,9683.692,10447.829,1789131966738.455,2026-09-11T17:06:06.738455+04:00,16.0
350,730,14919219059000,994.0,1.00,9697.586,10461.723,1789131966752.349,2026-09-11T17:06:06.752349+04:00,16.0
351,734,14919274636000,994.0,1.00,9753.163,10517.300,1789131966807.926,2026-09-11T17:06:06.807926+04:00,16.0
352,735,14919288525000,994.0,1.00,9767.052,10531.189,1789131966821.815,2026-09-11T17:06:06.821815+04:00,16.0
353,736,14919302419000,994.0,1.00,9780.946,10545.083,1789131966835.709,2026-09-11T17:06:06.835709+04:00,16.0
354,740,14919357995000,994.0,1.00,9836.522,10600.659,1789131966891.285,2026-09-11T17:06:06.891285+04:00,16.0
355,741,14919371886000,994.0,1.00,9850.413,10614.550,1789131966905.176,2026-09-11T17:06:06.905176+04:00,16.0
356,742,14919385780000,994.0,1.00,9864.307,10628.444,1789131966919.070,2026-09-11T17:06:06.919070+04:00,16.0
357,746,14919441355000,994.0,1.00,9919.882,10684.019,1789131966974.645,2026-09-11T17:06:06.974645+04:00,16.0
358,747,14919455247000,994.0,1.00,9933.774,10697.911,1789131966988.537,2026-09-11T17:06:06.988537+04:00,16.0
359,748,14919469141000,994.0,1.00,9947.668,10711.805,1789131967002.431,2026-09-11T17:06:07.002431+04:00,16.0
360,752,14919524713000,994.0,1.00,10003.240,10767.377,1789131967058.003,2026-09-11T17:06:07.058003+04:00,16.0
361,753,14919538606000,994.0,1.00,10017.133,10781.270,1789131967071.896,2026-09-11T17:06:07.071896+04:00,16.0
362,754,14919552501000,994.0,1.00,10031.028,10795.165,1789131967085.791,2026-09-11T17:06:07.085791+04:00,16.0
363,758,14919608074000,994.0,1.00,10086.601,10850.738,1789131967141.364,2026-09-11T17:06:07.141364+04:00,16.0
364,759,14919621967000,994.0,1.00,10100.494,10864.631,1789131967155.257,2026-09-11T17:06:07.155257+04:00,16.0
365,760,14919635859000,994.0,1.00,10114.386,10878.523,1789131967169.149,2026-09-11T17:06:07.169149+04:00,16.0
366,764,14919691437000,994.0,1.00,10169.964,10934.101,1789131967224.727,2026-09-11T17:06:07.224727+04:00,16.0
367,765,14919705327000,994.0,1.00,10183.854,10947.991,1789131967238.617,2026-09-11T17:06:07.238617+04:00,16.0
368,766,14919719220000,994.0,1.00,10197.747,10961.884,1789131967252.510,2026-09-11T17:06:07.252510+04:00,16.0
369,770,14919774797000,994.0,1.00,10253.324,11017.461,1789131967308.087,2026-09-11T17:06:07.308087+04:00,16.0
370,771,14919788687000,994.0,1.00,10267.214,11031.351,1789131967321.977,2026-09-11T17:06:07.321977+04:00,16.0
371,772,14919802585000,994.0,1.00,10281.112,11045.249,1789131967335.875,2026-09-11T17:06:07.335875+04:00,16.0
372,776,14919858158000,994.0,1.00,10336.685,11100.822,1789131967391.448,2026-09-11T17:06:07.391448+04:00,16.0
373,777,14919872048000,994.0,1.00,10350.575,11114.712,1789131967405.338,2026-09-11T17:06:07.405338+04:00,16.0
374,778,14919885941000,994.0,1.00,10364.468,11128.605,1789131967419.231,2026-09-11T17:06:07.419231+04:00,16.0
375,782,14919941517000,994.0,1.00,10420.044,11184.181,1789131967474.807,2026-09-11T17:06:07.474807+04:00,16.0
376,783,14919955408000,994.0,1.00,10433.935,11198.072,1789131967488.698,2026-09-11T17:06:07.488698+04:00,16.0
377,784,14919969305000,994.0,1.00,10447.832,11211.969,1789131967502.595,2026-09-11T17:06:07.502595+04:00,16.0
378,788,14920024877000,994.0,1.00,10503.404,11267.541,1789131967558.167,2026-09-11T17:06:07.558167+04:00,16.0
379,789,14920038767000,994.0,1.00,10517.294,11281.431,1789131967572.057,2026-09-11T17:06:07.572057+04:00,16.0
380,790,14920052662000,994.0,1.00,10531.189,11295.326,1789131967585.952,2026-09-11T17:06:07.585952+04:00,16.0
381,794,14920108234000,994.0,1.00,10586.761,11350.898,1789131967641.524,2026-09-11T17:06:07.641524+04:00,16.0
382,795,14920122128000,994.0,1.00,10600.655,11364.792,1789131967655.418,2026-09-11T17:06:07.655418+04:00,16.0
383,796,14920136023000,994.0,1.00,10614.550,11378.687,1789131967669.313,2026-09-11T17:06:07.669313+04:00,16.0
384,800,14920191599000,994.0,1.00,10670.126,11434.263,1789131967724.889,2026-09-11T17:06:07.724889+04:00,16.0
385,801,14920205496000,994.0,1.00,10684.023,11448.160,1789131967738.786,2026-09-11T17:06:07.738786+04:00,16.0
386,802,14920219383000,994.0,1.00,10697.910,11462.047,1789131967752.673,2026-09-11T17:06:07.752673+04:00,16.0
387,806,14920274960000,994.0,1.00,10753.487,11517.624,1789131967808.250,2026-09-11T17:06:07.808250+04:00,16.0
388,807,14920288850000,994.0,1.00,10767.377,11531.514,1789131967822.140,2026-09-11T17:06:07.822140+04:00,16.0
389,808,14920302742000,994.0,1.00,10781.269,11545.406,1789131967836.032,2026-09-11T17:06:07.836032+04:00,16.0
390,812,14920358321000,994.0,1.00,10836.848,11600.985,1789131967891.611,2026-09-11T17:06:07.891611+04:00,16.0
391,813,14920372210000,994.0,1.00,10850.737,11614.874,1789131967905.500,2026-09-11T17:06:07.905500+04:00,16.0
392,814,14920386102000,994.0,1.00,10864.629,11628.766,1789131967919.392,2026-09-11T17:06:07.919392+04:00,16.0
393,818,14920441680000,994.0,1.00,10920.207,11684.344,1789131967974.970,2026-09-11T17:06:07.974970+04:00,16.0
394,819,14920455571000,994.0,1.00,10934.098,11698.235,1789131967988.861,2026-09-11T17:06:07.988861+04:00,16.0
395,820,14920469464000,994.0,1.00,10947.991,11712.128,1789131968002.754,2026-09-11T17:06:08.002754+04:00,16.0
396,824,14920525038000,994.0,1.00,11003.565,11767.702,1789131968058.328,2026-09-11T17:06:08.058328+04:00,16.0
397,825,14920538930000,994.0,1.00,11017.457,11781.594,1789131968072.220,2026-09-11T17:06:08.072220+04:00,16.0
398,826,14920552826000,994.0,1.00,11031.353,11795.490,1789131968086.116,2026-09-11T17:06:08.086116+04:00,16.0
399,830,14920608399000,994.0,1.00,11086.926,11851.063,1789131968141.689,2026-09-11T17:06:08.141689+04:00,16.0
400,831,14920622296000,994.0,1.00,11100.823,11864.960,1789131968155.586,2026-09-11T17:06:08.155586+04:00,16.0
401,832,14920636184000,994.0,1.00,11114.711,11878.848,1789131968169.474,2026-09-11T17:06:08.169474+04:00,16.0
402,836,14920691762000,994.0,1.00,11170.289,11934.426,1789131968225.052,2026-09-11T17:06:08.225052+04:00,16.0
403,837,14920705652000,994.0,1.00,11184.179,11948.316,1789131968238.942,2026-09-11T17:06:08.238942+04:00,16.0
404,838,14920719545000,994.0,1.00,11198.072,11962.209,1789131968252.835,2026-09-11T17:06:08.252835+04:00,16.0
405,842,14920775123000,994.0,1.00,11253.650,12017.787,1789131968308.413,2026-09-11T17:06:08.308413+04:00,16.0
406,843,14920789011000,994.0,1.00,11267.538,12031.675,1789131968322.301,2026-09-11T17:06:08.322301+04:00,16.0
407,844,14920802905000,994.0,1.00,11281.432,12045.569,1789131968336.195,2026-09-11T17:06:08.336195+04:00,16.0
408,848,14920858483000,994.0,1.00,11337.010,12101.147,1789131968391.773,2026-09-11T17:06:08.391773+04:00,16.0
409,849,14920872376000,994.0,1.00,11350.903,12115.040,1789131968405.666,2026-09-11T17:06:08.405666+04:00,16.0
410,850,14920886265000,994.0,1.00,11364.792,12128.929,1789131968419.555,2026-09-11T17:06:08.419555+04:00,16.0
411,854,14920941842000,994.0,1.00,11420.369,12184.506,1789131968475.132,2026-09-11T17:06:08.475132+04:00,16.0
412,855,14920955733000,994.0,1.00,11434.260,12198.397,1789131968489.023,2026-09-11T17:06:08.489023+04:00,16.0
413,856,14920969626000,994.0,1.00,11448.153,12212.290,1789131968502.916,2026-09-11T17:06:08.502916+04:00,16.0
414,860,14921025201000,994.0,1.00,11503.728,12267.865,1789131968558.491,2026-09-11T17:06:08.558491+04:00,16.0
415,861,14921039097000,994.0,1.00,11517.624,12281.761,1789131968572.387,2026-09-11T17:06:08.572387+04:00,16.0
416,862,14921052986000,994.0,1.00,11531.513,12295.650,1789131968586.276,2026-09-11T17:06:08.586276+04:00,16.0
417,866,14921108561000,994.0,1.00,11587.088,12351.225,1789131968641.851,2026-09-11T17:06:08.641851+04:00,16.0
418,867,14921122452000,994.0,1.00,11600.979,12365.116,1789131968655.742,2026-09-11T17:06:08.655742+04:00,16.0
419,868,14921136348000,994.0,1.00,11614.875,12379.012,1789131968669.638,2026-09-11T17:06:08.669638+04:00,16.0
420,872,14921191925000,994.0,1.00,11670.452,12434.589,1789131968725.215,2026-09-11T17:06:08.725215+04:00,16.0
421,873,14921205812000,994.0,1.00,11684.339,12448.476,1789131968739.102,2026-09-11T17:06:08.739102+04:00,16.0
422,874,14921219707000,994.0,1.00,11698.234,12462.371,1789131968752.997,2026-09-11T17:06:08.752997+04:00,16.0
423,878,14921275284000,994.0,1.00,11753.811,12517.948,1789131968808.574,2026-09-11T17:06:08.808574+04:00,16.0
424,879,14921289174000,994.0,1.00,11767.701,12531.838,1789131968822.464,2026-09-11T17:06:08.822464+04:00,16.0
425,880,14921303068000,994.0,1.00,11781.595,12545.732,1789131968836.358,2026-09-11T17:06:08.836358+04:00,16.0
426,884,14921358645000,994.0,1.00,11837.172,12601.309,1789131968891.935,2026-09-11T17:06:08.891935+04:00,16.0
427,885,14921372535000,994.0,1.00,11851.062,12615.199,1789131968905.825,2026-09-11T17:06:08.905825+04:00,16.0
428,886,14921386428000,994.0,1.00,11864.955,12629.092,1789131968919.718,2026-09-11T17:06:08.919718+04:00,16.0
429,890,14921442005000,994.0,1.00,11920.532,12684.669,1789131968975.295,2026-09-11T17:06:08.975295+04:00,16.0
430,891,14921455898000,994.0,1.00,11934.425,12698.562,1789131968989.188,2026-09-11T17:06:08.989188+04:00,16.0
431,892,14921469788000,994.0,1.00,11948.315,12712.452,1789131969003.078,2026-09-11T17:06:09.003078+04:00,16.0
432,896,14921525365000,994.0,1.00,12003.892,12768.029,1789131969058.655,2026-09-11T17:06:09.058655+04:00,16.0
433,897,14921539256000,994.0,1.00,12017.783,12781.920,1789131969072.546,2026-09-11T17:06:09.072546+04:00,16.0
434,898,14921553149000,994.0,1.00,12031.676,12795.813,1789131969086.439,2026-09-11T17:06:09.086439+04:00,16.0
435,902,14921608723000,994.0,1.00,12087.250,12851.387,1789131969142.013,2026-09-11T17:06:09.142013+04:00,16.0
436,903,14921622615000,994.0,1.00,12101.142,12865.279,1789131969155.905,2026-09-11T17:06:09.155905+04:00,16.0
437,904,14921636508000,994.0,1.00,12115.035,12879.172,1789131969169.798,2026-09-11T17:06:09.169798+04:00,16.0
438,908,14921692083000,994.0,1.00,12170.610,12934.747,1789131969225.373,2026-09-11T17:06:09.225373+04:00,16.0
439,909,14921705975000,994.0,1.00,12184.502,12948.639,1789131969239.265,2026-09-11T17:06:09.239265+04:00,16.0
440,910,14921719868000,994.0,1.00,12198.395,12962.532,1789131969253.158,2026-09-11T17:06:09.253158+04:00,16.0
441,914,14921775446000,994.0,1.00,12253.973,13018.110,1789131969308.736,2026-09-11T17:06:09.308736+04:00,16.0
442,915,14921789336000,994.0,1.00,12267.863,13032.000,1789131969322.626,2026-09-11T17:06:09.322626+04:00,16.0
443,916,14921803233000,994.0,1.00,12281.760,13045.897,1789131969336.523,2026-09-11T17:06:09.336523+04:00,16.0
444,920,14921858805000,994.0,1.00,12337.332,13101.469,1789131969392.095,2026-09-11T17:06:09.392095+04:00,16.0
445,921,14921872698000,994.0,1.00,12351.225,13115.362,1789131969405.988,2026-09-11T17:06:09.405988+04:00,16.0
446,922,14921886590000,994.0,1.00,12365.117,13129.254,1789131969419.880,2026-09-11T17:06:09.419880+04:00,16.0
447,926,14921942167000,994.0,1.00,12420.694,13184.831,1789131969475.457,2026-09-11T17:06:09.475457+04:00,16.0
448,927,14921956056000,994.0,1.00,12434.583,13198.720,1789131969489.346,2026-09-11T17:06:09.489346+04:00,16.0
449,928,14921969950000,994.0,1.00,12448.477,13212.614,1789131969503.240,2026-09-11T17:06:09.503240+04:00,16.0
450,932,14922025527000,994.0,1.00,12504.054,13268.191,1789131969558.817,2026-09-11T17:06:09.558817+04:00,16.0
451,933,14922039417000,994.0,1.00,12517.944,13282.081,1789131969572.707,2026-09-11T17:06:09.572707+04:00,16.0
452,934,14922053312000,994.0,1.00,12531.839,13295.976,1789131969586.602,2026-09-11T17:06:09.586602+04:00,16.0
453,938,14922108886000,994.0,1.00,12587.413,13351.550,1789131969642.176,2026-09-11T17:06:09.642176+04:00,16.0
454,939,14922122777000,994.0,1.00,12601.304,13365.441,1789131969656.067,2026-09-11T17:06:09.656067+04:00,16.0
455,940,14922136672000,994.0,1.00,12615.199,13379.336,1789131969669.962,2026-09-11T17:06:09.669962+04:00,16.0
456,944,14922192246000,994.0,1.00,12670.773,13434.910,1789131969725.536,2026-09-11T17:06:09.725536+04:00,16.0
457,945,14922206138000,994.0,1.00,12684.665,13448.802,1789131969739.428,2026-09-11T17:06:09.739428+04:00,16.0
458,946,14922220031000,994.0,1.00,12698.558,13462.695,1789131969753.321,2026-09-11T17:06:09.753321+04:00,16.0
459,950,14922275606000,994.0,1.00,12754.133,13518.270,1789131969808.896,2026-09-11T17:06:09.808896+04:00,16.0
460,951,14922289499000,994.0,1.00,12768.026,13532.163,1789131969822.789,2026-09-11T17:06:09.822789+04:00,16.0
461,952,14922303392000,994.0,1.00,12781.919,13546.056,1789131969836.682,2026-09-11T17:06:09.836682+04:00,16.0
462,956,14922358970000,994.0,1.00,12837.497,13601.634,1789131969892.260,2026-09-11T17:06:09.892260+04:00,16.0
463,957,14922372861000,994.0,1.00,12851.388,13615.525,1789131969906.151,2026-09-11T17:06:09.906151+04:00,16.0
464,958,14922386753000,994.0,1.00,12865.280,13629.417,1789131969920.043,2026-09-11T17:06:09.920043+04:00,16.0
465,962,14922442330000,994.0,1.00,12920.857,13684.994,1789131969975.620,2026-09-11T17:06:09.975620+04:00,16.0
466,963,14922456220000,994.0,1.00,12934.747,13698.884,1789131969989.510,2026-09-11T17:06:09.989510+04:00,16.0
467,964,14922470115000,994.0,1.00,12948.642,13712.779,1789131970003.405,2026-09-11T17:06:10.003405+04:00,16.0
468,968,14922525689000,994.0,1.00,13004.216,13768.353,1789131970058.979,2026-09-11T17:06:10.058979+04:00,16.0
469,969,14922539579000,994.0,1.00,13018.106,13782.243,1789131970072.869,2026-09-11T17:06:10.072869+04:00,16.0
470,970,14922553474000,994.0,1.00,13032.001,13796.138,1789131970086.764,2026-09-11T17:06:10.086764+04:00,16.0
471,974,14922609047000,994.0,1.00,13087.574,13851.711,1789131970142.337,2026-09-11T17:06:10.142337+04:00,16.0
472,975,14922622939000,994.0,1.00,13101.466,13865.603,1789131970156.229,2026-09-11T17:06:10.156229+04:00,16.0
473,976,14922636833000,994.0,1.00,13115.360,13879.497,1789131970170.123,2026-09-11T17:06:10.170123+04:00,16.0
474,980,14922692407000,994.0,1.00,13170.934,13935.071,1789131970225.697,2026-09-11T17:06:10.225697+04:00,16.0
475,981,14922706300000,994.0,1.00,13184.827,13948.964,1789131970239.590,2026-09-11T17:06:10.239590+04:00,16.0
476,982,14922720191000,994.0,1.00,13198.718,13962.855,1789131970253.481,2026-09-11T17:06:10.253481+04:00,16.0
477,986,14922775775000,994.0,1.00,13254.302,14018.439,1789131970309.065,2026-09-11T17:06:10.309065+04:00,16.0
478,987,14922789662000,994.0,1.00,13268.189,14032.326,1789131970322.952,2026-09-11T17:06:10.322952+04:00,16.0
479,988,14922803557000,994.0,1.00,13282.084,14046.221,1789131970336.847,2026-09-11T17:06:10.336847+04:00,16.0
480,992,14922859133000,994.0,1.00,13337.660,14101.797,1789131970392.423,2026-09-11T17:06:10.392423+04:00,16.0
481,993,14922873021000,994.0,1.00,13351.548,14115.685,1789131970406.311,2026-09-11T17:06:10.406311+04:00,16.0
482,994,14922886914000,994.0,1.00,13365.441,14129.578,1789131970420.204,2026-09-11T17:06:10.420204+04:00,16.0
483,998,14922942486000,994.0,1.00,13421.013,14185.150,1789131970475.776,2026-09-11T17:06:10.475776+04:00,16.0
484,999,14922956381000,994.0,1.00,13434.908,14199.045,1789131970489.671,2026-09-11T17:06:10.489671+04:00,16.0
485,1000,14922970276000,994.0,1.00,13448.803,14212.940,1789131970503.566,2026-09-11T17:06:10.503566+04:00,16.0
486,1004,14923025849000,994.0,1.00,13504.376,14268.513,1789131970559.139,2026-09-11T17:06:10.559139+04:00,16.0
487,1005,14923039742000,994.0,1.00,13518.269,14282.406,1789131970573.032,2026-09-11T17:06:10.573032+04:00,16.0
488,1006,14923053637000,994.0,1.00,13532.164,14296.301,1789131970586.927,2026-09-11T17:06:10.586927+04:00,16.0
489,1010,14923109209000,994.0,1.00,13587.736,14351.873,1789131970642.499,2026-09-11T17:06:10.642499+04:00,16.0
490,1011,14923123101000,994.0,1.00,13601.628,14365.765,1789131970656.391,2026-09-11T17:06:10.656391+04:00,16.0
491,1012,14923136994000,994.0,1.00,13615.521,14379.658,1789131970670.284,2026-09-11T17:06:10.670284+04:00,16.0
492,1016,14923192569000,994.0,1.00,13671.096,14435.233,1789131970725.859,2026-09-11T17:06:10.725859+04:00,16.0
493,1017,14923206462000,994.0,1.00,13684.989,14449.126,1789131970739.752,2026-09-11T17:06:10.739752+04:00,16.0
494,1018,14923220354000,994.0,1.00,13698.881,14463.018,1789131970753.644,2026-09-11T17:06:10.753644+04:00,16.0
495,1022,14923275931000,994.0,1.00,13754.458,14518.595,1789131970809.221,2026-09-11T17:06:10.809221+04:00,16.0
496,1023,14923289823000,994.0,1.00,13768.350,14532.487,1789131970823.113,2026-09-11T17:06:10.823113+04:00,16.0
497,1024,14923303716000,994.0,1.00,13782.243,14546.380,1789131970837.006,2026-09-11T17:06:10.837006+04:00,16.0
498,1028,14923359289000,994.0,1.00,13837.816,14601.953,1789131970892.579,2026-09-11T17:06:10.892579+04:00,16.0
499,1029,14923373183000,994.0,1.00,13851.710,14615.847,1789131970906.473,2026-09-11T17:06:10.906473+04:00,16.0
500,1030,14923387076000,994.0,1.00,13865.603,14629.740,1789131970920.366,2026-09-11T17:06:10.920366+04:00,16.0
501,1034,14923442654000,994.0,1.00,13921.181,14685.318,1789131970975.944,2026-09-11T17:06:10.975944+04:00,16.0
502,1035,14923456544000,994.0,1.00,13935.071,14699.208,1789131970989.834,2026-09-11T17:06:10.989834+04:00,16.0
503,1036,14923470438000,994.0,1.00,13948.965,14713.102,1789131971003.728,2026-09-11T17:06:11.003728+04:00,16.0
504,1040,14923526010000,994.0,1.00,14004.537,14768.674,1789131971059.300,2026-09-11T17:06:11.059300+04:00,16.0
505,1041,14923539904000,994.0,1.00,14018.431,14782.568,1789131971073.194,2026-09-11T17:06:11.073194+04:00,16.0
506,1042,14923553797000,994.0,1.00,14032.324,14796.461,1789131971087.087,2026-09-11T17:06:11.087087+04:00,16.0
507,1046,14923609372000,994.0,1.00,14087.899,14852.036,1789131971142.662,2026-09-11T17:06:11.142662+04:00,16.0
508,1047,14923623264000,994.0,1.00,14101.791,14865.928,1789131971156.554,2026-09-11T17:06:11.156554+04:00,16.0
509,1048,14923637158000,994.0,1.00,14115.685,14879.822,1789131971170.448,2026-09-11T17:06:11.170448+04:00,16.0
510,1052,14923692729000,994.0,1.00,14171.256,14935.393,1789131971226.019,2026-09-11T17:06:11.226019+04:00,16.0
511,1053,14923706627000,994.0,1.00,14185.154,14949.291,1789131971239.917,2026-09-11T17:06:11.239917+04:00,16.0
512,1054,14923720517000,994.0,1.00,14199.044,14963.181,1789131971253.807,2026-09-11T17:06:11.253807+04:00,16.0
513,1058,14923776090000,994.0,1.00,14254.617,15018.754,1789131971309.380,2026-09-11T17:06:11.309380+04:00,16.0
514,1059,14923789984000,994.0,1.00,14268.511,15032.648,1789131971323.274,2026-09-11T17:06:11.323274+04:00,16.0
515,1060,14923803877000,994.0,1.00,14282.404,15046.541,1789131971337.167,2026-09-11T17:06:11.337167+04:00,16.0
516,1064,14923859452000,994.0,1.00,14337.979,15102.116,1789131971392.742,2026-09-11T17:06:11.392742+04:00,16.0
517,1065,14923873345000,994.0,1.00,14351.872,15116.009,1789131971406.635,2026-09-11T17:06:11.406635+04:00,16.0
518,1066,14923887236000,994.0,1.00,14365.763,15129.900,1789131971420.526,2026-09-11T17:06:11.420526+04:00,16.0
519,1070,14923942814000,994.0,1.00,14421.341,15185.478,1789131971476.104,2026-09-11T17:06:11.476104+04:00,16.0
520,1071,14923956705000,994.0,1.00,14435.232,15199.369,1789131971489.995,2026-09-11T17:06:11.489995+04:00,16.0
521,1072,14923970597000,994.0,1.00,14449.124,15213.261,1789131971503.887,2026-09-11T17:06:11.503887+04:00,16.0
522,1076,14924026175000,994.0,1.00,14504.702,15268.839,1789131971559.465,2026-09-11T17:06:11.559465+04:00,16.0
523,1077,14924040065000,994.0,1.00,14518.592,15282.729,1789131971573.355,2026-09-11T17:06:11.573355+04:00,16.0
524,1078,14924053959000,994.0,1.00,14532.486,15296.623,1789131971587.249,2026-09-11T17:06:11.587249+04:00,16.0
525,1082,14924109532000,994.0,1.00,14588.059,15352.196,1789131971642.822,2026-09-11T17:06:11.642822+04:00,16.0
526,1083,14924123428000,994.0,1.00,14601.955,15366.092,1789131971656.718,2026-09-11T17:06:11.656718+04:00,16.0
527,1084,14924137319000,994.0,1.00,14615.846,15379.983,1789131971670.609,2026-09-11T17:06:11.670609+04:00,16.0
528,1088,14924192893000,994.0,1.00,14671.420,15435.557,1789131971726.183,2026-09-11T17:06:11.726183+04:00,16.0
529,1089,14924206787000,994.0,1.00,14685.314,15449.451,1789131971740.077,2026-09-11T17:06:11.740077+04:00,16.0
530,1090,14924220681000,994.0,1.00,14699.208,15463.345,1789131971753.971,2026-09-11T17:06:11.753971+04:00,16.0
531,1094,14924276254000,994.0,1.00,14754.781,15518.918,1789131971809.544,2026-09-11T17:06:11.809544+04:00,16.0
532,1095,14924290146000,994.0,1.00,14768.673,15532.810,1789131971823.436,2026-09-11T17:06:11.823436+04:00,16.0
533,1096,14924304042000,994.0,1.00,14782.569,15546.706,1789131971837.332,2026-09-11T17:06:11.837332+04:00,16.0
534,1100,14924359617000,994.0,1.00,14838.144,15602.281,1789131971892.907,2026-09-11T17:06:11.892907+04:00,16.0
535,1101,14924373508000,994.0,1.00,14852.035,15616.172,1789131971906.798,2026-09-11T17:06:11.906798+04:00,16.0
536,1102,14924387401000,994.0,1.00,14865.928,15630.065,1789131971920.691,2026-09-11T17:06:11.920691+04:00,16.0
537,1106,14924442977000,994.0,1.00,14921.504,15685.641,1789131971976.267,2026-09-11T17:06:11.976267+04:00,16.0
538,1107,14924456874000,994.0,1.00,14935.401,15699.538,1789131971990.164,2026-09-11T17:06:11.990164+04:00,16.0
539,1108,14924470762000,994.0,1.00,14949.289,15713.426,1789131972004.052,2026-09-11T17:06:12.004052+04:00,16.0
540,1112,14924526336000,994.0,1.00,15004.863,15769.000,1789131972059.626,2026-09-11T17:06:12.059626+04:00,16.0
541,1113,14924540228000,994.0,1.00,15018.755,15782.892,1789131972073.518,2026-09-11T17:06:12.073518+04:00,16.0
542,1114,14924554120000,994.0,1.00,15032.647,15796.784,1789131972087.410,2026-09-11T17:06:12.087410+04:00,16.0
543,1118,14924609696000,994.0,1.00,15088.223,15852.360,1789131972142.986,2026-09-11T17:06:12.142986+04:00,16.0
544,1119,14924623589000,994.0,1.00,15102.116,15866.253,1789131972156.879,2026-09-11T17:06:12.156879+04:00,16.0
545,1120,14924637482000,994.0,1.00,15116.009,15880.146,1789131972170.772,2026-09-11T17:06:12.170772+04:00,16.0
546,1124,14924693059000,994.0,1.00,15171.586,15935.723,1789131972226.349,2026-09-11T17:06:12.226349+04:00,16.0
547,1125,14924706949000,994.0,1.00,15185.476,15949.613,1789131972240.239,2026-09-11T17:06:12.240239+04:00,16.0
548,1126,14924720841000,994.0,1.00,15199.368,15963.505,1789131972254.131,2026-09-11T17:06:12.254131+04:00,16.0
549,1130,14924776416000,994.0,1.00,15254.943,16019.080,1789131972309.706,2026-09-11T17:06:12.309706+04:00,16.0
550,1131,14924790309000,994.0,1.00,15268.836,16032.973,1789131972323.599,2026-09-11T17:06:12.323599+04:00,16.0
551,1132,14924804202000,994.0,1.00,15282.729,16046.866,1789131972337.492,2026-09-11T17:06:12.337492+04:00,16.0
552,1136,14924859780000,994.0,1.00,15338.307,16102.444,1789131972393.070,2026-09-11T17:06:12.393070+04:00,16.0
553,1137,14924873669000,994.0,1.00,15352.196,16116.333,1789131972406.959,2026-09-11T17:06:12.406959+04:00,16.0
554,1138,14924887565000,994.0,1.00,15366.092,16130.229,1789131972420.855,2026-09-11T17:06:12.420855+04:00,16.0
555,1142,14924943137000,994.0,1.00,15421.664,16185.801,1789131972476.427,2026-09-11T17:06:12.476427+04:00,16.0
556,1143,14924957032000,994.0,1.00,15435.559,16199.696,1789131972490.322,2026-09-11T17:06:12.490322+04:00,16.0
557,1144,14924970924000,994.0,1.00,15449.451,16213.588,1789131972504.214,2026-09-11T17:06:12.504214+04:00,16.0
558,1148,14925026500000,994.0,1.00,15505.027,16269.164,1789131972559.790,2026-09-11T17:06:12.559790+04:00,16.0
559,1149,14925040391000,994.0,1.00,15518.918,16283.055,1789131972573.681,2026-09-11T17:06:12.573681+04:00,16.0
560,1150,14925054284000,994.0,1.00,15532.811,16296.948,1789131972587.574,2026-09-11T17:06:12.587574+04:00,16.0
561,1154,14925109858000,994.0,1.00,15588.385,16352.522,1789131972643.148,2026-09-11T17:06:12.643148+04:00,16.0
562,1155,14925123752000,994.0,1.00,15602.279,16366.416,1789131972657.042,2026-09-11T17:06:12.657042+04:00,16.0
563,1156,14925137642000,994.0,1.00,15616.169,16380.306,1789131972670.932,2026-09-11T17:06:12.670932+04:00,16.0
564,1160,14925193220000,994.0,1.00,15671.747,16435.884,1789131972726.510,2026-09-11T17:06:12.726510+04:00,16.0
565,1161,14925207111000,994.0,1.00,15685.638,16449.775,1789131972740.401,2026-09-11T17:06:12.740401+04:00,16.0
566,1162,14925221003000,994.0,1.00,15699.530,16463.667,1789131972754.293,2026-09-11T17:06:12.754293+04:00,16.0
567,1166,14925276580000,994.0,1.00,15755.107,16519.244,1789131972809.870,2026-09-11T17:06:12.809870+04:00,16.0
568,1167,14925290470000,994.0,1.00,15768.997,16533.134,1789131972823.760,2026-09-11T17:06:12.823760+04:00,16.0
569,1168,14925304365000,994.0,1.00,15782.892,16547.029,1789131972837.655,2026-09-11T17:06:12.837655+04:00,16.0
570,1172,14925359939000,994.0,1.00,15838.466,16602.603,1789131972893.229,2026-09-11T17:06:12.893229+04:00,16.0
571,1173,14925373832000,994.0,1.00,15852.359,16616.496,1789131972907.122,2026-09-11T17:06:12.907122+04:00,16.0
572,1174,14925387726000,994.0,1.00,15866.253,16630.390,1789131972921.016,2026-09-11T17:06:12.921016+04:00,16.0
573,1178,14925443299000,994.0,1.00,15921.826,16685.963,1789131972976.589,2026-09-11T17:06:12.976589+04:00,16.0
574,1179,14925457193000,994.0,1.00,15935.720,16699.857,1789131972990.483,2026-09-11T17:06:12.990483+04:00,16.0
575,1180,14925471088000,994.0,1.00,15949.615,16713.752,1789131973004.378,2026-09-11T17:06:13.004378+04:00,16.0
576,1184,14925526660000,994.0,1.00,16005.187,16769.324,1789131973059.950,2026-09-11T17:06:13.059950+04:00,16.0
577,1185,14925540555000,994.0,1.00,16019.082,16783.219,1789131973073.845,2026-09-11T17:06:13.073845+04:00,16.0
578,1186,14925554448000,994.0,1.00,16032.975,16797.112,1789131973087.738,2026-09-11T17:06:13.087738+04:00,16.0
579,1190,14925610020000,994.0,1.00,16088.547,16852.684,1789131973143.310,2026-09-11T17:06:13.143310+04:00,16.0
580,1191,14925623916000,994.0,1.00,16102.443,16866.580,1789131973157.206,2026-09-11T17:06:13.157206+04:00,16.0
581,1192,14925637806000,994.0,1.00,16116.333,16880.470,1789131973171.096,2026-09-11T17:06:13.171096+04:00,16.0
582,1196,14925693382000,994.0,1.00,16171.909,16936.046,1789131973226.672,2026-09-11T17:06:13.226672+04:00,16.0
583,1197,14925707273000,994.0,1.00,16185.800,16949.937,1789131973240.563,2026-09-11T17:06:13.240563+04:00,16.0
584,1198,14925721166000,994.0,1.00,16199.693,16963.830,1789131973254.456,2026-09-11T17:06:13.254456+04:00,16.0
585,1202,14925776743000,994.0,1.00,16255.270,17019.407,1789131973310.033,2026-09-11T17:06:13.310033+04:00,16.0
586,1203,14925790634000,994.0,1.00,16269.161,17033.298,1789131973323.924,2026-09-11T17:06:13.323924+04:00,16.0
587,1204,14925804528000,994.0,1.00,16283.055,17047.192,1789131973337.818,2026-09-11T17:06:13.337818+04:00,16.0
588,1208,14925860101000,994.0,1.00,16338.628,17102.765,1789131973393.391,2026-09-11T17:06:13.393391+04:00,16.0
589,1209,14925873994000,994.0,1.00,16352.521,17116.658,1789131973407.284,2026-09-11T17:06:13.407284+04:00,16.0
590,1210,14925887888000,994.0,1.00,16366.415,17130.552,1789131973421.178,2026-09-11T17:06:13.421178+04:00,16.0
591,1214,14925943462000,994.0,1.00,16421.989,17186.126,1789131973476.752,2026-09-11T17:06:13.476752+04:00,16.0
592,1215,14925957354000,994.0,1.00,16435.881,17200.018,1789131973490.644,2026-09-11T17:06:13.490644+04:00,16.0
593,1216,14925971249000,994.0,1.00,16449.776,17213.913,1789131973504.539,2026-09-11T17:06:13.504539+04:00,16.0
594,1220,14926026822000,994.0,1.00,16505.349,17269.486,1789131973560.112,2026-09-11T17:06:13.560112+04:00,16.0
595,1221,14926040715000,994.0,1.00,16519.242,17283.379,1789131973574.005,2026-09-11T17:06:13.574005+04:00,16.0
596,1222,14926054608000,994.0,1.00,16533.135,17297.272,1789131973587.898,2026-09-11T17:06:13.587898+04:00,16.0
597,1226,14926110183000,994.0,1.00,16588.710,17352.847,1789131973643.473,2026-09-11T17:06:13.643473+04:00,16.0
598,1227,14926124078000,994.0,1.00,16602.605,17366.742,1789131973657.368,2026-09-11T17:06:13.657368+04:00,16.0
599,1228,14926137967000,994.0,1.00,16616.494,17380.631,1789131973671.257,2026-09-11T17:06:13.671257+04:00,16.0
600,1232,14926193544000,994.0,1.00,16672.071,17436.208,1789131973726.834,2026-09-11T17:06:13.726834+04:00,16.0
601,1233,14926207443000,994.0,1.00,16685.970,17450.107,1789131973740.733,2026-09-11T17:06:13.740733+04:00,16.0
602,1234,14926221329000,994.0,1.00,16699.856,17463.993,1789131973754.619,2026-09-11T17:06:13.754619+04:00,16.0
603,1238,14926276904000,994.0,1.00,16755.431,17519.568,1789131973810.194,2026-09-11T17:06:13.810194+04:00,16.0
604,1239,14926290795000,994.0,1.00,16769.322,17533.459,1789131973824.085,2026-09-11T17:06:13.824085+04:00,16.0
605,1240,14926304690000,994.0,1.00,16783.217,17547.354,1789131973837.980,2026-09-11T17:06:13.837980+04:00,16.0
606,1244,14926360265000,994.0,1.00,16838.792,17602.929,1789131973893.555,2026-09-11T17:06:13.893555+04:00,16.0
607,1245,14926374156000,994.0,1.00,16852.683,17616.820,1789131973907.446,2026-09-11T17:06:13.907446+04:00,16.0
608,1246,14926388050000,994.0,1.00,16866.577,17630.714,1789131973921.340,2026-09-11T17:06:13.921340+04:00,16.0
609,1250,14926443623000,994.0,1.00,16922.150,17686.287,1789131973976.913,2026-09-11T17:06:13.976913+04:00,16.0
610,1251,14926457517000,994.0,1.00,16936.044,17700.181,1789131973990.807,2026-09-11T17:06:13.990807+04:00,16.0
611,1252,14926471411000,994.0,1.00,16949.938,17714.075,1789131974004.701,2026-09-11T17:06:14.004701+04:00,16.0
612,1256,14926526984000,994.0,1.00,17005.511,17769.648,1789131974060.274,2026-09-11T17:06:14.060274+04:00,16.0
613,1257,14926540879000,994.0,1.00,17019.406,17783.543,1789131974074.169,2026-09-11T17:06:14.074169+04:00,16.0
614,1258,14926554773000,994.0,1.00,17033.300,17797.437,1789131974088.063,2026-09-11T17:06:14.088063+04:00,16.0
615,1262,14926610344000,994.0,1.00,17088.871,17853.008,1789131974143.634,2026-09-11T17:06:14.143634+04:00,16.0
616,1263,14926624238000,994.0,1.00,17102.765,17866.902,1789131974157.528,2026-09-11T17:06:14.157528+04:00,16.0
617,1264,14926638130000,994.0,1.00,17116.657,17880.794,1789131974171.420,2026-09-11T17:06:14.171420+04:00,16.0
618,1268,14926693705000,994.0,1.00,17172.232,17936.369,1789131974226.995,2026-09-11T17:06:14.226995+04:00,16.0
619,1269,14926707599000,994.0,1.00,17186.126,17950.263,1789131974240.889,2026-09-11T17:06:14.240889+04:00,16.0
620,1270,14926721492000,994.0,1.00,17200.019,17964.156,1789131974254.782,2026-09-11T17:06:14.254782+04:00,16.0
621,1274,14926777067000,994.0,1.00,17255.594,18019.731,1789131974310.357,2026-09-11T17:06:14.310357+04:00,16.0
622,1275,14926790958000,994.0,1.00,17269.485,18033.622,1789131974324.248,2026-09-11T17:06:14.324248+04:00,16.0
623,1276,14926804850000,994.0,1.00,17283.377,18047.514,1789131974338.140,2026-09-11T17:06:14.338140+04:00,16.0
624,1280,14926860427000,994.0,1.00,17338.954,18103.091,1789131974393.717,2026-09-11T17:06:14.393717+04:00,16.0
625,1281,14926874318000,994.0,1.00,17352.845,18116.982,1789131974407.608,2026-09-11T17:06:14.407608+04:00,16.0
626,1282,14926888213000,994.0,1.00,17366.740,18130.877,1789131974421.503,2026-09-11T17:06:14.421503+04:00,16.0
627,1286,14926943788000,994.0,1.00,17422.315,18186.452,1789131974477.078,2026-09-11T17:06:14.477078+04:00,16.0
628,1287,14926957680000,994.0,1.00,17436.207,18200.344,1789131974490.970,2026-09-11T17:06:14.490970+04:00,16.0
629,1288,14926971574000,994.0,1.00,17450.101,18214.238,1789131974504.864,2026-09-11T17:06:14.504864+04:00,16.0
630,1292,14927027147000,994.0,1.00,17505.674,18269.811,1789131974560.437,2026-09-11T17:06:14.560437+04:00,16.0
631,1293,14927041041000,994.0,1.00,17519.568,18283.705,1789131974574.331,2026-09-11T17:06:14.574331+04:00,16.0
632,1294,14927054934000,994.0,1.00,17533.461,18297.598,1789131974588.224,2026-09-11T17:06:14.588224+04:00,16.0
633,1298,14927110509000,994.0,1.00,17589.036,18353.173,1789131974643.799,2026-09-11T17:06:14.643799+04:00,16.0
634,1299,14927124401000,994.0,1.00,17602.928,18367.065,1789131974657.691,2026-09-11T17:06:14.657691+04:00,16.0
635,1300,14927138293000,994.0,1.00,17616.820,18380.957,1789131974671.583,2026-09-11T17:06:14.671583+04:00,16.0
636,1304,14927193868000,994.0,1.00,17672.395,18436.532,1789131974727.158,2026-09-11T17:06:14.727158+04:00,16.0
637,1305,14927207762000,994.0,1.00,17686.289,18450.426,1789131974741.052,2026-09-11T17:06:14.741052+04:00,16.0
638,1306,14927221654000,994.0,1.00,17700.181,18464.318,1789131974754.944,2026-09-11T17:06:14.754944+04:00,16.0
639,1310,14927277229000,994.0,1.00,17755.756,18519.893,1789131974810.519,2026-09-11T17:06:14.810519+04:00,16.0
640,1311,14927291120000,994.0,1.00,17769.647,18533.784,1789131974824.410,2026-09-11T17:06:14.824410+04:00,16.0
641,1312,14927305013000,994.0,1.00,17783.540,18547.677,1789131974838.303,2026-09-11T17:06:14.838303+04:00,16.0
642,1316,14927360589000,994.0,1.00,17839.116,18603.253,1789131974893.879,2026-09-11T17:06:14.893879+04:00,16.0
643,1317,14927374480000,994.0,1.00,17853.007,18617.144,1789131974907.770,2026-09-11T17:06:14.907770+04:00,16.0
644,1318,14927388375000,994.0,1.00,17866.902,18631.039,1789131974921.665,2026-09-11T17:06:14.921665+04:00,16.0
645,1322,14927443952000,994.0,1.00,17922.479,18686.616,1789131974977.242,2026-09-11T17:06:14.977242+04:00,16.0
646,1323,14927457842000,994.0,1.00,17936.369,18700.506,1789131974991.132,2026-09-11T17:06:14.991132+04:00,16.0
647,1324,14927471736000,994.0,1.00,17950.263,18714.400,1789131975005.026,2026-09-11T17:06:15.005026+04:00,16.0
648,1328,14927527311000,994.0,1.00,18005.838,18769.975,1789131975060.601,2026-09-11T17:06:15.060601+04:00,16.0
649,1329,14927541202000,994.0,1.00,18019.729,18783.866,1789131975074.492,2026-09-11T17:06:15.074492+04:00,16.0
650,1330,14927555096000,994.0,1.00,18033.623,18797.760,1789131975088.386,2026-09-11T17:06:15.088386+04:00,16.0
651,1334,14927610670000,994.0,1.00,18089.197,18853.334,1789131975143.960,2026-09-11T17:06:15.143960+04:00,16.0
652,1335,14927624563000,994.0,1.00,18103.090,18867.227,1789131975157.853,2026-09-11T17:06:15.157853+04:00,16.0
653,1336,14927638455000,994.0,1.00,18116.982,18881.119,1789131975171.745,2026-09-11T17:06:15.171745+04:00,16.0
654,1340,14927694031000,994.0,1.00,18172.558,18936.695,1789131975227.321,2026-09-11T17:06:15.227321+04:00,16.0
655,1341,14927707924000,994.0,1.00,18186.451,18950.588,1789131975241.214,2026-09-11T17:06:15.241214+04:00,16.0
656,1342,14927721816000,994.0,1.00,18200.343,18964.480,1789131975255.106,2026-09-11T17:06:15.255106+04:00,16.0
657,1346,14927777391000,994.0,1.00,18255.918,19020.055,1789131975310.681,2026-09-11T17:06:15.310681+04:00,16.0
658,1347,14927791285000,994.0,1.00,18269.812,19033.949,1789131975324.575,2026-09-11T17:06:15.324575+04:00,16.0
659,1348,14927805177000,994.0,1.00,18283.704,19047.841,1789131975338.467,2026-09-11T17:06:15.338467+04:00,16.0
660,1352,14927860751000,994.0,1.00,18339.278,19103.415,1789131975394.041,2026-09-11T17:06:15.394041+04:00,16.0
661,1353,14927874642000,994.0,1.00,18353.169,19117.306,1789131975407.932,2026-09-11T17:06:15.407932+04:00,16.0
662,1354,14927888536000,994.0,1.00,18367.063,19131.200,1789131975421.826,2026-09-11T17:06:15.421826+04:00,16.0
663,1358,14927944112000,994.0,1.00,18422.639,19186.776,1789131975477.402,2026-09-11T17:06:15.477402+04:00,16.0
664,1359,14927958004000,994.0,1.00,18436.531,19200.668,1789131975491.294,2026-09-11T17:06:15.491294+04:00,16.0
665,1360,14927971897000,994.0,1.00,18450.424,19214.561,1789131975505.187,2026-09-11T17:06:15.505187+04:00,16.0
666,1364,14928027474000,994.0,1.00,18506.001,19270.138,1789131975560.764,2026-09-11T17:06:15.560764+04:00,16.0
667,1365,14928041364000,994.0,1.00,18519.891,19284.028,1789131975574.654,2026-09-11T17:06:15.574654+04:00,16.0
668,1366,14928055258000,994.0,1.00,18533.785,19297.922,1789131975588.548,2026-09-11T17:06:15.588548+04:00,16.0
669,1370,14928110832000,994.0,1.00,18589.359,19353.496,1789131975644.122,2026-09-11T17:06:15.644122+04:00,16.0
670,1371,14928124726000,994.0,1.00,18603.253,19367.390,1789131975658.016,2026-09-11T17:06:15.658016+04:00,16.0
671,1372,14928138618000,994.0,1.00,18617.145,19381.282,1789131975671.908,2026-09-11T17:06:15.671908+04:00,16.0
672,1376,14928194192000,994.0,1.00,18672.719,19436.856,1789131975727.482,2026-09-11T17:06:15.727482+04:00,16.0
673,1377,14928208086000,994.0,1.00,18686.613,19450.750,1789131975741.376,2026-09-11T17:06:15.741376+04:00,16.0
674,1378,14928221981000,994.0,1.00,18700.508,19464.645,1789131975755.271,2026-09-11T17:06:15.755271+04:00,16.0
675,1382,14928277553000,994.0,1.00,18756.080,19520.217,1789131975810.843,2026-09-11T17:06:15.810843+04:00,16.0
676,1383,14928291445000,994.0,1.00,18769.972,19534.109,1789131975824.735,2026-09-11T17:06:15.824735+04:00,15.9
677,1384,14928305339000,994.0,1.00,18783.866,19548.003,1789131975838.629,2026-09-11T17:06:15.838629+04:00,15.9
678,1388,14928360913000,994.0,1.00,18839.440,19603.577,1789131975894.203,2026-09-11T17:06:15.894203+04:00,15.9
679,1389,14928374807000,994.0,1.00,18853.334,19617.471,1789131975908.097,2026-09-11T17:06:15.908097+04:00,15.9
680,1390,14928388700000,994.0,1.00,18867.227,19631.364,1789131975921.990,2026-09-11T17:06:15.921990+04:00,15.9
681,1394,14928444274000,994.0,1.00,18922.801,19686.938,1789131975977.564,2026-09-11T17:06:15.977564+04:00,15.9
682,1395,14928458169000,994.0,1.00,18936.696,19700.833,1789131975991.459,2026-09-11T17:06:15.991459+04:00,15.9
683,1396,14928472060000,994.0,1.00,18950.587,19714.724,1789131976005.350,2026-09-11T17:06:16.005350+04:00,15.9
684,1400,14928527637000,994.0,1.00,19006.164,19770.301,1789131976060.927,2026-09-11T17:06:16.060927+04:00,15.9
685,1401,14928541526000,994.0,1.00,19020.053,19784.190,1789131976074.816,2026-09-11T17:06:16.074816+04:00,15.9
686,1402,14928555420000,994.0,1.00,19033.947,19798.084,1789131976088.710,2026-09-11T17:06:16.088710+04:00,15.9
687,1406,14928610996000,994.0,1.00,19089.523,19853.660,1789131976144.286,2026-09-11T17:06:16.144286+04:00,15.9
688,1407,14928624886000,994.0,1.00,19103.413,19867.550,1789131976158.176,2026-09-11T17:06:16.158176+04:00,15.9
689,1408,14928638780000,994.0,1.00,19117.307,19881.444,1789131976172.070,2026-09-11T17:06:16.172070+04:00,15.9
690,1412,14928694354000,994.0,1.00,19172.881,19937.018,1789131976227.644,2026-09-11T17:06:16.227644+04:00,16.0
691,1413,14928708246000,994.0,1.00,19186.773,19950.910,1789131976241.536,2026-09-11T17:06:16.241536+04:00,16.0
692,1414,14928722140000,994.0,1.00,19200.667,19964.804,1789131976255.430,2026-09-11T17:06:16.255430+04:00,16.0
693,1418,14928777715000,994.0,1.00,19256.242,20020.379,1789131976311.005,2026-09-11T17:06:16.311005+04:00,16.0
694,1419,14928791607000,994.0,1.00,19270.134,20034.271,1789131976324.897,2026-09-11T17:06:16.324897+04:00,16.0
695,1420,14928805501000,994.0,1.00,19284.028,20048.165,1789131976338.791,2026-09-11T17:06:16.338791+04:00,16.0
696,1424,14928861075000,994.0,1.00,19339.602,20103.739,1789131976394.365,2026-09-11T17:06:16.394365+04:00,16.0
697,1425,14928874968000,994.0,1.00,19353.495,20117.632,1789131976408.258,2026-09-11T17:06:16.408258+04:00,16.0
698,1426,14928888861000,994.0,1.00,19367.388,20131.525,1789131976422.151,2026-09-11T17:06:16.422151+04:00,16.0
699,1430,14928944436000,994.0,1.00,19422.963,20187.100,1789131976477.726,2026-09-11T17:06:16.477726+04:00,16.0
700,1431,14928958329000,994.0,1.00,19436.856,20200.993,1789131976491.619,2026-09-11T17:06:16.491619+04:00,16.0
701,1432,14928972223000,994.0,1.00,19450.750,20214.887,1789131976505.513,2026-09-11T17:06:16.505513+04:00,16.0
702,1436,14929027801000,994.0,1.00,19506.328,20270.465,1789131976561.091,2026-09-11T17:06:16.561091+04:00,16.0
703,1437,14929041693000,994.0,1.00,19520.220,20284.357,1789131976574.983,2026-09-11T17:06:16.574983+04:00,16.0
704,1438,14929055582000,994.0,1.00,19534.109,20298.246,1789131976588.872,2026-09-11T17:06:16.588872+04:00,16.0
705,1442,14929111158000,994.0,1.00,19589.685,20353.822,1789131976644.448,2026-09-11T17:06:16.644448+04:00,15.9
706,1443,14929125048000,994.0,1.00,19603.575,20367.712,1789131976658.338,2026-09-11T17:06:16.658338+04:00,15.9
707,1444,14929138943000,994.0,1.00,19617.470,20381.607,1789131976672.233,2026-09-11T17:06:16.672233+04:00,15.9
708,1448,14929194519000,994.0,1.00,19673.046,20437.183,1789131976727.809,2026-09-11T17:06:16.727809+04:00,15.9
709,1449,14929208410000,994.0,1.00,19686.937,20451.074,1789131976741.700,2026-09-11T17:06:16.741700+04:00,15.9
710,1450,14929222303000,994.0,1.00,19700.830,20464.967,1789131976755.593,2026-09-11T17:06:16.755593+04:00,15.9
711,1454,14929277877000,994.0,1.00,19756.404,20520.541,1789131976811.167,2026-09-11T17:06:16.811167+04:00,15.9
712,1455,14929291769000,994.0,1.00,19770.296,20534.433,1789131976825.059,2026-09-11T17:06:16.825059+04:00,15.9
713,1456,14929305663000,994.0,1.00,19784.190,20548.327,1789131976838.953,2026-09-11T17:06:16.838953+04:00,15.9
714,1460,14929361238000,994.0,1.00,19839.765,20603.902,1789131976894.528,2026-09-11T17:06:16.894528+04:00,16.0
715,1461,14929375131000,994.0,1.00,19853.658,20617.795,1789131976908.421,2026-09-11T17:06:16.908421+04:00,16.0
716,1462,14929389026000,994.0,1.00,19867.553,20631.690,1789131976922.316,2026-09-11T17:06:16.922316+04:00,16.0
717,1466,14929444599000,994.0,1.00,19923.126,20687.263,1789131976977.889,2026-09-11T17:06:16.977889+04:00,16.0
718,1467,14929458491000,994.0,1.00,19937.018,20701.155,1789131976991.781,2026-09-11T17:06:16.991781+04:00,16.0
719,1468,14929472386000,994.0,1.00,19950.913,20715.050,1789131977005.676,2026-09-11T17:06:17.005676+04:00,16.0
720,1472,14929527963000,994.0,1.00,20006.490,20770.627,1789131977061.253,2026-09-11T17:06:17.061253+04:00,16.0
721,1473,14929541880000,994.0,1.00,20020.407,20784.544,1789131977075.170,2026-09-11T17:06:17.075170+04:00,16.0
722,1474,14929555744000,994.0,1.00,20034.271,20798.408,1789131977089.034,2026-09-11T17:06:17.089034+04:00,16.0
723,1478,14929611320000,994.0,1.00,20089.847,20853.984,1789131977144.610,2026-09-11T17:06:17.144610+04:00,16.1
724,1479,14929625210000,994.0,1.00,20103.737,20867.874,1789131977158.500,2026-09-11T17:06:17.158500+04:00,16.1
725,1480,14929639105000,994.0,1.00,20117.632,20881.769,1789131977172.395,2026-09-11T17:06:17.172395+04:00,16.1
726,1484,14929694682000,994.0,1.00,20173.209,20937.346,1789131977227.972,2026-09-11T17:06:17.227972+04:00,16.1
727,1485,14929708572000,994.0,1.00,20187.099,20951.236,1789131977241.862,2026-09-11T17:06:17.241862+04:00,16.1
728,1486,14929722466000,994.0,1.00,20200.993,20965.130,1789131977255.756,2026-09-11T17:06:17.255756+04:00,16.1
729,1490,14929778042000,994.0,1.00,20256.569,21020.706,1789131977311.332,2026-09-11T17:06:17.311332+04:00,16.1
730,1491,14929791932000,994.0,1.00,20270.459,21034.596,1789131977325.222,2026-09-11T17:06:17.325222+04:00,16.1
731,1492,14929805825000,994.0,1.00,20284.352,21048.489,1789131977339.115,2026-09-11T17:06:17.339115+04:00,16.1
732,1496,14929861401000,994.0,1.00,20339.928,21104.065,1789131977394.691,2026-09-11T17:06:17.394691+04:00,16.1
733,1497,14929875293000,994.0,1.00,20353.820,21117.957,1789131977408.583,2026-09-11T17:06:17.408583+04:00,16.1
734,1498,14929889187000,994.0,1.00,20367.714,21131.851,1789131977422.477,2026-09-11T17:06:17.422477+04:00,16.1
735,1502,14929944757000,994.0,1.00,20423.284,21187.421,1789131977478.047,2026-09-11T17:06:17.478047+04:00,16.1
736,1503,14929958653000,994.0,1.00,20437.180,21201.317,1789131977491.943,2026-09-11T17:06:17.491943+04:00,16.1
737,1504,14929972546000,994.0,1.00,20451.073,21215.210,1789131977505.836,2026-09-11T17:06:17.505836+04:00,16.1
738,1508,14930028118000,994.0,1.00,20506.645,21270.782,1789131977561.408,2026-09-11T17:06:17.561408+04:00,16.1
739,1509,14930042012000,994.0,1.00,20520.539,21284.676,1789131977575.302,2026-09-11T17:06:17.575302+04:00,16.1
740,1510,14930055904000,994.0,1.00,20534.431,21298.568,1789131977589.194,2026-09-11T17:06:17.589194+04:00,16.1
741,1514,14930111480000,994.0,1.00,20590.007,21354.144,1789131977644.770,2026-09-11T17:06:17.644770+04:00,16.2
742,1515,14930125372000,994.0,1.00,20603.899,21368.036,1789131977658.662,2026-09-11T17:06:17.658662+04:00,16.2
743,1516,14930139264000,994.0,1.00,20617.791,21381.928,1789131977672.554,2026-09-11T17:06:17.672554+04:00,16.2
744,1520,14930194840000,994.0,1.00,20673.367,21437.504,1789131977728.130,2026-09-11T17:06:17.728130+04:00,16.2
745,1521,14930208746000,994.0,1.00,20687.273,21451.410,1789131977742.036,2026-09-11T17:06:17.742036+04:00,16.2
746,1522,14930222625000,994.0,1.00,20701.152,21465.289,1789131977755.915,2026-09-11T17:06:17.755915+04:00,16.2
747,1526,14930278202000,994.0,1.00,20756.729,21520.866,1789131977811.492,2026-09-11T17:06:17.811492+04:00,16.2
748,1527,14930292093000,994.0,1.00,20770.620,21534.757,1789131977825.383,2026-09-11T17:06:17.825383+04:00,16.2
749,1528,14930305986000,994.0,1.00,20784.513,21548.650,1789131977839.276,2026-09-11T17:06:17.839276+04:00,16.2
750,1532,14930361563000,994.0,1.00,20840.090,21604.227,1789131977894.853,2026-09-11T17:06:17.894853+04:00,16.2
751,1533,14930375453000,994.0,1.00,20853.980,21618.117,1789131977908.743,2026-09-11T17:06:17.908743+04:00,16.2
752,1534,14930389348000,994.0,1.00,20867.875,21632.012,1789131977922.638,2026-09-11T17:06:17.922638+04:00,16.3
753,1538,14930444923000,994.0,1.00,20923.450,21687.587,1789131977978.213,2026-09-11T17:06:17.978213+04:00,16.3
754,1539,14930458814000,994.0,1.00,20937.341,21701.478,1789131977992.104,2026-09-11T17:06:17.992104+04:00,16.2
755,1540,14930472707000,994.0,1.00,20951.234,21715.371,1789131978005.997,2026-09-11T17:06:18.005997+04:00,16.2
756,1544,14930528279000,994.0,1.00,21006.806,21770.943,1789131978061.569,2026-09-11T17:06:18.061569+04:00,16.2
757,1545,14930542174000,994.0,1.00,21020.701,21784.838,1789131978075.464,2026-09-11T17:06:18.075464+04:00,16.2
758,1546,14930556069000,994.0,1.00,21034.596,21798.733,1789131978089.359,2026-09-11T17:06:18.089359+04:00,16.2
759,1550,14930611642000,994.0,1.00,21090.169,21854.306,1789131978144.932,2026-09-11T17:06:18.144932+04:00,16.2
760,1551,14930625535000,994.0,1.00,21104.062,21868.199,1789131978158.825,2026-09-11T17:06:18.158825+04:00,16.2
761,1552,14930639430000,994.0,1.00,21117.957,21882.094,1789131978172.720,2026-09-11T17:06:18.172720+04:00,16.2
762,1556,14930695003000,994.0,1.00,21173.530,21937.667,1789131978228.293,2026-09-11T17:06:18.228293+04:00,16.2
763,1557,14930708896000,994.0,1.00,21187.423,21951.560,1789131978242.186,2026-09-11T17:06:18.242186+04:00,16.2
764,1558,14930722789000,994.0,1.00,21201.316,21965.453,1789131978256.079,2026-09-11T17:06:18.256079+04:00,16.2
765,1562,14930778364000,994.0,1.00,21256.891,22021.028,1789131978311.654,2026-09-11T17:06:18.311654+04:00,16.2
766,1563,14930792256000,994.0,1.00,21270.783,22034.920,1789131978325.546,2026-09-11T17:06:18.325546+04:00,16.2
767,1564,14930806149000,994.0,1.00,21284.676,22048.813,1789131978339.439,2026-09-11T17:06:18.339439+04:00,16.2
768,1568,14930861723000,994.0,1.00,21340.250,22104.387,1789131978395.013,2026-09-11T17:06:18.395013+04:00,16.2
769,1569,14930875616000,994.0,1.00,21354.143,22118.280,1789131978408.906,2026-09-11T17:06:18.408906+04:00,16.2
770,1570,14930889510000,994.0,1.00,21368.037,22132.174,1789131978422.800,2026-09-11T17:06:18.422800+04:00,16.2
771,1574,14930945085000,994.0,1.00,21423.612,22187.749,1789131978478.375,2026-09-11T17:06:18.478375+04:00,16.2
772,1575,14930958976000,994.0,1.00,21437.503,22201.640,1789131978492.266,2026-09-11T17:06:18.492266+04:00,16.2
773,1576,14930972871000,994.0,1.00,21451.398,22215.535,1789131978506.161,2026-09-11T17:06:18.506161+04:00,16.2
774,1580,14931028446000,994.0,1.00,21506.973,22271.110,1789131978561.736,2026-09-11T17:06:18.561736+04:00,16.2
775,1581,14931042338000,994.0,1.00,21520.865,22285.002,1789131978575.628,2026-09-11T17:06:18.575628+04:00,16.2
776,1582,14931056232000,994.0,1.00,21534.759,22298.896,1789131978589.522,2026-09-11T17:06:18.589522+04:00,16.2
777,1586,14931111809000,994.0,1.00,21590.336,22354.473,1789131978645.099,2026-09-11T17:06:18.645099+04:00,16.2
778,1587,14931125697000,994.0,1.00,21604.224,22368.361,1789131978658.987,2026-09-11T17:06:18.658987+04:00,16.2
779,1588,14931139597000,994.0,1.00,21618.124,22382.261,1789131978672.887,2026-09-11T17:06:18.672887+04:00,16.2
780,1592,14931195165000,994.0,1.00,21673.692,22437.829,1789131978728.455,2026-09-11T17:06:18.728455+04:00,16.2
781,1593,14931209058000,994.0,1.00,21687.585,22451.722,1789131978742.348,2026-09-11T17:06:18.742348+04:00,16.2
782,1594,14931222953000,994.0,1.00,21701.480,22465.617,1789131978756.243,2026-09-11T17:06:18.756243+04:00,16.2
783,1598,14931278525000,994.0,1.00,21757.052,22521.189,1789131978811.815,2026-09-11T17:06:18.811815+04:00,16.2
784,1599,14931292418000,994.0,1.00,21770.945,22535.082,1789131978825.708,2026-09-11T17:06:18.825708+04:00,16.2
785,1600,14931306314000,994.0,1.00,21784.841,22548.978,1789131978839.604,2026-09-11T17:06:18.839604+04:00,16.2
786,1604,14931361885000,994.0,1.00,21840.412,22604.549,1789131978895.175,2026-09-11T17:06:18.895175+04:00,16.2
787,1605,14931375779000,994.0,1.00,21854.306,22618.443,1789131978909.069,2026-09-11T17:06:18.909069+04:00,16.2
788,1606,14931389676000,994.0,1.00,21868.203,22632.340,1789131978922.966,2026-09-11T17:06:18.922966+04:00,16.2
789,1610,14931445246000,994.0,1.00,21923.773,22687.910,1789131978978.536,2026-09-11T17:06:18.978536+04:00,16.2
790,1611,14931459140000,994.0,1.00,21937.667,22701.804,1789131978992.430,2026-09-11T17:06:18.992430+04:00,16.2
791,1612,14931473034000,994.0,1.00,21951.561,22715.698,1789131979006.324,2026-09-11T17:06:19.006324+04:00,16.2
792,1616,14931528607000,994.0,1.00,22007.134,22771.271,1789131979061.897,2026-09-11T17:06:19.061897+04:00,16.2
793,1617,14931542500000,994.0,1.00,22021.027,22785.164,1789131979075.790,2026-09-11T17:06:19.075790+04:00,16.2
794,1618,14931556395000,994.0,1.00,22034.922,22799.059,1789131979089.685,2026-09-11T17:06:19.089685+04:00,16.2
795,1622,14931611969000,994.0,1.00,22090.496,22854.633,1789131979145.259,2026-09-11T17:06:19.145259+04:00,16.2
796,1623,14931625863000,994.0,1.00,22104.390,22868.527,1789131979159.153,2026-09-11T17:06:19.159153+04:00,16.2
797,1624,14931639755000,994.0,1.00,22118.282,22882.419,1789131979173.045,2026-09-11T17:06:19.173045+04:00,16.3
798,1628,14931695330000,994.0,1.00,22173.857,22937.994,1789131979228.620,2026-09-11T17:06:19.228620+04:00,16.3
799,1629,14931709221000,994.0,1.00,22187.748,22951.885,1789131979242.511,2026-09-11T17:06:19.242511+04:00,16.3
800,1630,14931723115000,994.0,1.00,22201.642,22965.779,1789131979256.405,2026-09-11T17:06:19.256405+04:00,16.3
801,1634,14931778691000,994.0,1.00,22257.218,23021.355,1789131979311.981,2026-09-11T17:06:19.311981+04:00,16.3
802,1635,14931792581000,994.0,1.00,22271.108,23035.245,1789131979325.871,2026-09-11T17:06:19.325871+04:00,16.3
803,1636,14931806476000,994.0,1.00,22285.003,23049.140,1789131979339.766,2026-09-11T17:06:19.339766+04:00,16.3
804,1640,14931862051000,994.0,1.00,22340.578,23104.715,1789131979395.341,2026-09-11T17:06:19.395341+04:00,16.3
805,1641,14931875942000,994.0,1.00,22354.469,23118.606,1789131979409.232,2026-09-11T17:06:19.409232+04:00,16.3
806,1642,14931889836000,994.0,1.00,22368.363,23132.500,1789131979423.126,2026-09-11T17:06:19.423126+04:00,16.3
807,1646,14931945409000,994.0,1.00,22423.936,23188.073,1789131979478.699,2026-09-11T17:06:19.478699+04:00,16.3
808,1647,14931959301000,994.0,1.00,22437.828,23201.965,1789131979492.591,2026-09-11T17:06:19.492591+04:00,16.3
809,1648,14931973196000,994.0,1.00,22451.723,23215.860,1789131979506.486,2026-09-11T17:06:19.506486+04:00,16.3
810,1652,14932028769000,994.0,1.00,22507.296,23271.433,1789131979562.059,2026-09-11T17:06:19.562059+04:00,16.3
811,1653,14932042664000,994.0,1.00,22521.191,23285.328,1789131979575.954,2026-09-11T17:06:19.575954+04:00,16.3
812,1654,14932056559000,994.0,1.00,22535.086,23299.223,1789131979589.849,2026-09-11T17:06:19.589849+04:00,16.3
813,1658,14932112129000,994.0,1.00,22590.656,23354.793,1789131979645.419,2026-09-11T17:06:19.645419+04:00,16.3
814,1659,14932126023000,994.0,1.00,22604.550,23368.687,1789131979659.313,2026-09-11T17:06:19.659313+04:00,16.3
815,1660,14932139918000,994.0,1.00,22618.445,23382.582,1789131979673.208,2026-09-11T17:06:19.673208+04:00,16.3
816,1664,14932195492000,994.0,1.00,22674.019,23438.156,1789131979728.782,2026-09-11T17:06:19.728782+04:00,16.3
817,1665,14932209383000,994.0,1.00,22687.910,23452.047,1789131979742.673,2026-09-11T17:06:19.742673+04:00,16.3
818,1666,14932223277000,994.0,1.00,22701.804,23465.941,1789131979756.567,2026-09-11T17:06:19.756567+04:00,16.3
819,1670,14932278851000,994.0,1.00,22757.378,23521.515,1789131979812.141,2026-09-11T17:06:19.812141+04:00,16.3
820,1671,14932292745000,994.0,1.00,22771.272,23535.409,1789131979826.035,2026-09-11T17:06:19.826035+04:00,16.3
821,1672,14932306636000,994.0,1.00,22785.163,23549.300,1789131979839.926,2026-09-11T17:06:19.839926+04:00,16.3
822,1676,14932362213000,994.0,1.00,22840.740,23604.877,1789131979895.503,2026-09-11T17:06:19.895503+04:00,16.2
823,1677,14932376104000,994.0,1.00,22854.631,23618.768,1789131979909.394,2026-09-11T17:06:19.909394+04:00,16.2
824,1678,14932389996000,994.0,1.00,22868.523,23632.660,1789131979923.286,2026-09-11T17:06:19.923286+04:00,16.2
825,1682,14932445573000,994.0,1.00,22924.100,23688.237,1789131979978.863,2026-09-11T17:06:19.978863+04:00,16.2
826,1683,14932459464000,994.0,1.00,22937.991,23702.128,1789131979992.754,2026-09-11T17:06:19.992754+04:00,16.2
827,1684,14932473359000,994.0,1.00,22951.886,23716.023,1789131980006.649,2026-09-11T17:06:20.006649+04:00,16.2
828,1688,14932528934000,994.0,1.00,23007.461,23771.598,1789131980062.224,2026-09-11T17:06:20.062224+04:00,16.2
829,1689,14932542824000,994.0,1.00,23021.351,23785.488,1789131980076.114,2026-09-11T17:06:20.076114+04:00,16.1
830,1690,14932556719000,994.0,1.00,23035.246,23799.383,1789131980090.009,2026-09-11T17:06:20.090009+04:00,16.1
831,1694,14932612291000,994.0,1.00,23090.818,23854.955,1789131980145.581,2026-09-11T17:06:20.145581+04:00,16.1
832,1695,14932626184000,994.0,1.00,23104.711,23868.848,1789131980159.474,2026-09-11T17:06:20.159474+04:00,16.1
833,1696,14932640080000,994.0,1.00,23118.607,23882.744,1789131980173.370,2026-09-11T17:06:20.173370+04:00,16.1
834,1700,14932695653000,994.0,1.00,23174.180,23938.317,1789131980228.943,2026-09-11T17:06:20.228943+04:00,16.1
835,1701,14932709547000,994.0,1.00,23188.074,23952.211,1789131980242.837,2026-09-11T17:06:20.242837+04:00,16.1
836,1702,14932723441000,994.0,1.00,23201.968,23966.105,1789131980256.731,2026-09-11T17:06:20.256731+04:00,16.1
837,1706,14932779012000,994.0,1.00,23257.539,24021.676,1789131980312.302,2026-09-11T17:06:20.312302+04:00,16.1
838,1707,14932792906000,994.0,1.00,23271.433,24035.570,1789131980326.196,2026-09-11T17:06:20.326196+04:00,16.1
839,1708,14932806799000,994.0,1.00,23285.326,24049.463,1789131980340.089,2026-09-11T17:06:20.340089+04:00,16.1
840,1712,14932862373000,994.0,1.00,23340.900,24105.037,1789131980395.663,2026-09-11T17:06:20.395663+04:00,16.1
841,1713,14932876267000,994.0,1.00,23354.794,24118.931,1789131980409.557,2026-09-11T17:06:20.409557+04:00,16.1
842,1714,14932890159000,994.0,1.00,23368.686,24132.823,1789131980423.449,2026-09-11T17:06:20.423449+04:00,16.1
843,1718,14932945735000,994.0,1.00,23424.262,24188.399,1789131980479.025,2026-09-11T17:06:20.479025+04:00,16.1
844,1719,14932959626000,994.0,1.00,23438.153,24202.290,1789131980492.916,2026-09-11T17:06:20.492916+04:00,16.1
845,1720,14932973519000,994.0,1.00,23452.046,24216.183,1789131980506.809,2026-09-11T17:06:20.506809+04:00,16.1
846,1724,14933029096000,994.0,1.00,23507.623,24271.760,1789131980562.386,2026-09-11T17:06:20.562386+04:00,16.1
847,1725,14933042992000,994.0,1.00,23521.519,24285.656,1789131980576.282,2026-09-11T17:06:20.576282+04:00,16.1
848,1726,14933056879000,994.0,1.00,23535.406,24299.543,1789131980590.169,2026-09-11T17:06:20.590169+04:00,16.1
849,1730,14933112455000,994.0,1.00,23590.982,24355.119,1789131980645.745,2026-09-11T17:06:20.645745+04:00,16.1
850,1731,14933126347000,994.0,1.00,23604.874,24369.011,1789131980659.637,2026-09-11T17:06:20.659637+04:00,16.1
851,1732,14933140241000,994.0,1.00,23618.768,24382.905,1789131980673.531,2026-09-11T17:06:20.673531+04:00,16.1
852,1736,14933195817000,994.0,1.00,23674.344,24438.481,1789131980729.107,2026-09-11T17:06:20.729107+04:00,16.0
853,1737,14933209707000,994.0,1.00,23688.234,24452.371,1789131980742.997,2026-09-11T17:06:20.742997+04:00,16.0
854,1738,14933223601000,994.0,1.00,23702.128,24466.265,1789131980756.891,2026-09-11T17:06:20.756891+04:00,16.0
855,1742,14933279173000,994.0,1.00,23757.700,24521.837,1789131980812.463,2026-09-11T17:06:20.812463+04:00,16.0
856,1743,14933293069000,994.0,1.00,23771.596,24535.733,1789131980826.359,2026-09-11T17:06:20.826359+04:00,16.0
857,1744,14933306962000,994.0,1.00,23785.489,24549.626,1789131980840.252,2026-09-11T17:06:20.840252+04:00,16.0
858,1748,14933362534000,994.0,1.00,23841.061,24605.198,1789131980895.824,2026-09-11T17:06:20.895824+04:00,16.0
859,1749,14933376428000,994.0,1.00,23854.955,24619.092,1789131980909.718,2026-09-11T17:06:20.909718+04:00,16.0
860,1750,14933390320000,994.0,1.00,23868.847,24632.984,1789131980923.610,2026-09-11T17:06:20.923610+04:00,16.0
861,1754,14933445896000,994.0,1.00,23924.423,24688.560,1789131980979.186,2026-09-11T17:06:20.979186+04:00,16.0
862,1755,14933459788000,994.0,1.00,23938.315,24702.452,1789131980993.078,2026-09-11T17:06:20.993078+04:00,16.0
863,1756,14933473681000,994.0,1.00,23952.208,24716.345,1789131981006.971,2026-09-11T17:06:21.006971+04:00,16.0
864,1760,14933529255000,994.0,1.00,24007.782,24771.919,1789131981062.545,2026-09-11T17:06:21.062545+04:00,16.0
865,1761,14933543149000,994.0,1.00,24021.676,24785.813,1789131981076.439,2026-09-11T17:06:21.076439+04:00,16.0
866,1762,14933557042000,994.0,1.00,24035.569,24799.706,1789131981090.332,2026-09-11T17:06:21.090332+04:00,16.0
867,1766,14933612615000,994.0,1.00,24091.142,24855.279,1789131981145.905,2026-09-11T17:06:21.145905+04:00,16.0
868,1767,14933626509000,994.0,1.00,24105.036,24869.173,1789131981159.799,2026-09-11T17:06:21.159799+04:00,16.0
869,1768,14933640402000,994.0,1.00,24118.929,24883.066,1789131981173.692,2026-09-11T17:06:21.173692+04:00,16.0
870,1772,14933695976000,994.0,1.00,24174.503,24938.640,1789131981229.266,2026-09-11T17:06:21.229266+04:00,16.0
871,1773,14933709869000,994.0,1.00,24188.396,24952.533,1789131981243.159,2026-09-11T17:06:21.243159+04:00,16.0
872,1774,14933723762000,994.0,1.00,24202.289,24966.426,1789131981257.052,2026-09-11T17:06:21.257052+04:00,16.0
873,1778,14933779337000,994.0,1.00,24257.864,25022.001,1789131981312.627,2026-09-11T17:06:21.312627+04:00,16.0
874,1779,14933793230000,994.0,1.00,24271.757,25035.894,1789131981326.520,2026-09-11T17:06:21.326520+04:00,16.0
875,1780,14933807123000,994.0,1.00,24285.650,25049.787,1789131981340.413,2026-09-11T17:06:21.340413+04:00,16.0
876,1784,14933862698000,994.0,1.00,24341.225,25105.362,1789131981395.988,2026-09-11T17:06:21.395988+04:00,16.0
877,1785,14933876591000,994.0,1.00,24355.118,25119.255,1789131981409.881,2026-09-11T17:06:21.409881+04:00,16.0
878,1786,14933890484000,994.0,1.00,24369.011,25133.148,1789131981423.774,2026-09-11T17:06:21.423774+04:00,16.0
879,1790,14933946058000,994.0,1.00,24424.585,25188.722,1789131981479.348,2026-09-11T17:06:21.479348+04:00,16.1
880,1791,14933959951000,994.0,1.00,24438.478,25202.615,1789131981493.241,2026-09-11T17:06:21.493241+04:00,16.1
881,1792,14933973844000,994.0,1.00,24452.371,25216.508,1789131981507.134,2026-09-11T17:06:21.507134+04:00,16.1
882,1796,14934029418000,994.0,1.00,24507.945,25272.082,1789131981562.708,2026-09-11T17:06:21.562708+04:00,16.1
883,1797,14934043311000,994.0,1.00,24521.838,25285.975,1789131981576.601,2026-09-11T17:06:21.576601+04:00,16.1
884,1798,14934057204000,994.0,1.00,24535.731,25299.868,1789131981590.494,2026-09-11T17:06:21.590494+04:00,16.1
885,1802,14934112779000,994.0,1.00,24591.306,25355.443,1789131981646.069,2026-09-11T17:06:21.646069+04:00,16.1
886,1803,14934126671000,994.0,1.00,24605.198,25369.335,1789131981659.961,2026-09-11T17:06:21.659961+04:00,16.1
887,1804,14934140564000,994.0,1.00,24619.091,25383.228,1789131981673.854,2026-09-11T17:06:21.673854+04:00,16.1
888,1808,14934196139000,994.0,1.00,24674.666,25438.803,1789131981729.429,2026-09-11T17:06:21.729429+04:00,16.0
889,1809,14934210033000,994.0,1.00,24688.560,25452.697,1789131981743.323,2026-09-11T17:06:21.743323+04:00,16.0
890,1810,14934223926000,994.0,1.00,24702.453,25466.590,1789131981757.216,2026-09-11T17:06:21.757216+04:00,16.0
891,1814,14934279500000,994.0,1.00,24758.027,25522.164,1789131981812.790,2026-09-11T17:06:21.812790+04:00,16.0
892,1815,14934293393000,994.0,1.00,24771.920,25536.057,1789131981826.683,2026-09-11T17:06:21.826683+04:00,16.0
893,1816,14934307290000,994.0,1.00,24785.817,25549.954,1789131981840.580,2026-09-11T17:06:21.840580+04:00,16.0
894,1820,14934362860000,994.0,1.00,24841.387,25605.524,1789131981896.150,2026-09-11T17:06:21.896150+04:00,16.0
895,1821,14934376755000,994.0,1.00,24855.282,25619.419,1789131981910.045,2026-09-11T17:06:21.910045+04:00,16.0
896,1822,14934390648000,994.0,1.00,24869.175,25633.312,1789131981923.938,2026-09-11T17:06:21.923938+04:00,16.0
897,1826,14934446220000,994.0,1.00,24924.747,25688.884,1789131981979.510,2026-09-11T17:06:21.979510+04:00,16.0
898,1827,14934460115000,994.0,1.00,24938.642,25702.779,1789131981993.405,2026-09-11T17:06:21.993405+04:00,16.0
899,1828,14934474006000,994.0,1.00,24952.533,25716.670,1789131982007.296,2026-09-11T17:06:22.007296+04:00,16.0
900,1832,14934529582000,994.0,1.00,25008.109,25772.246,1789131982062.872,2026-09-11T17:06:22.062872+04:00,16.0
901,1833,14934543478000,994.0,1.00,25022.005,25786.142,1789131982076.768,2026-09-11T17:06:22.076768+04:00,16.0
902,1834,14934557367000,994.0,1.00,25035.894,25800.031,1789131982090.657,2026-09-11T17:06:22.090657+04:00,16.0
903,1838,14934612942000,994.0,1.00,25091.469,25855.606,1789131982146.232,2026-09-11T17:06:22.146232+04:00,16.0
904,1839,14934626835000,994.0,1.00,25105.362,25869.499,1789131982160.125,2026-09-11T17:06:22.160125+04:00,16.0
905,1840,14934640727000,994.0,1.00,25119.254,25883.391,1789131982174.017,2026-09-11T17:06:22.174017+04:00,16.0
906,1844,14934696302000,994.0,1.00,25174.829,25938.966,1789131982229.592,2026-09-11T17:06:22.229592+04:00,16.0
907,1845,14934710195000,994.0,1.00,25188.722,25952.859,1789131982243.485,2026-09-11T17:06:22.243485+04:00,16.0
908,1846,14934724087000,994.0,1.00,25202.614,25966.751,1789131982257.377,2026-09-11T17:06:22.257377+04:00,16.1
909,1850,14934779662000,994.0,1.00,25258.189,26022.326,1789131982312.952,2026-09-11T17:06:22.312952+04:00,16.1
910,1851,14934793554000,994.0,1.00,25272.081,26036.218,1789131982326.844,2026-09-11T17:06:22.326844+04:00,16.1
911,1852,14934807447000,994.0,1.00,25285.974,26050.111,1789131982340.737,2026-09-11T17:06:22.340737+04:00,16.1
912,1856,14934863022000,994.0,1.00,25341.549,26105.686,1789131982396.312,2026-09-11T17:06:22.396312+04:00,16.1
913,1857,14934876915000,994.0,1.00,25355.442,26119.579,1789131982410.205,2026-09-11T17:06:22.410205+04:00,16.1
914,1858,14934890809000,994.0,1.00,25369.336,26133.473,1789131982424.099,2026-09-11T17:06:22.424099+04:00,16.1
915,1862,14934946383000,994.0,1.00,25424.910,26189.047,1789131982479.673,2026-09-11T17:06:22.479673+04:00,16.1
916,1863,14934960275000,994.0,1.00,25438.802,26202.939,1789131982493.565,2026-09-11T17:06:22.493565+04:00,16.1
917,1864,14934974169000,994.0,1.00,25452.696,26216.833,1789131982507.459,2026-09-11T17:06:22.507459+04:00,16.1
918,1868,14935029743000,994.0,1.00,25508.270,26272.407,1789131982563.033,2026-09-11T17:06:22.563033+04:00,16.2
919,1869,14935043639000,994.0,1.00,25522.166,26286.303,1789131982576.929,2026-09-11T17:06:22.576929+04:00,16.2
920,1870,14935057529000,994.0,1.00,25536.056,26300.193,1789131982590.819,2026-09-11T17:06:22.590819+04:00,16.2
921,1874,14935113104000,994.0,1.00,25591.631,26355.768,1789131982646.394,2026-09-11T17:06:22.646394+04:00,16.2
922,1875,14935126997000,994.0,1.00,25605.524,26369.661,1789131982660.287,2026-09-11T17:06:22.660287+04:00,16.2
923,1876,14935140890000,994.0,1.00,25619.417,26383.554,1789131982674.180,2026-09-11T17:06:22.674180+04:00,16.2
924,1880,14935196464000,994.0,1.00,25674.991,26439.128,1789131982729.754,2026-09-11T17:06:22.729754+04:00,16.2
925,1881,14935210357000,994.0,1.00,25688.884,26453.021,1789131982743.647,2026-09-11T17:06:22.743647+04:00,16.2
926,1882,14935224250000,994.0,1.00,25702.777,26466.914,1789131982757.540,2026-09-11T17:06:22.757540+04:00,16.2
927,1886,14935279827000,994.0,1.00,25758.354,26522.491,1789131982813.117,2026-09-11T17:06:22.813117+04:00,16.3
928,1887,14935293717000,994.0,1.00,25772.244,26536.381,1789131982827.007,2026-09-11T17:06:22.827007+04:00,16.3
929,1888,14935307610000,994.0,1.00,25786.137,26550.274,1789131982840.900,2026-09-11T17:06:22.840900+04:00,16.3
930,1892,14935363184000,994.0,1.00,25841.711,26605.848,1789131982896.474,2026-09-11T17:06:22.896474+04:00,16.3
931,1893,14935377077000,994.0,1.00,25855.604,26619.741,1789131982910.367,2026-09-11T17:06:22.910367+04:00,16.3
932,1894,14935390970000,994.0,1.00,25869.497,26633.634,1789131982924.260,2026-09-11T17:06:22.924260+04:00,16.3
933,1898,14935446546000,994.0,1.00,25925.073,26689.210,1789131982979.836,2026-09-11T17:06:22.979836+04:00,16.3
934,1899,14935460439000,994.0,1.00,25938.966,26703.103,1789131982993.729,2026-09-11T17:06:22.993729+04:00,16.3
935,1900,14935474332000,994.0,1.00,25952.859,26716.996,1789131983007.622,2026-09-11T17:06:23.007622+04:00,16.3
936,1904,14935529906000,994.0,1.00,26008.433,26772.570,1789131983063.196,2026-09-11T17:06:23.063196+04:00,16.4
937,1905,14935543798000,994.0,1.00,26022.325,26786.462,1789131983077.088,2026-09-11T17:06:23.077088+04:00,16.4
938,1906,14935557692000,994.0,1.00,26036.219,26800.356,1789131983090.982,2026-09-11T17:06:23.090982+04:00,16.4
939,1910,14935613267000,994.0,1.00,26091.794,26855.931,1789131983146.557,2026-09-11T17:06:23.146557+04:00,16.4
940,1911,14935627159000,994.0,1.00,26105.686,26869.823,1789131983160.449,2026-09-11T17:06:23.160449+04:00,16.4
941,1912,14935641053000,994.0,1.00,26119.580,26883.717,1789131983174.343,2026-09-11T17:06:23.174343+04:00,16.4
942,1916,14935696626000,994.0,1.00,26175.153,26939.290,1789131983229.916,2026-09-11T17:06:23.229916+04:00,16.4
943,1917,14935710519000,994.0,1.00,26189.046,26953.183,1789131983243.809,2026-09-11T17:06:23.243809+04:00,16.4
944,1918,14935724411000,994.0,1.00,26202.938,26967.075,1789131983257.701,2026-09-11T17:06:23.257701+04:00,16.4
945,1922,14935779989000,994.0,1.00,26258.516,27022.653,1789131983313.279,2026-09-11T17:06:23.313279+04:00,16.4
946,1923,14935793879000,994.0,1.00,26272.406,27036.543,1789131983327.169,2026-09-11T17:06:23.327169+04:00,16.3
947,1924,14935807772000,994.0,1.00,26286.299,27050.436,1789131983341.062,2026-09-11T17:06:23.341062+04:00,16.3
948,1928,14935863348000,994.0,1.00,26341.875,27106.012,1789131983396.638,2026-09-11T17:06:23.396638+04:00,16.3
949,1929,14935877240000,994.0,1.00,26355.767,27119.904,1789131983410.530,2026-09-11T17:06:23.410530+04:00,16.3
950,1930,14935891133000,994.0,1.00,26369.660,27133.797,1789131983424.423,2026-09-11T17:06:23.424423+04:00,16.3
951,1934,14935946707000,994.0,1.00,26425.234,27189.371,1789131983479.997,2026-09-11T17:06:23.479997+04:00,16.2
952,1935,14935960600000,994.0,1.00,26439.127,27203.264,1789131983493.890,2026-09-11T17:06:23.493890+04:00,16.2
953,1936,14935974494000,994.0,1.00,26453.021,27217.158,1789131983507.784,2026-09-11T17:06:23.507784+04:00,16.2
954,1940,14936030068000,994.0,1.00,26508.595,27272.732,1789131983563.358,2026-09-11T17:06:23.563358+04:00,16.2
955,1941,14936043961000,994.0,1.00,26522.488,27286.625,1789131983577.251,2026-09-11T17:06:23.577251+04:00,16.2
956,1942,14936057855000,994.0,1.00,26536.382,27300.519,1789131983591.145,2026-09-11T17:06:23.591145+04:00,16.1
957,1946,14936113429000,994.0,1.00,26591.956,27356.093,1789131983646.719,2026-09-11T17:06:23.646719+04:00,16.1
958,1947,14936127321000,994.0,1.00,26605.848,27369.985,1789131983660.611,2026-09-11T17:06:23.660611+04:00,16.1
959,1948,14936141215000,994.0,1.00,26619.742,27383.879,1789131983674.505,2026-09-11T17:06:23.674505+04:00,16.1
960,1952,14936196789000,994.0,1.00,26675.316,27439.453,1789131983730.079,2026-09-11T17:06:23.730079+04:00,16.1
961,1953,14936210681000,994.0,1.00,26689.208,27453.345,1789131983743.971,2026-09-11T17:06:23.743971+04:00,16.1
962,1954,14936224576000,994.0,1.00,26703.103,27467.240,1789131983757.866,2026-09-11T17:06:23.757866+04:00,16.1
963,1958,14936280150000,994.0,1.00,26758.677,27522.814,1789131983813.440,2026-09-11T17:06:23.813440+04:00,16.1
964,1959,14936294042000,994.0,1.00,26772.569,27536.706,1789131983827.332,2026-09-11T17:06:23.827332+04:00,16.1
965,1960,14936307936000,994.0,1.00,26786.463,27550.600,1789131983841.226,2026-09-11T17:06:23.841226+04:00,16.1
966,1964,14936363510000,994.0,1.00,26842.037,27606.174,1789131983896.800,2026-09-11T17:06:23.896800+04:00,16.1
967,1965,14936377403000,994.0,1.00,26855.930,27620.067,1789131983910.693,2026-09-11T17:06:23.910693+04:00,16.1
968,1966,14936391296000,994.0,1.00,26869.823,27633.960,1789131983924.586,2026-09-11T17:06:23.924586+04:00,16.1
969,1970,14936446870000,994.0,1.00,26925.397,27689.534,1789131983980.160,2026-09-11T17:06:23.980160+04:00,16.2
970,1971,14936460763000,994.0,1.00,26939.290,27703.427,1789131983994.053,2026-09-11T17:06:23.994053+04:00,16.2
971,1972,14936474657000,994.0,1.00,26953.184,27717.321,1789131984007.947,2026-09-11T17:06:24.007947+04:00,16.2
972,1976,14936530231000,994.0,1.00,27008.758,27772.895,1789131984063.521,2026-09-11T17:06:24.063521+04:00,16.3
973,1977,14936544124000,994.0,1.00,27022.651,27786.788,1789131984077.414,2026-09-11T17:06:24.077414+04:00,16.3
974,1978,14936558016000,994.0,1.00,27036.543,27800.680,1789131984091.306,2026-09-11T17:06:24.091306+04:00,16.3
975,1982,14936613590000,994.0,1.00,27092.117,27856.254,1789131984146.880,2026-09-11T17:06:24.146880+04:00,16.2
976,1983,14936627484000,994.0,1.00,27106.011,27870.148,1789131984160.774,2026-09-11T17:06:24.160774+04:00,16.3
977,1984,14936641377000,994.0,1.00,27119.904,27884.041,1789131984174.667,2026-09-11T17:06:24.174667+04:00,16.3
978,1988,14936696951000,994.0,1.00,27175.478,27939.615,1789131984230.241,2026-09-11T17:06:24.230241+04:00,16.4
979,1989,14936710849000,994.0,1.00,27189.376,27953.513,1789131984244.139,2026-09-11T17:06:24.244139+04:00,16.4
980,1990,14936724737000,994.0,1.00,27203.264,27967.401,1789131984258.027,2026-09-11T17:06:24.258027+04:00,16.4
981,1994,14936780311000,994.0,1.00,27258.838,28022.975,1789131984313.601,2026-09-11T17:06:24.313601+04:00,16.5
982,1995,14936794204000,994.0,1.00,27272.731,28036.868,1789131984327.494,2026-09-11T17:06:24.327494+04:00,16.5
983,1996,14936808098000,994.0,1.00,27286.625,28050.762,1789131984341.388,2026-09-11T17:06:24.341388+04:00,16.5
984,2000,14936863674000,994.0,1.00,27342.201,28106.338,1789131984396.964,2026-09-11T17:06:24.396964+04:00,16.5
985,2001,14936877565000,994.0,1.00,27356.092,28120.229,1789131984410.855,2026-09-11T17:06:24.410855+04:00,16.6
986,2002,14936891458000,994.0,1.00,27369.985,28134.122,1789131984424.748,2026-09-11T17:06:24.424748+04:00,16.7
987,2006,14936947034000,994.0,1.00,27425.561,28189.698,1789131984480.324,2026-09-11T17:06:24.480324+04:00,16.7
988,2007,14936960926000,994.0,1.00,27439.453,28203.590,1789131984494.216,2026-09-11T17:06:24.494216+04:00,16.6
989,2008,14936974818000,994.0,1.00,27453.345,28217.482,1789131984508.108,2026-09-11T17:06:24.508108+04:00,16.6
990,2012,14937030393000,994.0,1.00,27508.920,28273.057,1789131984563.683,2026-09-11T17:06:24.563683+04:00,16.4
991,2013,14937044288000,994.0,1.00,27522.815,28286.952,1789131984577.578,2026-09-11T17:06:24.577578+04:00,16.4
992,2014,14937058178000,994.0,1.00,27536.705,28300.842,1789131984591.468,2026-09-11T17:06:24.591468+04:00,16.4
993,2018,14937113754000,994.0,1.00,27592.281,28356.418,1789131984647.044,2026-09-11T17:06:24.647044+04:00,16.3
994,2019,14937127646000,994.0,1.00,27606.173,28370.310,1789131984660.936,2026-09-11T17:06:24.660936+04:00,16.3
995,2020,14937141539000,994.0,1.00,27620.066,28384.203,1789131984674.829,2026-09-11T17:06:24.674829+04:00,16.3
996,2024,14937197114000,994.0,1.00,27675.641,28439.778,1789131984730.404,2026-09-11T17:06:24.730404+04:00,16.3
997,2025,14937211006000,994.0,1.00,27689.533,28453.670,1789131984744.296,2026-09-11T17:06:24.744296+04:00,16.4
998,2026,14937224899000,994.0,1.00,27703.426,28467.563,1789131984758.189,2026-09-11T17:06:24.758189+04:00,16.4
999,2030,14937280474000,994.0,1.00,27759.001,28523.138,1789131984813.764,2026-09-11T17:06:24.813764+04:00,16.4
1000,2031,14937294367000,994.0,1.00,27772.894,28537.031,1789131984827.657,2026-09-11T17:06:24.827657+04:00,16.5
1001,2032,14937308260000,994.0,1.00,27786.787,28550.924,1789131984841.550,2026-09-11T17:06:24.841550+04:00,16.5
1002,2036,14937363837000,994.0,1.00,27842.364,28606.501,1789131984897.127,2026-09-11T17:06:24.897127+04:00,16.5
1003,2037,14937377728000,994.0,1.00,27856.255,28620.392,1789131984911.018,2026-09-11T17:06:24.911018+04:00,16.5
1004,2038,14937391624000,994.0,1.00,27870.151,28634.288,1789131984924.914,2026-09-11T17:06:24.924914+04:00,16.5
1005,2042,14937447199000,994.0,1.00,27925.726,28689.863,1789131984980.489,2026-09-11T17:06:24.980489+04:00,16.4
1006,2043,14937461088000,994.0,1.00,27939.615,28703.752,1789131984994.378,2026-09-11T17:06:24.994378+04:00,16.4
1007,2044,14937474980000,994.0,1.00,27953.507,28717.644,1789131985008.270,2026-09-11T17:06:25.008270+04:00,16.3
1008,2048,14937530555000,994.0,1.00,28009.082,28773.219,1789131985063.845,2026-09-11T17:06:25.063845+04:00,16.3
1009,2049,14937544452000,994.0,1.00,28022.979,28787.116,1789131985077.742,2026-09-11T17:06:25.077742+04:00,16.3
1010,2050,14937558341000,994.0,1.00,28036.868,28801.005,1789131985091.631,2026-09-11T17:06:25.091631+04:00,16.3
1011,2054,14937613916000,994.0,1.00,28092.443,28856.580,1789131985147.206,2026-09-11T17:06:25.147206+04:00,16.3
1012,2055,14937627807000,994.0,1.00,28106.334,28870.471,1789131985161.097,2026-09-11T17:06:25.161097+04:00,16.3
1013,2056,14937641701000,994.0,1.00,28120.228,28884.365,1789131985174.991,2026-09-11T17:06:25.174991+04:00,16.3
1014,2060,14937697277000,994.0,1.00,28175.804,28939.941,1789131985230.567,2026-09-11T17:06:25.230567+04:00,16.3
1015,2061,14937711168000,994.0,1.00,28189.695,28953.832,1789131985244.458,2026-09-11T17:06:25.244458+04:00,16.3
1016,2062,14937725063000,994.0,1.00,28203.590,28967.727,1789131985258.353,2026-09-11T17:06:25.258353+04:00,16.3
1017,2066,14937780636000,994.0,1.00,28259.163,29023.300,1789131985313.926,2026-09-11T17:06:25.313926+04:00,16.3
1018,2067,14937794528000,994.0,1.00,28273.055,29037.192,1789131985327.818,2026-09-11T17:06:25.327818+04:00,16.3
1019,2068,14937808422000,994.0,1.00,28286.949,29051.086,1789131985341.712,2026-09-11T17:06:25.341712+04:00,16.3
1020,2072,14937863999000,994.0,1.00,28342.526,29106.663,1789131985397.289,2026-09-11T17:06:25.397289+04:00,16.3
1021,2073,14937877890000,994.0,1.00,28356.417,29120.554,1789131985411.180,2026-09-11T17:06:25.411180+04:00,16.3
1022,2074,14937891783000,994.0,1.00,28370.310,29134.447,1789131985425.073,2026-09-11T17:06:25.425073+04:00,16.3
1023,2078,14937947360000,994.0,1.00,28425.887,29190.024,1789131985480.650,2026-09-11T17:06:25.480650+04:00,16.3
1024,2079,14937961249000,994.0,1.00,28439.776,29203.913,1789131985494.539,2026-09-11T17:06:25.494539+04:00,16.3
1025,2080,14937975142000,994.0,1.00,28453.669,29217.806,1789131985508.432,2026-09-11T17:06:25.508432+04:00,16.3
1026,2084,14938030716000,994.0,1.00,28509.243,29273.380,1789131985564.006,2026-09-11T17:06:25.564006+04:00,16.3
1027,2085,14938044610000,994.0,1.00,28523.137,29287.274,1789131985577.900,2026-09-11T17:06:25.577900+04:00,16.3
1028,2086,14938058503000,994.0,1.00,28537.030,29301.167,1789131985591.793,2026-09-11T17:06:25.591793+04:00,16.3
1029,2090,14938114078000,994.0,1.00,28592.605,29356.742,1789131985647.368,2026-09-11T17:06:25.647368+04:00,16.3
1030,2091,14938127970000,994.0,1.00,28606.497,29370.634,1789131985661.260,2026-09-11T17:06:25.661260+04:00,16.3
1031,2092,14938141864000,994.0,1.00,28620.391,29384.528,1789131985675.154,2026-09-11T17:06:25.675154+04:00,16.3
1032,2096,14938197438000,994.0,1.00,28675.965,29440.102,1789131985730.728,2026-09-11T17:06:25.730728+04:00,16.3
1033,2097,14938211334000,994.0,1.00,28689.861,29453.998,1789131985744.624,2026-09-11T17:06:25.744624+04:00,16.3
1034,2098,14938225225000,994.0,1.00,28703.752,29467.889,1789131985758.515,2026-09-11T17:06:25.758515+04:00,16.3
1035,2102,14938280800000,994.0,1.00,28759.327,29523.464,1789131985814.090,2026-09-11T17:06:25.814090+04:00,16.3
1036,2103,14938294692000,994.0,1.00,28773.219,29537.356,1789131985827.982,2026-09-11T17:06:25.827982+04:00,16.3
1037,2104,14938308585000,994.0,1.00,28787.112,29551.249,1789131985841.875,2026-09-11T17:06:25.841875+04:00,16.3
1038,2108,14938364160000,994.0,1.00,28842.687,29606.824,1789131985897.450,2026-09-11T17:06:25.897450+04:00,16.3
1039,2109,14938378052000,994.0,1.00,28856.579,29620.716,1789131985911.342,2026-09-11T17:06:25.911342+04:00,16.3
1040,2110,14938391946000,994.0,1.00,28870.473,29634.610,1789131985925.236,2026-09-11T17:06:25.925236+04:00,16.3
1041,2114,14938447521000,994.0,1.00,28926.048,29690.185,1789131985980.811,2026-09-11T17:06:25.980811+04:00,16.2
1042,2115,14938461412000,994.0,1.00,28939.939,29704.076,1789131985994.702,2026-09-11T17:06:25.994702+04:00,16.2
1043,2116,14938475306000,994.0,1.00,28953.833,29717.970,1789131986008.596,2026-09-11T17:06:26.008596+04:00,16.2
1044,2120,14938530884000,994.0,1.00,29009.411,29773.548,1789131986064.174,2026-09-11T17:06:26.064174+04:00,16.2
1045,2121,14938544773000,994.0,1.00,29023.300,29787.437,1789131986078.063,2026-09-11T17:06:26.078063+04:00,16.2
1046,2122,14938558666000,994.0,1.00,29037.193,29801.330,1789131986091.956,2026-09-11T17:06:26.091956+04:00,16.2
1047,2126,14938614241000,994.0,1.00,29092.768,29856.905,1789131986147.531,2026-09-11T17:06:26.147531+04:00,16.2
1048,2127,14938628135000,994.0,1.00,29106.662,29870.799,1789131986161.425,2026-09-11T17:06:26.161425+04:00,16.2
1049,2128,14938642027000,994.0,1.00,29120.554,29884.691,1789131986175.317,2026-09-11T17:06:26.175317+04:00,16.2
1050,2132,14938697601000,994.0,1.00,29176.128,29940.265,1789131986230.891,2026-09-11T17:06:26.230891+04:00,16.2
1051,2133,14938711494000,994.0,1.00,29190.021,29954.158,1789131986244.784,2026-09-11T17:06:26.244784+04:00,16.2
1052,2134,14938725388000,994.0,1.00,29203.915,29968.052,1789131986258.678,2026-09-11T17:06:26.258678+04:00,16.2
1053,2138,14938780962000,994.0,1.00,29259.489,30023.626,1789131986314.252,2026-09-11T17:06:26.314252+04:00,16.2
1054,2139,14938794855000,994.0,1.00,29273.382,30037.519,1789131986328.145,2026-09-11T17:06:26.328145+04:00,16.2
1055,2140,14938808748000,994.0,1.00,29287.275,30051.412,1789131986342.038,2026-09-11T17:06:26.342038+04:00,16.2
1056,2144,14938864322000,994.0,1.00,29342.849,30106.986,1789131986397.612,2026-09-11T17:06:26.397612+04:00,16.1
1057,2145,14938878215000,994.0,1.00,29356.742,30120.879,1789131986411.505,2026-09-11T17:06:26.411505+04:00,16.1
1058,2146,14938892108000,994.0,1.00,29370.635,30134.772,1789131986425.398,2026-09-11T17:06:26.425398+04:00,16.1
1059,2150,14938947686000,994.0,1.00,29426.213,30190.350,1789131986480.976,2026-09-11T17:06:26.480976+04:00,16.1
1060,2151,14938961575000,994.0,1.00,29440.102,30204.239,1789131986494.865,2026-09-11T17:06:26.494865+04:00,16.1
1061,2152,14938975469000,994.0,1.00,29453.996,30218.133,1789131986508.759,2026-09-11T17:06:26.508759+04:00,16.1
1062,2156,14939031046000,994.0,1.00,29509.573,30273.710,1789131986564.336,2026-09-11T17:06:26.564336+04:00,16.0
1063,2157,14939044935000,994.0,1.00,29523.462,30287.599,1789131986578.225,2026-09-11T17:06:26.578225+04:00,16.0
1064,2158,14939058828000,994.0,1.00,29537.355,30301.492,1789131986592.118,2026-09-11T17:06:26.592118+04:00,16.0
1065,2162,14939114404000,994.0,1.00,29592.931,30357.068,1789131986647.694,2026-09-11T17:06:26.647694+04:00,16.0
1066,2163,14939128297000,994.0,1.00,29606.824,30370.961,1789131986661.587,2026-09-11T17:06:26.661587+04:00,16.0
1067,2164,14939142189000,994.0,1.00,29620.716,30384.853,1789131986675.479,2026-09-11T17:06:26.675479+04:00,16.0
1068,2168,14939197763000,994.0,1.00,29676.290,30440.427,1789131986731.053,2026-09-11T17:06:26.731053+04:00,16.0
1069,2169,14939211657000,994.0,1.00,29690.184,30454.321,1789131986744.947,2026-09-11T17:06:26.744947+04:00,16.0
1070,2170,14939225550000,994.0,1.00,29704.077,30468.214,1789131986758.840,2026-09-11T17:06:26.758840+04:00,16.0
1071,2174,14939281124000,994.0,1.00,29759.651,30523.788,1789131986814.414,2026-09-11T17:06:26.814414+04:00,15.9
1072,2175,14939295018000,994.0,1.00,29773.545,30537.682,1789131986828.308,2026-09-11T17:06:26.828308+04:00,15.9
1073,2176,14939308911000,994.0,1.00,29787.438,30551.575,1789131986842.201,2026-09-11T17:06:26.842201+04:00,15.9
1074,2180,14939364485000,994.0,1.00,29843.012,30607.149,1789131986897.775,2026-09-11T17:06:26.897775+04:00,15.9
1075,2181,14939378379000,994.0,1.00,29856.906,30621.043,1789131986911.669,2026-09-11T17:06:26.911669+04:00,15.9
1076,2182,14939392270000,994.0,1.00,29870.797,30634.934,1789131986925.560,2026-09-11T17:06:26.925560+04:00,15.9
1077,2186,14939447845000,994.0,1.00,29926.372,30690.509,1789131986981.135,2026-09-11T17:06:26.981135+04:00,15.9
1078,2187,14939461737000,994.0,1.00,29940.264,30704.401,1789131986995.027,2026-09-11T17:06:26.995027+04:00,15.9
1079,2188,14939475630000,994.0,1.00,29954.157,30718.294,1789131987008.920,2026-09-11T17:06:27.008920+04:00,16.0
1080,2192,14939531205000,994.0,1.00,30009.732,30773.869,1789131987064.495,2026-09-11T17:06:27.064495+04:00,16.0
1081,2193,14939545098000,994.0,1.00,30023.625,30787.762,1789131987078.388,2026-09-11T17:06:27.078388+04:00,16.0
1082,2194,14939558991000,994.0,1.00,30037.518,30801.655,1789131987092.281,2026-09-11T17:06:27.092281+04:00,16.0
1083,2198,14939614569000,994.0,1.00,30093.096,30857.233,1789131987147.859,2026-09-11T17:06:27.147859+04:00,16.1
1084,2199,14939628459000,994.0,1.00,30106.986,30871.123,1789131987161.749,2026-09-11T17:06:27.161749+04:00,16.1
1085,2200,14939642352000,994.0,1.00,30120.879,30885.016,1789131987175.642,2026-09-11T17:06:27.175642+04:00,16.1
1086,2204,14939697927000,994.0,1.00,30176.454,30940.591,1789131987231.217,2026-09-11T17:06:27.231217+04:00,16.2
1087,2205,14939711820000,994.0,1.00,30190.347,30954.484,1789131987245.110,2026-09-11T17:06:27.245110+04:00,16.2
1088,2206,14939725713000,994.0,1.00,30204.240,30968.377,1789131987259.003,2026-09-11T17:06:27.259003+04:00,16.3
1089,2210,14939781287000,994.0,1.00,30259.814,31023.951,1789131987314.577,2026-09-11T17:06:27.314577+04:00,16.4
1090,2211,14939795180000,994.0,1.00,30273.707,31037.844,1789131987328.470,2026-09-11T17:06:27.328470+04:00,16.4
1091,2212,14939809073000,994.0,1.00,30287.600,31051.737,1789131987342.363,2026-09-11T17:06:27.342363+04:00,16.4
1092,2216,14939864647000,994.0,1.00,30343.174,31107.311,1789131987397.937,2026-09-11T17:06:27.397937+04:00,16.6
1093,2217,14939878540000,994.0,1.00,30357.067,31121.204,1789131987411.830,2026-09-11T17:06:27.411830+04:00,16.6
1094,2218,14939892433000,994.0,1.00,30370.960,31135.097,1789131987425.723,2026-09-11T17:06:27.425723+04:00,16.6
1095,2222,14939948024000,994.0,1.00,30426.551,31190.688,1789131987481.314,2026-09-11T17:06:27.481314+04:00,16.7
1096,2223,14939961901000,994.0,1.00,30440.428,31204.565,1789131987495.191,2026-09-11T17:06:27.495191+04:00,16.7
1097,2224,14939975793000,994.0,1.00,30454.320,31218.457,1789131987509.083,2026-09-11T17:06:27.509083+04:00,16.8
1098,2228,14940031368000,994.0,1.00,30509.895,31274.032,1789131987564.658,2026-09-11T17:06:27.564658+04:00,16.7
1099,2229,14940045261000,994.0,1.00,30523.788,31287.925,1789131987578.551,2026-09-11T17:06:27.578551+04:00,16.7
1100,2230,14940059153000,994.0,1.00,30537.680,31301.817,1789131987592.443,2026-09-11T17:06:27.592443+04:00,16.7
1101,2234,14940114728000,994.0,1.00,30593.255,31357.392,1789131987648.018,2026-09-11T17:06:27.648018+04:00,16.7
1102,2235,14940128622000,994.0,1.00,30607.149,31371.286,1789131987661.912,2026-09-11T17:06:27.661912+04:00,16.7
1103,2236,14940142514000,994.0,1.00,30621.041,31385.178,1789131987675.804,2026-09-11T17:06:27.675804+04:00,16.7
1104,2240,14940198089000,994.0,1.00,30676.616,31440.753,1789131987731.379,2026-09-11T17:06:27.731379+04:00,16.7
1105,2241,14940211982000,994.0,1.00,30690.509,31454.646,1789131987745.272,2026-09-11T17:06:27.745272+04:00,16.7
1106,2242,14940225875000,994.0,1.00,30704.402,31468.539,1789131987759.165,2026-09-11T17:06:27.759165+04:00,16.7
1107,2246,14940281449000,994.0,1.00,30759.976,31524.113,1789131987814.739,2026-09-11T17:06:27.814739+04:00,16.5
1108,2247,14940295342000,994.0,1.00,30773.869,31538.006,1789131987828.632,2026-09-11T17:06:27.828632+04:00,16.5
1109,2248,14940309237000,994.0,1.00,30787.764,31551.901,1789131987842.527,2026-09-11T17:06:27.842527+04:00,16.5
1110,2252,14940364809000,994.0,1.00,30843.336,31607.473,1789131987898.099,2026-09-11T17:06:27.898099+04:00,16.4
1111,2253,14940378702000,994.0,1.00,30857.229,31621.366,1789131987911.992,2026-09-11T17:06:27.911992+04:00,16.3
1112,2254,14940392595000,994.0,1.00,30871.122,31635.259,1789131987925.885,2026-09-11T17:06:27.925885+04:00,16.3
1113,2258,14940448170000,994.0,1.00,30926.697,31690.834,1789131987981.460,2026-09-11T17:06:27.981460+04:00,16.2
1114,2259,14940462061000,994.0,1.00,30940.588,31704.725,1789131987995.351,2026-09-11T17:06:27.995351+04:00,16.2
1115,2260,14940475959000,994.0,1.00,30954.486,31718.623,1789131988009.249,2026-09-11T17:06:28.009249+04:00,16.2
1116,2264,14940531529000,994.0,1.00,31010.056,31774.193,1789131988064.819,2026-09-11T17:06:28.064819+04:00,16.1
1117,2265,14940545424000,994.0,1.00,31023.951,31788.088,1789131988078.714,2026-09-11T17:06:28.078714+04:00,16.1
1118,2266,14940559316000,994.0,1.00,31037.843,31801.980,1789131988092.606,2026-09-11T17:06:28.092606+04:00,16.1
1119,2270,14940614893000,994.0,1.00,31093.420,31857.557,1789131988148.183,2026-09-11T17:06:28.148183+04:00,16.1
1120,2271,14940628784000,994.0,1.00,31107.311,31871.448,1789131988162.074,2026-09-11T17:06:28.162074+04:00,16.1
1121,2272,14940642677000,994.0,1.00,31121.204,31885.341,1789131988175.967,2026-09-11T17:06:28.175967+04:00,16.1
1122,2276,14940698255000,994.0,1.00,31176.782,31940.919,1789131988231.545,2026-09-11T17:06:28.231545+04:00,16.2
1123,2277,14940712144000,994.0,1.00,31190.671,31954.808,1789131988245.434,2026-09-11T17:06:28.245434+04:00,16.1
1124,2278,14940726036000,994.0,1.00,31204.563,31968.700,1789131988259.326,2026-09-11T17:06:28.259326+04:00,16.0
1125,2282,14940781612000,994.0,1.00,31260.139,32024.276,1789131988314.902,2026-09-11T17:06:28.314902+04:00,16.0
1126,2283,14940795504000,994.0,1.00,31274.031,32038.168,1789131988328.794,2026-09-11T17:06:28.328794+04:00,16.0
1127,2284,14940809399000,994.0,1.00,31287.926,32052.063,1789131988342.689,2026-09-11T17:06:28.342689+04:00,16.0
1128,2288,14940864972000,994.0,1.00,31343.499,32107.636,1789131988398.262,2026-09-11T17:06:28.398262+04:00,16.0
1129,2289,14940878865000,994.0,1.00,31357.392,32121.529,1789131988412.155,2026-09-11T17:06:28.412155+04:00,16.1
1130,2290,14940892760000,994.0,1.00,31371.287,32135.424,1789131988426.050,2026-09-11T17:06:28.426050+04:00,16.1
1131,2294,14940948332000,994.0,1.00,31426.859,32190.996,1789131988481.622,2026-09-11T17:06:28.481622+04:00,16.0
1132,2295,14940962225000,994.0,1.00,31440.752,32204.889,1789131988495.515,2026-09-11T17:06:28.495515+04:00,16.0
1133,2296,14940976119000,994.0,1.00,31454.646,32218.783,1789131988509.409,2026-09-11T17:06:28.509409+04:00,16.0
1134,2300,14941031691000,994.0,1.00,31510.218,32274.355,1789131988564.981,2026-09-11T17:06:28.564981+04:00,16.2
1135,2301,14941045585000,994.0,1.00,31524.112,32288.249,1789131988578.875,2026-09-11T17:06:28.578875+04:00,16.3
1136,2302,14941059479000,994.0,1.00,31538.006,32302.143,1789131988592.769,2026-09-11T17:06:28.592769+04:00,16.3
1137,2306,14941115052000,994.0,1.00,31593.579,32357.716,1789131988648.342,2026-09-11T17:06:28.648342+04:00,16.3
1138,2307,14941128945000,994.0,1.00,31607.472,32371.609,1789131988662.235,2026-09-11T17:06:28.662235+04:00,16.3
1139,2308,14941142839000,994.0,1.00,31621.366,32385.503,1789131988676.129,2026-09-11T17:06:28.676129+04:00,16.3
1140,2312,14941198414000,994.0,1.00,31676.941,32441.078,1789131988731.704,2026-09-11T17:06:28.731704+04:00,16.3
1141,2313,14941212308000,994.0,1.00,31690.835,32454.972,1789131988745.598,2026-09-11T17:06:28.745598+04:00,16.3
1142,2314,14941226200000,994.0,1.00,31704.727,32468.864,1789131988759.490,2026-09-11T17:06:28.759490+04:00,16.3
1143,2318,14941281774000,994.0,1.00,31760.301,32524.438,1789131988815.064,2026-09-11T17:06:28.815064+04:00,16.4
1144,2319,14941295670000,994.0,1.00,31774.197,32538.334,1789131988828.960,2026-09-11T17:06:28.828960+04:00,16.4
1145,2320,14941309564000,994.0,1.00,31788.091,32552.228,1789131988842.854,2026-09-11T17:06:28.842854+04:00,16.4
1146,2324,14941365135000,994.0,1.00,31843.662,32607.799,1789131988898.425,2026-09-11T17:06:28.898425+04:00,16.4
1147,2325,14941379027000,994.0,1.00,31857.554,32621.691,1789131988912.317,2026-09-11T17:06:28.912317+04:00,16.4
1148,2326,14941392920000,994.0,1.00,31871.447,32635.584,1789131988926.210,2026-09-11T17:06:28.926210+04:00,16.4
1149,2330,14941448506000,994.0,1.00,31927.033,32691.170,1789131988981.796,2026-09-11T17:06:28.981796+04:00,16.3
1150,2331,14941462388000,994.0,1.00,31940.915,32705.052,1789131988995.678,2026-09-11T17:06:28.995678+04:00,16.3
1151,2332,14941476281000,994.0,1.00,31954.808,32718.945,1789131989009.571,2026-09-11T17:06:29.009571+04:00,16.3
1152,2336,14941531859000,994.0,1.00,32010.386,32774.523,1789131989065.149,2026-09-11T17:06:29.065149+04:00,16.2
1153,2337,14941545748000,994.0,1.00,32024.275,32788.412,1789131989079.038,2026-09-11T17:06:29.079038+04:00,16.1
1154,2338,14941559641000,994.0,1.00,32038.168,32802.305,1789131989092.931,2026-09-11T17:06:29.092931+04:00,16.1
1155,2342,14941615218000,994.0,1.00,32093.745,32857.882,1789131989148.508,2026-09-11T17:06:29.148508+04:00,16.1
1156,2343,14941629108000,994.0,1.00,32107.635,32871.772,1789131989162.398,2026-09-11T17:06:29.162398+04:00,16.0
1157,2344,14941643002000,994.0,1.00,32121.529,32885.666,1789131989176.292,2026-09-11T17:06:29.176292+04:00,16.0
1158,2348,14941698577000,994.0,1.00,32177.104,32941.241,1789131989231.867,2026-09-11T17:06:29.231867+04:00,15.8
1159,2349,14941712469000,994.0,1.00,32190.996,32955.133,1789131989245.759,2026-09-11T17:06:29.245759+04:00,15.7
1160,2350,14941726361000,994.0,1.00,32204.888,32969.025,1789131989259.651,2026-09-11T17:06:29.259651+04:00,15.7
1161,2354,14941781937000,994.0,1.00,32260.464,33024.601,1789131989315.227,2026-09-11T17:06:29.315227+04:00,15.6
1162,2355,14941795829000,994.0,1.00,32274.356,33038.493,1789131989329.119,2026-09-11T17:06:29.329119+04:00,15.6
1163,2356,14941809723000,994.0,1.00,32288.250,33052.387,1789131989343.013,2026-09-11T17:06:29.343013+04:00,15.6
1164,2360,14941865297000,994.0,1.00,32343.824,33107.961,1789131989398.587,2026-09-11T17:06:29.398587+04:00,15.6
1165,2361,14941879189000,994.0,1.00,32357.716,33121.853,1789131989412.479,2026-09-11T17:06:29.412479+04:00,15.6
1166,2362,14941893083000,994.0,1.00,32371.610,33135.747,1789131989426.373,2026-09-11T17:06:29.426373+04:00,15.6
1167,2366,14941948656000,994.0,1.00,32427.183,33191.320,1789131989481.946,2026-09-11T17:06:29.481946+04:00,15.6
1168,2367,14941962548000,994.0,1.00,32441.075,33205.212,1789131989495.838,2026-09-11T17:06:29.495838+04:00,15.6
1169,2368,14941976443000,994.0,1.00,32454.970,33219.107,1789131989509.733,2026-09-11T17:06:29.509733+04:00,15.6
1170,2372,14942032028000,994.0,1.00,32510.555,33274.692,1789131989565.318,2026-09-11T17:06:29.565318+04:00,15.6
1171,2373,14942045910000,994.0,1.00,32524.437,33288.574,1789131989579.200,2026-09-11T17:06:29.579200+04:00,15.6
1172,2374,14942059803000,994.0,1.00,32538.330,33302.467,1789131989593.093,2026-09-11T17:06:29.593093+04:00,15.6
1173,2378,14942115378000,994.0,1.00,32593.905,33358.042,1789131989648.668,2026-09-11T17:06:29.648668+04:00,15.7
1174,2379,14942129269000,994.0,1.00,32607.796,33371.933,1789131989662.559,2026-09-11T17:06:29.662559+04:00,15.8
1175,2380,14942143164000,994.0,1.00,32621.691,33385.828,1789131989676.454,2026-09-11T17:06:29.676454+04:00,16.0
1176,2384,14942198738000,994.0,1.00,32677.265,33441.402,1789131989732.028,2026-09-11T17:06:29.732028+04:00,16.1
1177,2385,14942212632000,994.0,1.00,32691.159,33455.296,1789131989745.922,2026-09-11T17:06:29.745922+04:00,16.1
1178,2386,14942226524000,994.0,1.00,32705.051,33469.188,1789131989759.814,2026-09-11T17:06:29.759814+04:00,16.1
1179,2390,14942282099000,994.0,1.00,32760.626,33524.763,1789131989815.389,2026-09-11T17:06:29.815389+04:00,16.2
1180,2391,14942295990000,994.0,1.00,32774.517,33538.654,1789131989829.280,2026-09-11T17:06:29.829280+04:00,16.2
1181,2392,14942309885000,994.0,1.00,32788.412,33552.549,1789131989843.175,2026-09-11T17:06:29.843175+04:00,16.2
1182,2396,14942365458000,994.0,1.00,32843.985,33608.122,1789131989898.748,2026-09-11T17:06:29.898748+04:00,16.3
1183,2397,14942379350000,994.0,1.00,32857.877,33622.014,1789131989912.640,2026-09-11T17:06:29.912640+04:00,16.3
1184,2398,14942393244000,994.0,1.00,32871.771,33635.908,1789131989926.534,2026-09-11T17:06:29.926534+04:00,16.3
1185,2402,14942448818000,994.0,1.00,32927.345,33691.482,1789131989982.108,2026-09-11T17:06:29.982108+04:00,16.2
1186,2403,14942462712000,994.0,1.00,32941.239,33705.376,1789131989996.002,2026-09-11T17:06:29.996002+04:00,16.2
1187,2404,14942476605000,994.0,1.00,32955.132,33719.269,1789131990009.895,2026-09-11T17:06:30.009895+04:00,16.1
1188,2408,14942532179000,994.0,1.00,33010.706,33774.843,1789131990065.469,2026-09-11T17:06:30.065469+04:00,16.0
1189,2409,14942546071000,994.0,1.00,33024.598,33788.735,1789131990079.361,2026-09-11T17:06:30.079361+04:00,16.0
1190,2410,14942559965000,994.0,1.00,33038.492,33802.629,1789131990093.255,2026-09-11T17:06:30.093255+04:00,16.0
1191,2414,14942615541000,994.0,1.00,33094.068,33858.205,1789131990148.831,2026-09-11T17:06:30.148831+04:00,15.9
1192,2415,14942629432000,994.0,1.00,33107.959,33872.096,1789131990162.722,2026-09-11T17:06:30.162722+04:00,15.9
1193,2416,14942643325000,994.0,1.00,33121.852,33885.989,1789131990176.615,2026-09-11T17:06:30.176615+04:00,15.9
1194,2420,14942698901000,994.0,1.00,33177.428,33941.565,1789131990232.191,2026-09-11T17:06:30.232191+04:00,15.9
1195,2421,14942712792000,994.0,1.00,33191.319,33955.456,1789131990246.082,2026-09-11T17:06:30.246082+04:00,15.9
1196,2422,14942726686000,994.0,1.00,33205.213,33969.350,1789131990259.976,2026-09-11T17:06:30.259976+04:00,15.9
1197,2426,14942782261000,994.0,1.00,33260.788,34024.925,1789131990315.551,2026-09-11T17:06:30.315551+04:00,15.9
1198,2427,14942796154000,994.0,1.00,33274.681,34038.818,1789131990329.444,2026-09-11T17:06:30.329444+04:00,15.9
1199,2428,14942810047000,994.0,1.00,33288.574,34052.711,1789131990343.337,2026-09-11T17:06:30.343337+04:00,15.9
1200,2432,14942865621000,994.0,1.00,33344.148,34108.285,1789131990398.911,2026-09-11T17:06:30.398911+04:00,16.0
1201,2433,14942879513000,994.0,1.00,33358.040,34122.177,1789131990412.803,2026-09-11T17:06:30.412803+04:00,16.0
1202,2434,14942893407000,994.0,1.00,33371.934,34136.071,1789131990426.697,2026-09-11T17:06:30.426697+04:00,16.0
1203,2438,14942948981000,994.0,1.00,33427.508,34191.645,1789131990482.271,2026-09-11T17:06:30.482271+04:00,16.0
1204,2439,14942962874000,994.0,1.00,33441.401,34205.538,1789131990496.164,2026-09-11T17:06:30.496164+04:00,15.9
1205,2440,14942976767000,994.0,1.00,33455.294,34219.431,1789131990510.057,2026-09-11T17:06:30.510057+04:00,15.9
1206,2444,14943032342000,994.0,1.00,33510.869,34275.006,1789131990565.632,2026-09-11T17:06:30.565632+04:00,15.7
1207,2445,14943046235000,994.0,1.00,33524.762,34288.899,1789131990579.525,2026-09-11T17:06:30.579525+04:00,15.7
1208,2446,14943060127000,994.0,1.00,33538.654,34302.791,1789131990593.417,2026-09-11T17:06:30.593417+04:00,15.7
1209,2450,14943115702000,994.0,1.00,33594.229,34358.366,1789131990648.992,2026-09-11T17:06:30.648992+04:00,15.7
1210,2451,14943129595000,994.0,1.00,33608.122,34372.259,1789131990662.885,2026-09-11T17:06:30.662885+04:00,15.8
1211,2452,14943143488000,994.0,1.00,33622.015,34386.152,1789131990676.778,2026-09-11T17:06:30.676778+04:00,15.8
1212,2456,14943199066000,994.0,1.00,33677.593,34441.730,1789131990732.356,2026-09-11T17:06:30.732356+04:00,15.9
1213,2457,14943212955000,994.0,1.00,33691.482,34455.619,1789131990746.245,2026-09-11T17:06:30.746245+04:00,15.9
1214,2458,14943226849000,994.0,1.00,33705.376,34469.513,1789131990760.139,2026-09-11T17:06:30.760139+04:00,15.9
1215,2462,14943282424000,994.0,1.00,33760.951,34525.088,1789131990815.714,2026-09-11T17:06:30.815714+04:00,16.2
1216,2463,14943296315000,994.0,1.00,33774.842,34538.979,1789131990829.605,2026-09-11T17:06:30.829605+04:00,16.3
1217,2464,14943310210000,994.0,1.00,33788.737,34552.874,1789131990843.500,2026-09-11T17:06:30.843500+04:00,16.3
1218,2468,14943365784000,994.0,1.00,33844.311,34608.448,1789131990899.074,2026-09-11T17:06:30.899074+04:00,16.3
1219,2469,14943379678000,994.0,1.00,33858.205,34622.342,1789131990912.968,2026-09-11T17:06:30.912968+04:00,16.3
1220,2470,14943393573000,994.0,1.00,33872.100,34636.237,1789131990926.863,2026-09-11T17:06:30.926863+04:00,16.3
1221,2474,14943449144000,994.0,1.00,33927.671,34691.808,1789131990982.434,2026-09-11T17:06:30.982434+04:00,16.2
1222,2475,14943463036000,994.0,1.00,33941.563,34705.700,1789131990996.326,2026-09-11T17:06:30.996326+04:00,16.2
1223,2476,14943476930000,994.0,1.00,33955.457,34719.594,1789131991010.220,2026-09-11T17:06:31.010220+04:00,16.2
1224,2480,14943532505000,994.0,1.00,34011.032,34775.169,1789131991065.795,2026-09-11T17:06:31.065795+04:00,16.1
1225,2481,14943546397000,994.0,1.00,34024.924,34789.061,1789131991079.687,2026-09-11T17:06:31.079687+04:00,16.1
1226,2482,14943560291000,994.0,1.00,34038.818,34802.955,1789131991093.581,2026-09-11T17:06:31.093581+04:00,16.1
1227,2486,14943615868000,994.0,1.00,34094.395,34858.532,1789131991149.158,2026-09-11T17:06:31.149158+04:00,16.1
1228,2487,14943629757000,994.0,1.00,34108.284,34872.421,1789131991163.047,2026-09-11T17:06:31.163047+04:00,16.0
1229,2488,14943643650000,994.0,1.00,34122.177,34886.314,1789131991176.940,2026-09-11T17:06:31.176940+04:00,16.0
1230,2492,14943699229000,994.0,1.00,34177.756,34941.893,1789131991232.519,2026-09-11T17:06:31.232519+04:00,16.0
1231,2493,14943713120000,994.0,1.00,34191.647,34955.784,1789131991246.410,2026-09-11T17:06:31.246410+04:00,16.0
1232,2494,14943727013000,994.0,1.00,34205.540,34969.677,1789131991260.303,2026-09-11T17:06:31.260303+04:00,16.0
1233,2498,14943782588000,994.0,1.00,34261.115,35025.252,1789131991315.878,2026-09-11T17:06:31.315878+04:00,16.0
1234,2499,14943796478000,994.0,1.00,34275.005,35039.142,1789131991329.768,2026-09-11T17:06:31.329768+04:00,16.0
1235,2500,14943810371000,994.0,1.00,34288.898,35053.035,1789131991343.661,2026-09-11T17:06:31.343661+04:00,16.0
1236,2504,14943865947000,994.0,1.00,34344.474,35108.611,1789131991399.237,2026-09-11T17:06:31.399237+04:00,16.1
1237,2505,14943879838000,994.0,1.00,34358.365,35122.502,1789131991413.128,2026-09-11T17:06:31.413128+04:00,16.1
1238,2506,14943893733000,994.0,1.00,34372.260,35136.397,1789131991427.023,2026-09-11T17:06:31.427023+04:00,16.1
1239,2510,14943949306000,994.0,1.00,34427.833,35191.970,1789131991482.596,2026-09-11T17:06:31.482596+04:00,16.0
1240,2511,14943963200000,994.0,1.00,34441.727,35205.864,1789131991496.490,2026-09-11T17:06:31.496490+04:00,16.0
1241,2512,14943977094000,994.0,1.00,34455.621,35219.758,1789131991510.384,2026-09-11T17:06:31.510384+04:00,16.0
1242,2516,14944032667000,994.0,1.00,34511.194,35275.331,1789131991565.957,2026-09-11T17:06:31.565957+04:00,16.2
1243,2517,14944046560000,994.0,1.00,34525.087,35289.224,1789131991579.850,2026-09-11T17:06:31.579850+04:00,16.2
1244,2518,14944060455000,994.0,1.00,34538.982,35303.119,1789131991593.745,2026-09-11T17:06:31.593745+04:00,16.3
1245,2522,14944116029000,994.0,1.00,34594.556,35358.693,1789131991649.319,2026-09-11T17:06:31.649319+04:00,16.4
1246,2523,14944129920000,994.0,1.00,34608.447,35372.584,1789131991663.210,2026-09-11T17:06:31.663210+04:00,16.4
1247,2524,14944143815000,994.0,1.00,34622.342,35386.479,1789131991677.105,2026-09-11T17:06:31.677105+04:00,16.4
1248,2528,14944199392000,994.0,1.00,34677.919,35442.056,1789131991732.682,2026-09-11T17:06:31.732682+04:00,16.4
1249,2529,14944213282000,994.0,1.00,34691.809,35455.946,1789131991746.572,2026-09-11T17:06:31.746572+04:00,16.4
1250,2530,14944227175000,994.0,1.00,34705.702,35469.839,1789131991760.465,2026-09-11T17:06:31.760465+04:00,16.4
1251,2534,14944282751000,994.0,1.00,34761.278,35525.415,1789131991816.041,2026-09-11T17:06:31.816041+04:00,16.4
1252,2535,14944296640000,994.0,1.00,34775.167,35539.304,1789131991829.930,2026-09-11T17:06:31.829930+04:00,16.4
1253,2536,14944310534000,994.0,1.00,34789.061,35553.198,1789131991843.824,2026-09-11T17:06:31.843824+04:00,16.4
1254,2540,14944366108000,994.0,1.00,34844.635,35608.772,1789131991899.398,2026-09-11T17:06:31.899398+04:00,16.3
1255,2541,14944380005000,994.0,1.00,34858.532,35622.669,1789131991913.295,2026-09-11T17:06:31.913295+04:00,16.3
1256,2542,14944393897000,994.0,1.00,34872.424,35636.561,1789131991927.187,2026-09-11T17:06:31.927187+04:00,16.3
1257,2546,14944449469000,994.0,1.00,34927.996,35692.133,1789131991982.759,2026-09-11T17:06:31.982759+04:00,16.3
1258,2547,14944463362000,994.0,1.00,34941.889,35706.026,1789131991996.652,2026-09-11T17:06:31.996652+04:00,16.2
1259,2548,14944477255000,994.0,1.00,34955.782,35719.919,1789131992010.545,2026-09-11T17:06:32.010545+04:00,16.2
1260,2552,14944532829000,994.0,1.00,35011.356,35775.493,1789131992066.119,2026-09-11T17:06:32.066119+04:00,16.2
1261,2553,14944546723000,994.0,1.00,35025.250,35789.387,1789131992080.013,2026-09-11T17:06:32.080013+04:00,16.2
1262,2554,14944560615000,994.0,1.00,35039.142,35803.279,1789131992093.905,2026-09-11T17:06:32.093905+04:00,16.1
1263,2558,14944616189000,994.0,1.00,35094.716,35858.853,1789131992149.479,2026-09-11T17:06:32.149479+04:00,16.1
1264,2559,14944630083000,994.0,1.00,35108.610,35872.747,1789131992163.373,2026-09-11T17:06:32.163373+04:00,16.1
1265,2560,14944643976000,994.0,1.00,35122.503,35886.640,1789131992177.266,2026-09-11T17:06:32.177266+04:00,16.0
1266,2564,14944699550000,994.0,1.00,35178.077,35942.214,1789131992232.840,2026-09-11T17:06:32.232840+04:00,15.7
1267,2565,14944713443000,994.0,1.00,35191.970,35956.107,1789131992246.733,2026-09-11T17:06:32.246733+04:00,15.6
1268,2566,14944727336000,994.0,1.00,35205.863,35970.000,1789131992260.626,2026-09-11T17:06:32.260626+04:00,15.5
1269,2570,14944782913000,994.0,1.00,35261.440,36025.577,1789131992316.203,2026-09-11T17:06:32.316203+04:00,15.4
1270,2571,14944796803000,994.0,1.00,35275.330,36039.467,1789131992330.093,2026-09-11T17:06:32.330093+04:00,15.3
1271,2572,14944810697000,994.0,1.00,35289.224,36053.361,1789131992343.987,2026-09-11T17:06:32.343987+04:00,15.3
1272,2576,14944866274000,994.0,1.00,35344.801,36108.938,1789131992399.564,2026-09-11T17:06:32.399564+04:00,15.2
1273,2577,14944880163000,994.0,1.00,35358.690,36122.827,1789131992413.453,2026-09-11T17:06:32.413453+04:00,15.2
1274,2578,14944894057000,994.0,1.00,35372.584,36136.721,1789131992427.347,2026-09-11T17:06:32.427347+04:00,15.2
1275,2582,14944949631000,994.0,1.00,35428.158,36192.295,1789131992482.921,2026-09-11T17:06:32.482921+04:00,15.3
1276,2583,14944963524000,994.0,1.00,35442.051,36206.188,1789131992496.814,2026-09-11T17:06:32.496814+04:00,15.3
1277,2584,14944977418000,994.0,1.00,35455.945,36220.082,1789131992510.708,2026-09-11T17:06:32.510708+04:00,15.3
1278,2588,14945032992000,994.0,1.00,35511.519,36275.656,1789131992566.282,2026-09-11T17:06:32.566282+04:00,15.5
1279,2589,14945046885000,994.0,1.00,35525.412,36289.549,1789131992580.175,2026-09-11T17:06:32.580175+04:00,15.5
1280,2590,14945060778000,994.0,1.00,35539.305,36303.442,1789131992594.068,2026-09-11T17:06:32.594068+04:00,15.7
1281,2594,14945116353000,994.0,1.00,35594.880,36359.017,1789131992649.643,2026-09-11T17:06:32.649643+04:00,16.1
1282,2595,14945130246000,994.0,1.00,35608.773,36372.910,1789131992663.536,2026-09-11T17:06:32.663536+04:00,16.1
1283,2596,14945144138000,994.0,1.00,35622.665,36386.802,1789131992677.428,2026-09-11T17:06:32.677428+04:00,16.1
1284,2600,14945199715000,994.0,1.00,35678.242,36442.379,1789131992733.005,2026-09-11T17:06:32.733005+04:00,16.1
1285,2601,14945213606000,994.0,1.00,35692.133,36456.270,1789131992746.896,2026-09-11T17:06:32.746896+04:00,16.1
1286,2602,14945227498000,994.0,1.00,35706.025,36470.162,1789131992760.788,2026-09-11T17:06:32.760788+04:00,16.1
1287,2606,14945283075000,994.0,1.00,35761.602,36525.739,1789131992816.365,2026-09-11T17:06:32.816365+04:00,16.1
1288,2607,14945296965000,994.0,1.00,35775.492,36539.629,1789131992830.255,2026-09-11T17:06:32.830255+04:00,16.1
1289,2608,14945310859000,994.0,1.00,35789.386,36553.523,1789131992844.149,2026-09-11T17:06:32.844149+04:00,16.1
1290,2612,14945366433000,994.0,1.00,35844.960,36609.097,1789131992899.723,2026-09-11T17:06:32.899723+04:00,16.1
1291,2613,14945380326000,994.0,1.00,35858.853,36622.990,1789131992913.616,2026-09-11T17:06:32.913616+04:00,16.0
1292,2614,14945394219000,994.0,1.00,35872.746,36636.883,1789131992927.509,2026-09-11T17:06:32.927509+04:00,15.9
1293,2618,14945449794000,994.0,1.00,35928.321,36692.458,1789131992983.084,2026-09-11T17:06:32.983084+04:00,15.9
1294,2619,14945463687000,994.0,1.00,35942.214,36706.351,1789131992996.977,2026-09-11T17:06:32.996977+04:00,15.9
1295,2620,14945477579000,994.0,1.00,35956.106,36720.243,1789131993010.869,2026-09-11T17:06:33.010869+04:00,15.9
1296,2624,14945533155000,994.0,1.00,36011.682,36775.819,1789131993066.445,2026-09-11T17:06:33.066445+04:00,16.1
1297,2625,14945547046000,994.0,1.00,36025.573,36789.710,1789131993080.336,2026-09-11T17:06:33.080336+04:00,16.1
1298,2626,14945560940000,994.0,1.00,36039.467,36803.604,1789131993094.230,2026-09-11T17:06:33.094230+04:00,16.1
1299,2630,14945616514000,994.0,1.00,36095.041,36859.178,1789131993149.804,2026-09-11T17:06:33.149804+04:00,16.1
1300,2631,14945630407000,994.0,1.00,36108.934,36873.071,1789131993163.697,2026-09-11T17:06:33.163697+04:00,16.2
1301,2632,14945644299000,994.0,1.00,36122.826,36886.963,1789131993177.589,2026-09-11T17:06:33.177589+04:00,16.2
1302,2636,14945699877000,994.0,1.00,36178.404,36942.541,1789131993233.167,2026-09-11T17:06:33.233167+04:00,16.2
1303,2637,14945713768000,994.0,1.00,36192.295,36956.432,1789131993247.058,2026-09-11T17:06:33.247058+04:00,16.2
1304,2638,14945727661000,994.0,1.00,36206.188,36970.325,1789131993260.951,2026-09-11T17:06:33.260951+04:00,16.2
1305,2642,14945783238000,994.0,1.00,36261.765,37025.902,1789131993316.528,2026-09-11T17:06:33.316528+04:00,16.3
1306,2643,14945797127000,994.0,1.00,36275.654,37039.791,1789131993330.417,2026-09-11T17:06:33.330417+04:00,16.3
1307,2644,14945811022000,994.0,1.00,36289.549,37053.686,1789131993344.312,2026-09-11T17:06:33.344312+04:00,16.4
1308,2648,14945866598000,994.0,1.00,36345.125,37109.262,1789131993399.888,2026-09-11T17:06:33.399888+04:00,16.4
1309,2649,14945880489000,994.0,1.00,36359.016,37123.153,1789131993413.779,2026-09-11T17:06:33.413779+04:00,16.4
1310,2650,14945894382000,994.0,1.00,36372.909,37137.046,1789131993427.672,2026-09-11T17:06:33.427672+04:00,16.4
1311,2654,14945949957000,994.0,1.00,36428.484,37192.621,1789131993483.247,2026-09-11T17:06:33.483247+04:00,16.4
1312,2655,14945963848000,994.0,1.00,36442.375,37206.512,1789131993497.138,2026-09-11T17:06:33.497138+04:00,16.4
1313,2656,14945977741000,994.0,1.00,36456.268,37220.405,1789131993511.031,2026-09-11T17:06:33.511031+04:00,16.4
1314,2660,14946033316000,994.0,1.00,36511.843,37275.980,1789131993566.606,2026-09-11T17:06:33.566606+04:00,16.4
1315,2661,14946047208000,994.0,1.00,36525.735,37289.872,1789131993580.498,2026-09-11T17:06:33.580498+04:00,16.3
1316,2662,14946061103000,994.0,1.00,36539.630,37303.767,1789131993594.393,2026-09-11T17:06:33.594393+04:00,16.3
1317,2666,14946116677000,994.0,1.00,36595.204,37359.341,1789131993649.967,2026-09-11T17:06:33.649967+04:00,16.2
1318,2667,14946130571000,994.0,1.00,36609.098,37373.235,1789131993663.861,2026-09-11T17:06:33.663861+04:00,16.2
1319,2668,14946144463000,994.0,1.00,36622.990,37387.127,1789131993677.753,2026-09-11T17:06:33.677753+04:00,16.2
1320,2672,14946200040000,994.0,1.00,36678.567,37442.704,1789131993733.330,2026-09-11T17:06:33.733330+04:00,16.1
1321,2673,14946213930000,994.0,1.00,36692.457,37456.594,1789131993747.220,2026-09-11T17:06:33.747220+04:00,16.1
1322,2674,14946227823000,994.0,1.00,36706.350,37470.487,1789131993761.113,2026-09-11T17:06:33.761113+04:00,16.1
1323,2678,14946283401000,994.0,1.00,36761.928,37526.065,1789131993816.691,2026-09-11T17:06:33.816691+04:00,16.1
1324,2679,14946297289000,994.0,1.00,36775.816,37539.953,1789131993830.579,2026-09-11T17:06:33.830579+04:00,16.1
1325,2680,14946311184000,994.0,1.00,36789.711,37553.848,1789131993844.474,2026-09-11T17:06:33.844474+04:00,16.1
1326,2684,14946366758000,994.0,1.00,36845.285,37609.422,1789131993900.048,2026-09-11T17:06:33.900048+04:00,15.9
1327,2685,14946380650000,994.0,1.00,36859.177,37623.314,1789131993913.940,2026-09-11T17:06:33.913940+04:00,15.9
1328,2686,14946394545000,994.0,1.00,36873.072,37637.209,1789131993927.835,2026-09-11T17:06:33.927835+04:00,16.0
1329,2690,14946450121000,994.0,1.00,36928.648,37692.785,1789131993983.411,2026-09-11T17:06:33.983411+04:00,16.0
1330,2691,14946464025000,994.0,1.00,36942.552,37706.689,1789131993997.315,2026-09-11T17:06:33.997315+04:00,16.0
1331,2692,14946477904000,994.0,1.00,36956.431,37720.568,1789131994011.194,2026-09-11T17:06:34.011194+04:00,16.0
1332,2696,14946533479000,994.0,1.00,37012.006,37776.143,1789131994066.769,2026-09-11T17:06:34.066769+04:00,16.0
1333,2697,14946547372000,994.0,1.00,37025.899,37790.036,1789131994080.662,2026-09-11T17:06:34.080662+04:00,16.0
1334,2698,14946561265000,994.0,1.00,37039.792,37803.929,1789131994094.555,2026-09-11T17:06:34.094555+04:00,16.0
1335,2702,14946616839000,994.0,1.00,37095.366,37859.503,1789131994150.129,2026-09-11T17:06:34.150129+04:00,15.9
1336,2703,14946630732000,994.0,1.00,37109.259,37873.396,1789131994164.022,2026-09-11T17:06:34.164022+04:00,16.0
1337,2704,14946644625000,994.0,1.00,37123.152,37887.289,1789131994177.915,2026-09-11T17:06:34.177915+04:00,16.1
1338,2708,14946700199000,994.0,1.00,37178.726,37942.863,1789131994233.489,2026-09-11T17:06:34.233489+04:00,16.1
1339,2709,14946714097000,994.0,1.00,37192.624,37956.761,1789131994247.387,2026-09-11T17:06:34.247387+04:00,16.2
1340,2710,14946727986000,994.0,1.00,37206.513,37970.650,1789131994261.276,2026-09-11T17:06:34.261276+04:00,16.2
1341,2714,14946783563000,994.0,1.00,37262.090,38026.227,1789131994316.853,2026-09-11T17:06:34.316853+04:00,16.2
1342,2715,14946797453000,994.0,1.00,37275.980,38040.117,1789131994330.743,2026-09-11T17:06:34.330743+04:00,16.2
1343,2716,14946811345000,994.0,1.00,37289.872,38054.009,1789131994344.635,2026-09-11T17:06:34.344635+04:00,16.2
1344,2720,14946866923000,994.0,1.00,37345.450,38109.587,1789131994400.213,2026-09-11T17:06:34.400213+04:00,16.2
1345,2721,14946880814000,994.0,1.00,37359.341,38123.478,1789131994414.104,2026-09-11T17:06:34.414104+04:00,16.3
1346,2722,14946894706000,994.0,1.00,37373.233,38137.370,1789131994427.996,2026-09-11T17:06:34.427996+04:00,16.3
1347,2726,14946950281000,994.0,1.00,37428.808,38192.945,1789131994483.571,2026-09-11T17:06:34.483571+04:00,16.3
1348,2727,14946964173000,994.0,1.00,37442.700,38206.837,1789131994497.463,2026-09-11T17:06:34.497463+04:00,16.3
1349,2728,14946978066000,994.0,1.00,37456.593,38220.730,1789131994511.356,2026-09-11T17:06:34.511356+04:00,16.3
1350,2732,14947033641000,994.0,1.00,37512.168,38276.305,1789131994566.931,2026-09-11T17:06:34.566931+04:00,16.3
1351,2733,14947047533000,994.0,1.00,37526.060,38290.197,1789131994580.823,2026-09-11T17:06:34.580823+04:00,16.2
1352,2734,14947061427000,994.0,1.00,37539.954,38304.091,1789131994594.717,2026-09-11T17:06:34.594717+04:00,16.2
1353,2738,14947117001000,994.0,1.00,37595.528,38359.665,1789131994650.291,2026-09-11T17:06:34.650291+04:00,16.1
1354,2739,14947130895000,994.0,1.00,37609.422,38373.559,1789131994664.185,2026-09-11T17:06:34.664185+04:00,16.1
1355,2740,14947144787000,994.0,1.00,37623.314,38387.451,1789131994678.077,2026-09-11T17:06:34.678077+04:00,16.1
1356,2744,14947200362000,994.0,1.00,37678.889,38443.026,1789131994733.652,2026-09-11T17:06:34.733652+04:00,16.0
1357,2745,14947214254000,994.0,1.00,37692.781,38456.918,1789131994747.544,2026-09-11T17:06:34.747544+04:00,16.0
1358,2746,14947228148000,994.0,1.00,37706.675,38470.812,1789131994761.438,2026-09-11T17:06:34.761438+04:00,16.0
1359,2750,14947283722000,994.0,1.00,37762.249,38526.386,1789131994817.012,2026-09-11T17:06:34.817012+04:00,16.0
1360,2751,14947297614000,994.0,1.00,37776.141,38540.278,1789131994830.904,2026-09-11T17:06:34.830904+04:00,16.0
1361,2752,14947311507000,994.0,1.00,37790.034,38554.171,1789131994844.797,2026-09-11T17:06:34.844797+04:00,16.0
1362,2756,14947367084000,994.0,1.00,37845.611,38609.748,1789131994900.374,2026-09-11T17:06:34.900374+04:00,16.0
1363,2757,14947380975000,994.0,1.00,37859.502,38623.639,1789131994914.265,2026-09-11T17:06:34.914265+04:00,16.0
1364,2758,14947394868000,994.0,1.00,37873.395,38637.532,1789131994928.158,2026-09-11T17:06:34.928158+04:00,16.0
1365,2762,14947450443000,994.0,1.00,37928.970,38693.107,1789131994983.733,2026-09-11T17:06:34.983733+04:00,15.9
1366,2763,14947464336000,994.0,1.00,37942.863,38707.000,1789131994997.626,2026-09-11T17:06:34.997626+04:00,15.8
1367,2764,14947478229000,994.0,1.00,37956.756,38720.893,1789131995011.519,2026-09-11T17:06:35.011519+04:00,15.8
1368,2768,14947533803000,994.0,1.00,38012.330,38776.467,1789131995067.093,2026-09-11T17:06:35.067093+04:00,15.8
1369,2769,14947547696000,994.0,1.00,38026.223,38790.360,1789131995080.986,2026-09-11T17:06:35.080986+04:00,15.8
1370,2770,14947561589000,994.0,1.00,38040.116,38804.253,1789131995094.879,2026-09-11T17:06:35.094879+04:00,15.7
1371,2774,14947617164000,994.0,1.00,38095.691,38859.828,1789131995150.454,2026-09-11T17:06:35.150454+04:00,15.7
1372,2775,14947631056000,994.0,1.00,38109.583,38873.720,1789131995164.346,2026-09-11T17:06:35.164346+04:00,15.7
1373,2776,14947644950000,994.0,1.00,38123.477,38887.614,1789131995178.240,2026-09-11T17:06:35.178240+04:00,15.7
1374,2780,14947700524000,994.0,1.00,38179.051,38943.188,1789131995233.814,2026-09-11T17:06:35.233814+04:00,15.8
1375,2781,14947714416000,994.0,1.00,38192.943,38957.080,1789131995247.706,2026-09-11T17:06:35.247706+04:00,15.8
1376,2782,14947728311000,994.0,1.00,38206.838,38970.975,1789131995261.601,2026-09-11T17:06:35.261601+04:00,15.8
1377,2786,14947783888000,994.0,1.00,38262.415,39026.552,1789131995317.178,2026-09-11T17:06:35.317178+04:00,15.9
1378,2787,14947797776000,994.0,1.00,38276.303,39040.440,1789131995331.066,2026-09-11T17:06:35.331066+04:00,15.9
1379,2788,14947811671000,994.0,1.00,38290.198,39054.335,1789131995344.961,2026-09-11T17:06:35.344961+04:00,15.8
1380,2792,14947867247000,994.0,1.00,38345.774,39109.911,1789131995400.537,2026-09-11T17:06:35.400537+04:00,15.9
1381,2793,14947881139000,994.0,1.00,38359.666,39123.803,1789131995414.429,2026-09-11T17:06:35.414429+04:00,16.0
1382,2794,14947895030000,994.0,1.00,38373.557,39137.694,1789131995428.320,2026-09-11T17:06:35.428320+04:00,16.0
1383,2798,14947950605000,994.0,1.00,38429.132,39193.269,1789131995483.895,2026-09-11T17:06:35.483895+04:00,15.9
1384,2799,14947964498000,994.0,1.00,38443.025,39207.162,1789131995497.788,2026-09-11T17:06:35.497788+04:00,15.9
1385,2800,14947978391000,994.0,1.00,38456.918,39221.055,1789131995511.681,2026-09-11T17:06:35.511681+04:00,15.9
1386,2804,14948033965000,994.0,1.00,38512.492,39276.629,1789131995567.255,2026-09-11T17:06:35.567255+04:00,15.8
1387,2805,14948047858000,994.0,1.00,38526.385,39290.522,1789131995581.148,2026-09-11T17:06:35.581148+04:00,15.8
1388,2806,14948061751000,994.0,1.00,38540.278,39304.415,1789131995595.041,2026-09-11T17:06:35.595041+04:00,15.8
1389,2810,14948117326000,994.0,1.00,38595.853,39359.990,1789131995650.616,2026-09-11T17:06:35.650616+04:00,15.8
1390,2811,14948131218000,994.0,1.00,38609.745,39373.882,1789131995664.508,2026-09-11T17:06:35.664508+04:00,15.8
1391,2812,14948145113000,994.0,1.00,38623.640,39387.777,1789131995678.403,2026-09-11T17:06:35.678403+04:00,15.8
1392,2816,14948200687000,994.0,1.00,38679.214,39443.351,1789131995733.977,2026-09-11T17:06:35.733977+04:00,15.8
1393,2817,14948214578000,994.0,1.00,38693.105,39457.242,1789131995747.868,2026-09-11T17:06:35.747868+04:00,15.8
1394,2818,14948228473000,994.0,1.00,38707.000,39471.137,1789131995761.763,2026-09-11T17:06:35.761763+04:00,15.8
1395,2822,14948284047000,994.0,1.00,38762.574,39526.711,1789131995817.337,2026-09-11T17:06:35.817337+04:00,15.8
1396,2823,14948297939000,994.0,1.00,38776.466,39540.603,1789131995831.229,2026-09-11T17:06:35.831229+04:00,15.8
1397,2824,14948311835000,994.0,1.00,38790.362,39554.499,1789131995845.125,2026-09-11T17:06:35.845125+04:00,15.8
1398,2828,14948367410000,994.0,1.00,38845.937,39610.074,1789131995900.700,2026-09-11T17:06:35.900700+04:00,15.8
1399,2829,14948381300000,994.0,1.00,38859.827,39623.964,1789131995914.590,2026-09-11T17:06:35.914590+04:00,15.8
1400,2830,14948395193000,994.0,1.00,38873.720,39637.857,1789131995928.483,2026-09-11T17:06:35.928483+04:00,15.8
1401,2834,14948450769000,994.0,1.00,38929.296,39693.433,1789131995984.059,2026-09-11T17:06:35.984059+04:00,15.9
1402,2835,14948464660000,994.0,1.00,38943.187,39707.324,1789131995997.950,2026-09-11T17:06:35.997950+04:00,15.9
1403,2836,14948478553000,994.0,1.00,38957.080,39721.217,1789131996011.843,2026-09-11T17:06:36.011843+04:00,15.9
1404,2840,14948534128000,994.0,1.00,39012.655,39776.792,1789131996067.418,2026-09-11T17:06:36.067418+04:00,15.5
1405,2841,14948548032000,994.0,1.00,39026.559,39790.696,1789131996081.322,2026-09-11T17:06:36.081322+04:00,15.4
1406,2842,14948561914000,994.0,1.00,39040.441,39804.578,1789131996095.204,2026-09-11T17:06:36.095204+04:00,15.3
1407,2846,14948617488000,994.0,1.00,39096.015,39860.152,1789131996150.778,2026-09-11T17:06:36.150778+04:00,15.3
1408,2847,14948631381000,994.0,1.00,39109.908,39874.045,1789131996164.671,2026-09-11T17:06:36.164671+04:00,15.3
1409,2848,14948645275000,994.0,1.00,39123.802,39887.939,1789131996178.565,2026-09-11T17:06:36.178565+04:00,15.4
1410,2852,14948700849000,994.0,1.00,39179.376,39943.513,1789131996234.139,2026-09-11T17:06:36.234139+04:00,15.4
1411,2853,14948714741000,994.0,1.00,39193.268,39957.405,1789131996248.031,2026-09-11T17:06:36.248031+04:00,15.4
1412,2854,14948728634000,994.0,1.00,39207.161,39971.298,1789131996261.924,2026-09-11T17:06:36.261924+04:00,15.4
1413,2858,14948784210000,994.0,1.00,39262.737,40026.874,1789131996317.500,2026-09-11T17:06:36.317500+04:00,15.4
1414,2859,14948798102000,994.0,1.00,39276.629,40040.766,1789131996331.392,2026-09-11T17:06:36.331392+04:00,15.5
1415,2860,14948811996000,994.0,1.00,39290.523,40054.660,1789131996345.286,2026-09-11T17:06:36.345286+04:00,15.5
1416,2864,14948867573000,994.0,1.00,39346.100,40110.237,1789131996400.863,2026-09-11T17:06:36.400863+04:00,15.5
1417,2865,14948881462000,994.0,1.00,39359.989,40124.126,1789131996414.752,2026-09-11T17:06:36.414752+04:00,15.5
1418,2866,14948895355000,994.0,1.00,39373.882,40138.019,1789131996428.645,2026-09-11T17:06:36.428645+04:00,15.5
1419,2870,14948950933000,994.0,1.00,39429.460,40193.597,1789131996484.223,2026-09-11T17:06:36.484223+04:00,15.6
1420,2871,14948964822000,994.0,1.00,39443.349,40207.486,1789131996498.112,2026-09-11T17:06:36.498112+04:00,15.6
1421,2872,14948978716000,994.0,1.00,39457.243,40221.380,1789131996512.006,2026-09-11T17:06:36.512006+04:00,15.6
1422,2876,14949034290000,994.0,1.00,39512.817,40276.954,1789131996567.580,2026-09-11T17:06:36.567580+04:00,15.6
1423,2877,14949048183000,994.0,1.00,39526.710,40290.847,1789131996581.473,2026-09-11T17:06:36.581473+04:00,15.6
1424,2878,14949062077000,994.0,1.00,39540.604,40304.741,1789131996595.367,2026-09-11T17:06:36.595367+04:00,15.6
1425,2882,14949117651000,994.0,1.00,39596.178,40360.315,1789131996650.941,2026-09-11T17:06:36.650941+04:00,15.6
1426,2883,14949131543000,994.0,1.00,39610.070,40374.207,1789131996664.833,2026-09-11T17:06:36.664833+04:00,15.6
1427,2884,14949145437000,994.0,1.00,39623.964,40388.101,1789131996678.727,2026-09-11T17:06:36.678727+04:00,15.6
1428,2888,14949201011000,994.0,1.00,39679.538,40443.675,1789131996734.301,2026-09-11T17:06:36.734301+04:00,15.5
1429,2889,14949214904000,994.0,1.00,39693.431,40457.568,1789131996748.194,2026-09-11T17:06:36.748194+04:00,15.5
1430,2890,14949228797000,994.0,1.00,39707.324,40471.461,1789131996762.087,2026-09-11T17:06:36.762087+04:00,15.5
1431,2894,14949284371000,994.0,1.00,39762.898,40527.035,1789131996817.661,2026-09-11T17:06:36.817661+04:00,15.5
1432,2895,14949298264000,994.0,1.00,39776.791,40540.928,1789131996831.554,2026-09-11T17:06:36.831554+04:00,15.5
1433,2896,14949312157000,994.0,1.00,39790.684,40554.821,1789131996845.447,2026-09-11T17:06:36.845447+04:00,15.5
1434,2900,14949367736000,994.0,1.00,39846.263,40610.400,1789131996901.026,2026-09-11T17:06:36.901026+04:00,15.6
1435,2901,14949381625000,994.0,1.00,39860.152,40624.289,1789131996914.915,2026-09-11T17:06:36.914915+04:00,15.6
1436,2902,14949395518000,994.0,1.00,39874.045,40638.182,1789131996928.808,2026-09-11T17:06:36.928808+04:00,15.6
1437,2906,14949451092000,994.0,1.00,39929.619,40693.756,1789131996984.382,2026-09-11T17:06:36.984382+04:00,15.6
1438,2907,14949464987000,994.0,1.00,39943.514,40707.651,1789131996998.277,2026-09-11T17:06:36.998277+04:00,15.6
1439,2908,14949478881000,994.0,1.00,39957.408,40721.545,1789131997012.171,2026-09-11T17:06:37.012171+04:00,15.6
1440,2912,14949534454000,994.0,1.00,40012.981,40777.118,1789131997067.744,2026-09-11T17:06:37.067744+04:00,15.6
1441,2913,14949548346000,994.0,1.00,40026.873,40791.010,1789131997081.636,2026-09-11T17:06:37.081636+04:00,15.6
1442,2914,14949562240000,994.0,1.00,40040.767,40804.904,1789131997095.530,2026-09-11T17:06:37.095530+04:00,15.6
1443,2918,14949617814000,994.0,1.00,40096.341,40860.478,1789131997151.104,2026-09-11T17:06:37.151104+04:00,16.4
1444,2919,14949631706000,994.0,1.00,40110.233,40874.370,1789131997164.996,2026-09-11T17:06:37.164996+04:00,16.6
1445,2920,14949645599000,994.0,1.00,40124.126,40888.263,1789131997178.889,2026-09-11T17:06:37.178889+04:00,16.8
1446,2924,14949701174000,994.0,1.00,40179.701,40943.838,1789131997234.464,2026-09-11T17:06:37.234464+04:00,17.0
1447,2925,14949715066000,994.0,1.00,40193.593,40957.730,1789131997248.356,2026-09-11T17:06:37.248356+04:00,17.0
1448,2926,14949728959000,994.0,1.00,40207.486,40971.623,1789131997262.249,2026-09-11T17:06:37.262249+04:00,17.0
1449,2930,14949784534000,994.0,1.00,40263.061,41027.198,1789131997317.824,2026-09-11T17:06:37.317824+04:00,17.0
1450,2931,14949798426000,994.0,1.00,40276.953,41041.090,1789131997331.716,2026-09-11T17:06:37.331716+04:00,17.0
1451,2932,14949812321000,994.0,1.00,40290.848,41054.985,1789131997345.611,2026-09-11T17:06:37.345611+04:00,16.9
1452,2936,14949867895000,994.0,1.00,40346.422,41110.559,1789131997401.185,2026-09-11T17:06:37.401185+04:00,16.9
1453,2937,14949881787000,994.0,1.00,40360.314,41124.451,1789131997415.077,2026-09-11T17:06:37.415077+04:00,16.9
1454,2938,14949895680000,994.0,1.00,40374.207,41138.344,1789131997428.970,2026-09-11T17:06:37.428970+04:00,16.9
1455,2942,14949951255000,994.0,1.00,40429.782,41193.919,1789131997484.545,2026-09-11T17:06:37.484545+04:00,16.9
1456,2943,14949965147000,994.0,1.00,40443.674,41207.811,1789131997498.437,2026-09-11T17:06:37.498437+04:00,16.9
1457,2944,14949979040000,994.0,1.00,40457.567,41221.704,1789131997512.330,2026-09-11T17:06:37.512330+04:00,16.9
1458,2948,14950034615000,994.0,1.00,40513.142,41277.279,1789131997567.905,2026-09-11T17:06:37.567905+04:00,16.8
1459,2949,14950048507000,994.0,1.00,40527.034,41291.171,1789131997581.797,2026-09-11T17:06:37.581797+04:00,16.8
1460,2950,14950062400000,994.0,1.00,40540.927,41305.064,1789131997595.690,2026-09-11T17:06:37.595690+04:00,16.8
1461,2954,14950117976000,994.0,1.00,40596.503,41360.640,1789131997651.266,2026-09-11T17:06:37.651266+04:00,16.7
1462,2955,14950131868000,994.0,1.00,40610.395,41374.532,1789131997665.158,2026-09-11T17:06:37.665158+04:00,16.7
1463,2956,14950145761000,994.0,1.00,40624.288,41388.425,1789131997679.051,2026-09-11T17:06:37.679051+04:00,16.6
1464,2960,14950201336000,994.0,1.00,40679.863,41444.000,1789131997734.626,2026-09-11T17:06:37.734626+04:00,16.6
1465,2961,14950215229000,994.0,1.00,40693.756,41457.893,1789131997748.519,2026-09-11T17:06:37.748519+04:00,16.6
1466,2962,14950229122000,994.0,1.00,40707.649,41471.786,1789131997762.412,2026-09-11T17:06:37.762412+04:00,16.6
1467,2966,14950284696000,994.0,1.00,40763.223,41527.360,1789131997817.986,2026-09-11T17:06:37.817986+04:00,16.6
1468,2967,14950298588000,994.0,1.00,40777.115,41541.252,1789131997831.878,2026-09-11T17:06:37.831878+04:00,16.6
1469,2968,14950312483000,994.0,1.00,40791.010,41555.147,1789131997845.773,2026-09-11T17:06:37.845773+04:00,16.6
1470,2972,14950368057000,994.0,1.00,40846.584,41610.721,1789131997901.347,2026-09-11T17:06:37.901347+04:00,16.6
1471,2973,14950381949000,994.0,1.00,40860.476,41624.613,1789131997915.239,2026-09-11T17:06:37.915239+04:00,16.6
1472,2974,14950395842000,994.0,1.00,40874.369,41638.506,1789131997929.132,2026-09-11T17:06:37.929132+04:00,16.7
1473,2978,14950451420000,994.0,1.00,40929.947,41694.084,1789131997984.710,2026-09-11T17:06:37.984710+04:00,16.7
1474,2979,14950465310000,994.0,1.00,40943.837,41707.974,1789131997998.600,2026-09-11T17:06:37.998600+04:00,16.7
1475,2980,14950479203000,994.0,1.00,40957.730,41721.867,1789131998012.493,2026-09-11T17:06:38.012493+04:00,16.7
1476,2984,14950534778000,994.0,1.00,41013.305,41777.442,1789131998068.068,2026-09-11T17:06:38.068068+04:00,16.7
1477,2985,14950548670000,994.0,1.00,41027.197,41791.334,1789131998081.960,2026-09-11T17:06:38.081960+04:00,16.7
1478,2986,14950562563000,994.0,1.00,41041.090,41805.227,1789131998095.853,2026-09-11T17:06:38.095853+04:00,16.6
1479,2990,14950618139000,994.0,1.00,41096.666,41860.803,1789131998151.429,2026-09-11T17:06:38.151429+04:00,16.6
1480,2991,14950632031000,994.0,1.00,41110.558,41874.695,1789131998165.321,2026-09-11T17:06:38.165321+04:00,16.6
1481,2992,14950645925000,994.0,1.00,41124.452,41888.589,1789131998179.215,2026-09-11T17:06:38.179215+04:00,16.6
1482,2996,14950701499000,994.0,1.00,41180.026,41944.163,1789131998234.789,2026-09-11T17:06:38.234789+04:00,16.5
1483,2997,14950715391000,994.0,1.00,41193.918,41958.055,1789131998248.681,2026-09-11T17:06:38.248681+04:00,16.5
1484,2998,14950729284000,994.0,1.00,41207.811,41971.948,1789131998262.574,2026-09-11T17:06:38.262574+04:00,16.5
1485,3002,14950784860000,994.0,1.00,41263.387,42027.524,1789131998318.150,2026-09-11T17:06:38.318150+04:00,16.4
1486,3003,14950798751000,994.0,1.00,41277.278,42041.415,1789131998332.041,2026-09-11T17:06:38.332041+04:00,16.4
1487,3004,14950812646000,994.0,1.00,41291.173,42055.310,1789131998345.936,2026-09-11T17:06:38.345936+04:00,16.4
1488,3008,14950868219000,994.0,1.00,41346.746,42110.883,1789131998401.509,2026-09-11T17:06:38.401509+04:00,16.3
1489,3009,14950882112000,994.0,1.00,41360.639,42124.776,1789131998415.402,2026-09-11T17:06:38.415402+04:00,16.3
1490,3010,14950896023000,994.0,1.00,41374.550,42138.687,1789131998429.313,2026-09-11T17:06:38.429313+04:00,16.3
1491,3014,14950951583000,994.0,1.00,41430.110,42194.247,1789131998484.873,2026-09-11T17:06:38.484873+04:00,16.2
1492,3015,14950965472000,994.0,1.00,41443.999,42208.136,1789131998498.762,2026-09-11T17:06:38.498762+04:00,16.2
1493,3016,14950979366000,994.0,1.00,41457.893,42222.030,1789131998512.656,2026-09-11T17:06:38.512656+04:00,16.2
1494,3020,14951034943000,994.0,1.00,41513.470,42277.607,1789131998568.233,2026-09-11T17:06:38.568233+04:00,16.2
1495,3021,14951048832000,994.0,1.00,41527.359,42291.496,1789131998582.122,2026-09-11T17:06:38.582122+04:00,16.2
1496,3022,14951062726000,994.0,1.00,41541.253,42305.390,1789131998596.016,2026-09-11T17:06:38.596016+04:00,16.3
1497,3026,14951118300000,994.0,1.00,41596.827,42360.964,1789131998651.590,2026-09-11T17:06:38.651590+04:00,16.4
1498,3027,14951132193000,994.0,1.00,41610.720,42374.857,1789131998665.483,2026-09-11T17:06:38.665483+04:00,16.4
1499,3028,14951146086000,994.0,1.00,41624.613,42388.750,1789131998679.376,2026-09-11T17:06:38.679376+04:00,16.5
1500,3032,14951201661000,994.0,1.00,41680.188,42444.325,1789131998734.951,2026-09-11T17:06:38.734951+04:00,16.6
1501,3033,14951215553000,994.0,1.00,41694.080,42458.217,1789131998748.843,2026-09-11T17:06:38.748843+04:00,16.6
1502,3034,14951229446000,994.0,1.00,41707.973,42472.110,1789131998762.736,2026-09-11T17:06:38.762736+04:00,16.6
1503,3038,14951285022000,994.0,1.00,41763.549,42527.686,1789131998818.312,2026-09-11T17:06:38.818312+04:00,16.6
1504,3039,14951298914000,994.0,1.00,41777.441,42541.578,1789131998832.204,2026-09-11T17:06:38.832204+04:00,16.5
1505,3040,14951312807000,994.0,1.00,41791.334,42555.471,1789131998846.097,2026-09-11T17:06:38.846097+04:00,16.5
1506,3044,14951368382000,994.0,1.00,41846.909,42611.046,1789131998901.672,2026-09-11T17:06:38.901672+04:00,16.5
1507,3045,14951382274000,994.0,1.00,41860.801,42624.938,1789131998915.564,2026-09-11T17:06:38.915564+04:00,16.4
1508,3046,14951396168000,994.0,1.00,41874.695,42638.832,1789131998929.458,2026-09-11T17:06:38.929458+04:00,16.4
1509,3050,14951451745000,994.0,1.00,41930.272,42694.409,1789131998985.035,2026-09-11T17:06:38.985035+04:00,16.4
1510,3051,14951465634000,994.0,1.00,41944.161,42708.298,1789131998998.924,2026-09-11T17:06:38.998924+04:00,16.3
1511,3052,14951479528000,994.0,1.00,41958.055,42722.192,1789131999012.818,2026-09-11T17:06:39.012818+04:00,16.3
1512,3056,14951535106000,994.0,1.00,42013.633,42777.770,1789131999068.396,2026-09-11T17:06:39.068396+04:00,16.3
1513,3057,14951548995000,994.0,1.00,42027.522,42791.659,1789131999082.285,2026-09-11T17:06:39.082285+04:00,16.3
1514,3058,14951562889000,994.0,1.00,42041.416,42805.553,1789131999096.179,2026-09-11T17:06:39.096179+04:00,16.3
1515,3062,14951618464000,994.0,1.00,42096.991,42861.128,1789131999151.754,2026-09-11T17:06:39.151754+04:00,16.2
1516,3063,14951632355000,994.0,1.00,42110.882,42875.019,1789131999165.645,2026-09-11T17:06:39.165645+04:00,16.2
1517,3064,14951646249000,994.0,1.00,42124.776,42888.913,1789131999179.539,2026-09-11T17:06:39.179539+04:00,16.2
1518,3068,14951701824000,994.0,1.00,42180.351,42944.488,1789131999235.114,2026-09-11T17:06:39.235114+04:00,16.1
1519,3069,14951715716000,994.0,1.00,42194.243,42958.380,1789131999249.006,2026-09-11T17:06:39.249006+04:00,16.1
1520,3070,14951729610000,994.0,1.00,42208.137,42972.274,1789131999262.900,2026-09-11T17:06:39.262900+04:00,16.1
1521,3074,14951785183000,994.0,1.00,42263.710,43027.847,1789131999318.473,2026-09-11T17:06:39.318473+04:00,16.1
1522,3075,14951799076000,994.0,1.00,42277.603,43041.740,1789131999332.366,2026-09-11T17:06:39.332366+04:00,16.0
1523,3076,14951812970000,994.0,1.00,42291.497,43055.634,1789131999346.260,2026-09-11T17:06:39.346260+04:00,16.0
1524,3080,14951868544000,994.0,1.00,42347.071,43111.208,1789131999401.834,2026-09-11T17:06:39.401834+04:00,16.0
1525,3081,14951882436000,994.0,1.00,42360.963,43125.100,1789131999415.726,2026-09-11T17:06:39.415726+04:00,16.0
1526,3082,14951896330000,994.0,1.00,42374.857,43138.994,1789131999429.620,2026-09-11T17:06:39.429620+04:00,16.0
1527,3086,14951951904000,994.0,1.00,42430.431,43194.568,1789131999485.194,2026-09-11T17:06:39.485194+04:00,16.0
1528,3087,14951965796000,994.0,1.00,42444.323,43208.460,1789131999499.086,2026-09-11T17:06:39.499086+04:00,16.0
1529,3088,14951979690000,994.0,1.00,42458.217,43222.354,1789131999512.980,2026-09-11T17:06:39.512980+04:00,16.0
1530,3092,14952035269000,994.0,1.00,42513.796,43277.933,1789131999568.559,2026-09-11T17:06:39.568559+04:00,16.0
1531,3093,14952049157000,994.0,1.00,42527.684,43291.821,1789131999582.447,2026-09-11T17:06:39.582447+04:00,16.0
1532,3094,14952063050000,994.0,1.00,42541.577,43305.714,1789131999596.340,2026-09-11T17:06:39.596340+04:00,16.0
1533,3098,14952118626000,994.0,1.00,42597.153,43361.290,1789131999651.916,2026-09-11T17:06:39.651916+04:00,16.0
1534,3099,14952132518000,994.0,1.00,42611.045,43375.182,1789131999665.808,2026-09-11T17:06:39.665808+04:00,16.0
1535,3100,14952146411000,994.0,1.00,42624.938,43389.075,1789131999679.701,2026-09-11T17:06:39.679701+04:00,16.0
1536,3104,14952201986000,994.0,1.00,42680.513,43444.650,1789131999735.276,2026-09-11T17:06:39.735276+04:00,16.0
1537,3105,14952215878000,994.0,1.00,42694.405,43458.542,1789131999749.168,2026-09-11T17:06:39.749168+04:00,16.0
1538,3106,14952229772000,994.0,1.00,42708.299,43472.436,1789131999763.062,2026-09-11T17:06:39.763062+04:00,16.0
1539,3110,14952285346000,994.0,1.00,42763.873,43528.010,1789131999818.636,2026-09-11T17:06:39.818636+04:00,16.0
1540,3111,14952299243000,994.0,1.00,42777.770,43541.907,1789131999832.533,2026-09-11T17:06:39.832533+04:00,16.0
1541,3112,14952313132000,994.0,1.00,42791.659,43555.796,1789131999846.422,2026-09-11T17:06:39.846422+04:00,15.9
1542,3116,14952368706000,994.0,1.00,42847.233,43611.370,1789131999901.996,2026-09-11T17:06:39.901996+04:00,15.9
1543,3117,14952382600000,994.0,1.00,42861.127,43625.264,1789131999915.890,2026-09-11T17:06:39.915890+04:00,15.9
1544,3118,14952396492000,994.0,1.00,42875.019,43639.156,1789131999929.782,2026-09-11T17:06:39.929782+04:00,15.9
1545,3122,14952452071000,994.0,1.00,42930.598,43694.735,1789131999985.361,2026-09-11T17:06:39.985361+04:00,15.9
1546,3123,14952465959000,994.0,1.00,42944.486,43708.623,1789131999999.249,2026-09-11T17:06:39.999249+04:00,15.9
1547,3124,14952479853000,994.0,1.00,42958.380,43722.517,1789132000013.143,2026-09-11T17:06:40.013143+04:00,15.9
1548,3128,14952535430000,994.0,1.00,43013.957,43778.094,1789132000068.720,2026-09-11T17:06:40.068720+04:00,15.9
1549,3129,14952549319000,994.0,1.00,43027.846,43791.983,1789132000082.609,2026-09-11T17:06:40.082609+04:00,15.9
1550,3130,14952563213000,994.0,1.00,43041.740,43805.877,1789132000096.503,2026-09-11T17:06:40.096503+04:00,15.9
1551,3134,14952618788000,994.0,1.00,43097.315,43861.452,1789132000152.078,2026-09-11T17:06:40.152078+04:00,15.9
1552,3135,14952632682000,994.0,1.00,43111.209,43875.346,1789132000165.972,2026-09-11T17:06:40.165972+04:00,15.9
1553,3136,14952646574000,994.0,1.00,43125.101,43889.238,1789132000179.864,2026-09-11T17:06:40.179864+04:00,15.9
1554,3140,14952702148000,994.0,1.00,43180.675,43944.812,1789132000235.438,2026-09-11T17:06:40.235438+04:00,15.8
1555,3141,14952716041000,994.0,1.00,43194.568,43958.705,1789132000249.331,2026-09-11T17:06:40.249331+04:00,15.8
1556,3142,14952729933000,994.0,1.00,43208.460,43972.597,1789132000263.223,2026-09-11T17:06:40.263223+04:00,15.8
1557,3146,14952785508000,994.0,1.00,43264.035,44028.172,1789132000318.798,2026-09-11T17:06:40.318798+04:00,15.8
1558,3147,14952799401000,994.0,1.00,43277.928,44042.065,1789132000332.691,2026-09-11T17:06:40.332691+04:00,15.8
1559,3148,14952813295000,994.0,1.00,43291.822,44055.959,1789132000346.585,2026-09-11T17:06:40.346585+04:00,15.8
1560,3152,14952868869000,994.0,1.00,43347.396,44111.533,1789132000402.159,2026-09-11T17:06:40.402159+04:00,15.7
1561,3153,14952882761000,994.0,1.00,43361.288,44125.425,1789132000416.051,2026-09-11T17:06:40.416051+04:00,15.7
1562,3154,14952896655000,994.0,1.00,43375.182,44139.319,1789132000429.945,2026-09-11T17:06:40.429945+04:00,15.7
1563,3158,14952952229000,994.0,1.00,43430.756,44194.893,1789132000485.519,2026-09-11T17:06:40.485519+04:00,15.7
1564,3159,14952966123000,994.0,1.00,43444.650,44208.787,1789132000499.413,2026-09-11T17:06:40.499413+04:00,15.7
1565,3160,14952980024000,994.0,1.00,43458.551,44222.688,1789132000513.314,2026-09-11T17:06:40.513314+04:00,15.7
1566,3164,14953035592000,994.0,1.00,43514.119,44278.256,1789132000568.882,2026-09-11T17:06:40.568882+04:00,15.7
1567,3165,14953049483000,994.0,1.00,43528.010,44292.147,1789132000582.773,2026-09-11T17:06:40.582773+04:00,15.7
1568,3166,14953063376000,994.0,1.00,43541.903,44306.040,1789132000596.666,2026-09-11T17:06:40.596666+04:00,15.8
1569,3170,14953118953000,994.0,1.00,43597.480,44361.617,1789132000652.243,2026-09-11T17:06:40.652243+04:00,15.8
1570,3171,14953132842000,994.0,1.00,43611.369,44375.506,1789132000666.132,2026-09-11T17:06:40.666132+04:00,15.8
1571,3172,14953146736000,994.0,1.00,43625.263,44389.400,1789132000680.026,2026-09-11T17:06:40.680026+04:00,15.8
1572,3176,14953202311000,994.0,1.00,43680.838,44444.975,1789132000735.601,2026-09-11T17:06:40.735601+04:00,15.8
1573,3177,14953216203000,994.0,1.00,43694.730,44458.867,1789132000749.493,2026-09-11T17:06:40.749493+04:00,15.8
1574,3178,14953230096000,994.0,1.00,43708.623,44472.760,1789132000763.386,2026-09-11T17:06:40.763386+04:00,15.8
1575,3182,14953285673000,994.0,1.00,43764.200,44528.337,1789132000818.963,2026-09-11T17:06:40.818963+04:00,15.8
1576,3183,14953299563000,994.0,1.00,43778.090,44542.227,1789132000832.853,2026-09-11T17:06:40.832853+04:00,15.8
1577,3184,14953313461000,994.0,1.00,43791.988,44556.125,1789132000846.751,2026-09-11T17:06:40.846751+04:00,15.8
1578,3188,14953369031000,994.0,1.00,43847.558,44611.695,1789132000902.321,2026-09-11T17:06:40.902321+04:00,15.8
1579,3189,14953382926000,994.0,1.00,43861.453,44625.590,1789132000916.216,2026-09-11T17:06:40.916216+04:00,15.8
1580,3190,14953396818000,994.0,1.00,43875.345,44639.482,1789132000930.108,2026-09-11T17:06:40.930108+04:00,15.8
1581,3194,14953452392000,994.0,1.00,43930.919,44695.056,1789132000985.682,2026-09-11T17:06:40.985682+04:00,15.8
1582,3195,14953466284000,994.0,1.00,43944.811,44708.948,1789132000999.574,2026-09-11T17:06:40.999574+04:00,15.8
1583,3196,14953480179000,994.0,1.00,43958.706,44722.843,1789132001013.469,2026-09-11T17:06:41.013469+04:00,15.8
1584,3200,14953535756000,994.0,1.00,44014.283,44778.420,1789132001069.046,2026-09-11T17:06:41.069046+04:00,15.8
1585,3201,14953549644000,994.0,1.00,44028.171,44792.308,1789132001082.934,2026-09-11T17:06:41.082934+04:00,15.8
1586,3202,14953563538000,994.0,1.00,44042.065,44806.202,1789132001096.828,2026-09-11T17:06:41.096828+04:00,15.8
1587,3206,14953619115000,994.0,1.00,44097.642,44861.779,1789132001152.405,2026-09-11T17:06:41.152405+04:00,15.7
1588,3207,14953633004000,994.0,1.00,44111.531,44875.668,1789132001166.294,2026-09-11T17:06:41.166294+04:00,15.7
1589,3208,14953646898000,994.0,1.00,44125.425,44889.562,1789132001180.188,2026-09-11T17:06:41.180188+04:00,15.7
1590,3212,14953702473000,994.0,1.00,44181.000,44945.137,1789132001235.763,2026-09-11T17:06:41.235763+04:00,15.7
1591,3213,14953716365000,994.0,1.00,44194.892,44959.029,1789132001249.655,2026-09-11T17:06:41.249655+04:00,15.7
1592,3214,14953730259000,994.0,1.00,44208.786,44972.923,1789132001263.549,2026-09-11T17:06:41.263549+04:00,15.7
1593,3218,14953785833000,994.0,1.00,44264.360,45028.497,1789132001319.123,2026-09-11T17:06:41.319123+04:00,15.7
1594,3219,14953799726000,994.0,1.00,44278.253,45042.390,1789132001333.016,2026-09-11T17:06:41.333016+04:00,15.7
1595,3220,14953813620000,994.0,1.00,44292.147,45056.284,1789132001346.910,2026-09-11T17:06:41.346910+04:00,15.7
1596,3224,14953869195000,994.0,1.00,44347.722,45111.859,1789132001402.485,2026-09-11T17:06:41.402485+04:00,15.7
1597,3225,14953883086000,994.0,1.00,44361.613,45125.750,1789132001416.376,2026-09-11T17:06:41.416376+04:00,15.7
1598,3226,14953896981000,994.0,1.00,44375.508,45139.645,1789132001430.271,2026-09-11T17:06:41.430271+04:00,15.7
1599,3230,14953952554000,994.0,1.00,44431.081,45195.218,1789132001485.844,2026-09-11T17:06:41.485844+04:00,15.8
1600,3231,14953966447000,994.0,1.00,44444.974,45209.111,1789132001499.737,2026-09-11T17:06:41.499737+04:00,15.8
1601,3232,14953980340000,994.0,1.00,44458.867,45223.004,1789132001513.630,2026-09-11T17:06:41.513630+04:00,15.8
1602,3236,14954035918000,994.0,1.00,44514.445,45278.582,1789132001569.208,2026-09-11T17:06:41.569208+04:00,15.8
1603,3237,14954049808000,994.0,1.00,44528.335,45292.472,1789132001583.098,2026-09-11T17:06:41.583098+04:00,15.8
1604,3238,14954063700000,994.0,1.00,44542.227,45306.364,1789132001596.990,2026-09-11T17:06:41.596990+04:00,15.8
1605,3242,14954119279000,994.0,1.00,44597.806,45361.943,1789132001652.569,2026-09-11T17:06:41.652569+04:00,15.8
1606,3243,14954133167000,994.0,1.00,44611.694,45375.831,1789132001666.457,2026-09-11T17:06:41.666457+04:00,15.8
1607,3244,14954147061000,994.0,1.00,44625.588,45389.725,1789132001680.351,2026-09-11T17:06:41.680351+04:00,15.8
1608,3248,14954202637000,994.0,1.00,44681.164,45445.301,1789132001735.927,2026-09-11T17:06:41.735927+04:00,15.8
1609,3249,14954216527000,994.0,1.00,44695.054,45459.191,1789132001749.817,2026-09-11T17:06:41.749817+04:00,15.8
1610,3250,14954230421000,994.0,1.00,44708.948,45473.085,1789132001763.711,2026-09-11T17:06:41.763711+04:00,15.8
1611,3254,14954285996000,994.0,1.00,44764.523,45528.660,1789132001819.286,2026-09-11T17:06:41.819286+04:00,15.8
1612,3255,14954299888000,994.0,1.00,44778.415,45542.552,1789132001833.178,2026-09-11T17:06:41.833178+04:00,15.8
1613,3256,14954313782000,994.0,1.00,44792.309,45556.446,1789132001847.072,2026-09-11T17:06:41.847072+04:00,15.8
1614,3260,14954369357000,994.0,1.00,44847.884,45612.021,1789132001902.647,2026-09-11T17:06:41.902647+04:00,15.8
1615,3261,14954383248000,994.0,1.00,44861.775,45625.912,1789132001916.538,2026-09-11T17:06:41.916538+04:00,15.8
1616,3262,14954397142000,994.0,1.00,44875.669,45639.806,1789132001930.432,2026-09-11T17:06:41.930432+04:00,15.8
1617,3266,14954452717000,994.0,1.00,44931.244,45695.381,1789132001986.007,2026-09-11T17:06:41.986007+04:00,15.8
1618,3267,14954466609000,994.0,1.00,44945.136,45709.273,1789132001999.899,2026-09-11T17:06:41.999899+04:00,15.8
1619,3268,14954480502000,994.0,1.00,44959.029,45723.166,1789132002013.792,2026-09-11T17:06:42.013792+04:00,15.8
1620,3272,14954536076000,994.0,1.00,45014.603,45778.740,1789132002069.366,2026-09-11T17:06:42.069366+04:00,15.8
1621,3273,14954549969000,994.0,1.00,45028.496,45792.633,1789132002083.259,2026-09-11T17:06:42.083259+04:00,15.8
1622,3274,14954563863000,994.0,1.00,45042.390,45806.527,1789132002097.153,2026-09-11T17:06:42.097153+04:00,15.8
1623,3278,14954619438000,994.0,1.00,45097.965,45862.102,1789132002152.728,2026-09-11T17:06:42.152728+04:00,15.8
1624,3279,14954633331000,994.0,1.00,45111.858,45875.995,1789132002166.621,2026-09-11T17:06:42.166621+04:00,15.8
1625,3280,14954647223000,994.0,1.00,45125.750,45889.887,1789132002180.513,2026-09-11T17:06:42.180513+04:00,15.8
1626,3284,14954702800000,994.0,1.00,45181.327,45945.464,1789132002236.090,2026-09-11T17:06:42.236090+04:00,15.8
1627,3285,14954716690000,994.0,1.00,45195.217,45959.354,1789132002249.980,2026-09-11T17:06:42.249980+04:00,15.8
1628,3286,14954730583000,994.0,1.00,45209.110,45973.247,1789132002263.873,2026-09-11T17:06:42.263873+04:00,15.8
1629,3290,14954786159000,994.0,1.00,45264.686,46028.823,1789132002319.449,2026-09-11T17:06:42.319449+04:00,15.8
1630,3291,14954800051000,994.0,1.00,45278.578,46042.715,1789132002333.341,2026-09-11T17:06:42.333341+04:00,15.8
1631,3292,14954813943000,994.0,1.00,45292.470,46056.607,1789132002347.233,2026-09-11T17:06:42.347233+04:00,15.9
1632,3296,14954869519000,994.0,1.00,45348.046,46112.183,1789132002402.809,2026-09-11T17:06:42.402809+04:00,15.9
1633,3297,14954883412000,994.0,1.00,45361.939,46126.076,1789132002416.702,2026-09-11T17:06:42.416702+04:00,15.9
1634,3298,14954897305000,994.0,1.00,45375.832,46139.969,1789132002430.595,2026-09-11T17:06:42.430595+04:00,15.9
1635,3302,14954952879000,994.0,1.00,45431.406,46195.543,1789132002486.169,2026-09-11T17:06:42.486169+04:00,16.0
1636,3303,14954966771000,994.0,1.00,45445.298,46209.435,1789132002500.061,2026-09-11T17:06:42.500061+04:00,16.0
1637,3304,14954980666000,994.0,1.00,45459.193,46223.330,1789132002513.956,2026-09-11T17:06:42.513956+04:00,16.0
1638,3308,14955036240000,994.0,1.00,45514.767,46278.904,1789132002569.530,2026-09-11T17:06:42.569530+04:00,16.0
1639,3309,14955050133000,994.0,1.00,45528.660,46292.797,1789132002583.423,2026-09-11T17:06:42.583423+04:00,16.0
1640,3310,14955064025000,994.0,1.00,45542.552,46306.689,1789132002597.315,2026-09-11T17:06:42.597315+04:00,16.0
1641,3314,14955119598000,994.0,1.00,45598.125,46362.262,1789132002652.888,2026-09-11T17:06:42.652888+04:00,16.0
1642,3315,14955133491000,994.0,1.00,45612.018,46376.155,1789132002666.781,2026-09-11T17:06:42.666781+04:00,16.0
1643,3316,14955147385000,994.0,1.00,45625.912,46390.049,1789132002680.675,2026-09-11T17:06:42.680675+04:00,15.9
1644,3320,14955202963000,994.0,1.00,45681.490,46445.627,1789132002736.253,2026-09-11T17:06:42.736253+04:00,15.9
1645,3321,14955216853000,994.0,1.00,45695.380,46459.517,1789132002750.143,2026-09-11T17:06:42.750143+04:00,15.9
1646,3322,14955230746000,994.0,1.00,45709.273,46473.410,1789132002764.036,2026-09-11T17:06:42.764036+04:00,15.9
1647,3326,14955286322000,994.0,1.00,45764.849,46528.986,1789132002819.612,2026-09-11T17:06:42.819612+04:00,15.8
1648,3327,14955300213000,994.0,1.00,45778.740,46542.877,1789132002833.503,2026-09-11T17:06:42.833503+04:00,15.8
1649,3328,14955314106000,994.0,1.00,45792.633,46556.770,1789132002847.396,2026-09-11T17:06:42.847396+04:00,15.7
1650,3332,14955369681000,994.0,1.00,45848.208,46612.345,1789132002902.971,2026-09-11T17:06:42.902971+04:00,15.6
1651,3333,14955383579000,994.0,1.00,45862.106,46626.243,1789132002916.869,2026-09-11T17:06:42.916869+04:00,15.5
1652,3334,14955397467000,994.0,1.00,45875.994,46640.131,1789132002930.757,2026-09-11T17:06:42.930757+04:00,15.5
1653,3338,14955453041000,994.0,1.00,45931.568,46695.705,1789132002986.331,2026-09-11T17:06:42.986331+04:00,15.3
1654,3339,14955466933000,994.0,1.00,45945.460,46709.597,1789132003000.223,2026-09-11T17:06:43.000223+04:00,15.3
1655,3340,14955480827000,994.0,1.00,45959.354,46723.491,1789132003014.117,2026-09-11T17:06:43.014117+04:00,15.2
1656,3344,14955536402000,994.0,1.00,46014.929,46779.066,1789132003069.692,2026-09-11T17:06:43.069692+04:00,15.1
1657,3345,14955550296000,994.0,1.00,46028.823,46792.960,1789132003083.586,2026-09-11T17:06:43.083586+04:00,15.0
1658,3346,14955564188000,994.0,1.00,46042.715,46806.852,1789132003097.478,2026-09-11T17:06:43.097478+04:00,15.0
1659,3350,14955619764000,994.0,1.00,46098.291,46862.428,1789132003153.054,2026-09-11T17:06:43.153054+04:00,15.0
1660,3351,14955633655000,994.0,1.00,46112.182,46876.319,1789132003166.945,2026-09-11T17:06:43.166945+04:00,15.0
1661,3352,14955647548000,994.0,1.00,46126.075,46890.212,1789132003180.838,2026-09-11T17:06:43.180838+04:00,15.0
1662,3356,14955703126000,994.0,1.00,46181.653,46945.790,1789132003236.416,2026-09-11T17:06:43.236416+04:00,15.0
1663,3357,14955717015000,994.0,1.00,46195.542,46959.679,1789132003250.305,2026-09-11T17:06:43.250305+04:00,15.0
1664,3358,14955730909000,994.0,1.00,46209.436,46973.573,1789132003264.199,2026-09-11T17:06:43.264199+04:00,15.0
1665,3362,14955786485000,994.0,1.00,46265.012,47029.149,1789132003319.775,2026-09-11T17:06:43.319775+04:00,15.1
1666,3363,14955800377000,994.0,1.00,46278.904,47043.041,1789132003333.667,2026-09-11T17:06:43.333667+04:00,15.2
1667,3364,14955814269000,994.0,1.00,46292.796,47056.933,1789132003347.559,2026-09-11T17:06:43.347559+04:00,15.2
1668,3368,14955869844000,994.0,1.00,46348.371,47112.508,1789132003403.134,2026-09-11T17:06:43.403134+04:00,15.4
1669,3369,14955883736000,994.0,1.00,46362.263,47126.400,1789132003417.026,2026-09-11T17:06:43.417026+04:00,15.4
1670,3370,14955897630000,994.0,1.00,46376.157,47140.294,1789132003430.920,2026-09-11T17:06:43.430920+04:00,15.4
1671,3374,14955953204000,994.0,1.00,46431.731,47195.868,1789132003486.494,2026-09-11T17:06:43.486494+04:00,15.6
1672,3375,14955967096000,994.0,1.00,46445.623,47209.760,1789132003500.386,2026-09-11T17:06:43.500386+04:00,15.7
1673,3376,14955980989000,994.0,1.00,46459.516,47223.653,1789132003514.279,2026-09-11T17:06:43.514279+04:00,15.7
1674,3380,14956036564000,994.0,1.00,46515.091,47279.228,1789132003569.854,2026-09-11T17:06:43.569854+04:00,15.9
1675,3381,14956050456000,994.0,1.00,46528.983,47293.120,1789132003583.746,2026-09-11T17:06:43.583746+04:00,15.9
1676,3382,14956064349000,994.0,1.00,46542.876,47307.013,1789132003597.639,2026-09-11T17:06:43.597639+04:00,15.9
1677,3386,14956119928000,994.0,1.00,46598.455,47362.592,1789132003653.218,2026-09-11T17:06:43.653218+04:00,16.0
1678,3387,14956133817000,994.0,1.00,46612.344,47376.481,1789132003667.107,2026-09-11T17:06:43.667107+04:00,16.0
1679,3388,14956147710000,994.0,1.00,46626.237,47390.374,1789132003681.000,2026-09-11T17:06:43.681000+04:00,16.0
1680,3392,14956203288000,994.0,1.00,46681.815,47445.952,1789132003736.578,2026-09-11T17:06:43.736578+04:00,16.0
1681,3393,14956217177000,994.0,1.00,46695.704,47459.841,1789132003750.467,2026-09-11T17:06:43.750467+04:00,16.1
1682,3394,14956231070000,994.0,1.00,46709.597,47473.734,1789132003764.360,2026-09-11T17:06:43.764360+04:00,16.1
1683,3398,14956286645000,994.0,1.00,46765.172,47529.309,1789132003819.935,2026-09-11T17:06:43.819935+04:00,16.1
1684,3399,14956300537000,994.0,1.00,46779.064,47543.201,1789132003833.827,2026-09-11T17:06:43.833827+04:00,16.1
1685,3400,14956314432000,994.0,1.00,46792.959,47557.096,1789132003847.722,2026-09-11T17:06:43.847722+04:00,16.1
1686,3404,14956370006000,994.0,1.00,46848.533,47612.670,1789132003903.296,2026-09-11T17:06:43.903296+04:00,16.1
1687,3405,14956383899000,994.0,1.00,46862.426,47626.563,1789132003917.189,2026-09-11T17:06:43.917189+04:00,16.1
1688,3406,14956397791000,994.0,1.00,46876.318,47640.455,1789132003931.081,2026-09-11T17:06:43.931081+04:00,16.1
1689,3410,14956453365000,994.0,1.00,46931.892,47696.029,1789132003986.655,2026-09-11T17:06:43.986655+04:00,16.0
1690,3411,14956467258000,994.0,1.00,46945.785,47709.922,1789132004000.548,2026-09-11T17:06:44.000548+04:00,16.0
1691,3412,14956481152000,994.0,1.00,46959.679,47723.816,1789132004014.442,2026-09-11T17:06:44.014442+04:00,16.0
1692,3416,14956536725000,994.0,1.00,47015.252,47779.389,1789132004070.015,2026-09-11T17:06:44.070015+04:00,16.0
1693,3417,14956550618000,994.0,1.00,47029.145,47793.282,1789132004083.908,2026-09-11T17:06:44.083908+04:00,16.0
1694,3418,14956564513000,994.0,1.00,47043.040,47807.177,1789132004097.803,2026-09-11T17:06:44.097803+04:00,16.0
1695,3422,14956620088000,994.0,1.00,47098.615,47862.752,1789132004153.378,2026-09-11T17:06:44.153378+04:00,15.9
1696,3423,14956633979000,994.0,1.00,47112.506,47876.643,1789132004167.269,2026-09-11T17:06:44.167269+04:00,15.9
1697,3424,14956647872000,994.0,1.00,47126.399,47890.536,1789132004181.162,2026-09-11T17:06:44.181162+04:00,15.9
1698,3428,14956703446000,994.0,1.00,47181.973,47946.110,1789132004236.736,2026-09-11T17:06:44.236736+04:00,16.0
1699,3429,14956717339000,994.0,1.00,47195.866,47960.003,1789132004250.629,2026-09-11T17:06:44.250629+04:00,16.0
1700,3430,14956731235000,994.0,1.00,47209.762,47973.899,1789132004264.525,2026-09-11T17:06:44.264525+04:00,16.0
1701,3434,14956786808000,994.0,1.00,47265.335,48029.472,1789132004320.098,2026-09-11T17:06:44.320098+04:00,16.0
1702,3435,14956800700000,994.0,1.00,47279.227,48043.364,1789132004333.990,2026-09-11T17:06:44.333990+04:00,16.0
1703,3436,14956814593000,994.0,1.00,47293.120,48057.257,1789132004347.883,2026-09-11T17:06:44.347883+04:00,16.1
1704,3440,14956870169000,994.0,1.00,47348.696,48112.833,1789132004403.459,2026-09-11T17:06:44.403459+04:00,16.2
1705,3441,14956884061000,994.0,1.00,47362.588,48126.725,1789132004417.351,2026-09-11T17:06:44.417351+04:00,16.2
1706,3442,14956897954000,994.0,1.00,47376.481,48140.618,1789132004431.244,2026-09-11T17:06:44.431244+04:00,16.2
1707,3446,14956953529000,994.0,1.00,47432.056,48196.193,1789132004486.819,2026-09-11T17:06:44.486819+04:00,16.4
1708,3447,14956967420000,994.0,1.00,47445.947,48210.084,1789132004500.710,2026-09-11T17:06:44.500710+04:00,16.5
1709,3448,14956981314000,994.0,1.00,47459.841,48223.978,1789132004514.604,2026-09-11T17:06:44.514604+04:00,16.5
1710,3452,14957036889000,994.0,1.00,47515.416,48279.553,1789132004570.179,2026-09-11T17:06:44.570179+04:00,16.8
1711,3453,14957050782000,994.0,1.00,47529.309,48293.446,1789132004584.072,2026-09-11T17:06:44.584072+04:00,16.8
1712,3454,14957064675000,994.0,1.00,47543.202,48307.339,1789132004597.965,2026-09-11T17:06:44.597965+04:00,16.9
1713,3458,14957120251000,994.0,1.00,47598.778,48362.915,1789132004653.541,2026-09-11T17:06:44.653541+04:00,17.1
1714,3459,14957134144000,994.0,1.00,47612.671,48376.808,1789132004667.434,2026-09-11T17:06:44.667434+04:00,17.1
1715,3460,14957148040000,994.0,1.00,47626.567,48390.704,1789132004681.330,2026-09-11T17:06:44.681330+04:00,17.1
1716,3464,14957203609000,994.0,1.00,47682.136,48446.273,1789132004736.899,2026-09-11T17:06:44.736899+04:00,17.0
1717,3465,14957217502000,994.0,1.00,47696.029,48460.166,1789132004750.792,2026-09-11T17:06:44.750792+04:00,16.9
1718,3466,14957231396000,994.0,1.00,47709.923,48474.060,1789132004764.686,2026-09-11T17:06:44.764686+04:00,16.8
1719,3470,14957286969000,994.0,1.00,47765.496,48529.633,1789132004820.259,2026-09-11T17:06:44.820259+04:00,16.6
1720,3471,14957300862000,994.0,1.00,47779.389,48543.526,1789132004834.152,2026-09-11T17:06:44.834152+04:00,16.5
1721,3472,14957314756000,994.0,1.00,47793.283,48557.420,1789132004848.046,2026-09-11T17:06:44.848046+04:00,16.5
1722,3476,14957370329000,994.0,1.00,47848.856,48612.993,1789132004903.619,2026-09-11T17:06:44.903619+04:00,16.3
1723,3477,14957384224000,994.0,1.00,47862.751,48626.888,1789132004917.514,2026-09-11T17:06:44.917514+04:00,16.2
1724,3478,14957398117000,994.0,1.00,47876.644,48640.781,1789132004931.407,2026-09-11T17:06:44.931407+04:00,16.2
1725,3482,14957453691000,994.0,1.00,47932.218,48696.355,1789132004986.981,2026-09-11T17:06:44.986981+04:00,16.1
1726,3483,14957467584000,994.0,1.00,47946.111,48710.248,1789132005000.874,2026-09-11T17:06:45.000874+04:00,16.0
1727,3484,14957481476000,994.0,1.00,47960.003,48724.140,1789132005014.766,2026-09-11T17:06:45.014766+04:00,16.0
1728,3488,14957537051000,994.0,1.00,48015.578,48779.715,1789132005070.341,2026-09-11T17:06:45.070341+04:00,16.0
1729,3489,14957550944000,994.0,1.00,48029.471,48793.608,1789132005084.234,2026-09-11T17:06:45.084234+04:00,16.0
1730,3490,14957564837000,994.0,1.00,48043.364,48807.501,1789132005098.127,2026-09-11T17:06:45.098127+04:00,16.0
1731,3494,14957620412000,994.0,1.00,48098.939,48863.076,1789132005153.702,2026-09-11T17:06:45.153702+04:00,16.1
1732,3495,14957634303000,994.0,1.00,48112.830,48876.967,1789132005167.593,2026-09-11T17:06:45.167593+04:00,16.1
1733,3496,14957648198000,994.0,1.00,48126.725,48890.862,1789132005181.488,2026-09-11T17:06:45.181488+04:00,16.2
1734,3500,14957703774000,994.0,1.00,48182.301,48946.438,1789132005237.064,2026-09-11T17:06:45.237064+04:00,16.4
1735,3501,14957717664000,994.0,1.00,48196.191,48960.328,1789132005250.954,2026-09-11T17:06:45.250954+04:00,16.4
1736,3502,14957731558000,994.0,1.00,48210.085,48974.222,1789132005264.848,2026-09-11T17:06:45.264848+04:00,16.5
1737,3506,14957787133000,994.0,1.00,48265.660,49029.797,1789132005320.423,2026-09-11T17:06:45.320423+04:00,16.8
1738,3507,14957801027000,994.0,1.00,48279.554,49043.691,1789132005334.317,2026-09-11T17:06:45.334317+04:00,16.9
1739,3508,14957814920000,994.0,1.00,48293.447,49057.584,1789132005348.210,2026-09-11T17:06:45.348210+04:00,17.0
1740,3512,14957870494000,994.0,1.00,48349.021,49113.158,1789132005403.784,2026-09-11T17:06:45.403784+04:00,17.2
1741,3513,14957884386000,994.0,1.00,48362.913,49127.050,1789132005417.676,2026-09-11T17:06:45.417676+04:00,17.3
1742,3514,14957898279000,994.0,1.00,48376.806,49140.943,1789132005431.569,2026-09-11T17:06:45.431569+04:00,17.3
1743,3518,14957953854000,994.0,1.00,48432.381,49196.518,1789132005487.144,2026-09-11T17:06:45.487144+04:00,17.2
1744,3519,14957967747000,994.0,1.00,48446.274,49210.411,1789132005501.037,2026-09-11T17:06:45.501037+04:00,17.2
1745,3520,14957981640000,994.0,1.00,48460.167,49224.304,1789132005514.930,2026-09-11T17:06:45.514930+04:00,17.1
1746,3524,14958037213000,994.0,1.00,48515.740,49279.877,1789132005570.503,2026-09-11T17:06:45.570503+04:00,16.9
1747,3525,14958051106000,994.0,1.00,48529.633,49293.770,1789132005584.396,2026-09-11T17:06:45.584396+04:00,16.8
1748,3526,14958065001000,994.0,1.00,48543.528,49307.665,1789132005598.291,2026-09-11T17:06:45.598291+04:00,16.7
1749,3530,14958120575000,994.0,1.00,48599.102,49363.239,1789132005653.865,2026-09-11T17:06:45.653865+04:00,16.5
1750,3531,14958134467000,994.0,1.00,48612.994,49377.131,1789132005667.757,2026-09-11T17:06:45.667757+04:00,16.5
1751,3532,14958148361000,994.0,1.00,48626.888,49391.025,1789132005681.651,2026-09-11T17:06:45.681651+04:00,16.4
1752,3536,14958203938000,994.0,1.00,48682.465,49446.602,1789132005737.228,2026-09-11T17:06:45.737228+04:00,16.3
1753,3537,14958217827000,994.0,1.00,48696.354,49460.491,1789132005751.117,2026-09-11T17:06:45.751117+04:00,16.3
1754,3538,14958231722000,994.0,1.00,48710.249,49474.386,1789132005765.012,2026-09-11T17:06:45.765012+04:00,16.3
1755,3542,14958287295000,994.0,1.00,48765.822,49529.959,1789132005820.585,2026-09-11T17:06:45.820585+04:00,16.4
1756,3543,14958301188000,994.0,1.00,48779.715,49543.852,1789132005834.478,2026-09-11T17:06:45.834478+04:00,16.4
1757,3544,14958315080000,994.0,1.00,48793.607,49557.744,1789132005848.370,2026-09-11T17:06:45.848370+04:00,16.4
1758,3548,14958370655000,994.0,1.00,48849.182,49613.319,1789132005903.945,2026-09-11T17:06:45.903945+04:00,16.7
1759,3549,14958384549000,994.0,1.00,48863.076,49627.213,1789132005917.839,2026-09-11T17:06:45.917839+04:00,16.7
1760,3550,14958398442000,994.0,1.00,48876.969,49641.106,1789132005931.732,2026-09-11T17:06:45.931732+04:00,16.8
1761,3554,14958454016000,994.0,1.00,48932.543,49696.680,1789132005987.306,2026-09-11T17:06:45.987306+04:00,16.8
1762,3555,14958467908000,994.0,1.00,48946.435,49710.572,1789132006001.198,2026-09-11T17:06:46.001198+04:00,16.8
1763,3556,14958481801000,994.0,1.00,48960.328,49724.465,1789132006015.091,2026-09-11T17:06:46.015091+04:00,16.9
1764,3560,14958537377000,994.0,1.00,49015.904,49780.041,1789132006070.667,2026-09-11T17:06:46.070667+04:00,17.0
1765,3561,14958551269000,994.0,1.00,49029.796,49793.933,1789132006084.559,2026-09-11T17:06:46.084559+04:00,17.0
1766,3562,14958565165000,994.0,1.00,49043.692,49807.829,1789132006098.455,2026-09-11T17:06:46.098455+04:00,17.0
1767,3566,14958620737000,994.0,1.00,49099.264,49863.401,1789132006154.027,2026-09-11T17:06:46.154027+04:00,17.3
1768,3567,14958634629000,994.0,1.00,49113.156,49877.293,1789132006167.919,2026-09-11T17:06:46.167919+04:00,17.2
1769,3568,14958648524000,994.0,1.00,49127.051,49891.188,1789132006181.814,2026-09-11T17:06:46.181814+04:00,17.2
1770,3572,14958704098000,994.0,1.00,49182.625,49946.762,1789132006237.388,2026-09-11T17:06:46.237388+04:00,17.0
1771,3573,14958717990000,994.0,1.00,49196.517,49960.654,1789132006251.280,2026-09-11T17:06:46.251280+04:00,16.9
1772,3574,14958731884000,994.0,1.00,49210.411,49974.548,1789132006265.174,2026-09-11T17:06:46.265174+04:00,16.9
1773,3578,14958787461000,994.0,1.00,49265.988,50030.125,1789132006320.751,2026-09-11T17:06:46.320751+04:00,16.7
1774,3579,14958801351000,994.0,1.00,49279.878,50044.015,1789132006334.641,2026-09-11T17:06:46.334641+04:00,16.7
1775,3580,14958815245000,994.0,1.00,49293.772,50057.909,1789132006348.535,2026-09-11T17:06:46.348535+04:00,16.7
1776,3584,14958870821000,994.0,1.00,49349.348,50113.485,1789132006404.111,2026-09-11T17:06:46.404111+04:00,16.6
1777,3585,14958884711000,994.0,1.00,49363.238,50127.375,1789132006418.001,2026-09-11T17:06:46.418001+04:00,16.6
1778,3586,14958898605000,994.0,1.00,49377.132,50141.269,1789132006431.895,2026-09-11T17:06:46.431895+04:00,16.6
1779,3590,14958954182000,994.0,1.00,49432.709,50196.846,1789132006487.472,2026-09-11T17:06:46.487472+04:00,16.5
1780,3591,14958968071000,994.0,1.00,49446.598,50210.735,1789132006501.361,2026-09-11T17:06:46.501361+04:00,16.5
1781,3592,14958981964000,994.0,1.00,49460.491,50224.628,1789132006515.254,2026-09-11T17:06:46.515254+04:00,16.5
1782,3596,14959037543000,994.0,1.00,49516.070,50280.207,1789132006570.833,2026-09-11T17:06:46.570833+04:00,16.3
1783,3597,14959051431000,994.0,1.00,49529.958,50294.095,1789132006584.721,2026-09-11T17:06:46.584721+04:00,16.3
1784,3598,14959065325000,994.0,1.00,49543.852,50307.989,1789132006598.615,2026-09-11T17:06:46.598615+04:00,16.3
1785,3602,14959120900000,994.0,1.00,49599.427,50363.564,1789132006654.190,2026-09-11T17:06:46.654190+04:00,16.3
1786,3603,14959134791000,994.0,1.00,49613.318,50377.455,1789132006668.081,2026-09-11T17:06:46.668081+04:00,16.3
1787,3604,14959148685000,994.0,1.00,49627.212,50391.349,1789132006681.975,2026-09-11T17:06:46.681975+04:00,16.3
1788,3608,14959204259000,994.0,1.00,49682.786,50446.923,1789132006737.549,2026-09-11T17:06:46.737549+04:00,16.4
1789,3609,14959218152000,994.0,1.00,49696.679,50460.816,1789132006751.442,2026-09-11T17:06:46.751442+04:00,16.6
1790,3610,14959232054000,994.0,1.00,49710.581,50474.718,1789132006765.344,2026-09-11T17:06:46.765344+04:00,16.8
1791,3614,14959287624000,994.0,1.00,49766.151,50530.288,1789132006820.914,2026-09-11T17:06:46.820914+04:00,17.0
1792,3615,14959301513000,994.0,1.00,49780.040,50544.177,1789132006834.803,2026-09-11T17:06:46.834803+04:00,17.0
1793,3616,14959315406000,994.0,1.00,49793.933,50558.070,1789132006848.696,2026-09-11T17:06:46.848696+04:00,17.0
1794,3620,14959370982000,994.0,1.00,49849.509,50613.646,1789132006904.272,2026-09-11T17:06:46.904272+04:00,17.0
1795,3621,14959384873000,994.0,1.00,49863.400,50627.537,1789132006918.163,2026-09-11T17:06:46.918163+04:00,17.0
1796,3622,14959398770000,994.0,1.00,49877.297,50641.434,1789132006932.060,2026-09-11T17:06:46.932060+04:00,17.0
1797,3626,14959454343000,994.0,1.00,49932.870,50697.007,1789132006987.633,2026-09-11T17:06:46.987633+04:00,16.8
1798,3627,14959468233000,994.0,1.00,49946.760,50710.897,1789132007001.523,2026-09-11T17:06:47.001523+04:00,16.8
1799,3628,14959482128000,994.0,1.00,49960.655,50724.792,1789132007015.418,2026-09-11T17:06:47.015418+04:00,16.7
1800,3632,14959537701000,994.0,1.00,50016.228,50780.365,1789132007070.991,2026-09-11T17:06:47.070991+04:00,16.6
1801,3633,14959551593000,994.0,1.00,50030.120,50794.257,1789132007084.883,2026-09-11T17:06:47.084883+04:00,16.5
1802,3634,14959565488000,994.0,1.00,50044.015,50808.152,1789132007098.778,2026-09-11T17:06:47.098778+04:00,16.5
1803,3638,14959621062000,994.0,1.00,50099.589,50863.726,1789132007154.352,2026-09-11T17:06:47.154352+04:00,16.5
1804,3639,14959634954000,994.0,1.00,50113.481,50877.618,1789132007168.244,2026-09-11T17:06:47.168244+04:00,16.5
1805,3640,14959648850000,994.0,1.00,50127.377,50891.514,1789132007182.140,2026-09-11T17:06:47.182140+04:00,16.5
1806,3644,14959704423000,994.0,1.00,50182.950,50947.087,1789132007237.713,2026-09-11T17:06:47.237713+04:00,16.5
1807,3645,14959718316000,994.0,1.00,50196.843,50960.980,1789132007251.606,2026-09-11T17:06:47.251606+04:00,16.5
1808,3646,14959732208000,994.0,1.00,50210.735,50974.872,1789132007265.498,2026-09-11T17:06:47.265498+04:00,16.5
1809,3650,14959787786000,994.0,1.00,50266.313,51030.450,1789132007321.076,2026-09-11T17:06:47.321076+04:00,16.4
1810,3651,14959801675000,994.0,1.00,50280.202,51044.339,1789132007334.965,2026-09-11T17:06:47.334965+04:00,16.4
1811,3652,14959815568000,994.0,1.00,50294.095,51058.232,1789132007348.858,2026-09-11T17:06:47.348858+04:00,16.4
1812,3656,14959871146000,994.0,1.00,50349.673,51113.810,1789132007404.436,2026-09-11T17:06:47.404436+04:00,16.3
1813,3657,14959885035000,994.0,1.00,50363.562,51127.699,1789132007418.325,2026-09-11T17:06:47.418325+04:00,16.2
1814,3658,14959898930000,994.0,1.00,50377.457,51141.594,1789132007432.220,2026-09-11T17:06:47.432220+04:00,16.2
1815,3662,14959954504000,994.0,1.00,50433.031,51197.168,1789132007487.794,2026-09-11T17:06:47.487794+04:00,16.1
1816,3663,14959968395000,994.0,1.00,50446.922,51211.059,1789132007501.685,2026-09-11T17:06:47.501685+04:00,16.1
1817,3664,14959982289000,994.0,1.00,50460.816,51224.953,1789132007515.579,2026-09-11T17:06:47.515579+04:00,16.1
1818,3668,14960037865000,994.0,1.00,50516.392,51280.529,1789132007571.155,2026-09-11T17:06:47.571155+04:00,16.1
1819,3669,14960051755000,994.0,1.00,50530.282,51294.419,1789132007585.045,2026-09-11T17:06:47.585045+04:00,16.1
1820,3670,14960065650000,994.0,1.00,50544.177,51308.314,1789132007598.940,2026-09-11T17:06:47.598940+04:00,16.1
1821,3674,14960121225000,994.0,1.00,50599.752,51363.889,1789132007654.515,2026-09-11T17:06:47.654515+04:00,16.1
1822,3675,14960135117000,994.0,1.00,50613.644,51377.781,1789132007668.407,2026-09-11T17:06:47.668407+04:00,16.2
1823,3676,14960149010000,994.0,1.00,50627.537,51391.674,1789132007682.300,2026-09-11T17:06:47.682300+04:00,16.1
1824,3680,14960204585000,994.0,1.00,50683.112,51447.249,1789132007737.875,2026-09-11T17:06:47.737875+04:00,16.0
1825,3681,14960218478000,994.0,1.00,50697.005,51461.142,1789132007751.768,2026-09-11T17:06:47.751768+04:00,16.1
1826,3682,14960232370000,994.0,1.00,50710.897,51475.034,1789132007765.660,2026-09-11T17:06:47.765660+04:00,16.2
1827,3686,14960287945000,994.0,1.00,50766.472,51530.609,1789132007821.235,2026-09-11T17:06:47.821235+04:00,16.7
1828,3687,14960301837000,994.0,1.00,50780.364,51544.501,1789132007835.127,2026-09-11T17:06:47.835127+04:00,16.8
1829,3688,14960315731000,994.0,1.00,50794.258,51558.395,1789132007849.021,2026-09-11T17:06:47.849021+04:00,16.9
1830,3692,14960371308000,994.0,1.00,50849.835,51613.972,1789132007904.598,2026-09-11T17:06:47.904598+04:00,17.2
1831,3693,14960385198000,994.0,1.00,50863.725,51627.862,1789132007918.488,2026-09-11T17:06:47.918488+04:00,17.2
1832,3694,14960399091000,994.0,1.00,50877.618,51641.755,1789132007932.381,2026-09-11T17:06:47.932381+04:00,17.2
1833,3698,14960454668000,994.0,1.00,50933.195,51697.332,1789132007987.958,2026-09-11T17:06:47.987958+04:00,17.0
1834,3699,14960468559000,994.0,1.00,50947.086,51711.223,1789132008001.849,2026-09-11T17:06:48.001849+04:00,17.0
1835,3700,14960482451000,994.0,1.00,50960.978,51725.115,1789132008015.741,2026-09-11T17:06:48.015741+04:00,17.0
1836,3704,14960538027000,994.0,1.00,51016.554,51780.691,1789132008071.317,2026-09-11T17:06:48.071317+04:00,16.8
1837,3705,14960551923000,994.0,1.00,51030.450,51794.587,1789132008085.213,2026-09-11T17:06:48.085213+04:00,16.7
1838,3706,14960565812000,994.0,1.00,51044.339,51808.476,1789132008099.102,2026-09-11T17:06:48.099102+04:00,16.7
1839,3710,14960621387000,994.0,1.00,51099.914,51864.051,1789132008154.677,2026-09-11T17:06:48.154677+04:00,16.5
1840,3711,14960635279000,994.0,1.00,51113.806,51877.943,1789132008168.569,2026-09-11T17:06:48.168569+04:00,16.4
1841,3712,14960649173000,994.0,1.00,51127.700,51891.837,1789132008182.463,2026-09-11T17:06:48.182463+04:00,16.4
1842,3716,14960704747000,994.0,1.00,51183.274,51947.411,1789132008238.037,2026-09-11T17:06:48.238037+04:00,16.2
1843,3717,14960718640000,994.0,1.00,51197.167,51961.304,1789132008251.930,2026-09-11T17:06:48.251930+04:00,16.2
1844,3718,14960732534000,994.0,1.00,51211.061,51975.198,1789132008265.824,2026-09-11T17:06:48.265824+04:00,16.1
1845,3722,14960788107000,994.0,1.00,51266.634,52030.771,1789132008321.397,2026-09-11T17:06:48.321397+04:00,16.1
1846,3723,14960802000000,994.0,1.00,51280.527,52044.664,1789132008335.290,2026-09-11T17:06:48.335290+04:00,16.1
1847,3724,14960815893000,994.0,1.00,51294.420,52058.557,1789132008349.183,2026-09-11T17:06:48.349183+04:00,16.1
1848,3728,14960871471000,994.0,1.00,51349.998,52114.135,1789132008404.761,2026-09-11T17:06:48.404761+04:00,16.1
1849,3729,14960885362000,994.0,1.00,51363.889,52128.026,1789132008418.652,2026-09-11T17:06:48.418652+04:00,16.1
1850,3730,14960899254000,994.0,1.00,51377.781,52141.918,1789132008432.544,2026-09-11T17:06:48.432544+04:00,15.9
1851,3734,14960954829000,994.0,1.00,51433.356,52197.493,1789132008488.119,2026-09-11T17:06:48.488119+04:00,15.4
1852,3735,14960968722000,994.0,1.00,51447.249,52211.386,1789132008502.012,2026-09-11T17:06:48.502012+04:00,15.4
1853,3736,14960982615000,994.0,1.00,51461.142,52225.279,1789132008515.905,2026-09-11T17:06:48.515905+04:00,15.4
1854,3740,14961038189000,994.0,1.00,51516.716,52280.853,1789132008571.479,2026-09-11T17:06:48.571479+04:00,15.5
1855,3741,14961052083000,994.0,1.00,51530.610,52294.747,1789132008585.373,2026-09-11T17:06:48.585373+04:00,15.5
1856,3742,14961065977000,994.0,1.00,51544.504,52308.641,1789132008599.267,2026-09-11T17:06:48.599267+04:00,15.5
1857,3746,14961121550000,994.0,1.00,51600.077,52364.214,1789132008654.840,2026-09-11T17:06:48.654840+04:00,15.5
1858,3747,14961135442000,994.0,1.00,51613.969,52378.106,1789132008668.732,2026-09-11T17:06:48.668732+04:00,15.5
1859,3748,14961149335000,994.0,1.00,51627.862,52391.999,1789132008682.625,2026-09-11T17:06:48.682625+04:00,15.5
1860,3752,14961204909000,994.0,1.00,51683.436,52447.573,1789132008738.199,2026-09-11T17:06:48.738199+04:00,15.5
1861,3753,14961218802000,994.0,1.00,51697.329,52461.466,1789132008752.092,2026-09-11T17:06:48.752092+04:00,15.5
1862,3754,14961232696000,994.0,1.00,51711.223,52475.360,1789132008765.986,2026-09-11T17:06:48.765986+04:00,15.5
1863,3758,14961288270000,994.0,1.00,51766.797,52530.934,1789132008821.560,2026-09-11T17:06:48.821560+04:00,15.5
1864,3759,14961302162000,994.0,1.00,51780.689,52544.826,1789132008835.452,2026-09-11T17:06:48.835452+04:00,15.4
1865,3760,14961316057000,994.0,1.00,51794.584,52558.721,1789132008849.347,2026-09-11T17:06:48.849347+04:00,15.4
1866,3764,14961371634000,994.0,1.00,51850.161,52614.298,1789132008904.924,2026-09-11T17:06:48.904924+04:00,15.4
1867,3765,14961385522000,994.0,1.00,51864.049,52628.186,1789132008918.812,2026-09-11T17:06:48.918812+04:00,15.4
1868,3766,14961399416000,994.0,1.00,51877.943,52642.080,1789132008932.706,2026-09-11T17:06:48.932706+04:00,15.4
1869,3770,14961454989000,994.0,1.00,51933.516,52697.653,1789132008988.279,2026-09-11T17:06:48.988279+04:00,16.1
1870,3771,14961468884000,994.0,1.00,51947.411,52711.548,1789132009002.174,2026-09-11T17:06:49.002174+04:00,16.2
1871,3772,14961482777000,994.0,1.00,51961.304,52725.441,1789132009016.067,2026-09-11T17:06:49.016067+04:00,16.5
1872,3776,14961538352000,994.0,1.00,52016.879,52781.016,1789132009071.642,2026-09-11T17:06:49.071642+04:00,16.8
1873,3777,14961552243000,994.0,1.00,52030.770,52794.907,1789132009085.533,2026-09-11T17:06:49.085533+04:00,17.1
1874,3778,14961566137000,994.0,1.00,52044.664,52808.801,1789132009099.427,2026-09-11T17:06:49.099427+04:00,17.2
1875,3782,14961621712000,994.0,1.00,52100.239,52864.376,1789132009155.002,2026-09-11T17:06:49.155002+04:00,17.3
1876,3783,14961635604000,994.0,1.00,52114.131,52878.268,1789132009168.894,2026-09-11T17:06:49.168894+04:00,17.3
1877,3784,14961649497000,994.0,1.00,52128.024,52892.161,1789132009182.787,2026-09-11T17:06:49.182787+04:00,17.3
1878,3788,14961705072000,994.0,1.00,52183.599,52947.736,1789132009238.362,2026-09-11T17:06:49.238362+04:00,17.2
1879,3789,14961718965000,994.0,1.00,52197.492,52961.629,1789132009252.255,2026-09-11T17:06:49.252255+04:00,17.1
1880,3790,14961732857000,994.0,1.00,52211.384,52975.521,1789132009266.147,2026-09-11T17:06:49.266147+04:00,17.1
1881,3794,14961788432000,994.0,1.00,52266.959,53031.096,1789132009321.722,2026-09-11T17:06:49.321722+04:00,16.8
1882,3795,14961802324000,994.0,1.00,52280.851,53044.988,1789132009335.614,2026-09-11T17:06:49.335614+04:00,16.8
1883,3796,14961816218000,994.0,1.00,52294.745,53058.882,1789132009349.508,2026-09-11T17:06:49.349508+04:00,16.7
1884,3800,14961871796000,994.0,1.00,52350.323,53114.460,1789132009405.086,2026-09-11T17:06:49.405086+04:00,16.5
1885,3801,14961885686000,994.0,1.00,52364.213,53128.350,1789132009418.976,2026-09-11T17:06:49.418976+04:00,16.5
1886,3802,14961899578000,994.0,1.00,52378.105,53142.242,1789132009432.868,2026-09-11T17:06:49.432868+04:00,16.5
1887,3806,14961955154000,994.0,1.00,52433.681,53197.818,1789132009488.444,2026-09-11T17:06:49.488444+04:00,16.3
1888,3807,14961969045000,994.0,1.00,52447.572,53211.709,1789132009502.335,2026-09-11T17:06:49.502335+04:00,16.3
1889,3808,14961982939000,994.0,1.00,52461.466,53225.603,1789132009516.229,2026-09-11T17:06:49.516229+04:00,16.3
1890,3812,14962038515000,994.0,1.00,52517.042,53281.179,1789132009571.805,2026-09-11T17:06:49.571805+04:00,16.3
1891,3813,14962052406000,994.0,1.00,52530.933,53295.070,1789132009585.696,2026-09-11T17:06:49.585696+04:00,16.3
1892,3814,14962066300000,994.0,1.00,52544.827,53308.964,1789132009599.590,2026-09-11T17:06:49.599590+04:00,16.3
1893,3818,14962121875000,994.0,1.00,52600.402,53364.539,1789132009655.165,2026-09-11T17:06:49.655165+04:00,16.0
1894,3819,14962135766000,994.0,1.00,52614.293,53378.430,1789132009669.056,2026-09-11T17:06:49.669056+04:00,15.8
1895,3820,14962149659000,994.0,1.00,52628.186,53392.323,1789132009682.949,2026-09-11T17:06:49.682949+04:00,15.6
1896,3824,14962205235000,994.0,1.00,52683.762,53447.899,1789132009738.525,2026-09-11T17:06:49.738525+04:00,15.5
1897,3825,14962219128000,994.0,1.00,52697.655,53461.792,1789132009752.418,2026-09-11T17:06:49.752418+04:00,15.5
1898,3826,14962233020000,994.0,1.00,52711.547,53475.684,1789132009766.310,2026-09-11T17:06:49.766310+04:00,15.7
1899,3830,14962288595000,994.0,1.00,52767.122,53531.259,1789132009821.885,2026-09-11T17:06:49.821885+04:00,15.8
1900,3831,14962302487000,994.0,1.00,52781.014,53545.151,1789132009835.777,2026-09-11T17:06:49.835777+04:00,15.8
1901,3832,14962316380000,994.0,1.00,52794.907,53559.044,1789132009849.670,2026-09-11T17:06:49.849670+04:00,15.9
1902,3836,14962371956000,994.0,1.00,52850.483,53614.620,1789132009905.246,2026-09-11T17:06:49.905246+04:00,16.0
1903,3837,14962385847000,994.0,1.00,52864.374,53628.511,1789132009919.137,2026-09-11T17:06:49.919137+04:00,16.0
1904,3838,14962399741000,994.0,1.00,52878.268,53642.405,1789132009933.031,2026-09-11T17:06:49.933031+04:00,16.0
1905,3842,14962455319000,994.0,1.00,52933.846,53697.983,1789132009988.609,2026-09-11T17:06:49.988609+04:00,16.1
1906,3843,14962469207000,994.0,1.00,52947.734,53711.871,1789132010002.497,2026-09-11T17:06:50.002497+04:00,16.0
1907,3844,14962483105000,994.0,1.00,52961.632,53725.769,1789132010016.395,2026-09-11T17:06:50.016395+04:00,16.0
1908,3848,14962538676000,994.0,1.00,53017.203,53781.340,1789132010071.966,2026-09-11T17:06:50.071966+04:00,16.1
1909,3849,14962552568000,994.0,1.00,53031.095,53795.232,1789132010085.858,2026-09-11T17:06:50.085858+04:00,16.1
1910,3850,14962566463000,994.0,1.00,53044.990,53809.127,1789132010099.753,2026-09-11T17:06:50.099753+04:00,16.1
1911,3854,14962622036000,994.0,1.00,53100.563,53864.700,1789132010155.326,2026-09-11T17:06:50.155326+04:00,16.0
1912,3855,14962635928000,994.0,1.00,53114.455,53878.592,1789132010169.218,2026-09-11T17:06:50.169218+04:00,16.0
1913,3856,14962649822000,994.0,1.00,53128.349,53892.486,1789132010183.112,2026-09-11T17:06:50.183112+04:00,16.0
1914,3860,14962705397000,994.0,1.00,53183.924,53948.061,1789132010238.687,2026-09-11T17:06:50.238687+04:00,15.9
1915,3861,14962719289000,994.0,1.00,53197.816,53961.953,1789132010252.579,2026-09-11T17:06:50.252579+04:00,15.9
1916,3862,14962733182000,994.0,1.00,53211.709,53975.846,1789132010266.472,2026-09-11T17:06:50.266472+04:00,15.9
1917,3866,14962788757000,994.0,1.00,53267.284,54031.421,1789132010322.047,2026-09-11T17:06:50.322047+04:00,16.0
1918,3867,14962802651000,994.0,1.00,53281.178,54045.315,1789132010335.941,2026-09-11T17:06:50.335941+04:00,16.1
1919,3868,14962816543000,994.0,1.00,53295.070,54059.207,1789132010349.833,2026-09-11T17:06:50.349833+04:00,16.1
1920,3872,14962872118000,994.0,1.00,53350.645,54114.782,1789132010405.408,2026-09-11T17:06:50.405408+04:00,16.2
1921,3873,14962886011000,994.0,1.00,53364.538,54128.675,1789132010419.301,2026-09-11T17:06:50.419301+04:00,16.2
1922,3874,14962899904000,994.0,1.00,53378.431,54142.568,1789132010433.194,2026-09-11T17:06:50.433194+04:00,16.2
1923,3878,14962955478000,994.0,1.00,53434.005,54198.142,1789132010488.768,2026-09-11T17:06:50.488768+04:00,16.1
1924,3879,14962969371000,994.0,1.00,53447.898,54212.035,1789132010502.661,2026-09-11T17:06:50.502661+04:00,16.1
1925,3880,14962983265000,994.0,1.00,53461.792,54225.929,1789132010516.555,2026-09-11T17:06:50.516555+04:00,16.1
1926,3884,14963038841000,994.0,1.00,53517.368,54281.505,1789132010572.131,2026-09-11T17:06:50.572131+04:00,16.1
1927,3885,14963052732000,994.0,1.00,53531.259,54295.396,1789132010586.022,2026-09-11T17:06:50.586022+04:00,16.0
1928,3886,14963066625000,994.0,1.00,53545.152,54309.289,1789132010599.915,2026-09-11T17:06:50.599915+04:00,16.0
1929,3890,14963122200000,994.0,1.00,53600.727,54364.864,1789132010655.490,2026-09-11T17:06:50.655490+04:00,15.9
1930,3891,14963136092000,994.0,1.00,53614.619,54378.756,1789132010669.382,2026-09-11T17:06:50.669382+04:00,16.0
1931,3892,14963149985000,994.0,1.00,53628.512,54392.649,1789132010683.275,2026-09-11T17:06:50.683275+04:00,16.0
1932,3896,14963205559000,994.0,1.00,53684.086,54448.223,1789132010738.849,2026-09-11T17:06:50.738849+04:00,16.0
1933,3897,14963219452000,994.0,1.00,53697.979,54462.116,1789132010752.742,2026-09-11T17:06:50.752742+04:00,16.0
1934,3898,14963233345000,994.0,1.00,53711.872,54476.009,1789132010766.635,2026-09-11T17:06:50.766635+04:00,16.0
1935,3902,14963288920000,994.0,1.00,53767.447,54531.584,1789132010822.210,2026-09-11T17:06:50.822210+04:00,16.0
1936,3903,14963302812000,994.0,1.00,53781.339,54545.476,1789132010836.102,2026-09-11T17:06:50.836102+04:00,16.0
1937,3904,14963316706000,994.0,1.00,53795.233,54559.370,1789132010849.996,2026-09-11T17:06:50.849996+04:00,16.0
1938,3908,14963372280000,994.0,1.00,53850.807,54614.944,1789132010905.570,2026-09-11T17:06:50.905570+04:00,15.9
1939,3909,14963386172000,994.0,1.00,53864.699,54628.836,1789132010919.462,2026-09-11T17:06:50.919462+04:00,15.9
1940,3910,14963400067000,994.0,1.00,53878.594,54642.731,1789132010933.357,2026-09-11T17:06:50.933357+04:00,15.9
1941,3914,14963455643000,994.0,1.00,53934.170,54698.307,1789132010988.933,2026-09-11T17:06:50.988933+04:00,15.9
1942,3915,14963469533000,994.0,1.00,53948.060,54712.197,1789132011002.823,2026-09-11T17:06:51.002823+04:00,15.9
1943,3916,14963483427000,994.0,1.00,53961.954,54726.091,1789132011016.717,2026-09-11T17:06:51.016717+04:00,15.9
1944,3920,14963539004000,994.0,1.00,54017.531,54781.668,1789132011072.294,2026-09-11T17:06:51.072294+04:00,15.8
1945,3921,14963552893000,994.0,1.00,54031.420,54795.557,1789132011086.183,2026-09-11T17:06:51.086183+04:00,15.8
1946,3922,14963566788000,994.0,1.00,54045.315,54809.452,1789132011100.078,2026-09-11T17:06:51.100078+04:00,15.8
1947,3926,14963622361000,994.0,1.00,54100.888,54865.025,1789132011155.651,2026-09-11T17:06:51.155651+04:00,15.8
1948,3927,14963636253000,994.0,1.00,54114.780,54878.917,1789132011169.543,2026-09-11T17:06:51.169543+04:00,15.8
1949,3928,14963650147000,994.0,1.00,54128.674,54892.811,1789132011183.437,2026-09-11T17:06:51.183437+04:00,15.9
1950,3932,14963705722000,994.0,1.00,54184.249,54948.386,1789132011239.012,2026-09-11T17:06:51.239012+04:00,15.9
1951,3933,14963719618000,994.0,1.00,54198.145,54962.282,1789132011252.908,2026-09-11T17:06:51.252908+04:00,15.9
1952,3934,14963733507000,994.0,1.00,54212.034,54976.171,1789132011266.797,2026-09-11T17:06:51.266797+04:00,15.9
1953,3938,14963789082000,994.0,1.00,54267.609,55031.746,1789132011322.372,2026-09-11T17:06:51.322372+04:00,15.8
1954,3939,14963802974000,994.0,1.00,54281.501,55045.638,1789132011336.264,2026-09-11T17:06:51.336264+04:00,15.8
1955,3940,14963816869000,994.0,1.00,54295.396,55059.533,1789132011350.159,2026-09-11T17:06:51.350159+04:00,15.8
1956,3944,14963872442000,994.0,1.00,54350.969,55115.106,1789132011405.732,2026-09-11T17:06:51.405732+04:00,15.8
1957,3945,14963886335000,994.0,1.00,54364.862,55128.999,1789132011419.625,2026-09-11T17:06:51.419625+04:00,15.8
1958,3946,14963900231000,994.0,1.00,54378.758,55142.895,1789132011433.521,2026-09-11T17:06:51.433521+04:00,15.8
1959,3950,14963955806000,994.0,1.00,54434.333,55198.470,1789132011489.096,2026-09-11T17:06:51.489096+04:00,15.8
1960,3951,14963969695000,994.0,1.00,54448.222,55212.359,1789132011502.985,2026-09-11T17:06:51.502985+04:00,15.8
1961,3952,14963983589000,994.0,1.00,54462.116,55226.253,1789132011516.879,2026-09-11T17:06:51.516879+04:00,15.8
1962,3956,14964039166000,994.0,1.00,54517.693,55281.830,1789132011572.456,2026-09-11T17:06:51.572456+04:00,15.8
1963,3957,14964053056000,994.0,1.00,54531.583,55295.720,1789132011586.346,2026-09-11T17:06:51.586346+04:00,15.8
1964,3958,14964066950000,994.0,1.00,54545.477,55309.614,1789132011600.240,2026-09-11T17:06:51.600240+04:00,15.8
1965,3962,14964122524000,994.0,1.00,54601.051,55365.188,1789132011655.814,2026-09-11T17:06:51.655814+04:00,15.8
1966,3963,14964136416000,994.0,1.00,54614.943,55379.080,1789132011669.706,2026-09-11T17:06:51.669706+04:00,15.8
1967,3964,14964150310000,994.0,1.00,54628.837,55392.974,1789132011683.600,2026-09-11T17:06:51.683600+04:00,15.8
1968,3968,14964205885000,994.0,1.00,54684.412,55448.549,1789132011739.175,2026-09-11T17:06:51.739175+04:00,15.8
1969,3969,14964219777000,994.0,1.00,54698.304,55462.441,1789132011753.067,2026-09-11T17:06:51.753067+04:00,15.8
1970,3970,14964233672000,994.0,1.00,54712.199,55476.336,1789132011766.962,2026-09-11T17:06:51.766962+04:00,15.8
1971,3974,14964289246000,994.0,1.00,54767.773,55531.910,1789132011822.536,2026-09-11T17:06:51.822536+04:00,15.9
1972,3975,14964303137000,994.0,1.00,54781.664,55545.801,1789132011836.427,2026-09-11T17:06:51.836427+04:00,15.9
1973,3976,14964317030000,994.0,1.00,54795.557,55559.694,1789132011850.320,2026-09-11T17:06:51.850320+04:00,15.9
1974,3980,14964372607000,994.0,1.00,54851.134,55615.271,1789132011905.897,2026-09-11T17:06:51.905897+04:00,15.9
1975,3981,14964386497000,994.0,1.00,54865.024,55629.161,1789132011919.787,2026-09-11T17:06:51.919787+04:00,15.9
1976,3982,14964400391000,994.0,1.00,54878.918,55643.055,1789132011933.681,2026-09-11T17:06:51.933681+04:00,15.9
1977,3986,14964455968000,994.0,1.00,54934.495,55698.632,1789132011989.258,2026-09-11T17:06:51.989258+04:00,15.9
1978,3987,14964469858000,994.0,1.00,54948.385,55712.522,1789132012003.148,2026-09-11T17:06:52.003148+04:00,15.9
1979,3988,14964483751000,994.0,1.00,54962.278,55726.415,1789132012017.041,2026-09-11T17:06:52.017041+04:00,15.9
1980,3992,14964539326000,994.0,1.00,55017.853,55781.990,1789132012072.616,2026-09-11T17:06:52.072616+04:00,15.9
1981,3993,14964553218000,994.0,1.00,55031.745,55795.882,1789132012086.508,2026-09-11T17:06:52.086508+04:00,15.9
1982,3994,14964567113000,994.0,1.00,55045.640,55809.777,1789132012100.403,2026-09-11T17:06:52.100403+04:00,15.9
1983,3998,14964622687000,994.0,1.00,55101.214,55865.351,1789132012155.977,2026-09-11T17:06:52.155977+04:00,15.9
1984,3999,14964636579000,994.0,1.00,55115.106,55879.243,1789132012169.869,2026-09-11T17:06:52.169869+04:00,15.9
1985,4000,14964650472000,994.0,1.00,55128.999,55893.136,1789132012183.762,2026-09-11T17:06:52.183762+04:00,15.9
1986,4004,14964706048000,994.0,1.00,55184.575,55948.712,1789132012239.338,2026-09-11T17:06:52.239338+04:00,15.9
1987,4005,14964719940000,994.0,1.00,55198.467,55962.604,1789132012253.230,2026-09-11T17:06:52.253230+04:00,15.9
1988,4006,14964733833000,994.0,1.00,55212.360,55976.497,1789132012267.123,2026-09-11T17:06:52.267123+04:00,15.9
1989,4010,14964789408000,994.0,1.00,55267.935,56032.072,1789132012322.698,2026-09-11T17:06:52.322698+04:00,15.9
1990,4011,14964803300000,994.0,1.00,55281.827,56045.964,1789132012336.590,2026-09-11T17:06:52.336590+04:00,15.9
1991,4012,14964817194000,994.0,1.00,55295.721,56059.858,1789132012350.484,2026-09-11T17:06:52.350484+04:00,15.9
1992,4016,14964872768000,994.0,1.00,55351.295,56115.432,1789132012406.058,2026-09-11T17:06:52.406058+04:00,15.9
1993,4017,14964886659000,994.0,1.00,55365.186,56129.323,1789132012419.949,2026-09-11T17:06:52.419949+04:00,15.9
1994,4018,14964900554000,994.0,1.00,55379.081,56143.218,1789132012433.844,2026-09-11T17:06:52.433844+04:00,15.9
1995,4022,14964956129000,994.0,1.00,55434.656,56198.793,1789132012489.419,2026-09-11T17:06:52.489419+04:00,15.9
1996,4023,14964970021000,994.0,1.00,55448.548,56212.685,1789132012503.311,2026-09-11T17:06:52.503311+04:00,15.9
1997,4024,14964983914000,994.0,1.00,55462.441,56226.578,1789132012517.204,2026-09-11T17:06:52.517204+04:00,15.9
1998,4028,14965039492000,994.0,1.00,55518.019,56282.156,1789132012572.782,2026-09-11T17:06:52.572782+04:00,15.9
1999,4029,14965053381000,994.0,1.00,55531.908,56296.045,1789132012586.671,2026-09-11T17:06:52.586671+04:00,15.9
2000,4030,14965067275000,994.0,1.00,55545.802,56309.939,1789132012600.565,2026-09-11T17:06:52.600565+04:00,15.9
2001,4034,14965122852000,994.0,1.00,55601.379,56365.516,1789132012656.142,2026-09-11T17:06:52.656142+04:00,15.9
2002,4035,14965136743000,994.0,1.00,55615.270,56379.407,1789132012670.033,2026-09-11T17:06:52.670033+04:00,15.9
2003,4036,14965150636000,994.0,1.00,55629.163,56393.300,1789132012683.926,2026-09-11T17:06:52.683926+04:00,15.9
2004,4040,14965206210000,994.0,1.00,55684.737,56448.874,1789132012739.500,2026-09-11T17:06:52.739500+04:00,15.9
2005,4041,14965220102000,994.0,1.00,55698.629,56462.766,1789132012753.392,2026-09-11T17:06:52.753392+04:00,15.9
2006,4042,14965233996000,994.0,1.00,55712.523,56476.660,1789132012767.286,2026-09-11T17:06:52.767286+04:00,15.9
2007,4046,14965289570000,994.0,1.00,55768.097,56532.234,1789132012822.860,2026-09-11T17:06:52.822860+04:00,15.9
2008,4047,14965303462000,994.0,1.00,55781.989,56546.126,1789132012836.752,2026-09-11T17:06:52.836752+04:00,15.9
2009,4048,14965317356000,994.0,1.00,55795.883,56560.020,1789132012850.646,2026-09-11T17:06:52.850646+04:00,15.9
2010,4052,14965372931000,994.0,1.00,55851.458,56615.595,1789132012906.221,2026-09-11T17:06:52.906221+04:00,15.9
2011,4053,14965386823000,994.0,1.00,55865.350,56629.487,1789132012920.113,2026-09-11T17:06:52.920113+04:00,15.9
2012,4054,14965400716000,994.0,1.00,55879.243,56643.380,1789132012934.006,2026-09-11T17:06:52.934006+04:00,15.9
2013,4058,14965456291000,994.0,1.00,55934.818,56698.955,1789132012989.581,2026-09-11T17:06:52.989581+04:00,15.9
2014,4059,14965470185000,994.0,1.00,55948.712,56712.849,1789132013003.475,2026-09-11T17:06:53.003475+04:00,15.9
2015,4060,14965484076000,994.0,1.00,55962.603,56726.740,1789132013017.366,2026-09-11T17:06:53.017366+04:00,15.9
2016,4064,14965539653000,994.0,1.00,56018.180,56782.317,1789132013072.943,2026-09-11T17:06:53.072943+04:00,15.9
2017,4065,14965553543000,994.0,1.00,56032.070,56796.207,1789132013086.833,2026-09-11T17:06:53.086833+04:00,15.9
2018,4066,14965567436000,994.0,1.00,56045.963,56810.100,1789132013100.726,2026-09-11T17:06:53.100726+04:00,15.9
2019,4070,14965623015000,994.0,1.00,56101.542,56865.679,1789132013156.305,2026-09-11T17:06:53.156305+04:00,15.9
2020,4071,14965636905000,994.0,1.00,56115.432,56879.569,1789132013170.195,2026-09-11T17:06:53.170195+04:00,15.9
2021,4072,14965650797000,994.0,1.00,56129.324,56893.461,1789132013184.087,2026-09-11T17:06:53.184087+04:00,15.9
2022,4076,14965706373000,994.0,1.00,56184.900,56949.037,1789132013239.663,2026-09-11T17:06:53.239663+04:00,15.9
2023,4077,14965720265000,994.0,1.00,56198.792,56962.929,1789132013253.555,2026-09-11T17:06:53.253555+04:00,15.9
2024,4078,14965734158000,994.0,1.00,56212.685,56976.822,1789132013267.448,2026-09-11T17:06:53.267448+04:00,15.9
2025,4082,14965789732000,994.0,1.00,56268.259,57032.396,1789132013323.022,2026-09-11T17:06:53.323022+04:00,15.9
2026,4083,14965803624000,994.0,1.00,56282.151,57046.288,1789132013336.914,2026-09-11T17:06:53.336914+04:00,15.9
2027,4084,14965817518000,994.0,1.00,56296.045,57060.182,1789132013350.808,2026-09-11T17:06:53.350808+04:00,15.9
2028,4088,14965873092000,994.0,1.00,56351.619,57115.756,1789132013406.382,2026-09-11T17:06:53.406382+04:00,15.9
2029,4089,14965886986000,994.0,1.00,56365.513,57129.650,1789132013420.276,2026-09-11T17:06:53.420276+04:00,15.9
2030,4090,14965900878000,994.0,1.00,56379.405,57143.542,1789132013434.168,2026-09-11T17:06:53.434168+04:00,15.9
2031,4094,14965956454000,994.0,1.00,56434.981,57199.118,1789132013489.744,2026-09-11T17:06:53.489744+04:00,15.9
2032,4095,14965970348000,994.0,1.00,56448.875,57213.012,1789132013503.638,2026-09-11T17:06:53.503638+04:00,15.9
2033,4096,14965984240000,994.0,1.00,56462.767,57226.904,1789132013517.530,2026-09-11T17:06:53.517530+04:00,15.9
2034,4100,14966039816000,994.0,1.00,56518.343,57282.480,1789132013573.106,2026-09-11T17:06:53.573106+04:00,15.9
2035,4101,14966053706000,994.0,1.00,56532.233,57296.370,1789132013586.996,2026-09-11T17:06:53.586996+04:00,15.9
2036,4102,14966067599000,994.0,1.00,56546.126,57310.263,1789132013600.889,2026-09-11T17:06:53.600889+04:00,15.9
2037,4106,14966123174000,994.0,1.00,56601.701,57365.838,1789132013656.464,2026-09-11T17:06:53.656464+04:00,15.9
2038,4107,14966137067000,994.0,1.00,56615.594,57379.731,1789132013670.357,2026-09-11T17:06:53.670357+04:00,15.9
2039,4108,14966150961000,994.0,1.00,56629.488,57393.625,1789132013684.251,2026-09-11T17:06:53.684251+04:00,15.9
2040,4112,14966206536000,994.0,1.00,56685.063,57449.200,1789132013739.826,2026-09-11T17:06:53.739826+04:00,15.9
2041,4113,14966220427000,994.0,1.00,56698.954,57463.091,1789132013753.717,2026-09-11T17:06:53.753717+04:00,15.9
2042,4114,14966234319000,994.0,1.00,56712.846,57476.983,1789132013767.609,2026-09-11T17:06:53.767609+04:00,15.9
2043,4118,14966289895000,994.0,1.00,56768.422,57532.559,1789132013823.185,2026-09-11T17:06:53.823185+04:00,15.9
2044,4119,14966303789000,994.0,1.00,56782.316,57546.453,1789132013837.079,2026-09-11T17:06:53.837079+04:00,15.9
2045,4120,14966317681000,994.0,1.00,56796.208,57560.345,1789132013850.971,2026-09-11T17:06:53.850971+04:00,15.9
2046,4124,14966373256000,994.0,1.00,56851.783,57615.920,1789132013906.546,2026-09-11T17:06:53.906546+04:00,15.9
2047,4125,14966387149000,994.0,1.00,56865.676,57629.813,1789132013920.439,2026-09-11T17:06:53.920439+04:00,15.9
2048,4126,14966401041000,994.0,1.00,56879.568,57643.705,1789132013934.331,2026-09-11T17:06:53.934331+04:00,15.9
2049,4130,14966456616000,994.0,1.00,56935.143,57699.280,1789132013989.906,2026-09-11T17:06:53.989906+04:00,15.9
2050,4131,14966470509000,994.0,1.00,56949.036,57713.173,1789132014003.799,2026-09-11T17:06:54.003799+04:00,15.9
2051,4132,14966484402000,994.0,1.00,56962.929,57727.066,1789132014017.692,2026-09-11T17:06:54.017692+04:00,15.9
2052,4136,14966539980000,994.0,1.00,57018.507,57782.644,1789132014073.270,2026-09-11T17:06:54.073270+04:00,15.9
2053,4137,14966553872000,994.0,1.00,57032.399,57796.536,1789132014087.162,2026-09-11T17:06:54.087162+04:00,15.9
2054,4138,14966567763000,994.0,1.00,57046.290,57810.427,1789132014101.053,2026-09-11T17:06:54.101053+04:00,15.9
2055,4142,14966623340000,994.0,1.00,57101.867,57866.004,1789132014156.630,2026-09-11T17:06:54.156630+04:00,15.9
2056,4143,14966637229000,994.0,1.00,57115.756,57879.893,1789132014170.519,2026-09-11T17:06:54.170519+04:00,15.9
2057,4144,14966651123000,994.0,1.00,57129.650,57893.787,1789132014184.413,2026-09-11T17:06:54.184413+04:00,15.9
2058,4148,14966706700000,994.0,1.00,57185.227,57949.364,1789132014239.990,2026-09-11T17:06:54.239990+04:00,15.9
2059,4149,14966720592000,994.0,1.00,57199.119,57963.256,1789132014253.882,2026-09-11T17:06:54.253882+04:00,15.9
2060,4150,14966734483000,994.0,1.00,57213.010,57977.147,1789132014267.773,2026-09-11T17:06:54.267773+04:00,15.9
2061,4154,14966790058000,994.0,1.00,57268.585,58032.722,1789132014323.348,2026-09-11T17:06:54.323348+04:00,15.9
2062,4155,14966803955000,994.0,1.00,57282.482,58046.619,1789132014337.245,2026-09-11T17:06:54.337245+04:00,15.9
2063,4156,14966817844000,994.0,1.00,57296.371,58060.508,1789132014351.134,2026-09-11T17:06:54.351134+04:00,15.9
2064,4160,14966873419000,994.0,1.00,57351.946,58116.083,1789132014406.709,2026-09-11T17:06:54.406709+04:00,15.9
2065,4161,14966887310000,994.0,1.00,57365.837,58129.974,1789132014420.600,2026-09-11T17:06:54.420600+04:00,15.9
2066,4162,14966901203000,994.0,1.00,57379.730,58143.867,1789132014434.493,2026-09-11T17:06:54.434493+04:00,15.9
2067,4166,14966956779000,994.0,1.00,57435.306,58199.443,1789132014490.069,2026-09-11T17:06:54.490069+04:00,15.9
2068,4167,14966970670000,994.0,1.00,57449.197,58213.334,1789132014503.960,2026-09-11T17:06:54.503960+04:00,15.9
2069,4168,14966984564000,994.0,1.00,57463.091,58227.228,1789132014517.854,2026-09-11T17:06:54.517854+04:00,15.9
2070,4172,14967040139000,994.0,1.00,57518.666,58282.803,1789132014573.429,2026-09-11T17:06:54.573429+04:00,15.9
2071,4173,14967054030000,994.0,1.00,57532.557,58296.694,1789132014587.320,2026-09-11T17:06:54.587320+04:00,15.9
2072,4174,14967067924000,994.0,1.00,57546.451,58310.588,1789132014601.214,2026-09-11T17:06:54.601214+04:00,15.9
2073,4178,14967123502000,994.0,1.00,57602.029,58366.166,1789132014656.792,2026-09-11T17:06:54.656792+04:00,15.9
2074,4179,14967137391000,994.0,1.00,57615.918,58380.055,1789132014670.681,2026-09-11T17:06:54.670681+04:00,15.9
2075,4180,14967151285000,994.0,1.00,57629.812,58393.949,1789132014684.575,2026-09-11T17:06:54.684575+04:00,15.9
2076,4184,14967206862000,994.0,1.00,57685.389,58449.526,1789132014740.152,2026-09-11T17:06:54.740152+04:00,15.9
2077,4185,14967220753000,994.0,1.00,57699.280,58463.417,1789132014754.043,2026-09-11T17:06:54.754043+04:00,15.9
2078,4186,14967234645000,994.0,1.00,57713.172,58477.309,1789132014767.935,2026-09-11T17:06:54.767935+04:00,15.9
2079,4190,14967290220000,994.0,1.00,57768.747,58532.884,1789132014823.510,2026-09-11T17:06:54.823510+04:00,15.9
2080,4191,14967304112000,994.0,1.00,57782.639,58546.776,1789132014837.402,2026-09-11T17:06:54.837402+04:00,15.9
2081,4192,14967318006000,994.0,1.00,57796.533,58560.670,1789132014851.296,2026-09-11T17:06:54.851296+04:00,15.9
2082,4196,14967373581000,994.0,1.00,57852.108,58616.245,1789132014906.871,2026-09-11T17:06:54.906871+04:00,15.9
2083,4197,14967387473000,994.0,1.00,57866.000,58630.137,1789132014920.763,2026-09-11T17:06:54.920763+04:00,15.9
2084,4198,14967401367000,994.0,1.00,57879.894,58644.031,1789132014934.657,2026-09-11T17:06:54.934657+04:00,15.9
2085,4202,14967456940000,994.0,1.00,57935.467,58699.604,1789132014990.230,2026-09-11T17:06:54.990230+04:00,15.9
2086,4203,14967470833000,994.0,1.00,57949.360,58713.497,1789132015004.123,2026-09-11T17:06:55.004123+04:00,15.9
2087,4204,14967484727000,994.0,1.00,57963.254,58727.391,1789132015018.017,2026-09-11T17:06:55.018017+04:00,15.9
2088,4208,14967540300000,994.0,1.00,58018.827,58782.964,1789132015073.590,2026-09-11T17:06:55.073590+04:00,15.9
2089,4209,14967554194000,994.0,1.00,58032.721,58796.858,1789132015087.484,2026-09-11T17:06:55.087484+04:00,15.9
2090,4210,14967568087000,994.0,1.00,58046.614,58810.751,1789132015101.377,2026-09-11T17:06:55.101377+04:00,15.9
2091,4214,14967623665000,994.0,1.00,58102.192,58866.329,1789132015156.955,2026-09-11T17:06:55.156955+04:00,15.9
2092,4215,14967637555000,994.0,1.00,58116.082,58880.219,1789132015170.845,2026-09-11T17:06:55.170845+04:00,15.9
2093,4216,14967651447000,994.0,1.00,58129.974,58894.111,1789132015184.737,2026-09-11T17:06:55.184737+04:00,15.9
2094,4220,14967707025000,994.0,1.00,58185.552,58949.689,1789132015240.315,2026-09-11T17:06:55.240315+04:00,15.9
2095,4221,14967720914000,994.0,1.00,58199.441,58963.578,1789132015254.204,2026-09-11T17:06:55.254204+04:00,15.9
2096,4222,14967734808000,994.0,1.00,58213.335,58977.472,1789132015268.098,2026-09-11T17:06:55.268098+04:00,15.9
2097,4226,14967790385000,994.0,1.00,58268.912,59033.049,1789132015323.675,2026-09-11T17:06:55.323675+04:00,15.9
2098,4227,14967804285000,994.0,1.00,58282.812,59046.949,1789132015337.575,2026-09-11T17:06:55.337575+04:00,15.9
2099,4228,14967818169000,994.0,1.00,58296.696,59060.833,1789132015351.459,2026-09-11T17:06:55.351459+04:00,15.9
2100,4232,14967873745000,994.0,1.00,58352.272,59116.409,1789132015407.035,2026-09-11T17:06:55.407035+04:00,15.9
2101,4233,14967887636000,994.0,1.00,58366.163,59130.300,1789132015420.926,2026-09-11T17:06:55.420926+04:00,15.9
2102,4234,14967901530000,994.0,1.00,58380.057,59144.194,1789132015434.820,2026-09-11T17:06:55.434820+04:00,15.9
2103,4238,14967957101000,994.0,1.00,58435.628,59199.765,1789132015490.391,2026-09-11T17:06:55.490391+04:00,15.9
2104,4239,14967970996000,994.0,1.00,58449.523,59213.660,1789132015504.286,2026-09-11T17:06:55.504286+04:00,15.9
2105,4240,14967984889000,994.0,1.00,58463.416,59227.553,1789132015518.179,2026-09-11T17:06:55.518179+04:00,15.9
2106,4244,14968040464000,994.0,1.00,58518.991,59283.128,1789132015573.754,2026-09-11T17:06:55.573754+04:00,15.9
2107,4245,14968054357000,994.0,1.00,58532.884,59297.021,1789132015587.647,2026-09-11T17:06:55.587647+04:00,15.9
2108,4246,14968068251000,994.0,1.00,58546.778,59310.915,1789132015601.541,2026-09-11T17:06:55.601541+04:00,15.9
2109,4250,14968123823000,994.0,1.00,58602.350,59366.487,1789132015657.113,2026-09-11T17:06:55.657113+04:00,15.9
2110,4251,14968137717000,994.0,1.00,58616.244,59380.381,1789132015671.007,2026-09-11T17:06:55.671007+04:00,15.9
2111,4252,14968151610000,994.0,1.00,58630.137,59394.274,1789132015684.900,2026-09-11T17:06:55.684900+04:00,15.9
2112,4256,14968207189000,994.0,1.00,58685.716,59449.853,1789132015740.479,2026-09-11T17:06:55.740479+04:00,15.9
2113,4257,14968221077000,994.0,1.00,58699.604,59463.741,1789132015754.367,2026-09-11T17:06:55.754367+04:00,15.9
2114,4258,14968234970000,994.0,1.00,58713.497,59477.634,1789132015768.260,2026-09-11T17:06:55.768260+04:00,15.9
2115,4262,14968290548000,994.0,1.00,58769.075,59533.212,1789132015823.838,2026-09-11T17:06:55.823838+04:00,15.9
2116,4263,14968304438000,994.0,1.00,58782.965,59547.102,1789132015837.728,2026-09-11T17:06:55.837728+04:00,15.9
2117,4264,14968318332000,994.0,1.00,58796.859,59560.996,1789132015851.622,2026-09-11T17:06:55.851622+04:00,15.9
2118,4268,14968373906000,994.0,1.00,58852.433,59616.570,1789132015907.196,2026-09-11T17:06:55.907196+04:00,16.1
2119,4269,14968387798000,994.0,1.00,58866.325,59630.462,1789132015921.088,2026-09-11T17:06:55.921088+04:00,16.1
2120,4270,14968401695000,994.0,1.00,58880.222,59644.359,1789132015934.985,2026-09-11T17:06:55.934985+04:00,16.1
2121,4274,14968457268000,994.0,1.00,58935.795,59699.932,1789132015990.558,2026-09-11T17:06:55.990558+04:00,16.0
2122,4275,14968471158000,994.0,1.00,58949.685,59713.822,1789132016004.448,2026-09-11T17:06:56.004448+04:00,16.0
2123,4276,14968485053000,994.0,1.00,58963.580,59727.717,1789132016018.343,2026-09-11T17:06:56.018343+04:00,15.9
2124,4280,14968540626000,994.0,1.00,59019.153,59783.290,1789132016073.916,2026-09-11T17:06:56.073916+04:00,15.9
2125,4281,14968554520000,994.0,1.00,59033.047,59797.184,1789132016087.810,2026-09-11T17:06:56.087810+04:00,15.9
2126,4282,14968568413000,994.0,1.00,59046.940,59811.077,1789132016101.703,2026-09-11T17:06:56.101703+04:00,15.9
2127,4286,14968623990000,994.0,1.00,59102.517,59866.654,1789132016157.280,2026-09-11T17:06:56.157280+04:00,15.9
2128,4287,14968637879000,994.0,1.00,59116.406,59880.543,1789132016171.169,2026-09-11T17:06:56.171169+04:00,15.9
2129,4288,14968651773000,994.0,1.00,59130.300,59894.437,1789132016185.063,2026-09-11T17:06:56.185063+04:00,15.9
2130,4292,14968707351000,994.0,1.00,59185.878,59950.015,1789132016240.641,2026-09-11T17:06:56.240641+04:00,15.8
2131,4293,14968721239000,994.0,1.00,59199.766,59963.903,1789132016254.529,2026-09-11T17:06:56.254529+04:00,15.8
2132,4294,14968735134000,994.0,1.00,59213.661,59977.798,1789132016268.424,2026-09-11T17:06:56.268424+04:00,15.8
2133,4298,14968790709000,994.0,1.00,59269.236,60033.373,1789132016323.999,2026-09-11T17:06:56.323999+04:00,15.8
2134,4299,14968804600000,994.0,1.00,59283.127,60047.264,1789132016337.890,2026-09-11T17:06:56.337890+04:00,15.8
2135,4300,14968818495000,994.0,1.00,59297.022,60061.159,1789132016351.785,2026-09-11T17:06:56.351785+04:00,15.8
2136,4304,14968874071000,994.0,1.00,59352.598,60116.735,1789132016407.361,2026-09-11T17:06:56.407361+04:00,15.9
2137,4305,14968887960000,994.0,1.00,59366.487,60130.624,1789132016421.250,2026-09-11T17:06:56.421250+04:00,15.9
2138,4306,14968901857000,994.0,1.00,59380.384,60144.521,1789132016435.147,2026-09-11T17:06:56.435147+04:00,15.9
2139,4310,14968957429000,994.0,1.00,59435.956,60200.093,1789132016490.719,2026-09-11T17:06:56.490719+04:00,15.9
2140,4311,14968971320000,994.0,1.00,59449.847,60213.984,1789132016504.610,2026-09-11T17:06:56.504610+04:00,15.9
2141,4312,14968985215000,994.0,1.00,59463.742,60227.879,1789132016518.505,2026-09-11T17:06:56.518505+04:00,15.9
2142,4316,14969040789000,994.0,1.00,59519.316,60283.453,1789132016574.079,2026-09-11T17:06:56.574079+04:00,16.5
2143,4317,14969054680000,994.0,1.00,59533.207,60297.344,1789132016587.970,2026-09-11T17:06:56.587970+04:00,16.7
2144,4318,14969068575000,994.0,1.00,59547.102,60311.239,1789132016601.865,2026-09-11T17:06:56.601865+04:00,17.0
2145,4322,14969124149000,994.0,1.00,59602.676,60366.813,1789132016657.439,2026-09-11T17:06:56.657439+04:00,17.9
2146,4323,14969138040000,994.0,1.00,59616.567,60380.704,1789132016671.330,2026-09-11T17:06:56.671330+04:00,18.1
2147,4324,14969151936000,994.0,1.00,59630.463,60394.600,1789132016685.226,2026-09-11T17:06:56.685226+04:00,18.2
2148,4328,14969207514000,994.0,1.00,59686.041,60450.178,1789132016740.804,2026-09-11T17:06:56.740804+04:00,18.8
2149,4329,14969221401000,994.0,1.00,59699.928,60464.065,1789132016754.691,2026-09-11T17:06:56.754691+04:00,19.0
2150,4330,14969235296000,994.0,1.00,59713.823,60477.960,1789132016768.586,2026-09-11T17:06:56.768586+04:00,19.1
2151,4334,14969290872000,994.0,1.00,59769.399,60533.536,1789132016824.162,2026-09-11T17:06:56.824162+04:00,19.5
2152,4335,14969304762000,994.0,1.00,59783.289,60547.426,1789132016838.052,2026-09-11T17:06:56.838052+04:00,19.6
2153,4336,14969318655000,994.0,1.00,59797.182,60561.319,1789132016851.945,2026-09-11T17:06:56.851945+04:00,19.6
2154,4340,14969374230000,994.0,1.00,59852.757,60616.894,1789132016907.520,2026-09-11T17:06:56.907520+04:00,19.7
2155,4341,14969388123000,994.0,1.00,59866.650,60630.787,1789132016921.413,2026-09-11T17:06:56.921413+04:00,19.8
2156,4342,14969402016000,994.0,1.00,59880.543,60644.680,1789132016935.306,2026-09-11T17:06:56.935306+04:00,19.8
2157,4346,14969457592000,994.0,1.00,59936.119,60700.256,1789132016990.882,2026-09-11T17:06:56.990882+04:00,19.8
2158,4347,14969471482000,994.0,1.00,59950.009,60714.146,1789132017004.772,2026-09-11T17:06:57.004772+04:00,19.8
2159,4348,14969485376000,994.0,1.00,59963.903,60728.040,1789132017018.666,2026-09-11T17:06:57.018666+04:00,19.8
2160,4352,14969540950000,994.0,1.00,60019.477,60783.614,1789132017074.240,2026-09-11T17:06:57.074240+04:00,19.8
2161,4353,14969554843000,994.0,1.00,60033.370,60797.507,1789132017088.133,2026-09-11T17:06:57.088133+04:00,19.7
2162,4354,14969568737000,994.0,1.00,60047.264,60811.401,1789132017102.027,2026-09-11T17:06:57.102027+04:00,19.7
2163,4358,14969624311000,994.0,1.00,60102.838,60866.975,1789132017157.601,2026-09-11T17:06:57.157601+04:00,19.6
2164,4359,14969638202000,994.0,1.00,60116.729,60880.866,1789132017171.492,2026-09-11T17:06:57.171492+04:00,19.6
2165,4360,14969652099000,994.0,1.00,60130.626,60894.763,1789132017185.389,2026-09-11T17:06:57.185389+04:00,19.7
2166,4364,14969707673000,994.0,1.00,60186.200,60950.337,1789132017240.963,2026-09-11T17:06:57.240963+04:00,19.7
2167,4365,14969721564000,994.0,1.00,60200.091,60964.228,1789132017254.854,2026-09-11T17:06:57.254854+04:00,19.7
2168,4366,14969735458000,994.0,1.00,60213.985,60978.122,1789132017268.748,2026-09-11T17:06:57.268748+04:00,19.7
2169,4370,14969791034000,994.0,1.00,60269.561,61033.698,1789132017324.324,2026-09-11T17:06:57.324324+04:00,19.7
2170,4371,14969804926000,994.0,1.00,60283.453,61047.590,1789132017338.216,2026-09-11T17:06:57.338216+04:00,19.7
2171,4372,14969818818000,994.0,1.00,60297.345,61061.482,1789132017352.108,2026-09-11T17:06:57.352108+04:00,19.7
2172,4376,14969874392000,994.0,1.00,60352.919,61117.056,1789132017407.682,2026-09-11T17:06:57.407682+04:00,19.7
2173,4377,14969888287000,994.0,1.00,60366.814,61130.951,1789132017421.577,2026-09-11T17:06:57.421577+04:00,19.7
2174,4378,14969902179000,994.0,1.00,60380.706,61144.843,1789132017435.469,2026-09-11T17:06:57.435469+04:00,19.7
2175,4382,14969957754000,994.0,1.00,60436.281,61200.418,1789132017491.044,2026-09-11T17:06:57.491044+04:00,19.7
2176,4383,14969971643000,994.0,1.00,60450.170,61214.307,1789132017504.933,2026-09-11T17:06:57.504933+04:00,19.7
2177,4384,14969985538000,994.0,1.00,60464.065,61228.202,1789132017518.828,2026-09-11T17:06:57.518828+04:00,19.7
2178,4388,14970041115000,994.0,1.00,60519.642,61283.779,1789132017574.405,2026-09-11T17:06:57.574405+04:00,19.7
2179,4389,14970055005000,994.0,1.00,60533.532,61297.669,1789132017588.295,2026-09-11T17:06:57.588295+04:00,19.7
2180,4390,14970068900000,994.0,1.00,60547.427,61311.564,1789132017602.190,2026-09-11T17:06:57.602190+04:00,19.7
2181,4394,14970124475000,994.0,1.00,60603.002,61367.139,1789132017657.765,2026-09-11T17:06:57.657765+04:00,19.7
2182,4395,14970138365000,994.0,1.00,60616.892,61381.029,1789132017671.655,2026-09-11T17:06:57.671655+04:00,19.7
2183,4396,14970152260000,994.0,1.00,60630.787,61394.924,1789132017685.550,2026-09-11T17:06:57.685550+04:00,19.7
2184,4400,14970207836000,994.0,1.00,60686.363,61450.500,1789132017741.126,2026-09-11T17:06:57.741126+04:00,19.7
2185,4401,14970221726000,994.0,1.00,60700.253,61464.390,1789132017755.016,2026-09-11T17:06:57.755016+04:00,19.7
2186,4402,14970235622000,994.0,1.00,60714.149,61478.286,1789132017768.912,2026-09-11T17:06:57.768912+04:00,19.7
2187,4406,14970291191000,994.0,1.00,60769.718,61533.855,1789132017824.481,2026-09-11T17:06:57.824481+04:00,19.8
2188,4407,14970305087000,994.0,1.00,60783.614,61547.751,1789132017838.377,2026-09-11T17:06:57.838377+04:00,19.8
2189,4408,14970318981000,994.0,1.00,60797.508,61561.645,1789132017852.271,2026-09-11T17:06:57.852271+04:00,19.8
2190,4412,14970374552000,994.0,1.00,60853.079,61617.216,1789132017907.842,2026-09-11T17:06:57.907842+04:00,19.7
2191,4413,14970388447000,994.0,1.00,60866.974,61631.111,1789132017921.737,2026-09-11T17:06:57.921737+04:00,19.7
2192,4414,14970402341000,994.0,1.00,60880.868,61645.005,1789132017935.631,2026-09-11T17:06:57.935631+04:00,19.7
2193,4418,14970457915000,994.0,1.00,60936.442,61700.579,1789132017991.205,2026-09-11T17:06:57.991205+04:00,19.7
2194,4419,14970471807000,994.0,1.00,60950.334,61714.471,1789132018005.097,2026-09-11T17:06:58.005097+04:00,19.7
2195,4420,14970485701000,994.0,1.00,60964.228,61728.365,1789132018018.991,2026-09-11T17:06:58.018991+04:00,19.7
2196,4424,14970541276000,994.0,1.00,61019.803,61783.940,1789132018074.566,2026-09-11T17:06:58.074566+04:00,19.6
2197,4425,14970555172000,994.0,1.00,61033.699,61797.836,1789132018088.462,2026-09-11T17:06:58.088462+04:00,19.6
2198,4426,14970569060000,994.0,1.00,61047.587,61811.724,1789132018102.350,2026-09-11T17:06:58.102350+04:00,19.6
2199,4430,14970624636000,994.0,1.00,61103.163,61867.300,1789132018157.926,2026-09-11T17:06:58.157926+04:00,19.8
2200,4431,14970638526000,994.0,1.00,61117.053,61881.190,1789132018171.816,2026-09-11T17:06:58.171816+04:00,19.8
2201,4432,14970652420000,994.0,1.00,61130.947,61895.084,1789132018185.710,2026-09-11T17:06:58.185710+04:00,19.8
2202,4436,14970707998000,994.0,1.00,61186.525,61950.662,1789132018241.288,2026-09-11T17:06:58.241288+04:00,19.8
2203,4437,14970721887000,994.0,1.00,61200.414,61964.551,1789132018255.177,2026-09-11T17:06:58.255177+04:00,19.9
2204,4438,14970735782000,994.0,1.00,61214.309,61978.446,1789132018269.072,2026-09-11T17:06:58.269072+04:00,19.9
2205,4442,14970791358000,994.0,1.00,61269.885,62034.022,1789132018324.648,2026-09-11T17:06:58.324648+04:00,19.9
2206,4443,14970805247000,994.0,1.00,61283.774,62047.911,1789132018338.537,2026-09-11T17:06:58.338537+04:00,19.9
2207,4444,14970819146000,994.0,1.00,61297.673,62061.810,1789132018352.436,2026-09-11T17:06:58.352436+04:00,19.9
2208,4448,14970874715000,994.0,1.00,61353.242,62117.379,1789132018408.005,2026-09-11T17:06:58.408005+04:00,19.6
2209,4449,14970888608000,994.0,1.00,61367.135,62131.272,1789132018421.898,2026-09-11T17:06:58.421898+04:00,19.4
2210,4450,14970902503000,994.0,1.00,61381.030,62145.167,1789132018435.793,2026-09-11T17:06:58.435793+04:00,19.4
2211,4454,14970958074000,994.0,1.00,61436.601,62200.738,1789132018491.364,2026-09-11T17:06:58.491364+04:00,19.4
2212,4455,14970971971000,994.0,1.00,61450.498,62214.635,1789132018505.261,2026-09-11T17:06:58.505261+04:00,19.4
2213,4456,14970985869000,994.0,1.00,61464.396,62228.533,1789132018519.159,2026-09-11T17:06:58.519159+04:00,19.3
2214,4460,14971041438000,994.0,1.00,61519.965,62284.102,1789132018574.728,2026-09-11T17:06:58.574728+04:00,19.3
2215,4461,14971055331000,994.0,1.00,61533.858,62297.995,1789132018588.621,2026-09-11T17:06:58.588621+04:00,19.3
2216,4462,14971069223000,994.0,1.00,61547.750,62311.887,1789132018602.513,2026-09-11T17:06:58.602513+04:00,19.3
2217,4466,14971124798000,994.0,1.00,61603.325,62367.462,1789132018658.088,2026-09-11T17:06:58.658088+04:00,19.2
2218,4467,14971138692000,994.0,1.00,61617.219,62381.356,1789132018671.982,2026-09-11T17:06:58.671982+04:00,19.2
2219,4468,14971152585000,994.0,1.00,61631.112,62395.249,1789132018685.875,2026-09-11T17:06:58.685875+04:00,19.2
2220,4472,14971208158000,994.0,1.00,61686.685,62450.822,1789132018741.448,2026-09-11T17:06:58.741448+04:00,19.3
2221,4473,14971222053000,994.0,1.00,61700.580,62464.717,1789132018755.343,2026-09-11T17:06:58.755343+04:00,19.3
2222,4474,14971235945000,994.0,1.00,61714.472,62478.609,1789132018769.235,2026-09-11T17:06:58.769235+04:00,19.3
2223,4478,14971291522000,994.0,1.00,61770.049,62534.186,1789132018824.812,2026-09-11T17:06:58.824812+04:00,19.4
2224,4479,14971305411000,994.0,1.00,61783.938,62548.075,1789132018838.701,2026-09-11T17:06:58.838701+04:00,19.4
2225,4480,14971319305000,994.0,1.00,61797.832,62561.969,1789132018852.595,2026-09-11T17:06:58.852595+04:00,19.4
2226,4484,14971374882000,994.0,1.00,61853.409,62617.546,1789132018908.172,2026-09-11T17:06:58.908172+04:00,19.6
2227,4485,14971388771000,994.0,1.00,61867.298,62631.435,1789132018922.061,2026-09-11T17:06:58.922061+04:00,19.6
2228,4486,14971402665000,994.0,1.00,61881.192,62645.329,1789132018935.955,2026-09-11T17:06:58.935955+04:00,19.7
2229,4490,14971458239000,994.0,1.00,61936.766,62700.903,1789132018991.529,2026-09-11T17:06:58.991529+04:00,19.8
2230,4491,14971472132000,994.0,1.00,61950.659,62714.796,1789132019005.422,2026-09-11T17:06:59.005422+04:00,19.8
2231,4492,14971486027000,994.0,1.00,61964.554,62728.691,1789132019019.317,2026-09-11T17:06:59.019317+04:00,19.8
2232,4496,14971541600000,994.0,1.00,62020.127,62784.264,1789132019074.890,2026-09-11T17:06:59.074890+04:00,19.8
2233,4497,14971555495000,994.0,1.00,62034.022,62798.159,1789132019088.785,2026-09-11T17:06:59.088785+04:00,19.8
2234,4498,14971569386000,994.0,1.00,62047.913,62812.050,1789132019102.676,2026-09-11T17:06:59.102676+04:00,19.8
2235,4502,14971624961000,994.0,1.00,62103.488,62867.625,1789132019158.251,2026-09-11T17:06:59.158251+04:00,19.7
2236,4503,14971638857000,994.0,1.00,62117.384,62881.521,1789132019172.147,2026-09-11T17:06:59.172147+04:00,19.7
2237,4504,14971652747000,994.0,1.00,62131.274,62895.411,1789132019186.037,2026-09-11T17:06:59.186037+04:00,19.7
2238,4508,14971708321000,994.0,1.00,62186.848,62950.985,1789132019241.611,2026-09-11T17:06:59.241611+04:00,19.3
2239,4509,14971722214000,994.0,1.00,62200.741,62964.878,1789132019255.504,2026-09-11T17:06:59.255504+04:00,19.3
2240,4510,14971736107000,994.0,1.00,62214.634,62978.771,1789132019269.397,2026-09-11T17:06:59.269397+04:00,19.3
2241,4514,14971791686000,994.0,1.00,62270.213,63034.350,1789132019324.976,2026-09-11T17:06:59.324976+04:00,19.3
2242,4515,14971805578000,994.0,1.00,62284.105,63048.242,1789132019338.868,2026-09-11T17:06:59.338868+04:00,19.3
2243,4516,14971819468000,994.0,1.00,62297.995,63062.132,1789132019352.758,2026-09-11T17:06:59.352758+04:00,19.3
2244,4520,14971875044000,994.0,1.00,62353.571,63117.708,1789132019408.334,2026-09-11T17:06:59.408334+04:00,19.3
2245,4521,14971888935000,994.0,1.00,62367.462,63131.599,1789132019422.225,2026-09-11T17:06:59.422225+04:00,19.3
2246,4522,14971902829000,994.0,1.00,62381.356,63145.493,1789132019436.119,2026-09-11T17:06:59.436119+04:00,19.3
2247,4526,14971958405000,994.0,1.00,62436.932,63201.069,1789132019491.695,2026-09-11T17:06:59.491695+04:00,19.2
2248,4527,14971972295000,994.0,1.00,62450.822,63214.959,1789132019505.585,2026-09-11T17:06:59.505585+04:00,19.2
2249,4528,14971986189000,994.0,1.00,62464.716,63228.853,1789132019519.479,2026-09-11T17:06:59.519479+04:00,19.2
2250,4532,14972041763000,994.0,1.00,62520.290,63284.427,1789132019575.053,2026-09-11T17:06:59.575053+04:00,19.2
2251,4533,14972055654000,994.0,1.00,62534.181,63298.318,1789132019588.944,2026-09-11T17:06:59.588944+04:00,19.2
2252,4534,14972069550000,994.0,1.00,62548.077,63312.214,1789132019602.840,2026-09-11T17:06:59.602840+04:00,19.2
2253,4538,14972125123000,994.0,1.00,62603.650,63367.787,1789132019658.413,2026-09-11T17:06:59.658413+04:00,19.2
2254,4539,14972139018000,994.0,1.00,62617.545,63381.682,1789132019672.308,2026-09-11T17:06:59.672308+04:00,19.2
2255,4540,14972152912000,994.0,1.00,62631.439,63395.576,1789132019686.202,2026-09-11T17:06:59.686202+04:00,19.2
2256,4544,14972208484000,994.0,1.00,62687.011,63451.148,1789132019741.774,2026-09-11T17:06:59.741774+04:00,19.2
2257,4545,14972222377000,994.0,1.00,62700.904,63465.041,1789132019755.667,2026-09-11T17:06:59.755667+04:00,19.2
2258,4546,14972236269000,994.0,1.00,62714.796,63478.933,1789132019769.559,2026-09-11T17:06:59.769559+04:00,19.2
2259,4550,14972291847000,994.0,1.00,62770.374,63534.511,1789132019825.137,2026-09-11T17:06:59.825137+04:00,19.3
2260,4551,14972305741000,994.0,1.00,62784.268,63548.405,1789132019839.031,2026-09-11T17:06:59.839031+04:00,19.3
2261,4552,14972319631000,994.0,1.00,62798.158,63562.295,1789132019852.921,2026-09-11T17:06:59.852921+04:00,19.3
2262,4556,14972375206000,994.0,1.00,62853.733,63617.870,1789132019908.496,2026-09-11T17:06:59.908496+04:00,19.3
2263,4557,14972389099000,994.0,1.00,62867.626,63631.763,1789132019922.389,2026-09-11T17:06:59.922389+04:00,19.3
2264,4558,14972402990000,994.0,1.00,62881.517,63645.654,1789132019936.280,2026-09-11T17:06:59.936280+04:00,19.3
2265,4562,14972458565000,994.0,1.00,62937.092,63701.229,1789132019991.855,2026-09-11T17:06:59.991855+04:00,19.3
2266,4563,14972472455000,994.0,1.00,62950.982,63715.119,1789132020005.745,2026-09-11T17:07:00.005745+04:00,19.3
2267,4564,14972486350000,994.0,1.00,62964.877,63729.014,1789132020019.640,2026-09-11T17:07:00.019640+04:00,19.4
2268,4568,14972541924000,994.0,1.00,63020.451,63784.588,1789132020075.214,2026-09-11T17:07:00.075214+04:00,19.4
2269,4569,14972555815000,994.0,1.00,63034.342,63798.479,1789132020089.105,2026-09-11T17:07:00.089105+04:00,19.4
2270,4570,14972569711000,994.0,1.00,63048.238,63812.375,1789132020103.001,2026-09-11T17:07:00.103001+04:00,19.5
2271,4574,14972625288000,994.0,1.00,63103.815,63867.952,1789132020158.578,2026-09-11T17:07:00.158578+04:00,19.6
2272,4575,14972639179000,994.0,1.00,63117.706,63881.843,1789132020172.469,2026-09-11T17:07:00.172469+04:00,19.6
2273,4576,14972653072000,994.0,1.00,63131.599,63895.736,1789132020186.362,2026-09-11T17:07:00.186362+04:00,19.6
2274,4580,14972708647000,994.0,1.00,63187.174,63951.311,1789132020241.937,2026-09-11T17:07:00.241937+04:00,19.7
2275,4581,14972722549000,994.0,1.00,63201.076,63965.213,1789132020255.839,2026-09-11T17:07:00.255839+04:00,19.7
2276,4582,14972736433000,994.0,1.00,63214.960,63979.097,1789132020269.723,2026-09-11T17:07:00.269723+04:00,19.7
2277,4586,14972792028000,994.0,1.00,63270.555,64034.692,1789132020325.318,2026-09-11T17:07:00.325318+04:00,19.7
2278,4587,14972805899000,994.0,1.00,63284.426,64048.563,1789132020339.189,2026-09-11T17:07:00.339189+04:00,19.6
2279,4588,14972819794000,994.0,1.00,63298.321,64062.458,1789132020353.084,2026-09-11T17:07:00.353084+04:00,19.6
2280,4592,14972875369000,994.0,1.00,63353.896,64118.033,1789132020408.659,2026-09-11T17:07:00.408659+04:00,19.6
2281,4593,14972889262000,994.0,1.00,63367.789,64131.926,1789132020422.552,2026-09-11T17:07:00.422552+04:00,19.6
2282,4594,14972903154000,994.0,1.00,63381.681,64145.818,1789132020436.444,2026-09-11T17:07:00.436444+04:00,19.6
2283,4598,14972958731000,994.0,1.00,63437.258,64201.395,1789132020492.021,2026-09-11T17:07:00.492021+04:00,19.5
2284,4599,14972972622000,994.0,1.00,63451.149,64215.286,1789132020505.912,2026-09-11T17:07:00.505912+04:00,19.5
2285,4600,14972986515000,994.0,1.00,63465.042,64229.179,1789132020519.805,2026-09-11T17:07:00.519805+04:00,19.5
2286,4604,14973042089000,994.0,1.00,63520.616,64284.753,1789132020575.379,2026-09-11T17:07:00.575379+04:00,19.4
2287,4605,14973055982000,994.0,1.00,63534.509,64298.646,1789132020589.272,2026-09-11T17:07:00.589272+04:00,19.4
2288,4606,14973069874000,994.0,1.00,63548.401,64312.538,1789132020603.164,2026-09-11T17:07:00.603164+04:00,19.4
2289,4610,14973125450000,994.0,1.00,63603.977,64368.114,1789132020658.740,2026-09-11T17:07:00.658740+04:00,19.3
2290,4611,14973139343000,994.0,1.00,63617.870,64382.007,1789132020672.633,2026-09-11T17:07:00.672633+04:00,19.3
2291,4612,14973153235000,994.0,1.00,63631.762,64395.899,1789132020686.525,2026-09-11T17:07:00.686525+04:00,19.3
2292,4616,14973208812000,994.0,1.00,63687.339,64451.476,1789132020742.102,2026-09-11T17:07:00.742102+04:00,19.3
2293,4617,14973222703000,994.0,1.00,63701.230,64465.367,1789132020755.993,2026-09-11T17:07:00.755993+04:00,19.3
2294,4618,14973236597000,994.0,1.00,63715.124,64479.261,1789132020769.887,2026-09-11T17:07:00.769887+04:00,19.2
2295,4622,14973292170000,994.0,1.00,63770.697,64534.834,1789132020825.460,2026-09-11T17:07:00.825460+04:00,19.3
2296,4623,14973306062000,994.0,1.00,63784.589,64548.726,1789132020839.352,2026-09-11T17:07:00.839352+04:00,19.3
2297,4624,14973319958000,994.0,1.00,63798.485,64562.622,1789132020853.248,2026-09-11T17:07:00.853248+04:00,19.3
2298,4628,14973375534000,994.0,1.00,63854.061,64618.198,1789132020908.824,2026-09-11T17:07:00.908824+04:00,19.3
2299,4629,14973389424000,994.0,1.00,63867.951,64632.088,1789132020922.714,2026-09-11T17:07:00.922714+04:00,19.4
2300,4630,14973403318000,994.0,1.00,63881.845,64645.982,1789132020936.608,2026-09-11T17:07:00.936608+04:00,19.4
2301,4634,14973458893000,994.0,1.00,63937.420,64701.557,1789132020992.183,2026-09-11T17:07:00.992183+04:00,19.3
2302,4635,14973472783000,994.0,1.00,63951.310,64715.447,1789132021006.073,2026-09-11T17:07:01.006073+04:00,19.3
2303,4636,14973486676000,994.0,1.00,63965.203,64729.340,1789132021019.966,2026-09-11T17:07:01.019966+04:00,19.3
2304,4640,14973542252000,994.0,1.00,64020.779,64784.916,1789132021075.542,2026-09-11T17:07:01.075542+04:00,19.3
2305,4641,14973556144000,994.0,1.00,64034.671,64798.808,1789132021089.434,2026-09-11T17:07:01.089434+04:00,19.3
2306,4642,14973570037000,994.0,1.00,64048.564,64812.701,1789132021103.327,2026-09-11T17:07:01.103327+04:00,19.3
2307,4646,14973625613000,994.0,1.00,64104.140,64868.277,1789132021158.903,2026-09-11T17:07:01.158903+04:00,19.3
2308,4647,14973639504000,994.0,1.00,64118.031,64882.168,1789132021172.794,2026-09-11T17:07:01.172794+04:00,19.3
2309,4648,14973653398000,994.0,1.00,64131.925,64896.062,1789132021186.688,2026-09-11T17:07:01.186688+04:00,19.2
2310,4652,14973708972000,994.0,1.00,64187.499,64951.636,1789132021242.262,2026-09-11T17:07:01.242262+04:00,19.2
2311,4653,14973722864000,994.0,1.00,64201.391,64965.528,1789132021256.154,2026-09-11T17:07:01.256154+04:00,19.2
2312,4654,14973736757000,994.0,1.00,64215.284,64979.421,1789132021270.047,2026-09-11T17:07:01.270047+04:00,19.2
2313,4658,14973792333000,994.0,1.00,64270.860,65034.997,1789132021325.623,2026-09-11T17:07:01.325623+04:00,19.2
2314,4659,14973806224000,994.0,1.00,64284.751,65048.888,1789132021339.514,2026-09-11T17:07:01.339514+04:00,19.1
2315,4660,14973820118000,994.0,1.00,64298.645,65062.782,1789132021353.408,2026-09-11T17:07:01.353408+04:00,19.1
2316,4664,14973875695000,994.0,1.00,64354.222,65118.359,1789132021408.985,2026-09-11T17:07:01.408985+04:00,19.1
2317,4665,14973889586000,994.0,1.00,64368.113,65132.250,1789132021422.876,2026-09-11T17:07:01.422876+04:00,19.1
2318,4666,14973903483000,994.0,1.00,64382.010,65146.147,1789132021436.773,2026-09-11T17:07:01.436773+04:00,19.1
2319,4670,14973959056000,994.0,1.00,64437.583,65201.720,1789132021492.346,2026-09-11T17:07:01.492346+04:00,19.2
2320,4671,14973972947000,994.0,1.00,64451.474,65215.611,1789132021506.237,2026-09-11T17:07:01.506237+04:00,19.2
2321,4672,14973986841000,994.0,1.00,64465.368,65229.505,1789132021520.131,2026-09-11T17:07:01.520131+04:00,19.2
2322,4676,14974042414000,994.0,1.00,64520.941,65285.078,1789132021575.704,2026-09-11T17:07:01.575704+04:00,19.2
2323,4677,14974056307000,994.0,1.00,64534.834,65298.971,1789132021589.597,2026-09-11T17:07:01.589597+04:00,19.2
2324,4678,14974070199000,994.0,1.00,64548.726,65312.863,1789132021603.489,2026-09-11T17:07:01.603489+04:00,19.2
2325,4682,14974125774000,994.0,1.00,64604.301,65368.438,1789132021659.064,2026-09-11T17:07:01.659064+04:00,19.4
2326,4683,14974139667000,994.0,1.00,64618.194,65382.331,1789132021672.957,2026-09-11T17:07:01.672957+04:00,19.4
2327,4684,14974153561000,994.0,1.00,64632.088,65396.225,1789132021686.851,2026-09-11T17:07:01.686851+04:00,19.4
2328,4688,14974209134000,994.0,1.00,64687.661,65451.798,1789132021742.424,2026-09-11T17:07:01.742424+04:00,19.5
2329,4689,14974223028000,994.0,1.00,64701.555,65465.692,1789132021756.318,2026-09-11T17:07:01.756318+04:00,19.5
2330,4690,14974236920000,994.0,1.00,64715.447,65479.584,1789132021770.210,2026-09-11T17:07:01.770210+04:00,19.6
2331,4694,14974292495000,994.0,1.00,64771.022,65535.159,1789132021825.785,2026-09-11T17:07:01.825785+04:00,19.6
2332,4695,14974306387000,994.0,1.00,64784.914,65549.051,1789132021839.677,2026-09-11T17:07:01.839677+04:00,19.6
2333,4696,14974320280000,994.0,1.00,64798.807,65562.944,1789132021853.570,2026-09-11T17:07:01.853570+04:00,19.5
2334,4700,14974375856000,994.0,1.00,64854.383,65618.520,1789132021909.146,2026-09-11T17:07:01.909146+04:00,19.8
2335,4701,14974389748000,994.0,1.00,64868.275,65632.412,1789132021923.038,2026-09-11T17:07:01.923038+04:00,19.8
2336,4702,14974403640000,994.0,1.00,64882.167,65646.304,1789132021936.930,2026-09-11T17:07:01.936930+04:00,19.8
2337,4706,14974459218000,994.0,1.00,64937.745,65701.882,1789132021992.508,2026-09-11T17:07:01.992508+04:00,19.8
2338,4707,14974473107000,994.0,1.00,64951.634,65715.771,1789132022006.397,2026-09-11T17:07:02.006397+04:00,19.7
2339,4708,14974487000000,994.0,1.00,64965.527,65729.664,1789132022020.290,2026-09-11T17:07:02.020290+04:00,19.7
2340,4712,14974542579000,994.0,1.00,65021.106,65785.243,1789132022075.869,2026-09-11T17:07:02.075869+04:00,19.5
2341,4713,14974556469000,994.0,1.00,65034.996,65799.133,1789132022089.759,2026-09-11T17:07:02.089759+04:00,19.5
2342,4714,14974570361000,994.0,1.00,65048.888,65813.025,1789132022103.651,2026-09-11T17:07:02.103651+04:00,19.5
2343,4718,14974625937000,994.0,1.00,65104.464,65868.601,1789132022159.227,2026-09-11T17:07:02.159227+04:00,19.4
2344,4719,14974639829000,994.0,1.00,65118.356,65882.493,1789132022173.119,2026-09-11T17:07:02.173119+04:00,19.4
2345,4720,14974653723000,994.0,1.00,65132.250,65896.387,1789132022187.013,2026-09-11T17:07:02.187013+04:00,19.4
2346,4724,14974709297000,994.0,1.00,65187.824,65951.961,1789132022242.587,2026-09-11T17:07:02.242587+04:00,19.4
2347,4725,14974723191000,994.0,1.00,65201.718,65965.855,1789132022256.481,2026-09-11T17:07:02.256481+04:00,19.4
2348,4726,14974737083000,994.0,1.00,65215.610,65979.747,1789132022270.373,2026-09-11T17:07:02.270373+04:00,19.5
2349,4730,14974792657000,994.0,1.00,65271.184,66035.321,1789132022325.947,2026-09-11T17:07:02.325947+04:00,19.6
2350,4731,14974806549000,994.0,1.00,65285.076,66049.213,1789132022339.839,2026-09-11T17:07:02.339839+04:00,19.6
2351,4732,14974820442000,994.0,1.00,65298.969,66063.106,1789132022353.732,2026-09-11T17:07:02.353732+04:00,19.7
2352,4736,14974876025000,994.0,1.00,65354.552,66118.689,1789132022409.315,2026-09-11T17:07:02.409315+04:00,19.8
2353,4737,14974889910000,994.0,1.00,65368.437,66132.574,1789132022423.200,2026-09-11T17:07:02.423200+04:00,19.8
2354,4738,14974903803000,994.0,1.00,65382.330,66146.467,1789132022437.093,2026-09-11T17:07:02.437093+04:00,19.8
2355,4742,14974959380000,994.0,1.00,65437.907,66202.044,1789132022492.670,2026-09-11T17:07:02.492670+04:00,19.9
2356,4743,14974973272000,994.0,1.00,65451.799,66215.936,1789132022506.562,2026-09-11T17:07:02.506562+04:00,20.0
2357,4744,14974987163000,994.0,1.00,65465.690,66229.827,1789132022520.453,2026-09-11T17:07:02.520453+04:00,20.0
2358,4748,14975042741000,994.0,1.00,65521.268,66285.405,1789132022576.031,2026-09-11T17:07:02.576031+04:00,20.1
2359,4749,14975056631000,994.0,1.00,65535.158,66299.295,1789132022589.921,2026-09-11T17:07:02.589921+04:00,20.1
2360,4750,14975070525000,994.0,1.00,65549.052,66313.189,1789132022603.815,2026-09-11T17:07:02.603815+04:00,20.1
2361,4754,14975126099000,994.0,1.00,65604.626,66368.763,1789132022659.389,2026-09-11T17:07:02.659389+04:00,20.0
2362,4755,14975139991000,994.0,1.00,65618.518,66382.655,1789132022673.281,2026-09-11T17:07:02.673281+04:00,20.0
2363,4756,14975153884000,994.0,1.00,65632.411,66396.548,1789132022687.174,2026-09-11T17:07:02.687174+04:00,20.0
2364,4760,14975209459000,994.0,1.00,65687.986,66452.123,1789132022742.749,2026-09-11T17:07:02.742749+04:00,20.0
2365,4761,14975223352000,994.0,1.00,65701.879,66466.016,1789132022756.642,2026-09-11T17:07:02.756642+04:00,20.0
2366,4762,14975237245000,994.0,1.00,65715.772,66479.909,1789132022770.535,2026-09-11T17:07:02.770535+04:00,20.0
2367,4766,14975292820000,994.0,1.00,65771.347,66535.484,1789132022826.110,2026-09-11T17:07:02.826110+04:00,19.9
2368,4767,14975306712000,994.0,1.00,65785.239,66549.376,1789132022840.002,2026-09-11T17:07:02.840002+04:00,19.9
2369,4768,14975320605000,994.0,1.00,65799.132,66563.269,1789132022853.895,2026-09-11T17:07:02.853895+04:00,19.9
2370,4772,14975376180000,994.0,1.00,65854.707,66618.844,1789132022909.470,2026-09-11T17:07:02.909470+04:00,19.8
2371,4773,14975390074000,994.0,1.00,65868.601,66632.738,1789132022923.364,2026-09-11T17:07:02.923364+04:00,19.7
2372,4774,14975403965000,994.0,1.00,65882.492,66646.629,1789132022937.255,2026-09-11T17:07:02.937255+04:00,19.7
2373,4778,14975459540000,994.0,1.00,65938.067,66702.204,1789132022992.830,2026-09-11T17:07:02.992830+04:00,19.6
2374,4779,14975473433000,994.0,1.00,65951.960,66716.097,1789132023006.723,2026-09-11T17:07:03.006723+04:00,19.6
2375,4780,14975487326000,994.0,1.00,65965.853,66729.990,1789132023020.616,2026-09-11T17:07:03.020616+04:00,19.6
2376,4784,14975542904000,994.0,1.00,66021.431,66785.568,1789132023076.194,2026-09-11T17:07:03.076194+04:00,19.6
2377,4785,14975556794000,994.0,1.00,66035.321,66799.458,1789132023090.084,2026-09-11T17:07:03.090084+04:00,19.6
2378,4786,14975570687000,994.0,1.00,66049.214,66813.351,1789132023103.977,2026-09-11T17:07:03.103977+04:00,19.6
2379,4790,14975626261000,994.0,1.00,66104.788,66868.925,1789132023159.551,2026-09-11T17:07:03.159551+04:00,19.7
2380,4791,14975640154000,994.0,1.00,66118.681,66882.818,1789132023173.444,2026-09-11T17:07:03.173444+04:00,19.7
2381,4792,14975654048000,994.0,1.00,66132.575,66896.712,1789132023187.338,2026-09-11T17:07:03.187338+04:00,19.7
2382,4796,14975709622000,994.0,1.00,66188.149,66952.286,1789132023242.912,2026-09-11T17:07:03.242912+04:00,19.7
2383,4797,14975723513000,994.0,1.00,66202.040,66966.177,1789132023256.803,2026-09-11T17:07:03.256803+04:00,19.7
2384,4798,14975737407000,994.0,1.00,66215.934,66980.071,1789132023270.697,2026-09-11T17:07:03.270697+04:00,19.7
2385,4802,14975792982000,994.0,1.00,66271.509,67035.646,1789132023326.272,2026-09-11T17:07:03.326272+04:00,19.7
2386,4803,14975806874000,994.0,1.00,66285.401,67049.538,1789132023340.164,2026-09-11T17:07:03.340164+04:00,19.7
2387,4804,14975820767000,994.0,1.00,66299.294,67063.431,1789132023354.057,2026-09-11T17:07:03.354057+04:00,19.7
2388,4808,14975876343000,994.0,1.00,66354.870,67119.007,1789132023409.633,2026-09-11T17:07:03.409633+04:00,19.6
2389,4809,14975890235000,994.0,1.00,66368.762,67132.899,1789132023423.525,2026-09-11T17:07:03.423525+04:00,19.6
2390,4810,14975904129000,994.0,1.00,66382.656,67146.793,1789132023437.419,2026-09-11T17:07:03.437419+04:00,19.6
2391,4814,14975959704000,994.0,1.00,66438.231,67202.368,1789132023492.994,2026-09-11T17:07:03.492994+04:00,19.5
2392,4815,14975973595000,994.0,1.00,66452.122,67216.259,1789132023506.885,2026-09-11T17:07:03.506885+04:00,19.5
2393,4816,14975987489000,994.0,1.00,66466.016,67230.153,1789132023520.779,2026-09-11T17:07:03.520779+04:00,19.5
2394,4820,14976043066000,994.0,1.00,66521.593,67285.730,1789132023576.356,2026-09-11T17:07:03.576356+04:00,19.5
2395,4821,14976056956000,994.0,1.00,66535.483,67299.620,1789132023590.246,2026-09-11T17:07:03.590246+04:00,19.5
2396,4822,14976070849000,994.0,1.00,66549.376,67313.513,1789132023604.139,2026-09-11T17:07:03.604139+04:00,19.4
2397,4826,14976126425000,994.0,1.00,66604.952,67369.089,1789132023659.715,2026-09-11T17:07:03.659715+04:00,19.3
2398,4827,14976140317000,994.0,1.00,66618.844,67382.981,1789132023673.607,2026-09-11T17:07:03.673607+04:00,19.3
2399,4828,14976154210000,994.0,1.00,66632.737,67396.874,1789132023687.500,2026-09-11T17:07:03.687500+04:00,19.3
2400,4832,14976209784000,994.0,1.00,66688.311,67452.448,1789132023743.074,2026-09-11T17:07:03.743074+04:00,19.3
2401,4833,14976223676000,994.0,1.00,66702.203,67466.340,1789132023756.966,2026-09-11T17:07:03.756966+04:00,19.3
2402,4834,14976237570000,994.0,1.00,66716.097,67480.234,1789132023770.860,2026-09-11T17:07:03.770860+04:00,19.3
2403,4838,14976293145000,994.0,1.00,66771.672,67535.809,1789132023826.435,2026-09-11T17:07:03.826435+04:00,19.4
2404,4839,14976307039000,994.0,1.00,66785.566,67549.703,1789132023840.329,2026-09-11T17:07:03.840329+04:00,19.4
2405,4840,14976320930000,994.0,1.00,66799.457,67563.594,1789132023854.220,2026-09-11T17:07:03.854220+04:00,19.4
2406,4844,14976376506000,994.0,1.00,66855.033,67619.170,1789132023909.796,2026-09-11T17:07:03.909796+04:00,19.3
2407,4845,14976390398000,994.0,1.00,66868.925,67633.062,1789132023923.688,2026-09-11T17:07:03.923688+04:00,19.3
2408,4846,14976404292000,994.0,1.00,66882.819,67646.956,1789132023937.582,2026-09-11T17:07:03.937582+04:00,19.2
2409,4850,14976459866000,994.0,1.00,66938.393,67702.530,1789132023993.156,2026-09-11T17:07:03.993156+04:00,19.1
2410,4851,14976473760000,994.0,1.00,66952.287,67716.424,1789132024007.050,2026-09-11T17:07:04.007050+04:00,19.1
2411,4852,14976487651000,994.0,1.00,66966.178,67730.315,1789132024020.941,2026-09-11T17:07:04.020941+04:00,19.1
2412,4856,14976543229000,994.0,1.00,67021.756,67785.893,1789132024076.519,2026-09-11T17:07:04.076519+04:00,19.1
2413,4857,14976557119000,994.0,1.00,67035.646,67799.783,1789132024090.409,2026-09-11T17:07:04.090409+04:00,19.1
2414,4858,14976571012000,994.0,1.00,67049.539,67813.676,1789132024104.302,2026-09-11T17:07:04.104302+04:00,19.1
2415,4862,14976626587000,994.0,1.00,67105.114,67869.251,1789132024159.877,2026-09-11T17:07:04.159877+04:00,19.2
2416,4863,14976640479000,994.0,1.00,67119.006,67883.143,1789132024173.769,2026-09-11T17:07:04.173769+04:00,19.2
2417,4864,14976654371000,994.0,1.00,67132.898,67897.035,1789132024187.661,2026-09-11T17:07:04.187661+04:00,19.2
2418,4868,14976709947000,994.0,1.00,67188.474,67952.611,1789132024243.237,2026-09-11T17:07:04.243237+04:00,19.2
2419,4869,14976723839000,994.0,1.00,67202.366,67966.503,1789132024257.129,2026-09-11T17:07:04.257129+04:00,19.3
2420,4870,14976737733000,994.0,1.00,67216.260,67980.397,1789132024271.023,2026-09-11T17:07:04.271023+04:00,19.3
2421,4874,14976793307000,994.0,1.00,67271.834,68035.971,1789132024326.597,2026-09-11T17:07:04.326597+04:00,19.4
2422,4875,14976807200000,994.0,1.00,67285.727,68049.864,1789132024340.490,2026-09-11T17:07:04.340490+04:00,19.4
2423,4876,14976821094000,994.0,1.00,67299.621,68063.758,1789132024354.384,2026-09-11T17:07:04.354384+04:00,19.5
2424,4880,14976876668000,994.0,1.00,67355.195,68119.332,1789132024409.958,2026-09-11T17:07:04.409958+04:00,19.4
2425,4881,14976890561000,994.0,1.00,67369.088,68133.225,1789132024423.851,2026-09-11T17:07:04.423851+04:00,19.4
2426,4882,14976904454000,994.0,1.00,67382.981,68147.118,1789132024437.744,2026-09-11T17:07:04.437744+04:00,19.4
2427,4886,14976960028000,994.0,1.00,67438.555,68202.692,1789132024493.318,2026-09-11T17:07:04.493318+04:00,19.4
2428,4887,14976973920000,994.0,1.00,67452.447,68216.584,1789132024507.210,2026-09-11T17:07:04.507210+04:00,19.3
2429,4888,14976987814000,994.0,1.00,67466.341,68230.478,1789132024521.104,2026-09-11T17:07:04.521104+04:00,19.3
2430,4892,14977043391000,994.0,1.00,67521.918,68286.055,1789132024576.681,2026-09-11T17:07:04.576681+04:00,19.3
2431,4893,14977057281000,994.0,1.00,67535.808,68299.945,1789132024590.571,2026-09-11T17:07:04.590571+04:00,19.3
2432,4894,14977071174000,994.0,1.00,67549.701,68313.838,1789132024604.464,2026-09-11T17:07:04.604464+04:00,19.3
2433,4898,14977126751000,994.0,1.00,67605.278,68369.415,1789132024660.041,2026-09-11T17:07:04.660041+04:00,19.3
2434,4899,14977140642000,994.0,1.00,67619.169,68383.306,1789132024673.932,2026-09-11T17:07:04.673932+04:00,19.3
2435,4900,14977154535000,994.0,1.00,67633.062,68397.199,1789132024687.825,2026-09-11T17:07:04.687825+04:00,19.4
2436,4904,14977210110000,994.0,1.00,67688.637,68452.774,1789132024743.400,2026-09-11T17:07:04.743400+04:00,19.4
2437,4905,14977224002000,994.0,1.00,67702.529,68466.666,1789132024757.292,2026-09-11T17:07:04.757292+04:00,19.4
2438,4906,14977237895000,994.0,1.00,67716.422,68480.559,1789132024771.185,2026-09-11T17:07:04.771185+04:00,19.4
2439,4910,14977293469000,994.0,1.00,67771.996,68536.133,1789132024826.759,2026-09-11T17:07:04.826759+04:00,19.5
2440,4911,14977307362000,994.0,1.00,67785.889,68550.026,1789132024840.652,2026-09-11T17:07:04.840652+04:00,19.5
2441,4912,14977321256000,994.0,1.00,67799.783,68563.920,1789132024854.546,2026-09-11T17:07:04.854546+04:00,19.5
2442,4916,14977376830000,994.0,1.00,67855.357,68619.494,1789132024910.120,2026-09-11T17:07:04.910120+04:00,19.6
2443,4917,14977390722000,994.0,1.00,67869.249,68633.386,1789132024924.012,2026-09-11T17:07:04.924012+04:00,19.6
2444,4918,14977404616000,994.0,1.00,67883.143,68647.280,1789132024937.906,2026-09-11T17:07:04.937906+04:00,19.6
2445,4922,14977460190000,994.0,1.00,67938.717,68702.854,1789132024993.480,2026-09-11T17:07:04.993480+04:00,19.7
2446,4923,14977474082000,994.0,1.00,67952.609,68716.746,1789132025007.372,2026-09-11T17:07:05.007372+04:00,19.7
2447,4924,14977487976000,994.0,1.00,67966.503,68730.640,1789132025021.266,2026-09-11T17:07:05.021266+04:00,19.8
2448,4928,14977543554000,994.0,1.00,68022.081,68786.218,1789132025076.844,2026-09-11T17:07:05.076844+04:00,19.8
2449,4929,14977557443000,994.0,1.00,68035.970,68800.107,1789132025090.733,2026-09-11T17:07:05.090733+04:00,19.8
2450,4930,14977571336000,994.0,1.00,68049.863,68814.000,1789132025104.626,2026-09-11T17:07:05.104626+04:00,19.8
2451,4934,14977626914000,994.0,1.00,68105.441,68869.578,1789132025160.204,2026-09-11T17:07:05.160204+04:00,19.8
2452,4935,14977640805000,994.0,1.00,68119.332,68883.469,1789132025174.095,2026-09-11T17:07:05.174095+04:00,19.8
2453,4936,14977654697000,994.0,1.00,68133.224,68897.361,1789132025187.987,2026-09-11T17:07:05.187987+04:00,19.8
2454,4940,14977710272000,994.0,1.00,68188.799,68952.936,1789132025243.562,2026-09-11T17:07:05.243562+04:00,19.8
2455,4941,14977724165000,994.0,1.00,68202.692,68966.829,1789132025257.455,2026-09-11T17:07:05.257455+04:00,19.8
2456,4942,14977738057000,994.0,1.00,68216.584,68980.721,1789132025271.347,2026-09-11T17:07:05.271347+04:00,19.8
2457,4946,14977793632000,994.0,1.00,68272.159,69036.296,1789132025326.922,2026-09-11T17:07:05.326922+04:00,19.8
2458,4947,14977807525000,994.0,1.00,68286.052,69050.189,1789132025340.815,2026-09-11T17:07:05.340815+04:00,19.8
2459,4948,14977821418000,994.0,1.00,68299.945,69064.082,1789132025354.708,2026-09-11T17:07:05.354708+04:00,19.8
2460,4952,14977876993000,994.0,1.00,68355.520,69119.657,1789132025410.283,2026-09-11T17:07:05.410283+04:00,19.6
2461,4953,14977890884000,994.0,1.00,68369.411,69133.548,1789132025424.174,2026-09-11T17:07:05.424174+04:00,19.5
2462,4954,14977904778000,994.0,1.00,68383.305,69147.442,1789132025438.068,2026-09-11T17:07:05.438068+04:00,19.5
2463,4958,14977960354000,994.0,1.00,68438.881,69203.018,1789132025493.644,2026-09-11T17:07:05.493644+04:00,19.5
2464,4959,14977974246000,994.0,1.00,68452.773,69216.910,1789132025507.536,2026-09-11T17:07:05.507536+04:00,19.6
2465,4960,14977988139000,994.0,1.00,68466.666,69230.803,1789132025521.429,2026-09-11T17:07:05.521429+04:00,19.6
2466,4964,14978043717000,994.0,1.00,68522.244,69286.381,1789132025577.007,2026-09-11T17:07:05.577007+04:00,19.6
2467,4965,14978057606000,994.0,1.00,68536.133,69300.270,1789132025590.896,2026-09-11T17:07:05.590896+04:00,19.6
2468,4966,14978071499000,994.0,1.00,68550.026,69314.163,1789132025604.789,2026-09-11T17:07:05.604789+04:00,19.6
2469,4970,14978127076000,994.0,1.00,68605.603,69369.740,1789132025660.366,2026-09-11T17:07:05.660366+04:00,19.6
2470,4971,14978140967000,994.0,1.00,68619.494,69383.631,1789132025674.257,2026-09-11T17:07:05.674257+04:00,19.6
2471,4972,14978154861000,994.0,1.00,68633.388,69397.525,1789132025688.151,2026-09-11T17:07:05.688151+04:00,19.6
2472,4976,14978210438000,994.0,1.00,68688.965,69453.102,1789132025743.728,2026-09-11T17:07:05.743728+04:00,19.4
2473,4977,14978224328000,994.0,1.00,68702.855,69466.992,1789132025757.618,2026-09-11T17:07:05.757618+04:00,19.5
2474,4978,14978238220000,994.0,1.00,68716.747,69480.884,1789132025771.510,2026-09-11T17:07:05.771510+04:00,19.7
2475,4982,14978293795000,994.0,1.00,68772.322,69536.459,1789132025827.085,2026-09-11T17:07:05.827085+04:00,20.1
2476,4983,14978307689000,994.0,1.00,68786.216,69550.353,1789132025840.979,2026-09-11T17:07:05.840979+04:00,20.1
2477,4984,14978321582000,994.0,1.00,68800.109,69564.246,1789132025854.872,2026-09-11T17:07:05.854872+04:00,20.0
2478,4988,14978377155000,994.0,1.00,68855.682,69619.819,1789132025910.445,2026-09-11T17:07:05.910445+04:00,19.8
2479,4989,14978391047000,994.0,1.00,68869.574,69633.711,1789132025924.337,2026-09-11T17:07:05.924337+04:00,19.8
2480,4990,14978404940000,994.0,1.00,68883.467,69647.604,1789132025938.230,2026-09-11T17:07:05.938230+04:00,19.8
2481,4994,14978460515000,994.0,1.00,68939.042,69703.179,1789132025993.805,2026-09-11T17:07:05.993805+04:00,19.8
2482,4995,14978474408000,994.0,1.00,68952.935,69717.072,1789132026007.698,2026-09-11T17:07:06.007698+04:00,19.9
2483,4996,14978488301000,994.0,1.00,68966.828,69730.965,1789132026021.591,2026-09-11T17:07:06.021591+04:00,19.9
2484,5000,14978543880000,994.0,1.00,69022.407,69786.544,1789132026077.170,2026-09-11T17:07:06.077170+04:00,19.9
2485,5001,14978557772000,994.0,1.00,69036.299,69800.436,1789132026091.062,2026-09-11T17:07:06.091062+04:00,19.9
2486,5002,14978571663000,994.0,1.00,69050.190,69814.327,1789132026104.953,2026-09-11T17:07:06.104953+04:00,19.9
2487,5006,14978627240000,994.0,1.00,69105.767,69869.904,1789132026160.530,2026-09-11T17:07:06.160530+04:00,19.9
2488,5007,14978641129000,994.0,1.00,69119.656,69883.793,1789132026174.419,2026-09-11T17:07:06.174419+04:00,19.9
2489,5008,14978655022000,994.0,1.00,69133.549,69897.686,1789132026188.312,2026-09-11T17:07:06.188312+04:00,19.9
2490,5012,14978710597000,994.0,1.00,69189.124,69953.261,1789132026243.887,2026-09-11T17:07:06.243887+04:00,19.8
2491,5013,14978724490000,994.0,1.00,69203.017,69967.154,1789132026257.780,2026-09-11T17:07:06.257780+04:00,19.8
2492,5014,14978738384000,994.0,1.00,69216.911,69981.048,1789132026271.674,2026-09-11T17:07:06.271674+04:00,19.8
2493,5018,14978793957000,994.0,1.00,69272.484,70036.621,1789132026327.247,2026-09-11T17:07:06.327247+04:00,19.7
2494,5019,14978807850000,994.0,1.00,69286.377,70050.514,1789132026341.140,2026-09-11T17:07:06.341140+04:00,19.7
2495,5020,14978821743000,994.0,1.00,69300.270,70064.407,1789132026355.033,2026-09-11T17:07:06.355033+04:00,19.7
2496,5024,14978877317000,994.0,1.00,69355.844,70119.981,1789132026410.607,2026-09-11T17:07:06.410607+04:00,19.7
2497,5025,14978891210000,994.0,1.00,69369.737,70133.874,1789132026424.500,2026-09-11T17:07:06.424500+04:00,19.7
2498,5026,14978905104000,994.0,1.00,69383.631,70147.768,1789132026438.394,2026-09-11T17:07:06.438394+04:00,19.6
2499,5030,14978960678000,994.0,1.00,69439.205,70203.342,1789132026493.968,2026-09-11T17:07:06.493968+04:00,19.7
2500,5031,14978974571000,994.0,1.00,69453.098,70217.235,1789132026507.861,2026-09-11T17:07:06.507861+04:00,19.7
2501,5032,14978988464000,994.0,1.00,69466.991,70231.128,1789132026521.754,2026-09-11T17:07:06.521754+04:00,19.7
2502,5036,14979044041000,994.0,1.00,69522.568,70286.705,1789132026577.331,2026-09-11T17:07:06.577331+04:00,19.6
2503,5037,14979057931000,994.0,1.00,69536.458,70300.595,1789132026591.221,2026-09-11T17:07:06.591221+04:00,19.6
2504,5038,14979071823000,994.0,1.00,69550.350,70314.487,1789132026605.113,2026-09-11T17:07:06.605113+04:00,19.6
2505,5042,14979127400000,994.0,1.00,69605.927,70370.064,1789132026660.690,2026-09-11T17:07:06.660690+04:00,19.6
2506,5043,14979141291000,994.0,1.00,69619.818,70383.955,1789132026674.581,2026-09-11T17:07:06.674581+04:00,19.6
2507,5044,14979155184000,994.0,1.00,69633.711,70397.848,1789132026688.474,2026-09-11T17:07:06.688474+04:00,19.6
2508,5048,14979210762000,994.0,1.00,69689.289,70453.426,1789132026744.052,2026-09-11T17:07:06.744052+04:00,19.6
2509,5049,14979224652000,994.0,1.00,69703.179,70467.316,1789132026757.942,2026-09-11T17:07:06.757942+04:00,19.6
2510,5050,14979238545000,994.0,1.00,69717.072,70481.209,1789132026771.835,2026-09-11T17:07:06.771835+04:00,19.6
2511,5054,14979294120000,994.0,1.00,69772.647,70536.784,1789132026827.410,2026-09-11T17:07:06.827410+04:00,19.5
2512,5055,14979308018000,994.0,1.00,69786.545,70550.682,1789132026841.308,2026-09-11T17:07:06.841308+04:00,19.5
2513,5056,14979321905000,994.0,1.00,69800.432,70564.569,1789132026855.195,2026-09-11T17:07:06.855195+04:00,19.5
2514,5060,14979377481000,994.0,1.00,69856.008,70620.145,1789132026910.771,2026-09-11T17:07:06.910771+04:00,19.6
2515,5061,14979391373000,994.0,1.00,69869.900,70634.037,1789132026924.663,2026-09-11T17:07:06.924663+04:00,19.6
2516,5062,14979405266000,994.0,1.00,69883.793,70647.930,1789132026938.556,2026-09-11T17:07:06.938556+04:00,19.6
2517,5066,14979460849000,994.0,1.00,69939.376,70703.513,1789132026994.139,2026-09-11T17:07:06.994139+04:00,19.6
2518,5067,14979474734000,994.0,1.00,69953.261,70717.398,1789132027008.024,2026-09-11T17:07:07.008024+04:00,19.6
2519,5068,14979488626000,994.0,1.00,69967.153,70731.290,1789132027021.916,2026-09-11T17:07:07.021916+04:00,19.6
2520,5072,14979544203000,994.0,1.00,70022.730,70786.867,1789132027077.493,2026-09-11T17:07:07.077493+04:00,19.6
2521,5073,14979558094000,994.0,1.00,70036.621,70800.758,1789132027091.384,2026-09-11T17:07:07.091384+04:00,19.6
2522,5074,14979571988000,994.0,1.00,70050.515,70814.652,1789132027105.278,2026-09-11T17:07:07.105278+04:00,19.6
2523,5078,14979627564000,994.0,1.00,70106.091,70870.228,1789132027160.854,2026-09-11T17:07:07.160854+04:00,19.6
2524,5079,14979641453000,994.0,1.00,70119.980,70884.117,1789132027174.743,2026-09-11T17:07:07.174743+04:00,19.6
2525,5080,14979655347000,994.0,1.00,70133.874,70898.011,1789132027188.637,2026-09-11T17:07:07.188637+04:00,19.6
2526,5084,14979710926000,994.0,1.00,70189.453,70953.590,1789132027244.216,2026-09-11T17:07:07.244216+04:00,19.6
2527,5085,14979724815000,994.0,1.00,70203.342,70967.479,1789132027258.105,2026-09-11T17:07:07.258105+04:00,19.6
2528,5086,14979738707000,994.0,1.00,70217.234,70981.371,1789132027271.997,2026-09-11T17:07:07.271997+04:00,19.6
2529,5090,14979794285000,994.0,1.00,70272.812,71036.949,1789132027327.575,2026-09-11T17:07:07.327575+04:00,19.6
2530,5091,14979808175000,994.0,1.00,70286.702,71050.839,1789132027341.465,2026-09-11T17:07:07.341465+04:00,19.6
2531,5092,14979822068000,994.0,1.00,70300.595,71064.732,1789132027355.358,2026-09-11T17:07:07.355358+04:00,19.6
2532,5096,14979877643000,994.0,1.00,70356.170,71120.307,1789132027410.933,2026-09-11T17:07:07.410933+04:00,19.6
2533,5097,14979891535000,994.0,1.00,70370.062,71134.199,1789132027424.825,2026-09-11T17:07:07.424825+04:00,19.6
2534,5098,14979905428000,994.0,1.00,70383.955,71148.092,1789132027438.718,2026-09-11T17:07:07.438718+04:00,19.6
2535,5102,14979961003000,994.0,1.00,70439.530,71203.667,1789132027494.293,2026-09-11T17:07:07.494293+04:00,19.6
2536,5103,14979974896000,994.0,1.00,70453.423,71217.560,1789132027508.186,2026-09-11T17:07:07.508186+04:00,19.6
2537,5104,14979988790000,994.0,1.00,70467.317,71231.454,1789132027522.080,2026-09-11T17:07:07.522080+04:00,19.6
2538,5108,14980044364000,994.0,1.00,70522.891,71287.028,1789132027577.654,2026-09-11T17:07:07.577654+04:00,19.6
2539,5109,14980058256000,994.0,1.00,70536.783,71300.920,1789132027591.546,2026-09-11T17:07:07.591546+04:00,19.6
2540,5110,14980072151000,994.0,1.00,70550.678,71314.815,1789132027605.441,2026-09-11T17:07:07.605441+04:00,19.6
2541,5114,14980127725000,994.0,1.00,70606.252,71370.389,1789132027661.015,2026-09-11T17:07:07.661015+04:00,19.6
2542,5115,14980141616000,994.0,1.00,70620.143,71384.280,1789132027674.906,2026-09-11T17:07:07.674906+04:00,19.6
2543,5116,14980155510000,994.0,1.00,70634.037,71398.174,1789132027688.800,2026-09-11T17:07:07.688800+04:00,19.6
2544,5120,14980211088000,994.0,1.00,70689.615,71453.752,1789132027744.378,2026-09-11T17:07:07.744378+04:00,19.6
2545,5121,14980224976000,994.0,1.00,70703.503,71467.640,1789132027758.266,2026-09-11T17:07:07.758266+04:00,19.6
2546,5122,14980238870000,994.0,1.00,70717.397,71481.534,1789132027772.160,2026-09-11T17:07:07.772160+04:00,19.6
2547,5126,14980294449000,994.0,1.00,70772.976,71537.113,1789132027827.739,2026-09-11T17:07:07.827739+04:00,19.6
2548,5127,14980308338000,994.0,1.00,70786.865,71551.002,1789132027841.628,2026-09-11T17:07:07.841628+04:00,19.6
2549,5128,14980322230000,994.0,1.00,70800.757,71564.894,1789132027855.520,2026-09-11T17:07:07.855520+04:00,19.6
2550,5132,14980377805000,994.0,1.00,70856.332,71620.469,1789132027911.095,2026-09-11T17:07:07.911095+04:00,19.5
2551,5133,14980391698000,994.0,1.00,70870.225,71634.362,1789132027924.988,2026-09-11T17:07:07.924988+04:00,19.4
2552,5134,14980405591000,994.0,1.00,70884.118,71648.255,1789132027938.881,2026-09-11T17:07:07.938881+04:00,19.4
2553,5138,14980461165000,994.0,1.00,70939.692,71703.829,1789132027994.455,2026-09-11T17:07:07.994455+04:00,19.1
2554,5139,14980475059000,994.0,1.00,70953.586,71717.723,1789132028008.349,2026-09-11T17:07:08.008349+04:00,19.1
2555,5140,14980488953000,994.0,1.00,70967.480,71731.617,1789132028022.243,2026-09-11T17:07:08.022243+04:00,19.0
2556,5144,14980544526000,994.0,1.00,71023.053,71787.190,1789132028077.816,2026-09-11T17:07:08.077816+04:00,18.9
2557,5145,14980558419000,994.0,1.00,71036.946,71801.083,1789132028091.709,2026-09-11T17:07:08.091709+04:00,18.8
2558,5146,14980572313000,994.0,1.00,71050.840,71814.977,1789132028105.603,2026-09-11T17:07:08.105603+04:00,18.8
2559,5150,14980627889000,994.0,1.00,71106.416,71870.553,1789132028161.179,2026-09-11T17:07:08.161179+04:00,18.5
2560,5151,14980641788000,994.0,1.00,71120.315,71884.452,1789132028175.078,2026-09-11T17:07:08.175078+04:00,18.4
2561,5152,14980655673000,994.0,1.00,71134.200,71898.337,1789132028188.963,2026-09-11T17:07:08.188963+04:00,18.4
2562,5156,14980711251000,994.0,1.00,71189.778,71953.915,1789132028244.541,2026-09-11T17:07:08.244541+04:00,18.1
2563,5157,14980725141000,994.0,1.00,71203.668,71967.805,1789132028258.431,2026-09-11T17:07:08.258431+04:00,18.0
2564,5158,14980739033000,994.0,1.00,71217.560,71981.697,1789132028272.323,2026-09-11T17:07:08.272323+04:00,17.9
2565,5162,14980794608000,994.0,1.00,71273.135,72037.272,1789132028327.898,2026-09-11T17:07:08.327898+04:00,17.7
2566,5163,14980808509000,994.0,1.00,71287.036,72051.173,1789132028341.799,2026-09-11T17:07:08.341799+04:00,17.6
2567,5164,14980822396000,994.0,1.00,71300.923,72065.060,1789132028355.686,2026-09-11T17:07:08.355686+04:00,17.5
2568,5168,14980877971000,994.0,1.00,71356.498,72120.635,1789132028411.261,2026-09-11T17:07:08.411261+04:00,17.2
2569,5169,14980891862000,994.0,1.00,71370.389,72134.526,1789132028425.152,2026-09-11T17:07:08.425152+04:00,17.2
2570,5170,14980905754000,994.0,1.00,71384.281,72148.418,1789132028439.044,2026-09-11T17:07:08.439044+04:00,17.1
2571,5174,14980961330000,994.0,1.00,71439.857,72203.994,1789132028494.620,2026-09-11T17:07:08.494620+04:00,16.9
2572,5175,14980975221000,994.0,1.00,71453.748,72217.885,1789132028508.511,2026-09-11T17:07:08.508511+04:00,16.9
2573,5176,14980989114000,994.0,1.00,71467.641,72231.778,1789132028522.404,2026-09-11T17:07:08.522404+04:00,16.9
2574,5180,14981044689000,994.0,1.00,71523.216,72287.353,1789132028577.979,2026-09-11T17:07:08.577979+04:00,16.8
2575,5181,14981058581000,994.0,1.00,71537.108,72301.245,1789132028591.871,2026-09-11T17:07:08.591871+04:00,16.7
2576,5182,14981072475000,994.0,1.00,71551.002,72315.139,1789132028605.765,2026-09-11T17:07:08.605765+04:00,16.7
2577,5186,14981128049000,994.0,1.00,71606.576,72370.713,1789132028661.339,2026-09-11T17:07:08.661339+04:00,16.5
2578,5187,14981141942000,994.0,1.00,71620.469,72384.606,1789132028675.232,2026-09-11T17:07:08.675232+04:00,16.4
2579,5188,14981155834000,994.0,1.00,71634.361,72398.498,1789132028689.124,2026-09-11T17:07:08.689124+04:00,16.3
2580,5192,14981211413000,994.0,1.00,71689.940,72454.077,1789132028744.703,2026-09-11T17:07:08.744703+04:00,15.8
2581,5193,14981225302000,994.0,1.00,71703.829,72467.966,1789132028758.592,2026-09-11T17:07:08.758592+04:00,15.7
2582,5194,14981239195000,994.0,1.00,71717.722,72481.859,1789132028772.485,2026-09-11T17:07:08.772485+04:00,15.7
2583,5198,14981294773000,994.0,1.00,71773.300,72537.437,1789132028828.063,2026-09-11T17:07:08.828063+04:00,15.7
2584,5199,14981308663000,994.0,1.00,71787.190,72551.327,1789132028841.953,2026-09-11T17:07:08.841953+04:00,15.7
2585,5200,14981322555000,994.0,1.00,71801.082,72565.219,1789132028855.845,2026-09-11T17:07:08.855845+04:00,15.7
2586,5204,14981378133000,994.0,1.00,71856.660,72620.797,1789132028911.423,2026-09-11T17:07:08.911423+04:00,15.7
2587,5205,14981392024000,994.0,1.00,71870.551,72634.688,1789132028925.314,2026-09-11T17:07:08.925314+04:00,15.7
2588,5206,14981405916000,994.0,1.00,71884.443,72648.580,1789132028939.206,2026-09-11T17:07:08.939206+04:00,15.7
2589,5210,14981461491000,994.0,1.00,71940.018,72704.155,1789132028994.781,2026-09-11T17:07:08.994781+04:00,15.7
2590,5211,14981475387000,994.0,1.00,71953.914,72718.051,1789132029008.677,2026-09-11T17:07:09.008677+04:00,15.7
2591,5212,14981489276000,994.0,1.00,71967.803,72731.940,1789132029022.566,2026-09-11T17:07:09.022566+04:00,15.7
2592,5216,14981544851000,994.0,1.00,72023.378,72787.515,1789132029078.141,2026-09-11T17:07:09.078141+04:00,15.7
2593,5217,14981558743000,994.0,1.00,72037.270,72801.407,1789132029092.033,2026-09-11T17:07:09.092033+04:00,15.7
2594,5218,14981572636000,994.0,1.00,72051.163,72815.300,1789132029105.926,2026-09-11T17:07:09.105926+04:00,15.7
2595,5222,14981628211000,994.0,1.00,72106.738,72870.875,1789132029161.501,2026-09-11T17:07:09.161501+04:00,15.7
2596,5223,14981642104000,994.0,1.00,72120.631,72884.768,1789132029175.394,2026-09-11T17:07:09.175394+04:00,15.7
2597,5224,14981655997000,994.0,1.00,72134.524,72898.661,1789132029189.287,2026-09-11T17:07:09.189287+04:00,15.7
2598,5228,14981711575000,994.0,1.00,72190.102,72954.239,1789132029244.865,2026-09-11T17:07:09.244865+04:00,15.7
2599,5229,14981725464000,994.0,1.00,72203.991,72968.128,1789132029258.754,2026-09-11T17:07:09.258754+04:00,15.7
2600,5230,14981739358000,994.0,1.00,72217.885,72982.022,1789132029272.648,2026-09-11T17:07:09.272648+04:00,15.7
2601,5234,14981794935000,994.0,1.00,72273.462,73037.599,1789132029328.225,2026-09-11T17:07:09.328225+04:00,15.7
2602,5235,14981808824000,994.0,1.00,72287.351,73051.488,1789132029342.114,2026-09-11T17:07:09.342114+04:00,15.6
2603,5236,14981822721000,994.0,1.00,72301.248,73065.385,1789132029356.011,2026-09-11T17:07:09.356011+04:00,15.6
2604,5240,14981878293000,994.0,1.00,72356.820,73120.957,1789132029411.583,2026-09-11T17:07:09.411583+04:00,15.6
2605,5241,14981892186000,994.0,1.00,72370.713,73134.850,1789132029425.476,2026-09-11T17:07:09.425476+04:00,15.6
2606,5242,14981906079000,994.0,1.00,72384.606,73148.743,1789132029439.369,2026-09-11T17:07:09.439369+04:00,15.6
2607,5246,14981961653000,994.0,1.00,72440.180,73204.317,1789132029494.943,2026-09-11T17:07:09.494943+04:00,15.6
2608,5247,14981975546000,994.0,1.00,72454.073,73218.210,1789132029508.836,2026-09-11T17:07:09.508836+04:00,15.6
2609,5248,14981989439000,994.0,1.00,72467.966,73232.103,1789132029522.729,2026-09-11T17:07:09.522729+04:00,15.6
2610,5252,14982045014000,994.0,1.00,72523.541,73287.678,1789132029578.304,2026-09-11T17:07:09.578304+04:00,15.6
2611,5253,14982058907000,994.0,1.00,72537.434,73301.571,1789132029592.197,2026-09-11T17:07:09.592197+04:00,15.6
2612,5254,14982072799000,994.0,1.00,72551.326,73315.463,1789132029606.089,2026-09-11T17:07:09.606089+04:00,15.6
2613,5258,14982128373000,994.0,1.00,72606.900,73371.037,1789132029661.663,2026-09-11T17:07:09.661663+04:00,15.6
2614,5259,14982142267000,994.0,1.00,72620.794,73384.931,1789132029675.557,2026-09-11T17:07:09.675557+04:00,15.6
2615,5260,14982156159000,994.0,1.00,72634.686,73398.823,1789132029689.449,2026-09-11T17:07:09.689449+04:00,15.6
2616,5264,14982211738000,994.0,1.00,72690.265,73454.402,1789132029745.028,2026-09-11T17:07:09.745028+04:00,15.6
2617,5265,14982225628000,994.0,1.00,72704.155,73468.292,1789132029758.918,2026-09-11T17:07:09.758918+04:00,15.6
2618,5266,14982239520000,994.0,1.00,72718.047,73482.184,1789132029772.810,2026-09-11T17:07:09.772810+04:00,15.6
2619,5270,14982295097000,994.0,1.00,72773.624,73537.761,1789132029828.387,2026-09-11T17:07:09.828387+04:00,15.6
2620,5271,14982308987000,994.0,1.00,72787.514,73551.651,1789132029842.277,2026-09-11T17:07:09.842277+04:00,15.6
2621,5272,14982322881000,994.0,1.00,72801.408,73565.545,1789132029856.171,2026-09-11T17:07:09.856171+04:00,15.6
2622,5276,14982378454000,994.0,1.00,72856.981,73621.118,1789132029911.744,2026-09-11T17:07:09.911744+04:00,15.6
2623,5277,14982392348000,994.0,1.00,72870.875,73635.012,1789132029925.638,2026-09-11T17:07:09.925638+04:00,15.6
2624,5278,14982406240000,994.0,1.00,72884.767,73648.904,1789132029939.530,2026-09-11T17:07:09.939530+04:00,15.6
2625,5282,14982461816000,994.0,1.00,72940.343,73704.480,1789132029995.106,2026-09-11T17:07:09.995106+04:00,15.6
2626,5283,14982475708000,994.0,1.00,72954.235,73718.372,1789132030008.998,2026-09-11T17:07:10.008998+04:00,15.6
2627,5284,14982489603000,994.0,1.00,72968.130,73732.267,1789132030022.893,2026-09-11T17:07:10.022893+04:00,15.6
2628,5288,14982545177000,994.0,1.00,73023.704,73787.841,1789132030078.467,2026-09-11T17:07:10.078467+04:00,15.6
2629,5289,14982559069000,994.0,1.00,73037.596,73801.733,1789132030092.359,2026-09-11T17:07:10.092359+04:00,15.6
2630,5290,14982572963000,994.0,1.00,73051.490,73815.627,1789132030106.253,2026-09-11T17:07:10.106253+04:00,15.6
2631,5294,14982628536000,994.0,1.00,73107.063,73871.200,1789132030161.826,2026-09-11T17:07:10.161826+04:00,15.6
2632,5295,14982642430000,994.0,1.00,73120.957,73885.094,1789132030175.720,2026-09-11T17:07:10.175720+04:00,15.6
2633,5296,14982656322000,994.0,1.00,73134.849,73898.986,1789132030189.612,2026-09-11T17:07:10.189612+04:00,15.6
2634,5300,14982711901000,994.0,1.00,73190.428,73954.565,1789132030245.191,2026-09-11T17:07:10.245191+04:00,15.6
2635,5301,14982725790000,994.0,1.00,73204.317,73968.454,1789132030259.080,2026-09-11T17:07:10.259080+04:00,15.6
2636,5302,14982739683000,994.0,1.00,73218.210,73982.347,1789132030272.973,2026-09-11T17:07:10.272973+04:00,15.6
2637,5306,14982795259000,994.0,1.00,73273.786,74037.923,1789132030328.549,2026-09-11T17:07:10.328549+04:00,15.6
2638,5307,14982809153000,994.0,1.00,73287.680,74051.817,1789132030342.443,2026-09-11T17:07:10.342443+04:00,15.6
2639,5308,14982823044000,994.0,1.00,73301.571,74065.708,1789132030356.334,2026-09-11T17:07:10.356334+04:00,15.6
2640,5312,14982878619000,994.0,1.00,73357.146,74121.283,1789132030411.909,2026-09-11T17:07:10.411909+04:00,15.6
2641,5313,14982892510000,994.0,1.00,73371.037,74135.174,1789132030425.800,2026-09-11T17:07:10.425800+04:00,15.6
2642,5314,14982906403000,994.0,1.00,73384.930,74149.067,1789132030439.693,2026-09-11T17:07:10.439693+04:00,15.6
2643,5318,14982961980000,994.0,1.00,73440.507,74204.644,1789132030495.270,2026-09-11T17:07:10.495270+04:00,15.6
2644,5319,14982975870000,994.0,1.00,73454.397,74218.534,1789132030509.160,2026-09-11T17:07:10.509160+04:00,15.6
2645,5320,14982989764000,994.0,1.00,73468.291,74232.428,1789132030523.054,2026-09-11T17:07:10.523054+04:00,15.6
2646,5324,14983045338000,994.0,1.00,73523.865,74288.002,1789132030578.628,2026-09-11T17:07:10.578628+04:00,15.6
2647,5325,14983059231000,994.0,1.00,73537.758,74301.895,1789132030592.521,2026-09-11T17:07:10.592521+04:00,15.6
2648,5326,14983073124000,994.0,1.00,73551.651,74315.788,1789132030606.414,2026-09-11T17:07:10.606414+04:00,15.6
2649,5330,14983128699000,994.0,1.00,73607.226,74371.363,1789132030661.989,2026-09-11T17:07:10.661989+04:00,15.6
2650,5331,14983142592000,994.0,1.00,73621.119,74385.256,1789132030675.882,2026-09-11T17:07:10.675882+04:00,15.6
2651,5332,14983156486000,994.0,1.00,73635.013,74399.150,1789132030689.776,2026-09-11T17:07:10.689776+04:00,15.6
2652,5336,14983212059000,994.0,1.00,73690.586,74454.723,1789132030745.349,2026-09-11T17:07:10.745349+04:00,15.6
2653,5337,14983225952000,994.0,1.00,73704.479,74468.616,1789132030759.242,2026-09-11T17:07:10.759242+04:00,15.6
2654,5338,14983239846000,994.0,1.00,73718.373,74482.510,1789132030773.136,2026-09-11T17:07:10.773136+04:00,15.6
2655,5342,14983295420000,994.0,1.00,73773.947,74538.084,1789132030828.710,2026-09-11T17:07:10.828710+04:00,15.5
2656,5343,14983309311000,994.0,1.00,73787.838,74551.975,1789132030842.601,2026-09-11T17:07:10.842601+04:00,15.5
2657,5344,14983323206000,994.0,1.00,73801.733,74565.870,1789132030856.496,2026-09-11T17:07:10.856496+04:00,15.5
2658,5348,14983378783000,994.0,1.00,73857.310,74621.447,1789132030912.073,2026-09-11T17:07:10.912073+04:00,15.5
2659,5349,14983392673000,994.0,1.00,73871.200,74635.337,1789132030925.963,2026-09-11T17:07:10.925963+04:00,15.5
2660,5350,14983406566000,994.0,1.00,73885.093,74649.230,1789132030939.856,2026-09-11T17:07:10.939856+04:00,15.5
2661,5354,14983462142000,994.0,1.00,73940.669,74704.806,1789132030995.432,2026-09-11T17:07:10.995432+04:00,15.5
2662,5355,14983476033000,994.0,1.00,73954.560,74718.697,1789132031009.323,2026-09-11T17:07:11.009323+04:00,15.5
2663,5356,14983489926000,994.0,1.00,73968.453,74732.590,1789132031023.216,2026-09-11T17:07:11.023216+04:00,15.5
2664,5360,14983545502000,994.0,1.00,74024.029,74788.166,1789132031078.792,2026-09-11T17:07:11.078792+04:00,15.5
2665,5361,14983559394000,994.0,1.00,74037.921,74802.058,1789132031092.684,2026-09-11T17:07:11.092684+04:00,15.5
2666,5362,14983573289000,994.0,1.00,74051.816,74815.953,1789132031106.579,2026-09-11T17:07:11.106579+04:00,15.5
2667,5366,14983628862000,994.0,1.00,74107.389,74871.526,1789132031162.152,2026-09-11T17:07:11.162152+04:00,15.5
2668,5367,14983642756000,994.0,1.00,74121.283,74885.420,1789132031176.046,2026-09-11T17:07:11.176046+04:00,15.5
2669,5368,14983656648000,994.0,1.00,74135.175,74899.312,1789132031189.938,2026-09-11T17:07:11.189938+04:00,15.5
2670,5372,14983712222000,994.0,1.00,74190.749,74954.886,1789132031245.512,2026-09-11T17:07:11.245512+04:00,15.4
2671,5373,14983726114000,994.0,1.00,74204.641,74968.778,1789132031259.404,2026-09-11T17:07:11.259404+04:00,15.4
2672,5374,14983740020000,994.0,1.00,74218.547,74982.684,1789132031273.310,2026-09-11T17:07:11.273310+04:00,15.4
2673,5378,14983795582000,994.0,1.00,74274.109,75038.246,1789132031328.872,2026-09-11T17:07:11.328872+04:00,15.5
2674,5379,14983809475000,994.0,1.00,74288.002,75052.139,1789132031342.765,2026-09-11T17:07:11.342765+04:00,15.4
2675,5380,14983823369000,994.0,1.00,74301.896,75066.033,1789132031356.659,2026-09-11T17:07:11.356659+04:00,15.4
2676,5384,14983878952000,994.0,1.00,74357.479,75121.616,1789132031412.242,2026-09-11T17:07:11.412242+04:00,15.4
2677,5385,14983892836000,994.0,1.00,74371.363,75135.500,1789132031426.126,2026-09-11T17:07:11.426126+04:00,15.4
2678,5386,14983906728000,994.0,1.00,74385.255,75149.392,1789132031440.018,2026-09-11T17:07:11.440018+04:00,15.4
2679,5390,14983962304000,994.0,1.00,74440.831,75204.968,1789132031495.594,2026-09-11T17:07:11.495594+04:00,15.4
2680,5391,14983976195000,994.0,1.00,74454.722,75218.859,1789132031509.485,2026-09-11T17:07:11.509485+04:00,15.4
2681,5392,14983990089000,994.0,1.00,74468.616,75232.753,1789132031523.379,2026-09-11T17:07:11.523379+04:00,15.4
2682,5396,14984045664000,994.0,1.00,74524.191,75288.328,1789132031578.954,2026-09-11T17:07:11.578954+04:00,15.4
2683,5397,14984059557000,994.0,1.00,74538.084,75302.221,1789132031592.847,2026-09-11T17:07:11.592847+04:00,15.4
2684,5398,14984073449000,994.0,1.00,74551.976,75316.113,1789132031606.739,2026-09-11T17:07:11.606739+04:00,15.4
2685,5402,14984129025000,994.0,1.00,74607.552,75371.689,1789132031662.315,2026-09-11T17:07:11.662315+04:00,15.4
2686,5403,14984142917000,994.0,1.00,74621.444,75385.581,1789132031676.207,2026-09-11T17:07:11.676207+04:00,15.4
2687,5404,14984156810000,994.0,1.00,74635.337,75399.474,1789132031690.100,2026-09-11T17:07:11.690100+04:00,15.4
2688,5408,14984212384000,994.0,1.00,74690.911,75455.048,1789132031745.674,2026-09-11T17:07:11.745674+04:00,15.5
2689,5409,14984226276000,994.0,1.00,74704.803,75468.940,1789132031759.566,2026-09-11T17:07:11.759566+04:00,15.5
2690,5410,14984240171000,994.0,1.00,74718.698,75482.835,1789132031773.461,2026-09-11T17:07:11.773461+04:00,15.5
2691,5414,14984295751000,994.0,1.00,74774.278,75538.415,1789132031829.041,2026-09-11T17:07:11.829041+04:00,15.5
2692,5415,14984309637000,994.0,1.00,74788.164,75552.301,1789132031842.927,2026-09-11T17:07:11.842927+04:00,15.5
2693,5416,14984323530000,994.0,1.00,74802.057,75566.194,1789132031856.820,2026-09-11T17:07:11.856820+04:00,15.5
2694,5420,14984379109000,994.0,1.00,74857.636,75621.773,1789132031912.399,2026-09-11T17:07:11.912399+04:00,15.5
2695,5421,14984392999000,994.0,1.00,74871.526,75635.663,1789132031926.289,2026-09-11T17:07:11.926289+04:00,15.5
2696,5422,14984406891000,994.0,1.00,74885.418,75649.555,1789132031940.181,2026-09-11T17:07:11.940181+04:00,15.5
2697,5426,14984462466000,994.0,1.00,74940.993,75705.130,1789132031995.756,2026-09-11T17:07:11.995756+04:00,15.5
2698,5427,14984476359000,994.0,1.00,74954.886,75719.023,1789132032009.649,2026-09-11T17:07:12.009649+04:00,15.5
2699,5428,14984490252000,994.0,1.00,74968.779,75732.916,1789132032023.542,2026-09-11T17:07:12.023542+04:00,15.5
2700,5432,14984545826000,994.0,1.00,75024.353,75788.490,1789132032079.116,2026-09-11T17:07:12.079116+04:00,15.5
2701,5433,14984559718000,994.0,1.00,75038.245,75802.382,1789132032093.008,2026-09-11T17:07:12.093008+04:00,15.5
2702,5434,14984573612000,994.0,1.00,75052.139,75816.276,1789132032106.902,2026-09-11T17:07:12.106902+04:00,15.5
2703,5438,14984629187000,994.0,1.00,75107.714,75871.851,1789132032162.477,2026-09-11T17:07:12.162477+04:00,15.5
2704,5439,14984643079000,994.0,1.00,75121.606,75885.743,1789132032176.369,2026-09-11T17:07:12.176369+04:00,15.5
2705,5440,14984656973000,994.0,1.00,75135.500,75899.637,1789132032190.263,2026-09-11T17:07:12.190263+04:00,15.5
2706,5444,14984712547000,994.0,1.00,75191.074,75955.211,1789132032245.837,2026-09-11T17:07:12.245837+04:00,15.4
2707,5445,14984726440000,994.0,1.00,75204.967,75969.104,1789132032259.730,2026-09-11T17:07:12.259730+04:00,15.4
2708,5446,14984740333000,994.0,1.00,75218.860,75982.997,1789132032273.623,2026-09-11T17:07:12.273623+04:00,15.4
2709,5450,14984795911000,994.0,1.00,75274.438,76038.575,1789132032329.201,2026-09-11T17:07:12.329201+04:00,15.4
2710,5451,14984809800000,994.0,1.00,75288.327,76052.464,1789132032343.090,2026-09-11T17:07:12.343090+04:00,15.4
2711,5452,14984823693000,994.0,1.00,75302.220,76066.357,1789132032356.983,2026-09-11T17:07:12.356983+04:00,15.4
2712,5456,14984879272000,994.0,1.00,75357.799,76121.936,1789132032412.562,2026-09-11T17:07:12.412562+04:00,15.4
2713,5457,14984893160000,994.0,1.00,75371.687,76135.824,1789132032426.450,2026-09-11T17:07:12.426450+04:00,15.4
2714,5458,14984907058000,994.0,1.00,75385.585,76149.722,1789132032440.348,2026-09-11T17:07:12.440348+04:00,15.4
2715,5462,14984962628000,994.0,1.00,75441.155,76205.292,1789132032495.918,2026-09-11T17:07:12.495918+04:00,15.4
2716,5463,14984976521000,994.0,1.00,75455.048,76219.185,1789132032509.811,2026-09-11T17:07:12.509811+04:00,15.4
2717,5464,14984990414000,994.0,1.00,75468.941,76233.078,1789132032523.704,2026-09-11T17:07:12.523704+04:00,15.4
2718,5468,14985045989000,994.0,1.00,75524.516,76288.653,1789132032579.279,2026-09-11T17:07:12.579279+04:00,15.4
2719,5469,14985059881000,994.0,1.00,75538.408,76302.545,1789132032593.171,2026-09-11T17:07:12.593171+04:00,15.4
2720,5470,14985073774000,994.0,1.00,75552.301,76316.438,1789132032607.064,2026-09-11T17:07:12.607064+04:00,15.4
2721,5474,14985129349000,994.0,1.00,75607.876,76372.013,1789132032662.639,2026-09-11T17:07:12.662639+04:00,15.4
2722,5475,14985143242000,994.0,1.00,75621.769,76385.906,1789132032676.532,2026-09-11T17:07:12.676532+04:00,15.4
2723,5476,14985157135000,994.0,1.00,75635.662,76399.799,1789132032690.425,2026-09-11T17:07:12.690425+04:00,15.4
2724,5480,14985212710000,994.0,1.00,75691.237,76455.374,1789132032746.000,2026-09-11T17:07:12.746000+04:00,15.4
2725,5481,14985226602000,994.0,1.00,75705.129,76469.266,1789132032759.892,2026-09-11T17:07:12.759892+04:00,15.4
2726,5482,14985240496000,994.0,1.00,75719.023,76483.160,1789132032773.786,2026-09-11T17:07:12.773786+04:00,15.4
2727,5486,14985296070000,994.0,1.00,75774.597,76538.734,1789132032829.360,2026-09-11T17:07:12.829360+04:00,15.4
2728,5487,14985309964000,994.0,1.00,75788.491,76552.628,1789132032843.254,2026-09-11T17:07:12.843254+04:00,15.4
2729,5488,14985323856000,994.0,1.00,75802.383,76566.520,1789132032857.146,2026-09-11T17:07:12.857146+04:00,15.4
2730,5492,14985379434000,994.0,1.00,75857.961,76622.098,1789132032912.724,2026-09-11T17:07:12.912724+04:00,15.4
2731,5493,14985393323000,994.0,1.00,75871.850,76635.987,1789132032926.613,2026-09-11T17:07:12.926613+04:00,15.4
2732,5494,14985407215000,994.0,1.00,75885.742,76649.879,1789132032940.505,2026-09-11T17:07:12.940505+04:00,15.4
2733,5498,14985462792000,994.0,1.00,75941.319,76705.456,1789132032996.082,2026-09-11T17:07:12.996082+04:00,15.4
2734,5499,14985476683000,994.0,1.00,75955.210,76719.347,1789132033009.973,2026-09-11T17:07:13.009973+04:00,15.4
2735,5500,14985490577000,994.0,1.00,75969.104,76733.241,1789132033023.867,2026-09-11T17:07:13.023867+04:00,15.4
2736,5504,14985546151000,994.0,1.00,76024.678,76788.815,1789132033079.441,2026-09-11T17:07:13.079441+04:00,15.4
2737,5505,14985560043000,994.0,1.00,76038.570,76802.707,1789132033093.333,2026-09-11T17:07:13.093333+04:00,15.4
2738,5506,14985573937000,994.0,1.00,76052.464,76816.601,1789132033107.227,2026-09-11T17:07:13.107227+04:00,15.3
2739,5510,14985629512000,994.0,1.00,76108.039,76872.176,1789132033162.802,2026-09-11T17:07:13.162802+04:00,15.4
2740,5511,14985643405000,994.0,1.00,76121.932,76886.069,1789132033176.695,2026-09-11T17:07:13.176695+04:00,15.4
2741,5512,14985657297000,994.0,1.00,76135.824,76899.961,1789132033190.587,2026-09-11T17:07:13.190587+04:00,15.4
2742,5516,14985712872000,994.0,1.00,76191.399,76955.536,1789132033246.162,2026-09-11T17:07:13.246162+04:00,15.3
2743,5517,14985726765000,994.0,1.00,76205.292,76969.429,1789132033260.055,2026-09-11T17:07:13.260055+04:00,15.3
2744,5518,14985740658000,994.0,1.00,76219.185,76983.322,1789132033273.948,2026-09-11T17:07:13.273948+04:00,15.3
2745,5522,14985796232000,994.0,1.00,76274.759,77038.896,1789132033329.522,2026-09-11T17:07:13.329522+04:00,15.3
2746,5523,14985810124000,994.0,1.00,76288.651,77052.788,1789132033343.414,2026-09-11T17:07:13.343414+04:00,15.3
2747,5524,14985824023000,994.0,1.00,76302.550,77066.687,1789132033357.313,2026-09-11T17:07:13.357313+04:00,15.3
2748,5528,14985879596000,994.0,1.00,76358.123,77122.260,1789132033412.886,2026-09-11T17:07:13.412886+04:00,15.3
2749,5529,14985893485000,994.0,1.00,76372.012,77136.149,1789132033426.775,2026-09-11T17:07:13.426775+04:00,15.3
2750,5530,14985907378000,994.0,1.00,76385.905,77150.042,1789132033440.668,2026-09-11T17:07:13.440668+04:00,15.3
2751,5534,14985962956000,994.0,1.00,76441.483,77205.620,1789132033496.246,2026-09-11T17:07:13.496246+04:00,15.3
2752,5535,14985976846000,994.0,1.00,76455.373,77219.510,1789132033510.136,2026-09-11T17:07:13.510136+04:00,15.3
2753,5536,14985990739000,994.0,1.00,76469.266,77233.403,1789132033524.029,2026-09-11T17:07:13.524029+04:00,15.3
2754,5540,14986046317000,994.0,1.00,76524.844,77288.981,1789132033579.607,2026-09-11T17:07:13.579607+04:00,15.3
2755,5541,14986060207000,994.0,1.00,76538.734,77302.871,1789132033593.497,2026-09-11T17:07:13.593497+04:00,15.3
2756,5542,14986074100000,994.0,1.00,76552.627,77316.764,1789132033607.390,2026-09-11T17:07:13.607390+04:00,15.3
2757,5546,14986129674000,994.0,1.00,76608.201,77372.338,1789132033662.964,2026-09-11T17:07:13.662964+04:00,15.4
2758,5547,14986143571000,994.0,1.00,76622.098,77386.235,1789132033676.861,2026-09-11T17:07:13.676861+04:00,15.4
2759,5548,14986157461000,994.0,1.00,76635.988,77400.125,1789132033690.751,2026-09-11T17:07:13.690751+04:00,15.4
2760,5552,14986213035000,994.0,1.00,76691.562,77455.699,1789132033746.325,2026-09-11T17:07:13.746325+04:00,15.4
2761,5553,14986226927000,994.0,1.00,76705.454,77469.591,1789132033760.217,2026-09-11T17:07:13.760217+04:00,15.4
2762,5554,14986240821000,994.0,1.00,76719.348,77483.485,1789132033774.111,2026-09-11T17:07:13.774111+04:00,15.4
2763,5558,14986296396000,994.0,1.00,76774.923,77539.060,1789132033829.686,2026-09-11T17:07:13.829686+04:00,15.4
2764,5559,14986310289000,994.0,1.00,76788.816,77552.953,1789132033843.579,2026-09-11T17:07:13.843579+04:00,15.4
2765,5560,14986324182000,994.0,1.00,76802.709,77566.846,1789132033857.472,2026-09-11T17:07:13.857472+04:00,15.4
2766,5564,14986379759000,994.0,1.00,76858.286,77622.423,1789132033913.049,2026-09-11T17:07:13.913049+04:00,15.5
2767,5565,14986393647000,994.0,1.00,76872.174,77636.311,1789132033926.937,2026-09-11T17:07:13.926937+04:00,15.5
2768,5566,14986407545000,994.0,1.00,76886.072,77650.209,1789132033940.835,2026-09-11T17:07:13.940835+04:00,15.5
2769,5570,14986463119000,994.0,1.00,76941.646,77705.783,1789132033996.409,2026-09-11T17:07:13.996409+04:00,15.5
2770,5571,14986477009000,994.0,1.00,76955.536,77719.673,1789132034010.299,2026-09-11T17:07:14.010299+04:00,15.5
2771,5572,14986490902000,994.0,1.00,76969.429,77733.566,1789132034024.192,2026-09-11T17:07:14.024192+04:00,15.5
2772,5576,14986546477000,994.0,1.00,77025.004,77789.141,1789132034079.767,2026-09-11T17:07:14.079767+04:00,15.5
2773,5577,14986560369000,994.0,1.00,77038.896,77803.033,1789132034093.659,2026-09-11T17:07:14.093659+04:00,15.5
2774,5578,14986574263000,994.0,1.00,77052.790,77816.927,1789132034107.553,2026-09-11T17:07:14.107553+04:00,15.5
2775,5582,14986629837000,994.0,1.00,77108.364,77872.501,1789132034163.127,2026-09-11T17:07:14.163127+04:00,15.5
2776,5583,14986643729000,994.0,1.00,77122.256,77886.393,1789132034177.019,2026-09-11T17:07:14.177019+04:00,15.5
2777,5584,14986657624000,994.0,1.00,77136.151,77900.288,1789132034190.914,2026-09-11T17:07:14.190914+04:00,15.5
2778,5588,14986713197000,994.0,1.00,77191.724,77955.861,1789132034246.487,2026-09-11T17:07:14.246487+04:00,15.5
2779,5589,14986727090000,994.0,1.00,77205.617,77969.754,1789132034260.380,2026-09-11T17:07:14.260380+04:00,15.5
2780,5590,14986740983000,994.0,1.00,77219.510,77983.647,1789132034274.273,2026-09-11T17:07:14.274273+04:00,15.5
2781,5594,14986796558000,994.0,1.00,77275.085,78039.222,1789132034329.848,2026-09-11T17:07:14.329848+04:00,15.5
2782,5595,14986810450000,994.0,1.00,77288.977,78053.114,1789132034343.740,2026-09-11T17:07:14.343740+04:00,15.5
2783,5596,14986824343000,994.0,1.00,77302.870,78067.007,1789132034357.633,2026-09-11T17:07:14.357633+04:00,15.5
2784,5600,14986879921000,994.0,1.00,77358.448,78122.585,1789132034413.211,2026-09-11T17:07:14.413211+04:00,15.5
2785,5601,14986893811000,994.0,1.00,77372.338,78136.475,1789132034427.101,2026-09-11T17:07:14.427101+04:00,15.5
2786,5602,14986907705000,994.0,1.00,77386.232,78150.369,1789132034440.995,2026-09-11T17:07:14.440995+04:00,15.5
2787,5606,14986963278000,994.0,1.00,77441.805,78205.942,1789132034496.568,2026-09-11T17:07:14.496568+04:00,15.5
2788,5607,14986977171000,994.0,1.00,77455.698,78219.835,1789132034510.461,2026-09-11T17:07:14.510461+04:00,15.5
2789,5608,14986991064000,994.0,1.00,77469.591,78233.728,1789132034524.354,2026-09-11T17:07:14.524354+04:00,15.5
2790,5612,14987046642000,994.0,1.00,77525.169,78289.306,1789132034579.932,2026-09-11T17:07:14.579932+04:00,15.5
2791,5613,14987060531000,994.0,1.00,77539.058,78303.195,1789132034593.821,2026-09-11T17:07:14.593821+04:00,15.5
2792,5614,14987074424000,994.0,1.00,77552.951,78317.088,1789132034607.714,2026-09-11T17:07:14.607714+04:00,15.5
2793,5618,14987130000000,994.0,1.00,77608.527,78372.664,1789132034663.290,2026-09-11T17:07:14.663290+04:00,15.4
2794,5619,14987143893000,994.0,1.00,77622.420,78386.557,1789132034677.183,2026-09-11T17:07:14.677183+04:00,15.4
2795,5620,14987157786000,994.0,1.00,77636.313,78400.450,1789132034691.076,2026-09-11T17:07:14.691076+04:00,15.5
2796,5624,14987213360000,994.0,1.00,77691.887,78456.024,1789132034746.650,2026-09-11T17:07:14.746650+04:00,15.4
2797,5625,14987227252000,994.0,1.00,77705.779,78469.916,1789132034760.542,2026-09-11T17:07:14.760542+04:00,15.4
2798,5626,14987241145000,994.0,1.00,77719.672,78483.809,1789132034774.435,2026-09-11T17:07:14.774435+04:00,15.4
2799,5630,14987296720000,994.0,1.00,77775.247,78539.384,1789132034830.010,2026-09-11T17:07:14.830010+04:00,15.4
2800,5631,14987310612000,994.0,1.00,77789.139,78553.276,1789132034843.902,2026-09-11T17:07:14.843902+04:00,15.4
2801,5632,14987324506000,994.0,1.00,77803.033,78567.170,1789132034857.796,2026-09-11T17:07:14.857796+04:00,15.4
2802,5636,14987380081000,994.0,1.00,77858.608,78622.745,1789132034913.371,2026-09-11T17:07:14.913371+04:00,15.4
2803,5637,14987393974000,994.0,1.00,77872.501,78636.638,1789132034927.264,2026-09-11T17:07:14.927264+04:00,15.4
2804,5638,14987407866000,994.0,1.00,77886.393,78650.530,1789132034941.156,2026-09-11T17:07:14.941156+04:00,15.4
2805,5642,14987463440000,994.0,1.00,77941.967,78706.104,1789132034996.730,2026-09-11T17:07:14.996730+04:00,15.5
2806,5643,14987477333000,994.0,1.00,77955.860,78719.997,1789132035010.623,2026-09-11T17:07:15.010623+04:00,15.5
2807,5644,14987491226000,994.0,1.00,77969.753,78733.890,1789132035024.516,2026-09-11T17:07:15.024516+04:00,15.5
2808,5648,14987546804000,994.0,1.00,78025.331,78789.468,1789132035080.094,2026-09-11T17:07:15.080094+04:00,15.5
2809,5649,14987560696000,994.0,1.00,78039.223,78803.360,1789132035093.986,2026-09-11T17:07:15.093986+04:00,15.5
2810,5650,14987574587000,994.0,1.00,78053.114,78817.251,1789132035107.877,2026-09-11T17:07:15.107877+04:00,15.5
2811,5654,14987630162000,994.0,1.00,78108.689,78872.826,1789132035163.452,2026-09-11T17:07:15.163452+04:00,15.5
2812,5655,14987644055000,994.0,1.00,78122.582,78886.719,1789132035177.345,2026-09-11T17:07:15.177345+04:00,15.5
2813,5656,14987657948000,994.0,1.00,78136.475,78900.612,1789132035191.238,2026-09-11T17:07:15.191238+04:00,15.5
2814,5660,14987713523000,994.0,1.00,78192.050,78956.187,1789132035246.813,2026-09-11T17:07:15.246813+04:00,15.5
2815,5661,14987727415000,994.0,1.00,78205.942,78970.079,1789132035260.705,2026-09-11T17:07:15.260705+04:00,15.5
2816,5662,14987741309000,994.0,1.00,78219.836,78983.973,1789132035274.599,2026-09-11T17:07:15.274599+04:00,15.5
2817,5666,14987796883000,994.0,1.00,78275.410,79039.547,1789132035330.173,2026-09-11T17:07:15.330173+04:00,15.5
2818,5667,14987810776000,994.0,1.00,78289.303,79053.440,1789132035344.066,2026-09-11T17:07:15.344066+04:00,15.5
2819,5668,14987824669000,994.0,1.00,78303.196,79067.333,1789132035357.959,2026-09-11T17:07:15.357959+04:00,15.5
2820,5672,14987880243000,994.0,1.00,78358.770,79122.907,1789132035413.533,2026-09-11T17:07:15.413533+04:00,15.5
2821,5673,14987894136000,994.0,1.00,78372.663,79136.800,1789132035427.426,2026-09-11T17:07:15.427426+04:00,15.5
2822,5674,14987908032000,994.0,1.00,78386.559,79150.696,1789132035441.322,2026-09-11T17:07:15.441322+04:00,15.5
2823,5678,14987963607000,994.0,1.00,78442.134,79206.271,1789132035496.897,2026-09-11T17:07:15.496897+04:00,15.4
2824,5679,14987977497000,994.0,1.00,78456.024,79220.161,1789132035510.787,2026-09-11T17:07:15.510787+04:00,15.4
2825,5680,14987991390000,994.0,1.00,78469.917,79234.054,1789132035524.680,2026-09-11T17:07:15.524680+04:00,15.4
2826,5684,14988046967000,994.0,1.00,78525.494,79289.631,1789132035580.257,2026-09-11T17:07:15.580257+04:00,15.4
2827,5685,14988060856000,994.0,1.00,78539.383,79303.520,1789132035594.146,2026-09-11T17:07:15.594146+04:00,15.4
2828,5686,14988074750000,994.0,1.00,78553.277,79317.414,1789132035608.040,2026-09-11T17:07:15.608040+04:00,15.4
2829,5690,14988130324000,994.0,1.00,78608.851,79372.988,1789132035663.614,2026-09-11T17:07:15.663614+04:00,15.4
2830,5691,14988144217000,994.0,1.00,78622.744,79386.881,1789132035677.507,2026-09-11T17:07:15.677507+04:00,15.4
2831,5692,14988158111000,994.0,1.00,78636.638,79400.775,1789132035691.401,2026-09-11T17:07:15.691401+04:00,15.4
2832,5696,14988213685000,994.0,1.00,78692.212,79456.349,1789132035746.975,2026-09-11T17:07:15.746975+04:00,15.4
2833,5697,14988227581000,994.0,1.00,78706.108,79470.245,1789132035760.871,2026-09-11T17:07:15.760871+04:00,15.4
2834,5698,14988241471000,994.0,1.00,78719.998,79484.135,1789132035774.761,2026-09-11T17:07:15.774761+04:00,15.4
2835,5702,14988297045000,994.0,1.00,78775.572,79539.709,1789132035830.335,2026-09-11T17:07:15.830335+04:00,15.4
2836,5703,14988310938000,994.0,1.00,78789.465,79553.602,1789132035844.228,2026-09-11T17:07:15.844228+04:00,15.4
2837,5704,14988324831000,994.0,1.00,78803.358,79567.495,1789132035858.121,2026-09-11T17:07:15.858121+04:00,15.4
2838,5708,14988380407000,994.0,1.00,78858.934,79623.071,1789132035913.697,2026-09-11T17:07:15.913697+04:00,15.5
2839,5709,14988394298000,994.0,1.00,78872.825,79636.962,1789132035927.588,2026-09-11T17:07:15.927588+04:00,15.5
2840,5710,14988408192000,994.0,1.00,78886.719,79650.856,1789132035941.482,2026-09-11T17:07:15.941482+04:00,15.5
2841,5714,14988463770000,994.0,1.00,78942.297,79706.434,1789132035997.060,2026-09-11T17:07:15.997060+04:00,15.5
2842,5715,14988477660000,994.0,1.00,78956.187,79720.324,1789132036010.950,2026-09-11T17:07:16.010950+04:00,15.5
2843,5716,14988491553000,994.0,1.00,78970.080,79734.217,1789132036024.843,2026-09-11T17:07:16.024843+04:00,15.5
2844,5720,14988547130000,994.0,1.00,79025.657,79789.794,1789132036080.420,2026-09-11T17:07:16.080420+04:00,15.5
2845,5721,14988561019000,994.0,1.00,79039.546,79803.683,1789132036094.309,2026-09-11T17:07:16.094309+04:00,15.5
2846,5722,14988574914000,994.0,1.00,79053.441,79817.578,1789132036108.204,2026-09-11T17:07:16.108204+04:00,15.5
2847,5726,14988630487000,994.0,1.00,79109.014,79873.151,1789132036163.777,2026-09-11T17:07:16.163777+04:00,15.5
2848,5727,14988644380000,994.0,1.00,79122.907,79887.044,1789132036177.670,2026-09-11T17:07:16.177670+04:00,15.5
2849,5728,14988658273000,994.0,1.00,79136.800,79900.937,1789132036191.563,2026-09-11T17:07:16.191563+04:00,15.5
2850,5732,14988713850000,994.0,1.00,79192.377,79956.514,1789132036247.140,2026-09-11T17:07:16.247140+04:00,15.4
2851,5733,14988727743000,994.0,1.00,79206.270,79970.407,1789132036261.033,2026-09-11T17:07:16.261033+04:00,15.4
2852,5734,14988741634000,994.0,1.00,79220.161,79984.298,1789132036274.924,2026-09-11T17:07:16.274924+04:00,15.4
2853,5738,14988797208000,994.0,1.00,79275.735,80039.872,1789132036330.498,2026-09-11T17:07:16.330498+04:00,15.4
2854,5739,14988811103000,994.0,1.00,79289.630,80053.767,1789132036344.393,2026-09-11T17:07:16.344393+04:00,15.4
2855,5740,14988824994000,994.0,1.00,79303.521,80067.658,1789132036358.284,2026-09-11T17:07:16.358284+04:00,15.4
2856,5744,14988880569000,994.0,1.00,79359.096,80123.233,1789132036413.859,2026-09-11T17:07:16.413859+04:00,15.4
2857,5745,14988894462000,994.0,1.00,79372.989,80137.126,1789132036427.752,2026-09-11T17:07:16.427752+04:00,15.4
2858,5746,14988908355000,994.0,1.00,79386.882,80151.019,1789132036441.645,2026-09-11T17:07:16.441645+04:00,15.4
2859,5750,14988963929000,994.0,1.00,79442.456,80206.593,1789132036497.219,2026-09-11T17:07:16.497219+04:00,15.4
2860,5751,14988977822000,994.0,1.00,79456.349,80220.486,1789132036511.112,2026-09-11T17:07:16.511112+04:00,15.4
2861,5752,14988991715000,994.0,1.00,79470.242,80234.379,1789132036525.005,2026-09-11T17:07:16.525005+04:00,15.4
2862,5756,14989047292000,994.0,1.00,79525.819,80289.956,1789132036580.582,2026-09-11T17:07:16.580582+04:00,15.4
2863,5757,14989061181000,994.0,1.00,79539.708,80303.845,1789132036594.471,2026-09-11T17:07:16.594471+04:00,15.4
2864,5758,14989075075000,994.0,1.00,79553.602,80317.739,1789132036608.365,2026-09-11T17:07:16.608365+04:00,15.4
2865,5762,14989130652000,994.0,1.00,79609.179,80373.316,1789132036663.942,2026-09-11T17:07:16.663942+04:00,15.4
2866,5763,14989144543000,994.0,1.00,79623.070,80387.207,1789132036677.833,2026-09-11T17:07:16.677833+04:00,15.4
2867,5764,14989158437000,994.0,1.00,79636.964,80401.101,1789132036691.727,2026-09-11T17:07:16.691727+04:00,15.4
2868,5768,14989214011000,994.0,1.00,79692.538,80456.675,1789132036747.301,2026-09-11T17:07:16.747301+04:00,15.4
2869,5769,14989227908000,994.0,1.00,79706.435,80470.572,1789132036761.198,2026-09-11T17:07:16.761198+04:00,15.4
2870,5770,14989241796000,994.0,1.00,79720.323,80484.460,1789132036775.086,2026-09-11T17:07:16.775086+04:00,15.4
2871,5774,14989297371000,994.0,1.00,79775.898,80540.035,1789132036830.661,2026-09-11T17:07:16.830661+04:00,15.5
2872,5775,14989311264000,994.0,1.00,79789.791,80553.928,1789132036844.554,2026-09-11T17:07:16.844554+04:00,15.5
2873,5776,14989325156000,994.0,1.00,79803.683,80567.820,1789132036858.446,2026-09-11T17:07:16.858446+04:00,15.5
2874,5780,14989380731000,994.0,1.00,79859.258,80623.395,1789132036914.021,2026-09-11T17:07:16.914021+04:00,15.5
2875,5781,14989394623000,994.0,1.00,79873.150,80637.287,1789132036927.913,2026-09-11T17:07:16.927913+04:00,15.5
2876,5782,14989408517000,994.0,1.00,79887.044,80651.181,1789132036941.807,2026-09-11T17:07:16.941807+04:00,15.5
2877,5786,14989464091000,994.0,1.00,79942.618,80706.755,1789132036997.381,2026-09-11T17:07:16.997381+04:00,15.5
2878,5787,14989477984000,994.0,1.00,79956.511,80720.648,1789132037011.274,2026-09-11T17:07:17.011274+04:00,15.5
2879,5788,14989491877000,994.0,1.00,79970.404,80734.541,1789132037025.167,2026-09-11T17:07:17.025167+04:00,15.4
2880,5792,14989547455000,994.0,1.00,80025.982,80790.119,1789132037080.745,2026-09-11T17:07:17.080745+04:00,15.4
2881,5793,14989561345000,994.0,1.00,80039.872,80804.009,1789132037094.635,2026-09-11T17:07:17.094635+04:00,15.4
2882,5794,14989575238000,994.0,1.00,80053.765,80817.902,1789132037108.528,2026-09-11T17:07:17.108528+04:00,15.4
2883,5798,14989630812000,994.0,1.00,80109.339,80873.476,1789132037164.102,2026-09-11T17:07:17.164102+04:00,15.4
2884,5799,14989644706000,994.0,1.00,80123.233,80887.370,1789132037177.996,2026-09-11T17:07:17.177996+04:00,15.4
2885,5800,14989658599000,994.0,1.00,80137.126,80901.263,1789132037191.889,2026-09-11T17:07:17.191889+04:00,15.4
2886,5804,14989714173000,994.0,1.00,80192.700,80956.837,1789132037247.463,2026-09-11T17:07:17.247463+04:00,15.5
2887,5805,14989728067000,994.0,1.00,80206.594,80970.731,1789132037261.357,2026-09-11T17:07:17.261357+04:00,15.5
2888,5806,14989741961000,994.0,1.00,80220.488,80984.625,1789132037275.251,2026-09-11T17:07:17.275251+04:00,15.5
2889,5810,14989797534000,994.0,1.00,80276.061,81040.198,1789132037330.824,2026-09-11T17:07:17.330824+04:00,15.5
2890,5811,14989811426000,994.0,1.00,80289.953,81054.090,1789132037344.716,2026-09-11T17:07:17.344716+04:00,15.6
2891,5812,14989825319000,994.0,1.00,80303.846,81067.983,1789132037358.609,2026-09-11T17:07:17.358609+04:00,15.6
2892,5816,14989880893000,994.0,1.00,80359.420,81123.557,1789132037414.183,2026-09-11T17:07:17.414183+04:00,15.6
2893,5817,14989894786000,994.0,1.00,80373.313,81137.450,1789132037428.076,2026-09-11T17:07:17.428076+04:00,15.6
2894,5818,14989908681000,994.0,1.00,80387.208,81151.345,1789132037441.971,2026-09-11T17:07:17.441971+04:00,15.6
2895,5822,14989964254000,994.0,1.00,80442.781,81206.918,1789132037497.544,2026-09-11T17:07:17.497544+04:00,15.6
2896,5823,14989978149000,994.0,1.00,80456.676,81220.813,1789132037511.439,2026-09-11T17:07:17.511439+04:00,15.6
2897,5824,14989992044000,994.0,1.00,80470.571,81234.708,1789132037525.334,2026-09-11T17:07:17.525334+04:00,15.6
2898,5828,14990047614000,994.0,1.00,80526.141,81290.278,1789132037580.904,2026-09-11T17:07:17.580904+04:00,15.6
2899,5829,14990061507000,994.0,1.00,80540.034,81304.171,1789132037594.797,2026-09-11T17:07:17.594797+04:00,15.6
2900,5830,14990075400000,994.0,1.00,80553.927,81318.064,1789132037608.690,2026-09-11T17:07:17.608690+04:00,15.6
2901,5834,14990130976000,994.0,1.00,80609.503,81373.640,1789132037664.266,2026-09-11T17:07:17.664266+04:00,15.5
2902,5835,14990144868000,994.0,1.00,80623.395,81387.532,1789132037678.158,2026-09-11T17:07:17.678158+04:00,15.5
2903,5836,14990158762000,994.0,1.00,80637.289,81401.426,1789132037692.052,2026-09-11T17:07:17.692052+04:00,15.5
2904,5840,14990214336000,994.0,1.00,80692.863,81457.000,1789132037747.626,2026-09-11T17:07:17.747626+04:00,15.5
2905,5841,14990228228000,994.0,1.00,80706.755,81470.892,1789132037761.518,2026-09-11T17:07:17.761518+04:00,15.5
2906,5842,14990242121000,994.0,1.00,80720.648,81484.785,1789132037775.411,2026-09-11T17:07:17.775411+04:00,15.5
2907,5846,14990297696000,994.0,1.00,80776.223,81540.360,1789132037830.986,2026-09-11T17:07:17.830986+04:00,15.5
2908,5847,14990311588000,994.0,1.00,80790.115,81554.252,1789132037844.878,2026-09-11T17:07:17.844878+04:00,15.5
2909,5848,14990325482000,994.0,1.00,80804.009,81568.146,1789132037858.772,2026-09-11T17:07:17.858772+04:00,15.5
2910,5852,14990381056000,994.0,1.00,80859.583,81623.720,1789132037914.346,2026-09-11T17:07:17.914346+04:00,15.6
2911,5853,14990394949000,994.0,1.00,80873.476,81637.613,1789132037928.239,2026-09-11T17:07:17.928239+04:00,15.6
2912,5854,14990408842000,994.0,1.00,80887.369,81651.506,1789132037942.132,2026-09-11T17:07:17.942132+04:00,15.6
2913,5858,14990464416000,994.0,1.00,80942.943,81707.080,1789132037997.706,2026-09-11T17:07:17.997706+04:00,15.7
2914,5859,14990478309000,994.0,1.00,80956.836,81720.973,1789132038011.599,2026-09-11T17:07:18.011599+04:00,15.7
2915,5860,14990492202000,994.0,1.00,80970.729,81734.866,1789132038025.492,2026-09-11T17:07:18.025492+04:00,15.7
2916,5864,14990547781000,994.0,1.00,81026.308,81790.445,1789132038081.071,2026-09-11T17:07:18.081071+04:00,15.8
2917,5865,14990561670000,994.0,1.00,81040.197,81804.334,1789132038094.960,2026-09-11T17:07:18.094960+04:00,15.8
2918,5866,14990575563000,994.0,1.00,81054.090,81818.227,1789132038108.853,2026-09-11T17:07:18.108853+04:00,15.9
2919,5870,14990631141000,994.0,1.00,81109.668,81873.805,1789132038164.431,2026-09-11T17:07:18.164431+04:00,15.9
2920,5871,14990645030000,994.0,1.00,81123.557,81887.694,1789132038178.320,2026-09-11T17:07:18.178320+04:00,15.9
2921,5872,14990658923000,994.0,1.00,81137.450,81901.587,1789132038192.213,2026-09-11T17:07:18.192213+04:00,16.0
2922,5876,14990714500000,994.0,1.00,81193.027,81957.164,1789132038247.790,2026-09-11T17:07:18.247790+04:00,16.0
2923,5877,14990728391000,994.0,1.00,81206.918,81971.055,1789132038261.681,2026-09-11T17:07:18.261681+04:00,16.0
2924,5878,14990742283000,994.0,1.00,81220.810,81984.947,1789132038275.573,2026-09-11T17:07:18.275573+04:00,16.0
2925,5882,14990797858000,994.0,1.00,81276.385,82040.522,1789132038331.148,2026-09-11T17:07:18.331148+04:00,16.1
2926,5883,14990811750000,994.0,1.00,81290.277,82054.414,1789132038345.040,2026-09-11T17:07:18.345040+04:00,16.1
2927,5884,14990825644000,994.0,1.00,81304.171,82068.308,1789132038358.934,2026-09-11T17:07:18.358934+04:00,16.0
2928,5888,14990881219000,994.0,1.00,81359.746,82123.883,1789132038414.509,2026-09-11T17:07:18.414509+04:00,16.0
2929,5889,14990895112000,994.0,1.00,81373.639,82137.776,1789132038428.402,2026-09-11T17:07:18.428402+04:00,16.0
2930,5890,14990909005000,994.0,1.00,81387.532,82151.669,1789132038442.295,2026-09-11T17:07:18.442295+04:00,16.0
2931,5894,14990964579000,994.0,1.00,81443.106,82207.243,1789132038497.869,2026-09-11T17:07:18.497869+04:00,16.0
2932,5895,14990978475000,994.0,1.00,81457.002,82221.139,1789132038511.765,2026-09-11T17:07:18.511765+04:00,16.0
2933,5896,14990992364000,994.0,1.00,81470.891,82235.028,1789132038525.654,2026-09-11T17:07:18.525654+04:00,15.9
2934,5900,14991047942000,994.0,1.00,81526.469,82290.606,1789132038581.232,2026-09-11T17:07:18.581232+04:00,15.9
2935,5901,14991061831000,994.0,1.00,81540.358,82304.495,1789132038595.121,2026-09-11T17:07:18.595121+04:00,15.9
2936,5902,14991075725000,994.0,1.00,81554.252,82318.389,1789132038609.015,2026-09-11T17:07:18.609015+04:00,15.9
2937,5906,14991131301000,994.0,1.00,81609.828,82373.965,1789132038664.591,2026-09-11T17:07:18.664591+04:00,15.9
2938,5907,14991145194000,994.0,1.00,81623.721,82387.858,1789132038678.484,2026-09-11T17:07:18.678484+04:00,15.8
2939,5908,14991159086000,994.0,1.00,81637.613,82401.750,1789132038692.376,2026-09-11T17:07:18.692376+04:00,15.8
2940,5912,14991214663000,994.0,1.00,81693.190,82457.327,1789132038747.953,2026-09-11T17:07:18.747953+04:00,15.8
2941,5913,14991228553000,994.0,1.00,81707.080,82471.217,1789132038761.843,2026-09-11T17:07:18.761843+04:00,15.8
2942,5914,14991242446000,994.0,1.00,81720.973,82485.110,1789132038775.736,2026-09-11T17:07:18.775736+04:00,15.8
2943,5918,14991298020000,994.0,1.00,81776.547,82540.684,1789132038831.310,2026-09-11T17:07:18.831310+04:00,15.8
2944,5919,14991311912000,994.0,1.00,81790.439,82554.576,1789132038845.202,2026-09-11T17:07:18.845202+04:00,15.8
2945,5920,14991325807000,994.0,1.00,81804.334,82568.471,1789132038859.097,2026-09-11T17:07:18.859097+04:00,15.9
2946,5924,14991381382000,994.0,1.00,81859.909,82624.046,1789132038914.672,2026-09-11T17:07:18.914672+04:00,15.9
2947,5925,14991395273000,994.0,1.00,81873.800,82637.937,1789132038928.563,2026-09-11T17:07:18.928563+04:00,15.9
2948,5926,14991409167000,994.0,1.00,81887.694,82651.831,1789132038942.457,2026-09-11T17:07:18.942457+04:00,15.9
2949,5930,14991464742000,994.0,1.00,81943.269,82707.406,1789132038998.032,2026-09-11T17:07:18.998032+04:00,16.0
2950,5931,14991478634000,994.0,1.00,81957.161,82721.298,1789132039011.924,2026-09-11T17:07:19.011924+04:00,16.0
2951,5932,14991492527000,994.0,1.00,81971.054,82735.191,1789132039025.817,2026-09-11T17:07:19.025817+04:00,16.1
2952,5936,14991548102000,994.0,1.00,82026.629,82790.766,1789132039081.392,2026-09-11T17:07:19.081392+04:00,16.1
2953,5937,14991561994000,994.0,1.00,82040.521,82804.658,1789132039095.284,2026-09-11T17:07:19.095284+04:00,16.1
2954,5938,14991575889000,994.0,1.00,82054.416,82818.553,1789132039109.179,2026-09-11T17:07:19.109179+04:00,16.1
2955,5942,14991631465000,994.0,1.00,82109.992,82874.129,1789132039164.755,2026-09-11T17:07:19.164755+04:00,16.1
2956,5943,14991645354000,994.0,1.00,82123.881,82888.018,1789132039178.644,2026-09-11T17:07:19.178644+04:00,16.2
2957,5944,14991659247000,994.0,1.00,82137.774,82901.911,1789132039192.537,2026-09-11T17:07:19.192537+04:00,16.2
2958,5948,14991714823000,994.0,1.00,82193.350,82957.487,1789132039248.113,2026-09-11T17:07:19.248113+04:00,16.1
2959,5949,14991728715000,994.0,1.00,82207.242,82971.379,1789132039262.005,2026-09-11T17:07:19.262005+04:00,16.1
2960,5950,14991742608000,994.0,1.00,82221.135,82985.272,1789132039275.898,2026-09-11T17:07:19.275898+04:00,16.1
2961,5954,14991798182000,994.0,1.00,82276.709,83040.846,1789132039331.472,2026-09-11T17:07:19.331472+04:00,16.1
2962,5955,14991812081000,994.0,1.00,82290.608,83054.745,1789132039345.371,2026-09-11T17:07:19.345371+04:00,16.1
2963,5956,14991825968000,994.0,1.00,82304.495,83068.632,1789132039359.258,2026-09-11T17:07:19.359258+04:00,16.0
2964,5960,14991881544000,994.0,1.00,82360.071,83124.208,1789132039414.834,2026-09-11T17:07:19.414834+04:00,16.0
2965,5961,14991895436000,994.0,1.00,82373.963,83138.100,1789132039428.726,2026-09-11T17:07:19.428726+04:00,16.0
2966,5962,14991909329000,994.0,1.00,82387.856,83151.993,1789132039442.619,2026-09-11T17:07:19.442619+04:00,15.9
2967,5966,14991964904000,994.0,1.00,82443.431,83207.568,1789132039498.194,2026-09-11T17:07:19.498194+04:00,15.9
2968,5967,14991978796000,994.0,1.00,82457.323,83221.460,1789132039512.086,2026-09-11T17:07:19.512086+04:00,15.9
2969,5968,14991992689000,994.0,1.00,82471.216,83235.353,1789132039525.979,2026-09-11T17:07:19.525979+04:00,15.9
2970,5972,14992048264000,994.0,1.00,82526.791,83290.928,1789132039581.554,2026-09-11T17:07:19.581554+04:00,15.9
2971,5973,14992062155000,994.0,1.00,82540.682,83304.819,1789132039595.445,2026-09-11T17:07:19.595445+04:00,15.9
2972,5974,14992076050000,994.0,1.00,82554.577,83318.714,1789132039609.340,2026-09-11T17:07:19.609340+04:00,15.9
2973,5978,14992131627000,994.0,1.00,82610.154,83374.291,1789132039664.917,2026-09-11T17:07:19.664917+04:00,15.9
2974,5979,14992145516000,994.0,1.00,82624.043,83388.180,1789132039678.806,2026-09-11T17:07:19.678806+04:00,15.9
2975,5980,14992159410000,994.0,1.00,82637.937,83402.074,1789132039692.700,2026-09-11T17:07:19.692700+04:00,15.9
2976,5984,14992214986000,994.0,1.00,82693.513,83457.650,1789132039748.276,2026-09-11T17:07:19.748276+04:00,15.9
2977,5985,14992228877000,994.0,1.00,82707.404,83471.541,1789132039762.167,2026-09-11T17:07:19.762167+04:00,15.9
2978,5986,14992242773000,994.0,1.00,82721.300,83485.437,1789132039776.063,2026-09-11T17:07:19.776063+04:00,15.8
2979,5990,14992298346000,994.0,1.00,82776.873,83541.010,1789132039831.636,2026-09-11T17:07:19.831636+04:00,15.8
2980,5991,14992312239000,994.0,1.00,82790.766,83554.903,1789132039845.529,2026-09-11T17:07:19.845529+04:00,15.8
2981,5992,14992326131000,994.0,1.00,82804.658,83568.795,1789132039859.421,2026-09-11T17:07:19.859421+04:00,15.8
2982,5996,14992381706000,994.0,1.00,82860.233,83624.370,1789132039914.996,2026-09-11T17:07:19.914996+04:00,15.8
2983,5997,14992395597000,994.0,1.00,82874.124,83638.261,1789132039928.887,2026-09-11T17:07:19.928887+04:00,15.8
2984,5998,14992409491000,994.0,1.00,82888.018,83652.155,1789132039942.781,2026-09-11T17:07:19.942781+04:00,15.8
2985,6002,14992465067000,994.0,1.00,82943.594,83707.731,1789132039998.357,2026-09-11T17:07:19.998357+04:00,15.8
2986,6003,14992478957000,994.0,1.00,82957.484,83721.621,1789132040012.247,2026-09-11T17:07:20.012247+04:00,15.8
2987,6004,14992492852000,994.0,1.00,82971.379,83735.516,1789132040026.142,2026-09-11T17:07:20.026142+04:00,15.8
2988,6008,14992548426000,994.0,1.00,83026.953,83791.090,1789132040081.716,2026-09-11T17:07:20.081716+04:00,15.9
2989,6009,14992562318000,994.0,1.00,83040.845,83804.982,1789132040095.608,2026-09-11T17:07:20.095608+04:00,15.9
2990,6010,14992576213000,994.0,1.00,83054.740,83818.877,1789132040109.503,2026-09-11T17:07:20.109503+04:00,15.9
2991,6014,14992631787000,994.0,1.00,83110.314,83874.451,1789132040165.077,2026-09-11T17:07:20.165077+04:00,16.0
2992,6015,14992645679000,994.0,1.00,83124.206,83888.343,1789132040178.969,2026-09-11T17:07:20.178969+04:00,16.0
2993,6016,14992659573000,994.0,1.00,83138.100,83902.237,1789132040192.863,2026-09-11T17:07:20.192863+04:00,16.0
2994,6020,14992715150000,994.0,1.00,83193.677,83957.814,1789132040248.440,2026-09-11T17:07:20.248440+04:00,16.0
2995,6021,14992729039000,994.0,1.00,83207.566,83971.703,1789132040262.329,2026-09-11T17:07:20.262329+04:00,16.0
2996,6022,14992742933000,994.0,1.00,83221.460,83985.597,1789132040276.223,2026-09-11T17:07:20.276223+04:00,16.0
2997,6026,14992798509000,994.0,1.00,83277.036,84041.173,1789132040331.799,2026-09-11T17:07:20.331799+04:00,15.9
2998,6027,14992812400000,994.0,1.00,83290.927,84055.064,1789132040345.690,2026-09-11T17:07:20.345690+04:00,15.9
2999,6028,14992826294000,994.0,1.00,83304.821,84068.958,1789132040359.584,2026-09-11T17:07:20.359584+04:00,15.9
3000,6032,14992881868000,994.0,1.00,83360.395,84124.532,1789132040415.158,2026-09-11T17:07:20.415158+04:00,15.9
3001,6033,14992895760000,994.0,1.00,83374.287,84138.424,1789132040429.050,2026-09-11T17:07:20.429050+04:00,15.9
3002,6034,14992909655000,994.0,1.00,83388.182,84152.319,1789132040442.945,2026-09-11T17:07:20.442945+04:00,15.9
3003,6038,14992965228000,994.0,1.00,83443.755,84207.892,1789132040498.518,2026-09-11T17:07:20.498518+04:00,16.0
3004,6039,14992979121000,994.0,1.00,83457.648,84221.785,1789132040512.411,2026-09-11T17:07:20.512411+04:00,16.0
3005,6040,14992993015000,994.0,1.00,83471.542,84235.679,1789132040526.305,2026-09-11T17:07:20.526305+04:00,16.0
3006,6044,14993048589000,994.0,1.00,83527.116,84291.253,1789132040581.879,2026-09-11T17:07:20.581879+04:00,16.0
3007,6045,14993062481000,994.0,1.00,83541.008,84305.145,1789132040595.771,2026-09-11T17:07:20.595771+04:00,16.0
3008,6046,14993076375000,994.0,1.00,83554.902,84319.039,1789132040609.665,2026-09-11T17:07:20.609665+04:00,16.0
3009,6050,14993131953000,994.0,1.00,83610.480,84374.617,1789132040665.243,2026-09-11T17:07:20.665243+04:00,16.1
3010,6051,14993145841000,994.0,1.00,83624.368,84388.505,1789132040679.131,2026-09-11T17:07:20.679131+04:00,16.1
3011,6052,14993159735000,994.0,1.00,83638.262,84402.399,1789132040693.025,2026-09-11T17:07:20.693025+04:00,16.1
3012,6056,14993215310000,994.0,1.00,83693.837,84457.974,1789132040748.600,2026-09-11T17:07:20.748600+04:00,16.1
3013,6057,14993229202000,994.0,1.00,83707.729,84471.866,1789132040762.492,2026-09-11T17:07:20.762492+04:00,16.1
3014,6058,14993243096000,994.0,1.00,83721.623,84485.760,1789132040776.386,2026-09-11T17:07:20.776386+04:00,16.1
3015,6062,14993298671000,994.0,1.00,83777.198,84541.335,1789132040831.961,2026-09-11T17:07:20.831961+04:00,16.2
3016,6063,14993312564000,994.0,1.00,83791.091,84555.228,1789132040845.854,2026-09-11T17:07:20.845854+04:00,16.2
3017,6064,14993326456000,994.0,1.00,83804.983,84569.120,1789132040859.746,2026-09-11T17:07:20.859746+04:00,16.2
3018,6068,14993382031000,994.0,1.00,83860.558,84624.695,1789132040915.321,2026-09-11T17:07:20.915321+04:00,16.3
3019,6069,14993395924000,994.0,1.00,83874.451,84638.588,1789132040929.214,2026-09-11T17:07:20.929214+04:00,16.3
3020,6070,14993409816000,994.0,1.00,83888.343,84652.480,1789132040943.106,2026-09-11T17:07:20.943106+04:00,16.3
3021,6074,14993465391000,994.0,1.00,83943.918,84708.055,1789132040998.681,2026-09-11T17:07:20.998681+04:00,16.3
3022,6075,14993479283000,994.0,1.00,83957.810,84721.947,1789132041012.573,2026-09-11T17:07:21.012573+04:00,16.3
3023,6076,14993493177000,994.0,1.00,83971.704,84735.841,1789132041026.467,2026-09-11T17:07:21.026467+04:00,16.3
3024,6080,14993548750000,994.0,1.00,84027.277,84791.414,1789132041082.040,2026-09-11T17:07:21.082040+04:00,16.2
3025,6081,14993562644000,994.0,1.00,84041.171,84805.308,1789132041095.934,2026-09-11T17:07:21.095934+04:00,16.2
3026,6082,14993576538000,994.0,1.00,84055.065,84819.202,1789132041109.828,2026-09-11T17:07:21.109828+04:00,16.2
3027,6086,14993632110000,994.0,1.00,84110.637,84874.774,1789132041165.400,2026-09-11T17:07:21.165400+04:00,16.1
3028,6087,14993646004000,994.0,1.00,84124.531,84888.668,1789132041179.294,2026-09-11T17:07:21.179294+04:00,16.1
3029,6088,14993659898000,994.0,1.00,84138.425,84902.562,1789132041193.188,2026-09-11T17:07:21.193188+04:00,16.0
3030,6092,14993715470000,994.0,1.00,84193.997,84958.134,1789132041248.760,2026-09-11T17:07:21.248760+04:00,16.0
3031,6093,14993729365000,994.0,1.00,84207.892,84972.029,1789132041262.655,2026-09-11T17:07:21.262655+04:00,15.9
3032,6094,14993743259000,994.0,1.00,84221.786,84985.923,1789132041276.549,2026-09-11T17:07:21.276549+04:00,15.9
3033,6098,14993798833000,994.0,1.00,84277.360,85041.497,1789132041332.123,2026-09-11T17:07:21.332123+04:00,15.9
3034,6099,14993812728000,994.0,1.00,84291.255,85055.392,1789132041346.018,2026-09-11T17:07:21.346018+04:00,15.9
3035,6100,14993826619000,994.0,1.00,84305.146,85069.283,1789132041359.909,2026-09-11T17:07:21.359909+04:00,15.8
3036,6104,14993882195000,994.0,1.00,84360.722,85124.859,1789132041415.485,2026-09-11T17:07:21.415485+04:00,15.8
3037,6105,14993896086000,994.0,1.00,84374.613,85138.750,1789132041429.376,2026-09-11T17:07:21.429376+04:00,15.8
3038,6106,14993909980000,994.0,1.00,84388.507,85152.644,1789132041443.270,2026-09-11T17:07:21.443270+04:00,15.8
3039,6110,14993965554000,994.0,1.00,84444.081,85208.218,1789132041498.844,2026-09-11T17:07:21.498844+04:00,15.8
3040,6111,14993979446000,994.0,1.00,84457.973,85222.110,1789132041512.736,2026-09-11T17:07:21.512736+04:00,15.8
3041,6112,14993993345000,994.0,1.00,84471.872,85236.009,1789132041526.635,2026-09-11T17:07:21.526635+04:00,15.8
3042,6116,14994048914000,994.0,1.00,84527.441,85291.578,1789132041582.204,2026-09-11T17:07:21.582204+04:00,15.7
3043,6117,14994062811000,994.0,1.00,84541.338,85305.475,1789132041596.101,2026-09-11T17:07:21.596101+04:00,15.7
3044,6118,14994076700000,994.0,1.00,84555.227,85319.364,1789132041609.990,2026-09-11T17:07:21.609990+04:00,15.7
3045,6122,14994132275000,994.0,1.00,84610.802,85374.939,1789132041665.565,2026-09-11T17:07:21.665565+04:00,15.7
3046,6123,14994146167000,994.0,1.00,84624.694,85388.831,1789132041679.457,2026-09-11T17:07:21.679457+04:00,15.7
3047,6124,14994160060000,994.0,1.00,84638.587,85402.724,1789132041693.350,2026-09-11T17:07:21.693350+04:00,15.7
3048,6128,14994215638000,994.0,1.00,84694.165,85458.302,1789132041748.928,2026-09-11T17:07:21.748928+04:00,15.7
3049,6129,14994229527000,994.0,1.00,84708.054,85472.191,1789132041762.817,2026-09-11T17:07:21.762817+04:00,15.7
3050,6130,14994243422000,994.0,1.00,84721.949,85486.086,1789132041776.712,2026-09-11T17:07:21.776712+04:00,15.7
3051,6134,14994298998000,994.0,1.00,84777.525,85541.662,1789132041832.288,2026-09-11T17:07:21.832288+04:00,15.7
3052,6135,14994312887000,994.0,1.00,84791.414,85555.551,1789132041846.177,2026-09-11T17:07:21.846177+04:00,15.7
3053,6136,14994326785000,994.0,1.00,84805.312,85569.449,1789132041860.075,2026-09-11T17:07:21.860075+04:00,15.7
3054,6140,14994382356000,994.0,1.00,84860.883,85625.020,1789132041915.646,2026-09-11T17:07:21.915646+04:00,15.7
3055,6141,14994396248000,994.0,1.00,84874.775,85638.912,1789132041929.538,2026-09-11T17:07:21.929538+04:00,15.7
3056,6142,14994410144000,994.0,1.00,84888.671,85652.808,1789132041943.434,2026-09-11T17:07:21.943434+04:00,15.7
3057,6146,14994465717000,994.0,1.00,84944.244,85708.381,1789132041999.007,2026-09-11T17:07:21.999007+04:00,15.7
3058,6147,14994479608000,994.0,1.00,84958.135,85722.272,1789132042012.898,2026-09-11T17:07:22.012898+04:00,15.7
3059,6148,14994493503000,994.0,1.00,84972.030,85736.167,1789132042026.793,2026-09-11T17:07:22.026793+04:00,15.7
3060,6152,14994549077000,994.0,1.00,85027.604,85791.741,1789132042082.367,2026-09-11T17:07:22.082367+04:00,15.7
3061,6153,14994562969000,994.0,1.00,85041.496,85805.633,1789132042096.259,2026-09-11T17:07:22.096259+04:00,15.7
3062,6154,14994576863000,994.0,1.00,85055.390,85819.527,1789132042110.153,2026-09-11T17:07:22.110153+04:00,15.7
3063,6158,14994632437000,994.0,1.00,85110.964,85875.101,1789132042165.727,2026-09-11T17:07:22.165727+04:00,15.7
3064,6159,14994646329000,994.0,1.00,85124.856,85888.993,1789132042179.619,2026-09-11T17:07:22.179619+04:00,15.7
3065,6160,14994660225000,994.0,1.00,85138.752,85902.889,1789132042193.515,2026-09-11T17:07:22.193515+04:00,15.7
3066,6164,14994715798000,994.0,1.00,85194.325,85958.462,1789132042249.088,2026-09-11T17:07:22.249088+04:00,15.7
3067,6165,14994729690000,994.0,1.00,85208.217,85972.354,1789132042262.980,2026-09-11T17:07:22.262980+04:00,15.7
3068,6166,14994743584000,994.0,1.00,85222.111,85986.248,1789132042276.874,2026-09-11T17:07:22.276874+04:00,15.7
3069,6170,14994799158000,994.0,1.00,85277.685,86041.822,1789132042332.448,2026-09-11T17:07:22.332448+04:00,15.7
3070,6171,14994813050000,994.0,1.00,85291.577,86055.714,1789132042346.340,2026-09-11T17:07:22.346340+04:00,15.7
3071,6172,14994826944000,994.0,1.00,85305.471,86069.608,1789132042360.234,2026-09-11T17:07:22.360234+04:00,15.7
3072,6176,14994882518000,994.0,1.00,85361.045,86125.182,1789132042415.808,2026-09-11T17:07:22.415808+04:00,15.7
3073,6177,14994896410000,994.0,1.00,85374.937,86139.074,1789132042429.700,2026-09-11T17:07:22.429700+04:00,15.7
3074,6178,14994910305000,994.0,1.00,85388.832,86152.969,1789132042443.595,2026-09-11T17:07:22.443595+04:00,15.7
3075,6182,14994965879000,994.0,1.00,85444.406,86208.543,1789132042499.169,2026-09-11T17:07:22.499169+04:00,15.7
3076,6183,14994979771000,994.0,1.00,85458.298,86222.435,1789132042513.061,2026-09-11T17:07:22.513061+04:00,15.7
3077,6184,14994993666000,994.0,1.00,85472.193,86236.330,1789132042526.956,2026-09-11T17:07:22.526956+04:00,15.7
3078,6188,14995049239000,994.0,1.00,85527.766,86291.903,1789132042582.529,2026-09-11T17:07:22.582529+04:00,15.7
3079,6189,14995063131000,994.0,1.00,85541.658,86305.795,1789132042596.421,2026-09-11T17:07:22.596421+04:00,15.7
3080,6190,14995077027000,994.0,1.00,85555.554,86319.691,1789132042610.317,2026-09-11T17:07:22.610317+04:00,15.7
3081,6194,14995132599000,994.0,1.00,85611.126,86375.263,1789132042665.889,2026-09-11T17:07:22.665889+04:00,15.7
3082,6195,14995146494000,994.0,1.00,85625.021,86389.158,1789132042679.784,2026-09-11T17:07:22.679784+04:00,15.7
3083,6196,14995160386000,994.0,1.00,85638.913,86403.050,1789132042693.676,2026-09-11T17:07:22.693676+04:00,15.7
3084,6200,14995215963000,994.0,1.00,85694.490,86458.627,1789132042749.253,2026-09-11T17:07:22.749253+04:00,15.7
3085,6201,14995229852000,994.0,1.00,85708.379,86472.516,1789132042763.142,2026-09-11T17:07:22.763142+04:00,15.7
3086,6202,14995243747000,994.0,1.00,85722.274,86486.411,1789132042777.037,2026-09-11T17:07:22.777037+04:00,15.7
3087,6206,14995299324000,994.0,1.00,85777.851,86541.988,1789132042832.614,2026-09-11T17:07:22.832614+04:00,15.7
3088,6207,14995313215000,994.0,1.00,85791.742,86555.879,1789132042846.505,2026-09-11T17:07:22.846505+04:00,15.7
3089,6208,14995327107000,994.0,1.00,85805.634,86569.771,1789132042860.397,2026-09-11T17:07:22.860397+04:00,15.7
3090,6212,14995382678000,994.0,1.00,85861.205,86625.342,1789132042915.968,2026-09-11T17:07:22.915968+04:00,15.8
3091,6213,14995396572000,994.0,1.00,85875.099,86639.236,1789132042929.862,2026-09-11T17:07:22.929862+04:00,15.8
3092,6214,14995410467000,994.0,1.00,85888.994,86653.131,1789132042943.757,2026-09-11T17:07:22.943757+04:00,15.8
3093,6218,14995466041000,994.0,1.00,85944.568,86708.705,1789132042999.331,2026-09-11T17:07:22.999331+04:00,15.8
3094,6219,14995479932000,994.0,1.00,85958.459,86722.596,1789132043013.222,2026-09-11T17:07:23.013222+04:00,15.8
3095,6220,14995493826000,994.0,1.00,85972.353,86736.490,1789132043027.116,2026-09-11T17:07:23.027116+04:00,15.8
3096,6224,14995549401000,994.0,1.00,86027.928,86792.065,1789132043082.691,2026-09-11T17:07:23.082691+04:00,15.9
3097,6225,14995563294000,994.0,1.00,86041.821,86805.958,1789132043096.584,2026-09-11T17:07:23.096584+04:00,15.9
3098,6226,14995577186000,994.0,1.00,86055.713,86819.850,1789132043110.476,2026-09-11T17:07:23.110476+04:00,15.9
3099,6230,14995632762000,994.0,1.00,86111.289,86875.426,1789132043166.052,2026-09-11T17:07:23.166052+04:00,15.9
3100,6231,14995646654000,994.0,1.00,86125.181,86889.318,1789132043179.944,2026-09-11T17:07:23.179944+04:00,15.9
3101,6232,14995660547000,994.0,1.00,86139.074,86903.211,1789132043193.837,2026-09-11T17:07:23.193837+04:00,16.0
3102,6236,14995716121000,994.0,1.00,86194.648,86958.785,1789132043249.411,2026-09-11T17:07:23.249411+04:00,16.0
3103,6237,14995730014000,994.0,1.00,86208.541,86972.678,1789132043263.304,2026-09-11T17:07:23.263304+04:00,16.0
3104,6238,14995743907000,994.0,1.00,86222.434,86986.571,1789132043277.197,2026-09-11T17:07:23.277197+04:00,16.0
3105,6242,14995799481000,994.0,1.00,86278.008,87042.145,1789132043332.771,2026-09-11T17:07:23.332771+04:00,16.1
3106,6243,14995813375000,994.0,1.00,86291.902,87056.039,1789132043346.665,2026-09-11T17:07:23.346665+04:00,16.1
3107,6244,14995827268000,994.0,1.00,86305.795,87069.932,1789132043360.558,2026-09-11T17:07:23.360558+04:00,16.1
3108,6248,14995882842000,994.0,1.00,86361.369,87125.506,1789132043416.132,2026-09-11T17:07:23.416132+04:00,16.1
3109,6249,14995896735000,994.0,1.00,86375.262,87139.399,1789132043430.025,2026-09-11T17:07:23.430025+04:00,16.1
3110,6250,14995910629000,994.0,1.00,86389.156,87153.293,1789132043443.919,2026-09-11T17:07:23.443919+04:00,16.1
3111,6254,14995966202000,994.0,1.00,86444.729,87208.866,1789132043499.492,2026-09-11T17:07:23.499492+04:00,16.2
3112,6255,14995980095000,994.0,1.00,86458.622,87222.759,1789132043513.385,2026-09-11T17:07:23.513385+04:00,16.2
3113,6256,14995993989000,994.0,1.00,86472.516,87236.653,1789132043527.279,2026-09-11T17:07:23.527279+04:00,16.2
3114,6260,14996049564000,994.0,1.00,86528.091,87292.228,1789132043582.854,2026-09-11T17:07:23.582854+04:00,16.2
3115,6261,14996063456000,994.0,1.00,86541.983,87306.120,1789132043596.746,2026-09-11T17:07:23.596746+04:00,16.2
3116,6262,14996077350000,994.0,1.00,86555.877,87320.014,1789132043610.640,2026-09-11T17:07:23.610640+04:00,16.2
3117,6266,14996132924000,994.0,1.00,86611.451,87375.588,1789132043666.214,2026-09-11T17:07:23.666214+04:00,16.2
3118,6267,14996146816000,994.0,1.00,86625.343,87389.480,1789132043680.106,2026-09-11T17:07:23.680106+04:00,16.2
3119,6268,14996160709000,994.0,1.00,86639.236,87403.373,1789132043693.999,2026-09-11T17:07:23.693999+04:00,16.2
3120,6272,14996216284000,994.0,1.00,86694.811,87458.948,1789132043749.574,2026-09-11T17:07:23.749574+04:00,16.3
3121,6273,14996230177000,994.0,1.00,86708.704,87472.841,1789132043763.467,2026-09-11T17:07:23.763467+04:00,16.3
3122,6274,14996244070000,994.0,1.00,86722.597,87486.734,1789132043777.360,2026-09-11T17:07:23.777360+04:00,16.3
3123,6278,14996299645000,994.0,1.00,86778.172,87542.309,1789132043832.935,2026-09-11T17:07:23.832935+04:00,16.3
3124,6279,14996313537000,994.0,1.00,86792.064,87556.201,1789132043846.827,2026-09-11T17:07:23.846827+04:00,16.3
3125,6280,14996327431000,994.0,1.00,86805.958,87570.095,1789132043860.721,2026-09-11T17:07:23.860721+04:00,16.3
3126,6284,14996383006000,994.0,1.00,86861.533,87625.670,1789132043916.296,2026-09-11T17:07:23.916296+04:00,16.3
3127,6285,14996396897000,994.0,1.00,86875.424,87639.561,1789132043930.187,2026-09-11T17:07:23.930187+04:00,16.3
3128,6286,14996410791000,994.0,1.00,86889.318,87653.455,1789132043944.081,2026-09-11T17:07:23.944081+04:00,16.3
3129,6290,14996466366000,994.0,1.00,86944.893,87709.030,1789132043999.656,2026-09-11T17:07:23.999656+04:00,16.3
3130,6291,14996480258000,994.0,1.00,86958.785,87722.922,1789132044013.548,2026-09-11T17:07:24.013548+04:00,16.3
3131,6292,14996494152000,994.0,1.00,86972.679,87736.816,1789132044027.442,2026-09-11T17:07:24.027442+04:00,16.3
3132,6296,14996549726000,994.0,1.00,87028.253,87792.390,1789132044083.016,2026-09-11T17:07:24.083016+04:00,16.1
3133,6297,14996563619000,994.0,1.00,87042.146,87806.283,1789132044096.909,2026-09-11T17:07:24.096909+04:00,16.1
3134,6298,14996577512000,994.0,1.00,87056.039,87820.176,1789132044110.802,2026-09-11T17:07:24.110802+04:00,16.1
3135,6302,14996633087000,994.0,1.00,87111.614,87875.751,1789132044166.377,2026-09-11T17:07:24.166377+04:00,16.1
3136,6303,14996646979000,994.0,1.00,87125.506,87889.643,1789132044180.269,2026-09-11T17:07:24.180269+04:00,16.1
3137,6304,14996660872000,994.0,1.00,87139.399,87903.536,1789132044194.162,2026-09-11T17:07:24.194162+04:00,16.1
3138,6308,14996716447000,994.0,1.00,87194.974,87959.111,1789132044249.737,2026-09-11T17:07:24.249737+04:00,16.1
3139,6309,14996730339000,994.0,1.00,87208.866,87973.003,1789132044263.629,2026-09-11T17:07:24.263629+04:00,16.1
3140,6310,14996744232000,994.0,1.00,87222.759,87986.896,1789132044277.522,2026-09-11T17:07:24.277522+04:00,16.1
3141,6314,14996799807000,994.0,1.00,87278.334,88042.471,1789132044333.097,2026-09-11T17:07:24.333097+04:00,16.1
3142,6315,14996813700000,994.0,1.00,87292.227,88056.364,1789132044346.990,2026-09-11T17:07:24.346990+04:00,16.1
3143,6316,14996827593000,994.0,1.00,87306.120,88070.257,1789132044360.883,2026-09-11T17:07:24.360883+04:00,16.1
3144,6320,14996883168000,994.0,1.00,87361.695,88125.832,1789132044416.458,2026-09-11T17:07:24.416458+04:00,16.1
3145,6321,14996897060000,994.0,1.00,87375.587,88139.724,1789132044430.350,2026-09-11T17:07:24.430350+04:00,16.1
3146,6322,14996910953000,994.0,1.00,87389.480,88153.617,1789132044444.243,2026-09-11T17:07:24.444243+04:00,16.1
3147,6326,14996966528000,994.0,1.00,87445.055,88209.192,1789132044499.818,2026-09-11T17:07:24.499818+04:00,16.1
3148,6327,14996980420000,994.0,1.00,87458.947,88223.084,1789132044513.710,2026-09-11T17:07:24.513710+04:00,16.1
3149,6328,14996994314000,994.0,1.00,87472.841,88236.978,1789132044527.604,2026-09-11T17:07:24.527604+04:00,16.1
3150,6332,14997049888000,994.0,1.00,87528.415,88292.552,1789132044583.178,2026-09-11T17:07:24.583178+04:00,16.1
3151,6333,14997063781000,994.0,1.00,87542.308,88306.445,1789132044597.071,2026-09-11T17:07:24.597071+04:00,16.1
3152,6334,14997077674000,994.0,1.00,87556.201,88320.338,1789132044610.964,2026-09-11T17:07:24.610964+04:00,16.1
3153,6338,14997133249000,994.0,1.00,87611.776,88375.913,1789132044666.539,2026-09-11T17:07:24.666539+04:00,16.1
3154,6339,14997147142000,994.0,1.00,87625.669,88389.806,1789132044680.432,2026-09-11T17:07:24.680432+04:00,16.1
3155,6340,14997161035000,994.0,1.00,87639.562,88403.699,1789132044694.325,2026-09-11T17:07:24.694325+04:00,16.1
3156,6344,14997216608000,994.0,1.00,87695.135,88459.272,1789132044749.898,2026-09-11T17:07:24.749898+04:00,16.0
3157,6345,14997230502000,994.0,1.00,87709.029,88473.166,1789132044763.792,2026-09-11T17:07:24.763792+04:00,16.0
3158,6346,14997244395000,994.0,1.00,87722.922,88487.059,1789132044777.685,2026-09-11T17:07:24.777685+04:00,16.0
3159,6350,14997299970000,994.0,1.00,87778.497,88542.634,1789132044833.260,2026-09-11T17:07:24.833260+04:00,16.0
3160,6351,14997313862000,994.0,1.00,87792.389,88556.526,1789132044847.152,2026-09-11T17:07:24.847152+04:00,16.0
3161,6352,14997327755000,994.0,1.00,87806.282,88570.419,1789132044861.045,2026-09-11T17:07:24.861045+04:00,16.0
3162,6356,14997383330000,994.0,1.00,87861.857,88625.994,1789132044916.620,2026-09-11T17:07:24.916620+04:00,16.0
3163,6357,14997397223000,994.0,1.00,87875.750,88639.887,1789132044930.513,2026-09-11T17:07:24.930513+04:00,16.0
3164,6358,14997411116000,994.0,1.00,87889.643,88653.780,1789132044944.406,2026-09-11T17:07:24.944406+04:00,16.0
3165,6362,14997466689000,994.0,1.00,87945.216,88709.353,1789132044999.979,2026-09-11T17:07:24.999979+04:00,16.0
3166,6363,14997480583000,994.0,1.00,87959.110,88723.247,1789132045013.873,2026-09-11T17:07:25.013873+04:00,16.0
3167,6364,14997494477000,994.0,1.00,87973.004,88737.141,1789132045027.767,2026-09-11T17:07:25.027767+04:00,16.0
3168,6368,14997550051000,994.0,1.00,88028.578,88792.715,1789132045083.341,2026-09-11T17:07:25.083341+04:00,16.0
3169,6369,14997563943000,994.0,1.00,88042.470,88806.607,1789132045097.233,2026-09-11T17:07:25.097233+04:00,16.0
3170,6370,14997577837000,994.0,1.00,88056.364,88820.501,1789132045111.127,2026-09-11T17:07:25.111127+04:00,16.0
3171,6374,14997633411000,994.0,1.00,88111.938,88876.075,1789132045166.701,2026-09-11T17:07:25.166701+04:00,16.0
3172,6375,14997647306000,994.0,1.00,88125.833,88889.970,1789132045180.596,2026-09-11T17:07:25.180596+04:00,16.0
3173,6376,14997661197000,994.0,1.00,88139.724,88903.861,1789132045194.487,2026-09-11T17:07:25.194487+04:00,16.0
3174,6380,14997716772000,994.0,1.00,88195.299,88959.436,1789132045250.062,2026-09-11T17:07:25.250062+04:00,16.0
3175,6381,14997730664000,994.0,1.00,88209.191,88973.328,1789132045263.954,2026-09-11T17:07:25.263954+04:00,16.0
3176,6382,14997744558000,994.0,1.00,88223.085,88987.222,1789132045277.848,2026-09-11T17:07:25.277848+04:00,16.0
3177,6386,14997800133000,994.0,1.00,88278.660,89042.797,1789132045333.423,2026-09-11T17:07:25.333423+04:00,16.0
3178,6387,14997814025000,994.0,1.00,88292.552,89056.689,1789132045347.315,2026-09-11T17:07:25.347315+04:00,16.0
3179,6388,14997827918000,994.0,1.00,88306.445,89070.582,1789132045361.208,2026-09-11T17:07:25.361208+04:00,16.0
3180,6392,14997883493000,994.0,1.00,88362.020,89126.157,1789132045416.783,2026-09-11T17:07:25.416783+04:00,16.0
3181,6393,14997897385000,994.0,1.00,88375.912,89140.049,1789132045430.675,2026-09-11T17:07:25.430675+04:00,16.1
3182,6394,14997911279000,994.0,1.00,88389.806,89153.943,1789132045444.569,2026-09-11T17:07:25.444569+04:00,16.1
3183,6398,14997966853000,994.0,1.00,88445.380,89209.517,1789132045500.143,2026-09-11T17:07:25.500143+04:00,16.1
3184,6399,14997980746000,994.0,1.00,88459.273,89223.410,1789132045514.036,2026-09-11T17:07:25.514036+04:00,16.1
3185,6400,14997994639000,994.0,1.00,88473.166,89237.303,1789132045527.929,2026-09-11T17:07:25.527929+04:00,16.1
3186,6404,14998050213000,994.0,1.00,88528.740,89292.877,1789132045583.503,2026-09-11T17:07:25.583503+04:00,16.1
3187,6405,14998064106000,994.0,1.00,88542.633,89306.770,1789132045597.396,2026-09-11T17:07:25.597396+04:00,16.1
3188,6406,14998078000000,994.0,1.00,88556.527,89320.664,1789132045611.290,2026-09-11T17:07:25.611290+04:00,16.1
3189,6410,14998133574000,994.0,1.00,88612.101,89376.238,1789132045666.864,2026-09-11T17:07:25.666864+04:00,16.1
3190,6411,14998147468000,994.0,1.00,88625.995,89390.132,1789132045680.758,2026-09-11T17:07:25.680758+04:00,16.1
3191,6412,14998161363000,994.0,1.00,88639.890,89404.027,1789132045694.653,2026-09-11T17:07:25.694653+04:00,16.1
3192,6416,14998216936000,994.0,1.00,88695.463,89459.600,1789132045750.226,2026-09-11T17:07:25.750226+04:00,16.1
3193,6417,14998230827000,994.0,1.00,88709.354,89473.491,1789132045764.117,2026-09-11T17:07:25.764117+04:00,16.1
3194,6418,14998244720000,994.0,1.00,88723.247,89487.384,1789132045778.010,2026-09-11T17:07:25.778010+04:00,16.1
3195,6422,14998300295000,994.0,1.00,88778.822,89542.959,1789132045833.585,2026-09-11T17:07:25.833585+04:00,16.1
3196,6423,14998314187000,994.0,1.00,88792.714,89556.851,1789132045847.477,2026-09-11T17:07:25.847477+04:00,16.1
3197,6424,14998328081000,994.0,1.00,88806.608,89570.745,1789132045861.371,2026-09-11T17:07:25.861371+04:00,16.1
3198,6428,14998383656000,994.0,1.00,88862.183,89626.320,1789132045916.946,2026-09-11T17:07:25.916946+04:00,16.1
3199,6429,14998397548000,994.0,1.00,88876.075,89640.212,1789132045930.838,2026-09-11T17:07:25.930838+04:00,16.1
3200,6430,14998411441000,994.0,1.00,88889.968,89654.105,1789132045944.731,2026-09-11T17:07:25.944731+04:00,16.1
3201,6434,14998467015000,994.0,1.00,88945.542,89709.679,1789132046000.305,2026-09-11T17:07:26.000305+04:00,16.1
3202,6435,14998480908000,994.0,1.00,88959.435,89723.572,1789132046014.198,2026-09-11T17:07:26.014198+04:00,16.1
3203,6436,14998494801000,994.0,1.00,88973.328,89737.465,1789132046028.091,2026-09-11T17:07:26.028091+04:00,16.1
3204,6440,14998550376000,994.0,1.00,89028.903,89793.040,1789132046083.666,2026-09-11T17:07:26.083666+04:00,16.1
3205,6441,14998564268000,994.0,1.00,89042.795,89806.932,1789132046097.558,2026-09-11T17:07:26.097558+04:00,16.1
3206,6442,14998578162000,994.0,1.00,89056.689,89820.826,1789132046111.452,2026-09-11T17:07:26.111452+04:00,16.1
3207,6446,14998633738000,994.0,1.00,89112.265,89876.402,1789132046167.028,2026-09-11T17:07:26.167028+04:00,16.1
3208,6447,14998647629000,994.0,1.00,89126.156,89890.293,1789132046180.919,2026-09-11T17:07:26.180919+04:00,16.1
3209,6448,14998661523000,994.0,1.00,89140.050,89904.187,1789132046194.813,2026-09-11T17:07:26.194813+04:00,16.1
3210,6452,14998717098000,994.0,1.00,89195.625,89959.762,1789132046250.388,2026-09-11T17:07:26.250388+04:00,16.1
3211,6453,14998730990000,994.0,1.00,89209.517,89973.654,1789132046264.280,2026-09-11T17:07:26.264280+04:00,16.1
3212,6454,14998744882000,994.0,1.00,89223.409,89987.546,1789132046278.172,2026-09-11T17:07:26.278172+04:00,16.1
3213,6458,14998800457000,994.0,1.00,89278.984,90043.121,1789132046333.747,2026-09-11T17:07:26.333747+04:00,16.1
3214,6459,14998814350000,994.0,1.00,89292.877,90057.014,1789132046347.640,2026-09-11T17:07:26.347640+04:00,16.1
3215,6460,14998828243000,994.0,1.00,89306.770,90070.907,1789132046361.533,2026-09-11T17:07:26.361533+04:00,16.1
3216,6464,14998883817000,994.0,1.00,89362.344,90126.481,1789132046417.107,2026-09-11T17:07:26.417107+04:00,16.1
3217,6465,14998897710000,994.0,1.00,89376.237,90140.374,1789132046431.000,2026-09-11T17:07:26.431000+04:00,16.1
3218,6466,14998911603000,994.0,1.00,89390.130,90154.267,1789132046444.893,2026-09-11T17:07:26.444893+04:00,16.1
3219,6470,14998967179000,994.0,1.00,89445.706,90209.843,1789132046500.469,2026-09-11T17:07:26.500469+04:00,16.1
3220,6471,14998981070000,994.0,1.00,89459.597,90223.734,1789132046514.360,2026-09-11T17:07:26.514360+04:00,16.1
3221,6472,14998994965000,994.0,1.00,89473.492,90237.629,1789132046528.255,2026-09-11T17:07:26.528255+04:00,16.1
3222,6476,14999050539000,994.0,1.00,89529.066,90293.203,1789132046583.829,2026-09-11T17:07:26.583829+04:00,16.1
3223,6477,14999064431000,994.0,1.00,89542.958,90307.095,1789132046597.721,2026-09-11T17:07:26.597721+04:00,16.1
3224,6478,14999078326000,994.0,1.00,89556.853,90320.990,1789132046611.616,2026-09-11T17:07:26.611616+04:00,16.1
3225,6482,14999133899000,994.0,1.00,89612.426,90376.563,1789132046667.189,2026-09-11T17:07:26.667189+04:00,16.1
3226,6483,14999147791000,994.0,1.00,89626.318,90390.455,1789132046681.081,2026-09-11T17:07:26.681081+04:00,16.1
3227,6484,14999161687000,994.0,1.00,89640.214,90404.351,1789132046694.977,2026-09-11T17:07:26.694977+04:00,16.1
3228,6488,14999217260000,994.0,1.00,89695.787,90459.924,1789132046750.550,2026-09-11T17:07:26.750550+04:00,16.1
3229,6489,14999231152000,994.0,1.00,89709.679,90473.816,1789132046764.442,2026-09-11T17:07:26.764442+04:00,16.1
3230,6490,14999245046000,994.0,1.00,89723.573,90487.710,1789132046778.336,2026-09-11T17:07:26.778336+04:00,16.1
3231,6494,14999300620000,994.0,1.00,89779.147,90543.284,1789132046833.910,2026-09-11T17:07:26.833910+04:00,16.1
3232,6495,14999314513000,994.0,1.00,89793.040,90557.177,1789132046847.803,2026-09-11T17:07:26.847803+04:00,16.1
3233,6496,14999328405000,994.0,1.00,89806.932,90571.069,1789132046861.695,2026-09-11T17:07:26.861695+04:00,16.1
3234,6500,14999383980000,994.0,1.00,89862.507,90626.644,1789132046917.270,2026-09-11T17:07:26.917270+04:00,16.1
3235,6501,14999397873000,994.0,1.00,89876.400,90640.537,1789132046931.163,2026-09-11T17:07:26.931163+04:00,16.1
3236,6502,14999411766000,994.0,1.00,89890.293,90654.430,1789132046945.056,2026-09-11T17:07:26.945056+04:00,16.1
3237,6506,14999467341000,994.0,1.00,89945.868,90710.005,1789132047000.631,2026-09-11T17:07:27.000631+04:00,16.1
3238,6507,14999481233000,994.0,1.00,89959.760,90723.897,1789132047014.523,2026-09-11T17:07:27.014523+04:00,16.1
3239,6508,14999495126000,994.0,1.00,89973.653,90737.790,1789132047028.416,2026-09-11T17:07:27.028416+04:00,16.1
3240,6512,14999550701000,994.0,1.00,90029.228,90793.365,1789132047083.991,2026-09-11T17:07:27.083991+04:00,16.1
3241,6513,14999564593000,994.0,1.00,90043.120,90807.257,1789132047097.883,2026-09-11T17:07:27.097883+04:00,16.1
3242,6514,14999578488000,994.0,1.00,90057.015,90821.152,1789132047111.778,2026-09-11T17:07:27.111778+04:00,16.1
3243,6518,14999634061000,994.0,1.00,90112.588,90876.725,1789132047167.351,2026-09-11T17:07:27.167351+04:00,16.1
3244,6519,14999647955000,994.0,1.00,90126.482,90890.619,1789132047181.245,2026-09-11T17:07:27.181245+04:00,16.1
3245,6520,14999661848000,994.0,1.00,90140.375,90904.512,1789132047195.138,2026-09-11T17:07:27.195138+04:00,16.1
3246,6524,14999717422000,994.0,1.00,90195.949,90960.086,1789132047250.712,2026-09-11T17:07:27.250712+04:00,16.1
3247,6525,14999731315000,994.0,1.00,90209.842,90973.979,1789132047264.605,2026-09-11T17:07:27.264605+04:00,16.1
3248,6526,14999745208000,994.0,1.00,90223.735,90987.872,1789132047278.498,2026-09-11T17:07:27.278498+04:00,16.1
3249,6530,14999800783000,994.0,1.00,90279.310,91043.447,1789132047334.073,2026-09-11T17:07:27.334073+04:00,16.1
3250,6531,14999814675000,994.0,1.00,90293.202,91057.339,1789132047347.965,2026-09-11T17:07:27.347965+04:00,16.1
3251,6532,14999828568000,994.0,1.00,90307.095,91071.232,1789132047361.858,2026-09-11T17:07:27.361858+04:00,16.0
3252,6536,14999884143000,994.0,1.00,90362.670,91126.807,1789132047417.433,2026-09-11T17:07:27.417433+04:00,16.0
3253,6537,14999898035000,994.0,1.00,90376.562,91140.699,1789132047431.325,2026-09-11T17:07:27.431325+04:00,16.0
3254,6538,14999911929000,994.0,1.00,90390.456,91154.593,1789132047445.219,2026-09-11T17:07:27.445219+04:00,16.0
3255,6542,14999967504000,994.0,1.00,90446.031,91210.168,1789132047500.794,2026-09-11T17:07:27.500794+04:00,16.0
3256,6543,14999981396000,994.0,1.00,90459.923,91224.060,1789132047514.686,2026-09-11T17:07:27.514686+04:00,16.0
3257,6544,14999995289000,994.0,1.00,90473.816,91237.953,1789132047528.579,2026-09-11T17:07:27.528579+04:00,16.0
3258,6548,15000050864000,994.0,1.00,90529.391,91293.528,1789132047584.154,2026-09-11T17:07:27.584154+04:00,16.1
3259,6549,15000064756000,994.0,1.00,90543.283,91307.420,1789132047598.046,2026-09-11T17:07:27.598046+04:00,16.1
3260,6550,15000078650000,994.0,1.00,90557.177,91321.314,1789132047611.940,2026-09-11T17:07:27.611940+04:00,16.1
3261,6554,15000134224000,994.0,1.00,90612.751,91376.888,1789132047667.514,2026-09-11T17:07:27.667514+04:00,16.1
3262,6555,15000148116000,994.0,1.00,90626.643,91390.780,1789132047681.406,2026-09-11T17:07:27.681406+04:00,16.1
3263,6556,15000162010000,994.0,1.00,90640.537,91404.674,1789132047695.300,2026-09-11T17:07:27.695300+04:00,16.1
3264,6560,15000217585000,994.0,1.00,90696.112,91460.249,1789132047750.875,2026-09-11T17:07:27.750875+04:00,16.0
3265,6561,15000231477000,994.0,1.00,90710.004,91474.141,1789132047764.767,2026-09-11T17:07:27.764767+04:00,16.0
3266,6562,15000245371000,994.0,1.00,90723.898,91488.035,1789132047778.661,2026-09-11T17:07:27.778661+04:00,16.0
3267,6566,15000300944000,994.0,1.00,90779.471,91543.608,1789132047834.234,2026-09-11T17:07:27.834234+04:00,16.1
3268,6567,15000314838000,994.0,1.00,90793.365,91557.502,1789132047848.128,2026-09-11T17:07:27.848128+04:00,16.1
3269,6568,15000328731000,994.0,1.00,90807.258,91571.395,1789132047862.021,2026-09-11T17:07:27.862021+04:00,16.1
3270,6572,15000384305000,994.0,1.00,90862.832,91626.969,1789132047917.595,2026-09-11T17:07:27.917595+04:00,16.1
3271,6573,15000398198000,994.0,1.00,90876.725,91640.862,1789132047931.488,2026-09-11T17:07:27.931488+04:00,16.0
3272,6574,15000412092000,994.0,1.00,90890.619,91654.756,1789132047945.382,2026-09-11T17:07:27.945382+04:00,16.0
3273,6578,15000467672000,994.0,1.00,90946.199,91710.336,1789132048000.962,2026-09-11T17:07:28.000962+04:00,16.0
3274,6579,15000481562000,994.0,1.00,90960.089,91724.226,1789132048014.852,2026-09-11T17:07:28.014852+04:00,16.0
3275,6580,15000495454000,994.0,1.00,90973.981,91738.118,1789132048028.744,2026-09-11T17:07:28.028744+04:00,16.0
3276,6584,15000551027000,994.0,1.00,91029.554,91793.691,1789132048084.317,2026-09-11T17:07:28.084317+04:00,16.0
3277,6585,15000564920000,994.0,1.00,91043.447,91807.584,1789132048098.210,2026-09-11T17:07:28.098210+04:00,16.0
3278,6586,15000578814000,994.0,1.00,91057.341,91821.478,1789132048112.104,2026-09-11T17:07:28.112104+04:00,16.0
3279,6590,15000634391000,994.0,1.00,91112.918,91877.055,1789132048167.681,2026-09-11T17:07:28.167681+04:00,15.9
3280,6591,15000648280000,994.0,1.00,91126.807,91890.944,1789132048181.570,2026-09-11T17:07:28.181570+04:00,15.9
3281,6592,15000662175000,994.0,1.00,91140.702,91904.839,1789132048195.465,2026-09-11T17:07:28.195465+04:00,15.9
3282,6596,15000717748000,994.0,1.00,91196.275,91960.412,1789132048251.038,2026-09-11T17:07:28.251038+04:00,15.9
3283,6597,15000731641000,994.0,1.00,91210.168,91974.305,1789132048264.931,2026-09-11T17:07:28.264931+04:00,16.0
3284,6598,15000745535000,994.0,1.00,91224.062,91988.199,1789132048278.825,2026-09-11T17:07:28.278825+04:00,16.0
3285,6602,15000801109000,994.0,1.00,91279.636,92043.773,1789132048334.399,2026-09-11T17:07:28.334399+04:00,16.0
3286,6603,15000815004000,994.0,1.00,91293.531,92057.668,1789132048348.294,2026-09-11T17:07:28.348294+04:00,16.1
3287,6604,15000828897000,994.0,1.00,91307.424,92071.561,1789132048362.187,2026-09-11T17:07:28.362187+04:00,16.1
3288,6608,15000884469000,994.0,1.00,91362.996,92127.133,1789132048417.759,2026-09-11T17:07:28.417759+04:00,16.2
3289,6609,15000898362000,994.0,1.00,91376.889,92141.026,1789132048431.652,2026-09-11T17:07:28.431652+04:00,16.2
3290,6610,15000912255000,994.0,1.00,91390.782,92154.919,1789132048445.545,2026-09-11T17:07:28.445545+04:00,16.3
3291,6614,15000967830000,994.0,1.00,91446.357,92210.494,1789132048501.120,2026-09-11T17:07:28.501120+04:00,16.3
3292,6615,15000981724000,994.0,1.00,91460.251,92224.388,1789132048515.014,2026-09-11T17:07:28.515014+04:00,16.3
3293,6616,15000995617000,994.0,1.00,91474.144,92238.281,1789132048528.907,2026-09-11T17:07:28.528907+04:00,16.3
3294,6620,15001051194000,994.0,1.00,91529.721,92293.858,1789132048584.484,2026-09-11T17:07:28.584484+04:00,16.3
3295,6621,15001065083000,994.0,1.00,91543.610,92307.747,1789132048598.373,2026-09-11T17:07:28.598373+04:00,16.3
3296,6622,15001078977000,994.0,1.00,91557.504,92321.641,1789132048612.267,2026-09-11T17:07:28.612267+04:00,16.3
3297,6626,15001134552000,994.0,1.00,91613.079,92377.216,1789132048667.842,2026-09-11T17:07:28.667842+04:00,16.2
3298,6627,15001148443000,994.0,1.00,91626.970,92391.107,1789132048681.733,2026-09-11T17:07:28.681733+04:00,16.2
3299,6628,15001162340000,994.0,1.00,91640.867,92405.004,1789132048695.630,2026-09-11T17:07:28.695630+04:00,16.2
3300,6632,15001217914000,994.0,1.00,91696.441,92460.578,1789132048751.204,2026-09-11T17:07:28.751204+04:00,16.2
3301,6633,15001231807000,994.0,1.00,91710.334,92474.471,1789132048765.097,2026-09-11T17:07:28.765097+04:00,16.2
3302,6634,15001245697000,994.0,1.00,91724.224,92488.361,1789132048778.987,2026-09-11T17:07:28.778987+04:00,16.2
3303,6638,15001301274000,994.0,1.00,91779.801,92543.938,1789132048834.564,2026-09-11T17:07:28.834564+04:00,16.2
3304,6639,15001315169000,994.0,1.00,91793.696,92557.833,1789132048848.459,2026-09-11T17:07:28.848459+04:00,16.2
3305,6640,15001329057000,994.0,1.00,91807.584,92571.721,1789132048862.347,2026-09-11T17:07:28.862347+04:00,16.1
3306,6644,15001384632000,994.0,1.00,91863.159,92627.296,1789132048917.922,2026-09-11T17:07:28.917922+04:00,16.2
3307,6645,15001398526000,994.0,1.00,91877.053,92641.190,1789132048931.816,2026-09-11T17:07:28.931816+04:00,16.2
3308,6646,15001412419000,994.0,1.00,91890.946,92655.083,1789132048945.709,2026-09-11T17:07:28.945709+04:00,16.2
3309,6650,15001467997000,994.0,1.00,91946.524,92710.661,1789132049001.287,2026-09-11T17:07:29.001287+04:00,16.3
3310,6651,15001481885000,994.0,1.00,91960.412,92724.549,1789132049015.175,2026-09-11T17:07:29.015175+04:00,16.3
3311,6652,15001495779000,994.0,1.00,91974.306,92738.443,1789132049029.069,2026-09-11T17:07:29.029069+04:00,16.3
3312,6656,15001551357000,994.0,1.00,92029.884,92794.021,1789132049084.647,2026-09-11T17:07:29.084647+04:00,16.3
3313,6657,15001565245000,994.0,1.00,92043.772,92807.909,1789132049098.535,2026-09-11T17:07:29.098535+04:00,16.3
3314,6658,15001579139000,994.0,1.00,92057.666,92821.803,1789132049112.429,2026-09-11T17:07:29.112429+04:00,16.3
3315,6662,15001634714000,994.0,1.00,92113.241,92877.378,1789132049168.004,2026-09-11T17:07:29.168004+04:00,16.2
3316,6663,15001648606000,994.0,1.00,92127.133,92891.270,1789132049181.896,2026-09-11T17:07:29.181896+04:00,16.2
3317,6664,15001662499000,994.0,1.00,92141.026,92905.163,1789132049195.789,2026-09-11T17:07:29.195789+04:00,16.2
3318,6668,15001718076000,994.0,1.00,92196.603,92960.740,1789132049251.366,2026-09-11T17:07:29.251366+04:00,16.1
3319,6669,15001731966000,994.0,1.00,92210.493,92974.630,1789132049265.256,2026-09-11T17:07:29.265256+04:00,16.1
3320,6670,15001745862000,994.0,1.00,92224.389,92988.526,1789132049279.152,2026-09-11T17:07:29.279152+04:00,16.1
3321,6674,15001801436000,994.0,1.00,92279.963,93044.100,1789132049334.726,2026-09-11T17:07:29.334726+04:00,15.9
3322,6675,15001815327000,994.0,1.00,92293.854,93057.991,1789132049348.617,2026-09-11T17:07:29.348617+04:00,15.9
3323,6676,15001829221000,994.0,1.00,92307.748,93071.885,1789132049362.511,2026-09-11T17:07:29.362511+04:00,15.9
3324,6680,15001884796000,994.0,1.00,92363.323,93127.460,1789132049418.086,2026-09-11T17:07:29.418086+04:00,16.2
3325,6681,15001898688000,994.0,1.00,92377.215,93141.352,1789132049431.978,2026-09-11T17:07:29.431978+04:00,16.2
3326,6682,15001912581000,994.0,1.00,92391.108,93155.245,1789132049445.871,2026-09-11T17:07:29.445871+04:00,16.2
3327,6686,15001968155000,994.0,1.00,92446.682,93210.819,1789132049501.445,2026-09-11T17:07:29.501445+04:00,16.4
3328,6687,15001982048000,994.0,1.00,92460.575,93224.712,1789132049515.338,2026-09-11T17:07:29.515338+04:00,16.4
3329,6688,15001995941000,994.0,1.00,92474.468,93238.605,1789132049529.231,2026-09-11T17:07:29.529231+04:00,16.4
3330,6692,15002051519000,994.0,1.00,92530.046,93294.183,1789132049584.809,2026-09-11T17:07:29.584809+04:00,16.5
3331,6693,15002065409000,994.0,1.00,92543.936,93308.073,1789132049598.699,2026-09-11T17:07:29.598699+04:00,16.5
3332,6694,15002079303000,994.0,1.00,92557.830,93321.967,1789132049612.593,2026-09-11T17:07:29.612593+04:00,16.5
3333,6698,15002134878000,994.0,1.00,92613.405,93377.542,1789132049668.168,2026-09-11T17:07:29.668168+04:00,16.4
3334,6699,15002148768000,994.0,1.00,92627.295,93391.432,1789132049682.058,2026-09-11T17:07:29.682058+04:00,16.4
3335,6700,15002162662000,994.0,1.00,92641.189,93405.326,1789132049695.952,2026-09-11T17:07:29.695952+04:00,16.3
3336,6704,15002218239000,994.0,1.00,92696.766,93460.903,1789132049751.529,2026-09-11T17:07:29.751529+04:00,16.2
3337,6705,15002232128000,994.0,1.00,92710.655,93474.792,1789132049765.418,2026-09-11T17:07:29.765418+04:00,16.2
3338,6706,15002246022000,994.0,1.00,92724.549,93488.686,1789132049779.312,2026-09-11T17:07:29.779312+04:00,16.2
3339,6710,15002301599000,994.0,1.00,92780.126,93544.263,1789132049834.889,2026-09-11T17:07:29.834889+04:00,16.1
3340,6711,15002315490000,994.0,1.00,92794.017,93558.154,1789132049848.780,2026-09-11T17:07:29.848780+04:00,16.1
3341,6712,15002329383000,994.0,1.00,92807.910,93572.047,1789132049862.673,2026-09-11T17:07:29.862673+04:00,16.1
3342,6716,15002384958000,994.0,1.00,92863.485,93627.622,1789132049918.248,2026-09-11T17:07:29.918248+04:00,16.0
3343,6717,15002398850000,994.0,1.00,92877.377,93641.514,1789132049932.140,2026-09-11T17:07:29.932140+04:00,16.0
3344,6718,15002412743000,994.0,1.00,92891.270,93655.407,1789132049946.033,2026-09-11T17:07:29.946033+04:00,16.0
3345,6722,15002468320000,994.0,1.00,92946.847,93710.984,1789132050001.610,2026-09-11T17:07:30.001610+04:00,16.0
3346,6723,15002482210000,994.0,1.00,92960.737,93724.874,1789132050015.500,2026-09-11T17:07:30.015500+04:00,16.0
3347,6724,15002496103000,994.0,1.00,92974.630,93738.767,1789132050029.393,2026-09-11T17:07:30.029393+04:00,16.0
3348,6728,15002551681000,994.0,1.00,93030.208,93794.345,1789132050084.971,2026-09-11T17:07:30.084971+04:00,16.1
3349,6729,15002565571000,994.0,1.00,93044.098,93808.235,1789132050098.861,2026-09-11T17:07:30.098861+04:00,16.1
3350,6730,15002579467000,994.0,1.00,93057.994,93822.131,1789132050112.757,2026-09-11T17:07:30.112757+04:00,16.1
3351,6734,15002635041000,994.0,1.00,93113.568,93877.705,1789132050168.331,2026-09-11T17:07:30.168331+04:00,16.2
3352,6735,15002648932000,994.0,1.00,93127.459,93891.596,1789132050182.222,2026-09-11T17:07:30.182222+04:00,16.2
3353,6736,15002662824000,994.0,1.00,93141.351,93905.488,1789132050196.114,2026-09-11T17:07:30.196114+04:00,16.2
3354,6740,15002718402000,994.0,1.00,93196.929,93961.066,1789132050251.692,2026-09-11T17:07:30.251692+04:00,16.3
3355,6741,15002732290000,994.0,1.00,93210.817,93974.954,1789132050265.580,2026-09-11T17:07:30.265580+04:00,16.3
3356,6742,15002746184000,994.0,1.00,93224.711,93988.848,1789132050279.474,2026-09-11T17:07:30.279474+04:00,16.3
3357,6746,15002801761000,994.0,1.00,93280.288,94044.425,1789132050335.051,2026-09-11T17:07:30.335051+04:00,16.3
3358,6747,15002815655000,994.0,1.00,93294.182,94058.319,1789132050348.945,2026-09-11T17:07:30.348945+04:00,16.3
3359,6748,15002829546000,994.0,1.00,93308.073,94072.210,1789132050362.836,2026-09-11T17:07:30.362836+04:00,16.3
3360,6752,15002885122000,994.0,1.00,93363.649,94127.786,1789132050418.412,2026-09-11T17:07:30.418412+04:00,16.2
3361,6753,15002899012000,994.0,1.00,93377.539,94141.676,1789132050432.302,2026-09-11T17:07:30.432302+04:00,16.2
3362,6754,15002912907000,994.0,1.00,93391.434,94155.571,1789132050446.197,2026-09-11T17:07:30.446197+04:00,16.2
3363,6758,15002968480000,994.0,1.00,93447.007,94211.144,1789132050501.770,2026-09-11T17:07:30.501770+04:00,16.1
3364,6759,15002982372000,994.0,1.00,93460.899,94225.036,1789132050515.662,2026-09-11T17:07:30.515662+04:00,16.1
3365,6760,15002996266000,994.0,1.00,93474.793,94238.930,1789132050529.556,2026-09-11T17:07:30.529556+04:00,16.0
3366,6764,15003051843000,994.0,1.00,93530.370,94294.507,1789132050585.133,2026-09-11T17:07:30.585133+04:00,16.0
3367,6765,15003065733000,994.0,1.00,93544.260,94308.397,1789132050599.023,2026-09-11T17:07:30.599023+04:00,16.0
3368,6766,15003079628000,994.0,1.00,93558.155,94322.292,1789132050612.918,2026-09-11T17:07:30.612918+04:00,16.0
3369,6770,15003135204000,994.0,1.00,93613.731,94377.868,1789132050668.494,2026-09-11T17:07:30.668494+04:00,16.2
3370,6771,15003149094000,994.0,1.00,93627.621,94391.758,1789132050682.384,2026-09-11T17:07:30.682384+04:00,16.3
3371,6772,15003162987000,994.0,1.00,93641.514,94405.651,1789132050696.277,2026-09-11T17:07:30.696277+04:00,16.3
3372,6776,15003218564000,994.0,1.00,93697.091,94461.228,1789132050751.854,2026-09-11T17:07:30.751854+04:00,16.5
3373,6777,15003232456000,994.0,1.00,93710.983,94475.120,1789132050765.746,2026-09-11T17:07:30.765746+04:00,16.5
3374,6778,15003246349000,994.0,1.00,93724.876,94489.013,1789132050779.639,2026-09-11T17:07:30.779639+04:00,16.5
3375,6782,15003301924000,994.0,1.00,93780.451,94544.588,1789132050835.214,2026-09-11T17:07:30.835214+04:00,16.6
3376,6783,15003315814000,994.0,1.00,93794.341,94558.478,1789132050849.104,2026-09-11T17:07:30.849104+04:00,16.6
3377,6784,15003329708000,994.0,1.00,93808.235,94572.372,1789132050862.998,2026-09-11T17:07:30.862998+04:00,16.6
3378,6788,15003385285000,994.0,1.00,93863.812,94627.949,1789132050918.575,2026-09-11T17:07:30.918575+04:00,16.5
3379,6789,15003399175000,994.0,1.00,93877.702,94641.839,1789132050932.465,2026-09-11T17:07:30.932465+04:00,16.5
3380,6790,15003413070000,994.0,1.00,93891.597,94655.734,1789132050946.360,2026-09-11T17:07:30.946360+04:00,16.5
3381,6794,15003468644000,994.0,1.00,93947.171,94711.308,1789132051001.934,2026-09-11T17:07:31.001934+04:00,16.3
3382,6795,15003482537000,994.0,1.00,93961.064,94725.201,1789132051015.827,2026-09-11T17:07:31.015827+04:00,16.3
3383,6796,15003496428000,994.0,1.00,93974.955,94739.092,1789132051029.718,2026-09-11T17:07:31.029718+04:00,16.3
3384,6800,15003552040000,994.0,1.00,94030.567,94794.704,1789132051085.330,2026-09-11T17:07:31.085330+04:00,16.2
3385,6801,15003565896000,994.0,1.00,94044.423,94808.560,1789132051099.186,2026-09-11T17:07:31.099186+04:00,16.2
3386,6802,15003579789000,994.0,1.00,94058.316,94822.453,1789132051113.079,2026-09-11T17:07:31.113079+04:00,16.1
3387,6806,15003635366000,994.0,1.00,94113.893,94878.030,1789132051168.656,2026-09-11T17:07:31.168656+04:00,16.1
3388,6807,15003649257000,994.0,1.00,94127.784,94891.921,1789132051182.547,2026-09-11T17:07:31.182547+04:00,16.1
3389,6808,15003663151000,994.0,1.00,94141.678,94905.815,1789132051196.441,2026-09-11T17:07:31.196441+04:00,16.0
3390,6812,15003718727000,994.0,1.00,94197.254,94961.391,1789132051252.017,2026-09-11T17:07:31.252017+04:00,16.0
3391,6813,15003732618000,994.0,1.00,94211.145,94975.282,1789132051265.908,2026-09-11T17:07:31.265908+04:00,16.0
3392,6814,15003746511000,994.0,1.00,94225.038,94989.175,1789132051279.801,2026-09-11T17:07:31.279801+04:00,16.0
3393,6818,15003802085000,994.0,1.00,94280.612,95044.749,1789132051335.375,2026-09-11T17:07:31.335375+04:00,15.9
3394,6819,15003815978000,994.0,1.00,94294.505,95058.642,1789132051349.268,2026-09-11T17:07:31.349268+04:00,15.9
3395,6820,15003829870000,994.0,1.00,94308.397,95072.534,1789132051363.160,2026-09-11T17:07:31.363160+04:00,15.9
3396,6824,15003885447000,994.0,1.00,94363.974,95128.111,1789132051418.737,2026-09-11T17:07:31.418737+04:00,15.9
3397,6825,15003899338000,994.0,1.00,94377.865,95142.002,1789132051432.628,2026-09-11T17:07:31.432628+04:00,15.9
3398,6826,15003913231000,994.0,1.00,94391.758,95155.895,1789132051446.521,2026-09-11T17:07:31.446521+04:00,15.9
3399,6830,15003968806000,994.0,1.00,94447.333,95211.470,1789132051502.096,2026-09-11T17:07:31.502096+04:00,16.0
3400,6831,15003982698000,994.0,1.00,94461.225,95225.362,1789132051515.988,2026-09-11T17:07:31.515988+04:00,16.0
3401,6832,15003996592000,994.0,1.00,94475.119,95239.256,1789132051529.882,2026-09-11T17:07:31.529882+04:00,16.0
3402,6836,15004052166000,994.0,1.00,94530.693,95294.830,1789132051585.456,2026-09-11T17:07:31.585456+04:00,16.0
3403,6837,15004066060000,994.0,1.00,94544.587,95308.724,1789132051599.350,2026-09-11T17:07:31.599350+04:00,16.0
3404,6838,15004079953000,994.0,1.00,94558.480,95322.617,1789132051613.243,2026-09-11T17:07:31.613243+04:00,16.0
3405,6842,15004135530000,994.0,1.00,94614.057,95378.194,1789132051668.820,2026-09-11T17:07:31.668820+04:00,15.8
3406,6843,15004149419000,994.0,1.00,94627.946,95392.083,1789132051682.709,2026-09-11T17:07:31.682709+04:00,15.8
3407,6844,15004163315000,994.0,1.00,94641.842,95405.979,1789132051696.605,2026-09-11T17:07:31.696605+04:00,15.8
3408,6848,15004218887000,994.0,1.00,94697.414,95461.551,1789132051752.177,2026-09-11T17:07:31.752177+04:00,16.1
3409,6849,15004232780000,994.0,1.00,94711.307,95475.444,1789132051766.070,2026-09-11T17:07:31.766070+04:00,16.2
3410,6850,15004246673000,994.0,1.00,94725.200,95489.337,1789132051779.963,2026-09-11T17:07:31.779963+04:00,16.2
3411,6854,15004302248000,994.0,1.00,94780.775,95544.912,1789132051835.538,2026-09-11T17:07:31.835538+04:00,16.3
3412,6855,15004316139000,994.0,1.00,94794.666,95558.803,1789132051849.429,2026-09-11T17:07:31.849429+04:00,16.3
3413,6856,15004330040000,994.0,1.00,94808.567,95572.704,1789132051863.330,2026-09-11T17:07:31.863330+04:00,16.2
3414,6860,15004385609000,994.0,1.00,94864.136,95628.273,1789132051918.899,2026-09-11T17:07:31.918899+04:00,16.1
3415,6861,15004399501000,994.0,1.00,94878.028,95642.165,1789132051932.791,2026-09-11T17:07:31.932791+04:00,16.1
3416,6862,15004413395000,994.0,1.00,94891.922,95656.059,1789132051946.685,2026-09-11T17:07:31.946685+04:00,16.1
3417,6866,15004468969000,994.0,1.00,94947.496,95711.633,1789132052002.259,2026-09-11T17:07:32.002259+04:00,16.0
3418,6867,15004482861000,994.0,1.00,94961.388,95725.525,1789132052016.151,2026-09-11T17:07:32.016151+04:00,15.9
3419,6868,15004496754000,994.0,1.00,94975.281,95739.418,1789132052030.044,2026-09-11T17:07:32.030044+04:00,15.9
3420,6872,15004552330000,994.0,1.00,95030.857,95794.994,1789132052085.620,2026-09-11T17:07:32.085620+04:00,15.9
3421,6873,15004566223000,994.0,1.00,95044.750,95808.887,1789132052099.513,2026-09-11T17:07:32.099513+04:00,15.9
3422,6874,15004580114000,994.0,1.00,95058.641,95822.778,1789132052113.404,2026-09-11T17:07:32.113404+04:00,15.9
3423,6878,15004635691000,994.0,1.00,95114.218,95878.355,1789132052168.981,2026-09-11T17:07:32.168981+04:00,15.9
3424,6879,15004649582000,994.0,1.00,95128.109,95892.246,1789132052182.872,2026-09-11T17:07:32.182872+04:00,15.9
3425,6880,15004663475000,994.0,1.00,95142.002,95906.139,1789132052196.765,2026-09-11T17:07:32.196765+04:00,15.9
3426,6884,15004719053000,994.0,1.00,95197.580,95961.717,1789132052252.343,2026-09-11T17:07:32.252343+04:00,16.0
3427,6885,15004732941000,994.0,1.00,95211.468,95975.605,1789132052266.231,2026-09-11T17:07:32.266231+04:00,16.0
3428,6886,15004746835000,994.0,1.00,95225.362,95989.499,1789132052280.125,2026-09-11T17:07:32.280125+04:00,16.0
3429,6890,15004802412000,994.0,1.00,95280.939,96045.076,1789132052335.702,2026-09-11T17:07:32.335702+04:00,16.0
3430,6891,15004816302000,994.0,1.00,95294.829,96058.966,1789132052349.592,2026-09-11T17:07:32.349592+04:00,16.0
3431,6892,15004830195000,994.0,1.00,95308.722,96072.859,1789132052363.485,2026-09-11T17:07:32.363485+04:00,16.0
3432,6896,15004885773000,994.0,1.00,95364.300,96128.437,1789132052419.063,2026-09-11T17:07:32.419063+04:00,15.9
3433,6897,15004899662000,994.0,1.00,95378.189,96142.326,1789132052432.952,2026-09-11T17:07:32.432952+04:00,15.9
3434,6898,15004913556000,994.0,1.00,95392.083,96156.220,1789132052446.846,2026-09-11T17:07:32.446846+04:00,15.9
3435,6902,15004969129000,994.0,1.00,95447.656,96211.793,1789132052502.419,2026-09-11T17:07:32.502419+04:00,15.9
3436,6903,15004983023000,994.0,1.00,95461.550,96225.687,1789132052516.313,2026-09-11T17:07:32.516313+04:00,15.9
3437,6904,15004996918000,994.0,1.00,95475.445,96239.582,1789132052530.208,2026-09-11T17:07:32.530208+04:00,15.9
3438,6908,15005052490000,994.0,1.00,95531.017,96295.154,1789132052585.780,2026-09-11T17:07:32.585780+04:00,16.0
3439,6909,15005066384000,994.0,1.00,95544.911,96309.048,1789132052599.674,2026-09-11T17:07:32.599674+04:00,16.0
3440,6910,15005080280000,994.0,1.00,95558.807,96322.944,1789132052613.570,2026-09-11T17:07:32.613570+04:00,16.0
3441,6914,15005135854000,994.0,1.00,95614.381,96378.518,1789132052669.144,2026-09-11T17:07:32.669144+04:00,16.0
3442,6915,15005149742000,994.0,1.00,95628.269,96392.406,1789132052683.032,2026-09-11T17:07:32.683032+04:00,16.0
3443,6916,15005163638000,994.0,1.00,95642.165,96406.302,1789132052696.928,2026-09-11T17:07:32.696928+04:00,16.0
3444,6920,15005219215000,994.0,1.00,95697.742,96461.879,1789132052752.505,2026-09-11T17:07:32.752505+04:00,16.0
3445,6921,15005233103000,994.0,1.00,95711.630,96475.767,1789132052766.393,2026-09-11T17:07:32.766393+04:00,16.0
3446,6922,15005247002000,994.0,1.00,95725.529,96489.666,1789132052780.292,2026-09-11T17:07:32.780292+04:00,16.0
3447,6926,15005302575000,994.0,1.00,95781.102,96545.239,1789132052835.865,2026-09-11T17:07:32.835865+04:00,16.0
3448,6927,15005316463000,994.0,1.00,95794.990,96559.127,1789132052849.753,2026-09-11T17:07:32.849753+04:00,16.1
3449,6928,15005330356000,994.0,1.00,95808.883,96573.020,1789132052863.646,2026-09-11T17:07:32.863646+04:00,16.1
3450,6932,15005385935000,994.0,1.00,95864.462,96628.599,1789132052919.225,2026-09-11T17:07:32.919225+04:00,16.0
3451,6933,15005399829000,994.0,1.00,95878.356,96642.493,1789132052933.119,2026-09-11T17:07:32.933119+04:00,16.0
3452,6934,15005413718000,994.0,1.00,95892.245,96656.382,1789132052947.008,2026-09-11T17:07:32.947008+04:00,16.0
3453,6938,15005469292000,994.0,1.00,95947.819,96711.956,1789132053002.582,2026-09-11T17:07:33.002582+04:00,16.0
3454,6939,15005483185000,994.0,1.00,95961.712,96725.849,1789132053016.475,2026-09-11T17:07:33.016475+04:00,16.0
3455,6940,15005497079000,994.0,1.00,95975.606,96739.743,1789132053030.369,2026-09-11T17:07:33.030369+04:00,16.0
3456,6944,15005552654000,994.0,1.00,96031.181,96795.318,1789132053085.944,2026-09-11T17:07:33.085944+04:00,16.0
3457,6945,15005566545000,994.0,1.00,96045.072,96809.209,1789132053099.835,2026-09-11T17:07:33.099835+04:00,16.0
3458,6946,15005580439000,994.0,1.00,96058.966,96823.103,1789132053113.729,2026-09-11T17:07:33.113729+04:00,16.0
3459,6950,15005636025000,994.0,1.00,96114.552,96878.689,1789132053169.315,2026-09-11T17:07:33.169315+04:00,16.0
3460,6951,15005649905000,994.0,1.00,96128.432,96892.569,1789132053183.195,2026-09-11T17:07:33.183195+04:00,16.0
3461,6952,15005663800000,994.0,1.00,96142.327,96906.464,1789132053197.090,2026-09-11T17:07:33.197090+04:00,16.0
3462,6956,15005719376000,994.0,1.00,96197.903,96962.040,1789132053252.666,2026-09-11T17:07:33.252666+04:00,16.0
3463,6957,15005733266000,994.0,1.00,96211.793,96975.930,1789132053266.556,2026-09-11T17:07:33.266556+04:00,16.0
3464,6958,15005747160000,994.0,1.00,96225.687,96989.824,1789132053280.450,2026-09-11T17:07:33.280450+04:00,16.0
3465,6962,15005802737000,994.0,1.00,96281.264,97045.401,1789132053336.027,2026-09-11T17:07:33.336027+04:00,16.1
3466,6963,15005816627000,994.0,1.00,96295.154,97059.291,1789132053349.917,2026-09-11T17:07:33.349917+04:00,16.1
3467,6964,15005830520000,994.0,1.00,96309.047,97073.184,1789132053363.810,2026-09-11T17:07:33.363810+04:00,16.1
3468,6968,15005886095000,994.0,1.00,96364.622,97128.759,1789132053419.385,2026-09-11T17:07:33.419385+04:00,16.0
3469,6969,15005899988000,994.0,1.00,96378.515,97142.652,1789132053433.278,2026-09-11T17:07:33.433278+04:00,16.0
3470,6970,15005913881000,994.0,1.00,96392.408,97156.545,1789132053447.171,2026-09-11T17:07:33.447171+04:00,16.0
3471,6974,15005969455000,994.0,1.00,96447.982,97212.119,1789132053502.745,2026-09-11T17:07:33.502745+04:00,16.0
3472,6975,15005983347000,994.0,1.00,96461.874,97226.011,1789132053516.637,2026-09-11T17:07:33.516637+04:00,16.0
3473,6976,15005997242000,994.0,1.00,96475.769,97239.906,1789132053530.532,2026-09-11T17:07:33.530532+04:00,16.0
3474,6980,15006052814000,994.0,1.00,96531.341,97295.478,1789132053586.104,2026-09-11T17:07:33.586104+04:00,16.0
3475,6981,15006066708000,994.0,1.00,96545.235,97309.372,1789132053599.998,2026-09-11T17:07:33.599998+04:00,16.0
3476,6982,15006080601000,994.0,1.00,96559.128,97323.265,1789132053613.891,2026-09-11T17:07:33.613891+04:00,16.0
3477,6986,15006136176000,994.0,1.00,96614.703,97378.840,1789132053669.466,2026-09-11T17:07:33.669466+04:00,16.0
3478,6987,15006150069000,994.0,1.00,96628.596,97392.733,1789132053683.359,2026-09-11T17:07:33.683359+04:00,16.1
3479,6988,15006163962000,994.0,1.00,96642.489,97406.626,1789132053697.252,2026-09-11T17:07:33.697252+04:00,16.1
3480,6992,15006219540000,994.0,1.00,96698.067,97462.204,1789132053752.830,2026-09-11T17:07:33.752830+04:00,16.1
3481,6993,15006233428000,994.0,1.00,96711.955,97476.092,1789132053766.718,2026-09-11T17:07:33.766718+04:00,16.1
3482,6994,15006247322000,994.0,1.00,96725.849,97489.986,1789132053780.612,2026-09-11T17:07:33.780612+04:00,16.1
3483,6998,15006302900000,994.0,1.00,96781.427,97545.564,1789132053836.190,2026-09-11T17:07:33.836190+04:00,16.1
3484,6999,15006316789000,994.0,1.00,96795.316,97559.453,1789132053850.079,2026-09-11T17:07:33.850079+04:00,16.1
3485,7000,15006330683000,994.0,1.00,96809.210,97573.347,1789132053863.973,2026-09-11T17:07:33.863973+04:00,16.1
3486,7004,15006386257000,994.0,1.00,96864.784,97628.921,1789132053919.547,2026-09-11T17:07:33.919547+04:00,16.1
3487,7005,15006400150000,994.0,1.00,96878.677,97642.814,1789132053933.440,2026-09-11T17:07:33.933440+04:00,16.1
3488,7006,15006414044000,994.0,1.00,96892.571,97656.708,1789132053947.334,2026-09-11T17:07:33.947334+04:00,16.1
3489,7010,15006469618000,994.0,1.00,96948.145,97712.282,1789132054002.908,2026-09-11T17:07:34.002908+04:00,16.1
3490,7011,15006483510000,994.0,1.00,96962.037,97726.174,1789132054016.800,2026-09-11T17:07:34.016800+04:00,16.1
3491,7012,15006497404000,994.0,1.00,96975.931,97740.068,1789132054030.694,2026-09-11T17:07:34.030694+04:00,16.1
3492,7016,15006552978000,994.0,1.00,97031.505,97795.642,1789132054086.268,2026-09-11T17:07:34.086268+04:00,16.1
3493,7017,15006566870000,994.0,1.00,97045.397,97809.534,1789132054100.160,2026-09-11T17:07:34.100160+04:00,16.1
3494,7018,15006580767000,994.0,1.00,97059.294,97823.431,1789132054114.057,2026-09-11T17:07:34.114057+04:00,16.1
3495,7022,15006636338000,994.0,1.00,97114.865,97879.002,1789132054169.628,2026-09-11T17:07:34.169628+04:00,16.1
3496,7023,15006650231000,994.0,1.00,97128.758,97892.895,1789132054183.521,2026-09-11T17:07:34.183521+04:00,16.1
3497,7024,15006664125000,994.0,1.00,97142.652,97906.789,1789132054197.415,2026-09-11T17:07:34.197415+04:00,16.1
3498,7028,15006719703000,994.0,1.00,97198.230,97962.367,1789132054252.993,2026-09-11T17:07:34.252993+04:00,16.1
3499,7029,15006733593000,994.0,1.00,97212.120,97976.257,1789132054266.883,2026-09-11T17:07:34.266883+04:00,16.1
3500,7030,15006747486000,994.0,1.00,97226.013,97990.150,1789132054280.776,2026-09-11T17:07:34.280776+04:00,16.1
3501,7034,15006803062000,994.0,1.00,97281.589,98045.726,1789132054336.352,2026-09-11T17:07:34.336352+04:00,16.1
3502,7035,15006816952000,994.0,1.00,97295.479,98059.616,1789132054350.242,2026-09-11T17:07:34.350242+04:00,16.1
3503,7036,15006830847000,994.0,1.00,97309.374,98073.511,1789132054364.137,2026-09-11T17:07:34.364137+04:00,16.1
3504,7040,15006886420000,994.0,1.00,97364.947,98129.084,1789132054419.710,2026-09-11T17:07:34.419710+04:00,16.1
3505,7041,15006900312000,994.0,1.00,97378.839,98142.976,1789132054433.602,2026-09-11T17:07:34.433602+04:00,16.1
3506,7042,15006914207000,994.0,1.00,97392.734,98156.871,1789132054447.497,2026-09-11T17:07:34.447497+04:00,16.0
3507,7046,15006969780000,994.0,1.00,97448.307,98212.444,1789132054503.070,2026-09-11T17:07:34.503070+04:00,16.0
3508,7047,15006983674000,994.0,1.00,97462.201,98226.338,1789132054516.964,2026-09-11T17:07:34.516964+04:00,16.0
3509,7048,15006997567000,994.0,1.00,97476.094,98240.231,1789132054530.857,2026-09-11T17:07:34.530857+04:00,16.0
3510,7052,15007053141000,994.0,1.00,97531.668,98295.805,1789132054586.431,2026-09-11T17:07:34.586431+04:00,16.0
3511,7053,15007067034000,994.0,1.00,97545.561,98309.698,1789132054600.324,2026-09-11T17:07:34.600324+04:00,16.0
3512,7054,15007080930000,994.0,1.00,97559.457,98323.594,1789132054614.220,2026-09-11T17:07:34.614220+04:00,16.0
3513,7058,15007136502000,994.0,1.00,97615.029,98379.166,1789132054669.792,2026-09-11T17:07:34.669792+04:00,16.0
3514,7059,15007150394000,994.0,1.00,97628.921,98393.058,1789132054683.684,2026-09-11T17:07:34.683684+04:00,16.0
3515,7060,15007164289000,994.0,1.00,97642.816,98406.953,1789132054697.579,2026-09-11T17:07:34.697579+04:00,16.0
3516,7064,15007219865000,994.0,1.00,97698.392,98462.529,1789132054753.155,2026-09-11T17:07:34.753155+04:00,16.0
3517,7065,15007233755000,994.0,1.00,97712.282,98476.419,1789132054767.045,2026-09-11T17:07:34.767045+04:00,16.0
3518,7066,15007247649000,994.0,1.00,97726.176,98490.313,1789132054780.939,2026-09-11T17:07:34.780939+04:00,16.0
3519,7070,15007303224000,994.0,1.00,97781.751,98545.888,1789132054836.514,2026-09-11T17:07:34.836514+04:00,16.0
3520,7071,15007317115000,994.0,1.00,97795.642,98559.779,1789132054850.405,2026-09-11T17:07:34.850405+04:00,16.0
3521,7072,15007331009000,994.0,1.00,97809.536,98573.673,1789132054864.299,2026-09-11T17:07:34.864299+04:00,16.0
3522,7076,15007386586000,994.0,1.00,97865.113,98629.250,1789132054919.876,2026-09-11T17:07:34.919876+04:00,16.0
3523,7077,15007400476000,994.0,1.00,97879.003,98643.140,1789132054933.766,2026-09-11T17:07:34.933766+04:00,16.0
3524,7078,15007414370000,994.0,1.00,97892.897,98657.034,1789132054947.660,2026-09-11T17:07:34.947660+04:00,16.0
3525,7082,15007469943000,994.0,1.00,97948.470,98712.607,1789132055003.233,2026-09-11T17:07:35.003233+04:00,16.0
3526,7083,15007483836000,994.0,1.00,97962.363,98726.500,1789132055017.126,2026-09-11T17:07:35.017126+04:00,16.0
3527,7084,15007497730000,994.0,1.00,97976.257,98740.394,1789132055031.020,2026-09-11T17:07:35.031020+04:00,16.0
3528,7088,15007553303000,994.0,1.00,98031.830,98795.967,1789132055086.593,2026-09-11T17:07:35.086593+04:00,16.0
3529,7089,15007567196000,994.0,1.00,98045.723,98809.860,1789132055100.486,2026-09-11T17:07:35.100486+04:00,16.0
3530,7090,15007581089000,994.0,1.00,98059.616,98823.753,1789132055114.379,2026-09-11T17:07:35.114379+04:00,16.0
3531,7094,15007636665000,994.0,1.00,98115.192,98879.329,1789132055169.955,2026-09-11T17:07:35.169955+04:00,16.0
3532,7095,15007650556000,994.0,1.00,98129.083,98893.220,1789132055183.846,2026-09-11T17:07:35.183846+04:00,16.0
3533,7096,15007664450000,994.0,1.00,98142.977,98907.114,1789132055197.740,2026-09-11T17:07:35.197740+04:00,16.0
3534,7100,15007720023000,994.0,1.00,98198.550,98962.687,1789132055253.313,2026-09-11T17:07:35.253313+04:00,16.0
3535,7101,15007733917000,994.0,1.00,98212.444,98976.581,1789132055267.207,2026-09-11T17:07:35.267207+04:00,16.0
3536,7102,15007747811000,994.0,1.00,98226.338,98990.475,1789132055281.101,2026-09-11T17:07:35.281101+04:00,16.0
3537,7106,15007803388000,994.0,1.00,98281.915,99046.052,1789132055336.678,2026-09-11T17:07:35.336678+04:00,16.0
3538,7107,15007817278000,994.0,1.00,98295.805,99059.942,1789132055350.568,2026-09-11T17:07:35.350568+04:00,16.0
3539,7108,15007831172000,994.0,1.00,98309.699,99073.836,1789132055364.462,2026-09-11T17:07:35.364462+04:00,16.0
3540,7112,15007886748000,994.0,1.00,98365.275,99129.412,1789132055420.038,2026-09-11T17:07:35.420038+04:00,16.1
3541,7113,15007900638000,994.0,1.00,98379.165,99143.302,1789132055433.928,2026-09-11T17:07:35.433928+04:00,16.1
3542,7114,15007914535000,994.0,1.00,98393.062,99157.199,1789132055447.825,2026-09-11T17:07:35.447825+04:00,16.1
3543,7118,15007970107000,994.0,1.00,98448.634,99212.771,1789132055503.397,2026-09-11T17:07:35.503397+04:00,16.1
3544,7119,15007983999000,994.0,1.00,98462.526,99226.663,1789132055517.289,2026-09-11T17:07:35.517289+04:00,16.0
3545,7120,15007997893000,994.0,1.00,98476.420,99240.557,1789132055531.183,2026-09-11T17:07:35.531183+04:00,16.0
3546,7124,15008053467000,994.0,1.00,98531.994,99296.131,1789132055586.757,2026-09-11T17:07:35.586757+04:00,16.0
3547,7125,15008067360000,994.0,1.00,98545.887,99310.024,1789132055600.650,2026-09-11T17:07:35.600650+04:00,16.0
3548,7126,15008081253000,994.0,1.00,98559.780,99323.917,1789132055614.543,2026-09-11T17:07:35.614543+04:00,16.0
3549,7130,15008136827000,994.0,1.00,98615.354,99379.491,1789132055670.117,2026-09-11T17:07:35.670117+04:00,16.0
3550,7131,15008150720000,994.0,1.00,98629.247,99393.384,1789132055684.010,2026-09-11T17:07:35.684010+04:00,16.0
3551,7132,15008164613000,994.0,1.00,98643.140,99407.277,1789132055697.903,2026-09-11T17:07:35.697903+04:00,16.0
3552,7136,15008220187000,994.0,1.00,98698.714,99462.851,1789132055753.477,2026-09-11T17:07:35.753477+04:00,16.0
3553,7137,15008234079000,994.0,1.00,98712.606,99476.743,1789132055767.369,2026-09-11T17:07:35.767369+04:00,16.0
3554,7138,15008247979000,994.0,1.00,98726.506,99490.643,1789132055781.269,2026-09-11T17:07:35.781269+04:00,16.0
3555,7142,15008303550000,994.0,1.00,98782.077,99546.214,1789132055836.840,2026-09-11T17:07:35.836840+04:00,16.0
3556,7143,15008317439000,994.0,1.00,98795.966,99560.103,1789132055850.729,2026-09-11T17:07:35.850729+04:00,16.0
3557,7144,15008331334000,994.0,1.00,98809.861,99573.998,1789132055864.624,2026-09-11T17:07:35.864624+04:00,16.0
3558,7148,15008386908000,994.0,1.00,98865.435,99629.572,1789132055920.198,2026-09-11T17:07:35.920198+04:00,16.0
3559,7149,15008400800000,994.0,1.00,98879.327,99643.464,1789132055934.090,2026-09-11T17:07:35.934090+04:00,16.0
3560,7150,15008414695000,994.0,1.00,98893.222,99657.359,1789132055947.985,2026-09-11T17:07:35.947985+04:00,16.0
3561,7154,15008470268000,994.0,1.00,98948.795,99712.932,1789132056003.558,2026-09-11T17:07:36.003558+04:00,16.1
3562,7155,15008484160000,994.0,1.00,98962.687,99726.824,1789132056017.450,2026-09-11T17:07:36.017450+04:00,16.1
3563,7156,15008498055000,994.0,1.00,98976.582,99740.719,1789132056031.345,2026-09-11T17:07:36.031345+04:00,16.1
3564,7160,15008553629000,994.0,1.00,99032.156,99796.293,1789132056086.919,2026-09-11T17:07:36.086919+04:00,16.1
3565,7161,15008567520000,994.0,1.00,99046.047,99810.184,1789132056100.810,2026-09-11T17:07:36.100810+04:00,16.1
3566,7162,15008581416000,994.0,1.00,99059.943,99824.080,1789132056114.706,2026-09-11T17:07:36.114706+04:00,16.1
3567,7166,15008636989000,994.0,1.00,99115.516,99879.653,1789132056170.279,2026-09-11T17:07:36.170279+04:00,16.0
3568,7167,15008650881000,994.0,1.00,99129.408,99893.545,1789132056184.171,2026-09-11T17:07:36.184171+04:00,16.0
3569,7168,15008664775000,994.0,1.00,99143.302,99907.439,1789132056198.065,2026-09-11T17:07:36.198065+04:00,16.0
3570,7172,15008720349000,994.0,1.00,99198.876,99963.013,1789132056253.639,2026-09-11T17:07:36.253639+04:00,16.1
3571,7173,15008734241000,994.0,1.00,99212.768,99976.905,1789132056267.531,2026-09-11T17:07:36.267531+04:00,16.1
3572,7174,15008748136000,994.0,1.00,99226.663,99990.800,1789132056281.426,2026-09-11T17:07:36.281426+04:00,16.1
3573,7178,15008803709000,994.0,1.00,99282.236,100046.373,1789132056336.999,2026-09-11T17:07:36.336999+04:00,16.2
3574,7179,15008817601000,994.0,1.00,99296.128,100060.265,1789132056350.891,2026-09-11T17:07:36.350891+04:00,16.2
3575,7180,15008831496000,994.0,1.00,99310.023,100074.160,1789132056364.786,2026-09-11T17:07:36.364786+04:00,16.2
3576,7184,15008887073000,994.0,1.00,99365.600,100129.737,1789132056420.363,2026-09-11T17:07:36.420363+04:00,16.2
3577,7185,15008900963000,994.0,1.00,99379.490,100143.627,1789132056434.253,2026-09-11T17:07:36.434253+04:00,16.2
3578,7186,15008914861000,994.0,1.00,99393.388,100157.525,1789132056448.151,2026-09-11T17:07:36.448151+04:00,16.2
3579,7190,15008970432000,994.0,1.00,99448.959,100213.096,1789132056503.722,2026-09-11T17:07:36.503722+04:00,16.2
3580,7191,15008984322000,994.0,1.00,99462.849,100226.986,1789132056517.612,2026-09-11T17:07:36.517612+04:00,16.2
3581,7192,15008998217000,994.0,1.00,99476.744,100240.881,1789132056531.507,2026-09-11T17:07:36.531507+04:00,16.2
3582,7196,15009053791000,994.0,1.00,99532.318,100296.455,1789132056587.081,2026-09-11T17:07:36.587081+04:00,16.2
3583,7197,15009067682000,994.0,1.00,99546.209,100310.346,1789132056600.972,2026-09-11T17:07:36.600972+04:00,16.2
3584,7198,15009081578000,994.0,1.00,99560.105,100324.242,1789132056614.868,2026-09-11T17:07:36.614868+04:00,16.2
3585,7202,15009137149000,994.0,1.00,99615.676,100379.813,1789132056670.439,2026-09-11T17:07:36.670439+04:00,16.2
3586,7203,15009151042000,994.0,1.00,99629.569,100393.706,1789132056684.332,2026-09-11T17:07:36.684332+04:00,16.2
3587,7204,15009164938000,994.0,1.00,99643.465,100407.602,1789132056698.228,2026-09-11T17:07:36.698228+04:00,16.2
3588,7208,15009220509000,994.0,1.00,99699.036,100463.173,1789132056753.799,2026-09-11T17:07:36.753799+04:00,16.2
3589,7209,15009234403000,994.0,1.00,99712.930,100477.067,1789132056767.693,2026-09-11T17:07:36.767693+04:00,16.2
3590,7210,15009248297000,994.0,1.00,99726.824,100490.961,1789132056781.587,2026-09-11T17:07:36.781587+04:00,16.2
3591,7214,15009303870000,994.0,1.00,99782.397,100546.534,1789132056837.160,2026-09-11T17:07:36.837160+04:00,16.2
3592,7215,15009317765000,994.0,1.00,99796.292,100560.429,1789132056851.055,2026-09-11T17:07:36.851055+04:00,16.2
3593,7216,15009331658000,994.0,1.00,99810.185,100574.322,1789132056864.948,2026-09-11T17:07:36.864948+04:00,16.2
3594,7220,15009387230000,994.0,1.00,99865.757,100629.894,1789132056920.520,2026-09-11T17:07:36.920520+04:00,16.2
3595,7221,15009401125000,994.0,1.00,99879.652,100643.789,1789132056934.415,2026-09-11T17:07:36.934415+04:00,16.2
3596,7222,15009415018000,994.0,1.00,99893.545,100657.682,1789132056948.308,2026-09-11T17:07:36.948308+04:00,16.2
3597,7226,15009470591000,994.0,1.00,99949.118,100713.255,1789132057003.881,2026-09-11T17:07:37.003881+04:00,16.2
3598,7227,15009484485000,994.0,1.00,99963.012,100727.149,1789132057017.775,2026-09-11T17:07:37.017775+04:00,16.2
3599,7228,15009498377000,994.0,1.00,99976.904,100741.041,1789132057031.667,2026-09-11T17:07:37.031667+04:00,16.2
3600,7232,15009553950000,994.0,1.00,100032.477,100796.614,1789132057087.240,2026-09-11T17:07:37.087240+04:00,16.3
3601,7233,15009567844000,994.0,1.00,100046.371,100810.508,1789132057101.134,2026-09-11T17:07:37.101134+04:00,16.3
3602,7234,15009581739000,994.0,1.00,100060.266,100824.403,1789132057115.029,2026-09-11T17:07:37.115029+04:00,16.3
3603,7238,15009637313000,994.0,1.00,100115.840,100879.977,1789132057170.603,2026-09-11T17:07:37.170603+04:00,16.3
3604,7239,15009651205000,994.0,1.00,100129.732,100893.869,1789132057184.495,2026-09-11T17:07:37.184495+04:00,16.3
3605,7240,15009665099000,994.0,1.00,100143.626,100907.763,1789132057198.389,2026-09-11T17:07:37.198389+04:00,16.3
3606,7244,15009720674000,994.0,1.00,100199.201,100963.338,1789132057253.964,2026-09-11T17:07:37.253964+04:00,16.2
3607,7245,15009734566000,994.0,1.00,100213.093,100977.230,1789132057267.856,2026-09-11T17:07:37.267856+04:00,16.2
3608,7246,15009748461000,994.0,1.00,100226.988,100991.125,1789132057281.751,2026-09-11T17:07:37.281751+04:00,16.2
3609,7250,15009804034000,994.0,1.00,100282.561,101046.698,1789132057337.324,2026-09-11T17:07:37.337324+04:00,16.3
3610,7251,15009817927000,994.0,1.00,100296.454,101060.591,1789132057351.217,2026-09-11T17:07:37.351217+04:00,16.3
3611,7252,15009831821000,994.0,1.00,100310.348,101074.485,1789132057365.111,2026-09-11T17:07:37.365111+04:00,16.3
3612,7256,15009887395000,994.0,1.00,100365.922,101130.059,1789132057420.685,2026-09-11T17:07:37.420685+04:00,16.2
3613,7257,15009901287000,994.0,1.00,100379.814,101143.951,1789132057434.577,2026-09-11T17:07:37.434577+04:00,16.2
3614,7258,15009915181000,994.0,1.00,100393.708,101157.845,1789132057448.471,2026-09-11T17:07:37.448471+04:00,16.2
3615,7262,15009970755000,994.0,1.00,100449.282,101213.419,1789132057504.045,2026-09-11T17:07:37.504045+04:00,16.2
3616,7263,15009984647000,994.0,1.00,100463.174,101227.311,1789132057517.937,2026-09-11T17:07:37.517937+04:00,16.2
3617,7264,15009998541000,994.0,1.00,100477.068,101241.205,1789132057531.831,2026-09-11T17:07:37.531831+04:00,16.2
3618,7268,15010054115000,994.0,1.00,100532.642,101296.779,1789132057587.405,2026-09-11T17:07:37.587405+04:00,16.2
3619,7269,15010068021000,994.0,1.00,100546.548,101310.685,1789132057601.311,2026-09-11T17:07:37.601311+04:00,16.2
3620,7270,15010081902000,994.0,1.00,100560.429,101324.566,1789132057615.192,2026-09-11T17:07:37.615192+04:00,16.2
3621,7274,15010137476000,994.0,1.00,100616.003,101380.140,1789132057670.766,2026-09-11T17:07:37.670766+04:00,16.2
3622,7275,15010151368000,994.0,1.00,100629.895,101394.032,1789132057684.658,2026-09-11T17:07:37.684658+04:00,16.2
3623,7276,15010165262000,994.0,1.00,100643.789,101407.926,1789132057698.552,2026-09-11T17:07:37.698552+04:00,16.2
3624,7280,15010220836000,994.0,1.00,100699.363,101463.500,1789132057754.126,2026-09-11T17:07:37.754126+04:00,16.2
3625,7281,15010234728000,994.0,1.00,100713.255,101477.392,1789132057768.018,2026-09-11T17:07:37.768018+04:00,16.2
3626,7282,15010248623000,994.0,1.00,100727.150,101491.287,1789132057781.913,2026-09-11T17:07:37.781913+04:00,16.2
3627,7286,15010304196000,994.0,1.00,100782.723,101546.860,1789132057837.486,2026-09-11T17:07:37.837486+04:00,16.3
3628,7287,15010318089000,994.0,1.00,100796.616,101560.753,1789132057851.379,2026-09-11T17:07:37.851379+04:00,16.3
3629,7288,15010331983000,994.0,1.00,100810.510,101574.647,1789132057865.273,2026-09-11T17:07:37.865273+04:00,16.3
3630,7292,15010387558000,994.0,1.00,100866.085,101630.222,1789132057920.848,2026-09-11T17:07:37.920848+04:00,16.3
3631,7293,15010401450000,994.0,1.00,100879.977,101644.114,1789132057934.740,2026-09-11T17:07:37.934740+04:00,16.3
3632,7294,15010415344000,994.0,1.00,100893.871,101658.008,1789132057948.634,2026-09-11T17:07:37.948634+04:00,16.3
3633,7298,15010470918000,994.0,1.00,100949.445,101713.582,1789132058004.208,2026-09-11T17:07:38.004208+04:00,16.3
3634,7299,15010484810000,994.0,1.00,100963.337,101727.474,1789132058018.100,2026-09-11T17:07:38.018100+04:00,16.3
3635,7300,15010498704000,994.0,1.00,100977.231,101741.368,1789132058031.994,2026-09-11T17:07:38.031994+04:00,16.3
3636,7304,15010554278000,994.0,1.00,101032.805,101796.942,1789132058087.568,2026-09-11T17:07:38.087568+04:00,16.3
3637,7305,15010568170000,994.0,1.00,101046.697,101810.834,1789132058101.460,2026-09-11T17:07:38.101460+04:00,16.3
3638,7306,15010582065000,994.0,1.00,101060.592,101824.729,1789132058115.355,2026-09-11T17:07:38.115355+04:00,16.3
3639,7310,15010637636000,994.0,1.00,101116.163,101880.300,1789132058170.926,2026-09-11T17:07:38.170926+04:00,16.3
3640,7311,15010651530000,994.0,1.00,101130.057,101894.194,1789132058184.820,2026-09-11T17:07:38.184820+04:00,16.3
3641,7312,15010665425000,994.0,1.00,101143.952,101908.089,1789132058198.715,2026-09-11T17:07:38.198715+04:00,16.3
3642,7316,15010720997000,994.0,1.00,101199.524,101963.661,1789132058254.287,2026-09-11T17:07:38.254287+04:00,16.3
3643,7317,15010734890000,994.0,1.00,101213.417,101977.554,1789132058268.180,2026-09-11T17:07:38.268180+04:00,16.3
3644,7318,15010748785000,994.0,1.00,101227.312,101991.449,1789132058282.075,2026-09-11T17:07:38.282075+04:00,16.3
3645,7322,15010804358000,994.0,1.00,101282.885,102047.022,1789132058337.648,2026-09-11T17:07:38.337648+04:00,16.3
3646,7323,15010818252000,994.0,1.00,101296.779,102060.916,1789132058351.542,2026-09-11T17:07:38.351542+04:00,16.3
3647,7324,15010832145000,994.0,1.00,101310.672,102074.809,1789132058365.435,2026-09-11T17:07:38.365435+04:00,16.3
3648,7328,15010887722000,994.0,1.00,101366.249,102130.386,1789132058421.012,2026-09-11T17:07:38.421012+04:00,16.3
3649,7329,15010901612000,994.0,1.00,101380.139,102144.276,1789132058434.902,2026-09-11T17:07:38.434902+04:00,16.3
3650,7330,15010915506000,994.0,1.00,101394.033,102158.170,1789132058448.796,2026-09-11T17:07:38.448796+04:00,16.4
3651,7334,15010971084000,994.0,1.00,101449.611,102213.748,1789132058504.374,2026-09-11T17:07:38.504374+04:00,16.4
3652,7335,15010984974000,994.0,1.00,101463.501,102227.638,1789132058518.264,2026-09-11T17:07:38.518264+04:00,16.4
3653,7336,15010998869000,994.0,1.00,101477.396,102241.533,1789132058532.159,2026-09-11T17:07:38.532159+04:00,16.4
3654,7340,15011054442000,994.0,1.00,101532.969,102297.106,1789132058587.732,2026-09-11T17:07:38.587732+04:00,16.5
3655,7341,15011068334000,994.0,1.00,101546.861,102310.998,1789132058601.624,2026-09-11T17:07:38.601624+04:00,16.5
3656,7342,15011082230000,994.0,1.00,101560.757,102324.894,1789132058615.520,2026-09-11T17:07:38.615520+04:00,16.5
3657,7346,15011137802000,994.0,1.00,101616.329,102380.466,1789132058671.092,2026-09-11T17:07:38.671092+04:00,16.5
3658,7347,15011151694000,994.0,1.00,101630.221,102394.358,1789132058684.984,2026-09-11T17:07:38.684984+04:00,16.5
3659,7348,15011165589000,994.0,1.00,101644.116,102408.253,1789132058698.879,2026-09-11T17:07:38.698879+04:00,16.5
3660,7352,15011221162000,994.0,1.00,101699.689,102463.826,1789132058754.452,2026-09-11T17:07:38.754452+04:00,16.5
3661,7353,15011235054000,994.0,1.00,101713.581,102477.718,1789132058768.344,2026-09-11T17:07:38.768344+04:00,16.5
3662,7354,15011248949000,994.0,1.00,101727.476,102491.613,1789132058782.239,2026-09-11T17:07:38.782239+04:00,16.5
3663,7358,15011304524000,994.0,1.00,101783.051,102547.188,1789132058837.814,2026-09-11T17:07:38.837814+04:00,16.4
3664,7359,15011318417000,994.0,1.00,101796.944,102561.081,1789132058851.707,2026-09-11T17:07:38.851707+04:00,16.4
3665,7360,15011332308000,994.0,1.00,101810.835,102574.972,1789132058865.598,2026-09-11T17:07:38.865598+04:00,16.4
3666,7364,15011387887000,994.0,1.00,101866.414,102630.551,1789132058921.177,2026-09-11T17:07:38.921177+04:00,16.4
3667,7365,15011401775000,994.0,1.00,101880.302,102644.439,1789132058935.065,2026-09-11T17:07:38.935065+04:00,16.4
3668,7366,15011415669000,994.0,1.00,101894.196,102658.333,1789132058948.959,2026-09-11T17:07:38.948959+04:00,16.4
3669,7370,15011471244000,994.0,1.00,101949.771,102713.908,1789132059004.534,2026-09-11T17:07:39.004534+04:00,16.4
3670,7371,15011485135000,994.0,1.00,101963.662,102727.799,1789132059018.425,2026-09-11T17:07:39.018425+04:00,16.4
3671,7372,15011499028000,994.0,1.00,101977.555,102741.692,1789132059032.318,2026-09-11T17:07:39.032318+04:00,16.4
3672,7376,15011554604000,994.0,1.00,102033.131,102797.268,1789132059087.894,2026-09-11T17:07:39.087894+04:00,16.3
3673,7377,15011568495000,994.0,1.00,102047.022,102811.159,1789132059101.785,2026-09-11T17:07:39.101785+04:00,16.3
3674,7378,15011582390000,994.0,1.00,102060.917,102825.054,1789132059115.680,2026-09-11T17:07:39.115680+04:00,16.3
3675,7382,15011637965000,994.0,1.00,102116.492,102880.629,1789132059171.255,2026-09-11T17:07:39.171255+04:00,16.2
3676,7383,15011651856000,994.0,1.00,102130.383,102894.520,1789132059185.146,2026-09-11T17:07:39.185146+04:00,16.2
3677,7384,15011665750000,994.0,1.00,102144.277,102908.414,1789132059199.040,2026-09-11T17:07:39.199040+04:00,16.2
3678,7388,15011721326000,994.0,1.00,102199.853,102963.990,1789132059254.616,2026-09-11T17:07:39.254616+04:00,16.2
3679,7389,15011735217000,994.0,1.00,102213.744,102977.881,1789132059268.507,2026-09-11T17:07:39.268507+04:00,16.2
3680,7390,15011749111000,994.0,1.00,102227.638,102991.775,1789132059282.401,2026-09-11T17:07:39.282401+04:00,16.2
3681,7394,15011804686000,994.0,1.00,102283.213,103047.350,1789132059337.976,2026-09-11T17:07:39.337976+04:00,16.2
3682,7395,15011818577000,994.0,1.00,102297.104,103061.241,1789132059351.867,2026-09-11T17:07:39.351867+04:00,16.2
3683,7396,15011832473000,994.0,1.00,102311.000,103075.137,1789132059365.763,2026-09-11T17:07:39.365763+04:00,16.2
3684,7400,15011888057000,994.0,1.00,102366.584,103130.721,1789132059421.347,2026-09-11T17:07:39.421347+04:00,16.2
3685,7401,15011901939000,994.0,1.00,102380.466,103144.603,1789132059435.229,2026-09-11T17:07:39.435229+04:00,16.2
3686,7402,15011915832000,994.0,1.00,102394.359,103158.496,1789132059449.122,2026-09-11T17:07:39.449122+04:00,16.2
3687,7406,15011971409000,994.0,1.00,102449.936,103214.073,1789132059504.699,2026-09-11T17:07:39.504699+04:00,16.2
3688,7407,15011985298000,994.0,1.00,102463.825,103227.962,1789132059518.588,2026-09-11T17:07:39.518588+04:00,16.2
3689,7408,15011999192000,994.0,1.00,102477.719,103241.856,1789132059532.482,2026-09-11T17:07:39.532482+04:00,16.2
3690,7412,15012054767000,994.0,1.00,102533.294,103297.431,1789132059588.057,2026-09-11T17:07:39.588057+04:00,16.2
3691,7413,15012068659000,994.0,1.00,102547.186,103311.323,1789132059601.949,2026-09-11T17:07:39.601949+04:00,16.2
3692,7414,15012082552000,994.0,1.00,102561.079,103325.216,1789132059615.842,2026-09-11T17:07:39.615842+04:00,16.2
3693,7418,15012138128000,994.0,1.00,102616.655,103380.792,1789132059671.418,2026-09-11T17:07:39.671418+04:00,16.2
3694,7419,15012152021000,994.0,1.00,102630.548,103394.685,1789132059685.311,2026-09-11T17:07:39.685311+04:00,16.2
3695,7420,15012165914000,994.0,1.00,102644.441,103408.578,1789132059699.204,2026-09-11T17:07:39.699204+04:00,16.2
3696,7424,15012221487000,994.0,1.00,102700.014,103464.151,1789132059754.777,2026-09-11T17:07:39.754777+04:00,16.2
3697,7425,15012235380000,994.0,1.00,102713.907,103478.044,1789132059768.670,2026-09-11T17:07:39.768670+04:00,16.2
3698,7426,15012249273000,994.0,1.00,102727.800,103491.937,1789132059782.563,2026-09-11T17:07:39.782563+04:00,16.2
3699,7430,15012304847000,994.0,1.00,102783.374,103547.511,1789132059838.137,2026-09-11T17:07:39.838137+04:00,16.2
3700,7431,15012318738000,994.0,1.00,102797.265,103561.402,1789132059852.028,2026-09-11T17:07:39.852028+04:00,16.2
3701,7432,15012332634000,994.0,1.00,102811.161,103575.298,1789132059865.924,2026-09-11T17:07:39.865924+04:00,16.2
3702,7436,15012388207000,994.0,1.00,102866.734,103630.871,1789132059921.497,2026-09-11T17:07:39.921497+04:00,16.2
3703,7437,15012402100000,994.0,1.00,102880.627,103644.764,1789132059935.390,2026-09-11T17:07:39.935390+04:00,16.3
3704,7438,15012415993000,994.0,1.00,102894.520,103658.657,1789132059949.283,2026-09-11T17:07:39.949283+04:00,16.3
3705,7442,15012471569000,994.0,1.00,102950.096,103714.233,1789132060004.859,2026-09-11T17:07:40.004859+04:00,16.3
3706,7443,15012485461000,994.0,1.00,102963.988,103728.125,1789132060018.751,2026-09-11T17:07:40.018751+04:00,16.3
3707,7444,15012499354000,994.0,1.00,102977.881,103742.018,1789132060032.644,2026-09-11T17:07:40.032644+04:00,16.3
3708,7448,15012554928000,994.0,1.00,103033.455,103797.592,1789132060088.218,2026-09-11T17:07:40.088218+04:00,16.3
3709,7449,15012568821000,994.0,1.00,103047.348,103811.485,1789132060102.111,2026-09-11T17:07:40.102111+04:00,16.3
3710,7450,15012582717000,994.0,1.00,103061.244,103825.381,1789132060116.007,2026-09-11T17:07:40.116007+04:00,16.3
3711,7454,15012638289000,994.0,1.00,103116.816,103880.953,1789132060171.579,2026-09-11T17:07:40.171579+04:00,16.3
3712,7455,15012652181000,994.0,1.00,103130.708,103894.845,1789132060185.471,2026-09-11T17:07:40.185471+04:00,16.3
3713,7456,15012666075000,994.0,1.00,103144.602,103908.739,1789132060199.365,2026-09-11T17:07:40.199365+04:00,16.3
3714,7460,15012721648000,994.0,1.00,103200.175,103964.312,1789132060254.938,2026-09-11T17:07:40.254938+04:00,16.3
3715,7461,15012735543000,994.0,1.00,103214.070,103978.207,1789132060268.833,2026-09-11T17:07:40.268833+04:00,16.3
3716,7462,15012749435000,994.0,1.00,103227.962,103992.099,1789132060282.725,2026-09-11T17:07:40.282725+04:00,16.3
3717,7466,15012805009000,994.0,1.00,103283.536,104047.673,1789132060338.299,2026-09-11T17:07:40.338299+04:00,16.3
3718,7467,15012818905000,994.0,1.00,103297.432,104061.569,1789132060352.195,2026-09-11T17:07:40.352195+04:00,16.3
3719,7468,15012832796000,994.0,1.00,103311.323,104075.460,1789132060366.086,2026-09-11T17:07:40.366086+04:00,16.3
3720,7472,15012888370000,994.0,1.00,103366.897,104131.034,1789132060421.660,2026-09-11T17:07:40.421660+04:00,16.3
3721,7473,15012902262000,994.0,1.00,103380.789,104144.926,1789132060435.552,2026-09-11T17:07:40.435552+04:00,16.3
3722,7474,15012916156000,994.0,1.00,103394.683,104158.820,1789132060449.446,2026-09-11T17:07:40.449446+04:00,16.3
3723,7478,15012971730000,994.0,1.00,103450.257,104214.394,1789132060505.020,2026-09-11T17:07:40.505020+04:00,16.3
3724,7479,15012985623000,994.0,1.00,103464.150,104228.287,1789132060518.913,2026-09-11T17:07:40.518913+04:00,16.3
3725,7480,15012999517000,994.0,1.00,103478.044,104242.181,1789132060532.807,2026-09-11T17:07:40.532807+04:00,16.3
3726,7484,15013055091000,994.0,1.00,103533.618,104297.755,1789132060588.381,2026-09-11T17:07:40.588381+04:00,16.3
3727,7485,15013068983000,994.0,1.00,103547.510,104311.647,1789132060602.273,2026-09-11T17:07:40.602273+04:00,16.3
3728,7486,15013082877000,994.0,1.00,103561.404,104325.541,1789132060616.167,2026-09-11T17:07:40.616167+04:00,16.3
3729,7490,15013138451000,994.0,1.00,103616.978,104381.115,1789132060671.741,2026-09-11T17:07:40.671741+04:00,16.3
3730,7491,15013152344000,994.0,1.00,103630.871,104395.008,1789132060685.634,2026-09-11T17:07:40.685634+04:00,16.3
3731,7492,15013166238000,994.0,1.00,103644.765,104408.902,1789132060699.528,2026-09-11T17:07:40.699528+04:00,16.3
3732,7496,15013221811000,994.0,1.00,103700.338,104464.475,1789132060755.101,2026-09-11T17:07:40.755101+04:00,16.3
3733,7497,15013235704000,994.0,1.00,103714.231,104478.368,1789132060768.994,2026-09-11T17:07:40.768994+04:00,16.3
3734,7498,15013249599000,994.0,1.00,103728.126,104492.263,1789132060782.889,2026-09-11T17:07:40.782889+04:00,16.3
3735,7502,15013305172000,994.0,1.00,103783.699,104547.836,1789132060838.462,2026-09-11T17:07:40.838462+04:00,16.3
3736,7503,15013319065000,994.0,1.00,103797.592,104561.729,1789132060852.355,2026-09-11T17:07:40.852355+04:00,16.3
3737,7504,15013332958000,994.0,1.00,103811.485,104575.622,1789132060866.248,2026-09-11T17:07:40.866248+04:00,16.3
3738,7508,15013388532000,994.0,1.00,103867.059,104631.196,1789132060921.822,2026-09-11T17:07:40.921822+04:00,16.3
3739,7509,15013402425000,994.0,1.00,103880.952,104645.089,1789132060935.715,2026-09-11T17:07:40.935715+04:00,16.3
3740,7510,15013416319000,994.0,1.00,103894.846,104658.983,1789132060949.609,2026-09-11T17:07:40.949609+04:00,16.3
3741,7514,15013471893000,994.0,1.00,103950.420,104714.557,1789132061005.183,2026-09-11T17:07:41.005183+04:00,16.3
3742,7515,15013485786000,994.0,1.00,103964.313,104728.450,1789132061019.076,2026-09-11T17:07:41.019076+04:00,16.3
3743,7516,15013499679000,994.0,1.00,103978.206,104742.343,1789132061032.969,2026-09-11T17:07:41.032969+04:00,16.3
3744,7520,15013555254000,994.0,1.00,104033.781,104797.918,1789132061088.544,2026-09-11T17:07:41.088544+04:00,16.3
3745,7521,15013569147000,994.0,1.00,104047.674,104811.811,1789132061102.437,2026-09-11T17:07:41.102437+04:00,16.3
3746,7522,15013583039000,994.0,1.00,104061.566,104825.703,1789132061116.329,2026-09-11T17:07:41.116329+04:00,16.3
3747,7526,15013638615000,994.0,1.00,104117.142,104881.279,1789132061171.905,2026-09-11T17:07:41.171905+04:00,16.3
3748,7527,15013652506000,994.0,1.00,104131.033,104895.170,1789132061185.796,2026-09-11T17:07:41.185796+04:00,16.3
3749,7528,15013666399000,994.0,1.00,104144.926,104909.063,1789132061199.689,2026-09-11T17:07:41.199689+04:00,16.3
3750,7532,15013721975000,994.0,1.00,104200.502,104964.639,1789132061255.265,2026-09-11T17:07:41.255265+04:00,16.3
3751,7533,15013735867000,994.0,1.00,104214.394,104978.531,1789132061269.157,2026-09-11T17:07:41.269157+04:00,16.3
3752,7534,15013749761000,994.0,1.00,104228.288,104992.425,1789132061283.051,2026-09-11T17:07:41.283051+04:00,16.3
3753,7538,15013805338000,994.0,1.00,104283.865,105048.002,1789132061338.628,2026-09-11T17:07:41.338628+04:00,16.3
3754,7539,15013819227000,994.0,1.00,104297.754,105061.891,1789132061352.517,2026-09-11T17:07:41.352517+04:00,16.3
3755,7540,15013833120000,994.0,1.00,104311.647,105075.784,1789132061366.410,2026-09-11T17:07:41.366410+04:00,16.3
3756,7544,15013888694000,994.0,1.00,104367.221,105131.358,1789132061421.984,2026-09-11T17:07:41.421984+04:00,16.2
3757,7545,15013902588000,994.0,1.00,104381.115,105145.252,1789132061435.878,2026-09-11T17:07:41.435878+04:00,16.2
3758,7546,15013916481000,994.0,1.00,104395.008,105159.145,1789132061449.771,2026-09-11T17:07:41.449771+04:00,16.2
3759,7550,15013972056000,994.0,1.00,104450.583,105214.720,1789132061505.346,2026-09-11T17:07:41.505346+04:00,16.2
3760,7551,15013985949000,994.0,1.00,104464.476,105228.613,1789132061519.239,2026-09-11T17:07:41.519239+04:00,16.2
3761,7552,15013999841000,994.0,1.00,104478.368,105242.505,1789132061533.131,2026-09-11T17:07:41.533131+04:00,16.2
3762,7556,15014055419000,994.0,1.00,104533.946,105298.083,1789132061588.709,2026-09-11T17:07:41.588709+04:00,16.2
3763,7557,15014069309000,994.0,1.00,104547.836,105311.973,1789132061602.599,2026-09-11T17:07:41.602599+04:00,16.2
3764,7558,15014083204000,994.0,1.00,104561.731,105325.868,1789132061616.494,2026-09-11T17:07:41.616494+04:00,16.2
3765,7562,15014138776000,994.0,1.00,104617.303,105381.440,1789132061672.066,2026-09-11T17:07:41.672066+04:00,16.2
3766,7563,15014152671000,994.0,1.00,104631.198,105395.335,1789132061685.961,2026-09-11T17:07:41.685961+04:00,16.2
3767,7564,15014166563000,994.0,1.00,104645.090,105409.227,1789132061699.853,2026-09-11T17:07:41.699853+04:00,16.2
3768,7568,15014222137000,994.0,1.00,104700.664,105464.801,1789132061755.427,2026-09-11T17:07:41.755427+04:00,16.2
3769,7569,15014236029000,994.0,1.00,104714.556,105478.693,1789132061769.319,2026-09-11T17:07:41.769319+04:00,16.2
3770,7570,15014249923000,994.0,1.00,104728.450,105492.587,1789132061783.213,2026-09-11T17:07:41.783213+04:00,16.2
3771,7574,15014305497000,994.0,1.00,104784.024,105548.161,1789132061838.787,2026-09-11T17:07:41.838787+04:00,16.2
3772,7575,15014319389000,994.0,1.00,104797.916,105562.053,1789132061852.679,2026-09-11T17:07:41.852679+04:00,16.2
3773,7576,15014333283000,994.0,1.00,104811.810,105575.947,1789132061866.573,2026-09-11T17:07:41.866573+04:00,16.2
3774,7580,15014388858000,994.0,1.00,104867.385,105631.522,1789132061922.148,2026-09-11T17:07:41.922148+04:00,16.2
3775,7581,15014402751000,994.0,1.00,104881.278,105645.415,1789132061936.041,2026-09-11T17:07:41.936041+04:00,16.2
3776,7582,15014416643000,994.0,1.00,104895.170,105659.307,1789132061949.933,2026-09-11T17:07:41.949933+04:00,16.2
3777,7586,15014472218000,994.0,1.00,104950.745,105714.882,1789132062005.508,2026-09-11T17:07:42.005508+04:00,16.2
3778,7587,15014486112000,994.0,1.00,104964.639,105728.776,1789132062019.402,2026-09-11T17:07:42.019402+04:00,16.2
3779,7588,15014500026000,994.0,1.00,104978.553,105742.690,1789132062033.316,2026-09-11T17:07:42.033316+04:00,16.2
3780,7592,15014555584000,994.0,1.00,105034.111,105798.248,1789132062088.874,2026-09-11T17:07:42.088874+04:00,16.2
3781,7593,15014569471000,994.0,1.00,105047.998,105812.135,1789132062102.761,2026-09-11T17:07:42.102761+04:00,16.2
3782,7594,15014583366000,994.0,1.00,105061.893,105826.030,1789132062116.656,2026-09-11T17:07:42.116656+04:00,16.2
3783,7598,15014638940000,994.0,1.00,105117.467,105881.604,1789132062172.230,2026-09-11T17:07:42.172230+04:00,16.2
3784,7599,15014652832000,994.0,1.00,105131.359,105895.496,1789132062186.122,2026-09-11T17:07:42.186122+04:00,16.2
3785,7600,15014666726000,994.0,1.00,105145.253,105909.390,1789132062200.016,2026-09-11T17:07:42.200016+04:00,16.2
3786,7604,15014722300000,994.0,1.00,105200.827,105964.964,1789132062255.590,2026-09-11T17:07:42.255590+04:00,16.2
3787,7605,15014736192000,994.0,1.00,105214.719,105978.856,1789132062269.482,2026-09-11T17:07:42.269482+04:00,16.2
3788,7606,15014750085000,994.0,1.00,105228.612,105992.749,1789132062283.375,2026-09-11T17:07:42.283375+04:00,16.2
3789,7610,15014805660000,994.0,1.00,105284.187,106048.324,1789132062338.950,2026-09-11T17:07:42.338950+04:00,16.2
3790,7611,15014819553000,994.0,1.00,105298.080,106062.217,1789132062352.843,2026-09-11T17:07:42.352843+04:00,16.2
3791,7612,15014833446000,994.0,1.00,105311.973,106076.110,1789132062366.736,2026-09-11T17:07:42.366736+04:00,16.2
3792,7616,15014889021000,994.0,1.00,105367.548,106131.685,1789132062422.311,2026-09-11T17:07:42.422311+04:00,16.2
3793,7617,15014902913000,994.0,1.00,105381.440,106145.577,1789132062436.203,2026-09-11T17:07:42.436203+04:00,16.2
3794,7618,15014916807000,994.0,1.00,105395.334,106159.471,1789132062450.097,2026-09-11T17:07:42.450097+04:00,16.2
3795,7622,15014972382000,994.0,1.00,105450.909,106215.046,1789132062505.672,2026-09-11T17:07:42.505672+04:00,16.1
3796,7623,15014986274000,994.0,1.00,105464.801,106228.938,1789132062519.564,2026-09-11T17:07:42.519564+04:00,16.1
3797,7624,15015000168000,994.0,1.00,105478.695,106242.832,1789132062533.458,2026-09-11T17:07:42.533458+04:00,16.1
3798,7628,15015055744000,994.0,1.00,105534.271,106298.408,1789132062589.034,2026-09-11T17:07:42.589034+04:00,16.1
3799,7629,15015069635000,994.0,1.00,105548.162,106312.299,1789132062602.925,2026-09-11T17:07:42.602925+04:00,16.1
3800,7630,15015083531000,994.0,1.00,105562.058,106326.195,1789132062616.821,2026-09-11T17:07:42.616821+04:00,16.1
3801,7634,15015139104000,994.0,1.00,105617.631,106381.768,1789132062672.394,2026-09-11T17:07:42.672394+04:00,16.1
3802,7635,15015152995000,994.0,1.00,105631.522,106395.659,1789132062686.285,2026-09-11T17:07:42.686285+04:00,16.1
3803,7636,15015166889000,994.0,1.00,105645.416,106409.553,1789132062700.179,2026-09-11T17:07:42.700179+04:00,16.1
3804,7640,15015222460000,994.0,1.00,105700.987,106465.124,1789132062755.750,2026-09-11T17:07:42.755750+04:00,16.1
3805,7641,15015236356000,994.0,1.00,105714.883,106479.020,1789132062769.646,2026-09-11T17:07:42.769646+04:00,16.1
3806,7642,15015250248000,994.0,1.00,105728.775,106492.912,1789132062783.538,2026-09-11T17:07:42.783538+04:00,16.1
3807,7646,15015305823000,994.0,1.00,105784.350,106548.487,1789132062839.113,2026-09-11T17:07:42.839113+04:00,16.2
3808,7647,15015319720000,994.0,1.00,105798.247,106562.384,1789132062853.010,2026-09-11T17:07:42.853010+04:00,16.2
3809,7648,15015333610000,994.0,1.00,105812.137,106576.274,1789132062866.900,2026-09-11T17:07:42.866900+04:00,16.2
3810,7652,15015389183000,994.0,1.00,105867.710,106631.847,1789132062922.473,2026-09-11T17:07:42.922473+04:00,16.1
3811,7653,15015403079000,994.0,1.00,105881.606,106645.743,1789132062936.369,2026-09-11T17:07:42.936369+04:00,16.0
3812,7654,15015416969000,994.0,1.00,105895.496,106659.633,1789132062950.259,2026-09-11T17:07:42.950259+04:00,16.0
3813,7658,15015472544000,994.0,1.00,105951.071,106715.208,1789132063005.834,2026-09-11T17:07:43.005834+04:00,16.0
3814,7659,15015486436000,994.0,1.00,105964.963,106729.100,1789132063019.726,2026-09-11T17:07:43.019726+04:00,16.0
3815,7660,15015500330000,994.0,1.00,105978.857,106742.994,1789132063033.620,2026-09-11T17:07:43.033620+04:00,16.1
3816,7664,15015555906000,994.0,1.00,106034.433,106798.570,1789132063089.196,2026-09-11T17:07:43.089196+04:00,16.2
3817,7665,15015569798000,994.0,1.00,106048.325,106812.462,1789132063103.088,2026-09-11T17:07:43.103088+04:00,16.2
3818,7666,15015583691000,994.0,1.00,106062.218,106826.355,1789132063116.981,2026-09-11T17:07:43.116981+04:00,16.2
3819,7670,15015639262000,994.0,1.00,106117.789,106881.926,1789132063172.552,2026-09-11T17:07:43.172552+04:00,16.4
3820,7671,15015653156000,994.0,1.00,106131.683,106895.820,1789132063186.446,2026-09-11T17:07:43.186446+04:00,16.4
3821,7672,15015667051000,994.0,1.00,106145.578,106909.715,1789132063200.341,2026-09-11T17:07:43.200341+04:00,16.4
3822,7676,15015722622000,994.0,1.00,106201.149,106965.286,1789132063255.912,2026-09-11T17:07:43.255912+04:00,16.4
3823,7677,15015736518000,994.0,1.00,106215.045,106979.182,1789132063269.808,2026-09-11T17:07:43.269808+04:00,16.3
3824,7678,15015750411000,994.0,1.00,106228.938,106993.075,1789132063283.701,2026-09-11T17:07:43.283701+04:00,16.3
3825,7682,15015805983000,994.0,1.00,106284.510,107048.647,1789132063339.273,2026-09-11T17:07:43.339273+04:00,16.3
3826,7683,15015819879000,994.0,1.00,106298.406,107062.543,1789132063353.169,2026-09-11T17:07:43.353169+04:00,16.3
3827,7684,15015833772000,994.0,1.00,106312.299,107076.436,1789132063367.062,2026-09-11T17:07:43.367062+04:00,16.2
3828,7688,15015889344000,994.0,1.00,106367.871,107132.008,1789132063422.634,2026-09-11T17:07:43.422634+04:00,16.2
3829,7689,15015903239000,994.0,1.00,106381.766,107145.903,1789132063436.529,2026-09-11T17:07:43.436529+04:00,16.2
3830,7690,15015917132000,994.0,1.00,106395.659,107159.796,1789132063450.422,2026-09-11T17:07:43.450422+04:00,16.3
3831,7694,15015972706000,994.0,1.00,106451.233,107215.370,1789132063505.996,2026-09-11T17:07:43.505996+04:00,16.3
3832,7695,15015986598000,994.0,1.00,106465.125,107229.262,1789132063519.888,2026-09-11T17:07:43.519888+04:00,16.4
3833,7696,15016000491000,994.0,1.00,106479.018,107243.155,1789132063533.781,2026-09-11T17:07:43.533781+04:00,16.4
3834,7700,15016056065000,994.0,1.00,106534.592,107298.729,1789132063589.355,2026-09-11T17:07:43.589355+04:00,16.5
3835,7701,15016069958000,994.0,1.00,106548.485,107312.622,1789132063603.248,2026-09-11T17:07:43.603248+04:00,16.6
3836,7702,15016083852000,994.0,1.00,106562.379,107326.516,1789132063617.142,2026-09-11T17:07:43.617142+04:00,16.6
3837,7706,15016139425000,994.0,1.00,106617.952,107382.089,1789132063672.715,2026-09-11T17:07:43.672715+04:00,16.9
3838,7707,15016153319000,994.0,1.00,106631.846,107395.983,1789132063686.609,2026-09-11T17:07:43.686609+04:00,16.9
3839,7708,15016167212000,994.0,1.00,106645.739,107409.876,1789132063700.502,2026-09-11T17:07:43.700502+04:00,17.0
3840,7712,15016222788000,994.0,1.00,106701.315,107465.452,1789132063756.078,2026-09-11T17:07:43.756078+04:00,17.2
3841,7713,15016236681000,994.0,1.00,106715.208,107479.345,1789132063769.971,2026-09-11T17:07:43.769971+04:00,17.2
3842,7714,15016250573000,994.0,1.00,106729.100,107493.237,1789132063783.863,2026-09-11T17:07:43.783863+04:00,17.1
3843,7718,15016306148000,994.0,1.00,106784.675,107548.812,1789132063839.438,2026-09-11T17:07:43.839438+04:00,16.9
3844,7719,15016320041000,994.0,1.00,106798.568,107562.705,1789132063853.331,2026-09-11T17:07:43.853331+04:00,16.7
3845,7720,15016333934000,994.0,1.00,106812.461,107576.598,1789132063867.224,2026-09-11T17:07:43.867224+04:00,16.7
3846,7724,15016389507000,994.0,1.00,106868.034,107632.171,1789132063922.797,2026-09-11T17:07:43.922797+04:00,16.4
3847,7725,15016403400000,994.0,1.00,106881.927,107646.064,1789132063936.690,2026-09-11T17:07:43.936690+04:00,16.3
3848,7726,15016417294000,994.0,1.00,106895.821,107659.958,1789132063950.584,2026-09-11T17:07:43.950584+04:00,16.3
3849,7730,15016472868000,994.0,1.00,106951.395,107715.532,1789132064006.158,2026-09-11T17:07:44.006158+04:00,16.1
3850,7731,15016486761000,994.0,1.00,106965.288,107729.425,1789132064020.051,2026-09-11T17:07:44.020051+04:00,16.0
3851,7732,15016500654000,994.0,1.00,106979.181,107743.318,1789132064033.944,2026-09-11T17:07:44.033944+04:00,16.0
3852,7736,15016556228000,994.0,1.00,107034.755,107798.892,1789132064089.518,2026-09-11T17:07:44.089518+04:00,16.0
3853,7737,15016570122000,994.0,1.00,107048.649,107812.786,1789132064103.412,2026-09-11T17:07:44.103412+04:00,16.0
3854,7738,15016584018000,994.0,1.00,107062.545,107826.682,1789132064117.308,2026-09-11T17:07:44.117308+04:00,16.0
3855,7742,15016639591000,994.0,1.00,107118.118,107882.255,1789132064172.881,2026-09-11T17:07:44.172881+04:00,16.2
3856,7743,15016653490000,994.0,1.00,107132.017,107896.154,1789132064186.780,2026-09-11T17:07:44.186780+04:00,16.3
3857,7744,15016667376000,994.0,1.00,107145.903,107910.040,1789132064200.666,2026-09-11T17:07:44.200666+04:00,16.4
3858,7748,15016722951000,994.0,1.00,107201.478,107965.615,1789132064256.241,2026-09-11T17:07:44.256241+04:00,16.7
3859,7749,15016736843000,994.0,1.00,107215.370,107979.507,1789132064270.133,2026-09-11T17:07:44.270133+04:00,16.7
3860,7750,15016750736000,994.0,1.00,107229.263,107993.400,1789132064284.026,2026-09-11T17:07:44.284026+04:00,16.8
3861,7754,15016806311000,994.0,1.00,107284.838,108048.975,1789132064339.601,2026-09-11T17:07:44.339601+04:00,16.9
3862,7755,15016820204000,994.0,1.00,107298.731,108062.868,1789132064353.494,2026-09-11T17:07:44.353494+04:00,16.9
3863,7756,15016834096000,994.0,1.00,107312.623,108076.760,1789132064367.386,2026-09-11T17:07:44.367386+04:00,16.9
3864,7760,15016889672000,994.0,1.00,107368.199,108132.336,1789132064422.962,2026-09-11T17:07:44.422962+04:00,16.8
3865,7761,15016903563000,994.0,1.00,107382.090,108146.227,1789132064436.853,2026-09-11T17:07:44.436853+04:00,16.7
3866,7762,15016917457000,994.0,1.00,107395.984,108160.121,1789132064450.747,2026-09-11T17:07:44.450747+04:00,16.7
3867,7766,15016973032000,994.0,1.00,107451.559,108215.696,1789132064506.322,2026-09-11T17:07:44.506322+04:00,16.6
3868,7767,15016986925000,994.0,1.00,107465.452,108229.589,1789132064520.215,2026-09-11T17:07:44.520215+04:00,16.6
3869,7768,15017000817000,994.0,1.00,107479.344,108243.481,1789132064534.107,2026-09-11T17:07:44.534107+04:00,16.6
3870,7772,15017056393000,994.0,1.00,107534.920,108299.057,1789132064589.683,2026-09-11T17:07:44.589683+04:00,16.5
3871,7773,15017070287000,994.0,1.00,107548.814,108312.951,1789132064603.577,2026-09-11T17:07:44.603577+04:00,16.5
3872,7774,15017084178000,994.0,1.00,107562.705,108326.842,1789132064617.468,2026-09-11T17:07:44.617468+04:00,16.4
3873,7778,15017139757000,994.0,1.00,107618.284,108382.421,1789132064673.047,2026-09-11T17:07:44.673047+04:00,16.4
3874,7779,15017153646000,994.0,1.00,107632.173,108396.310,1789132064686.936,2026-09-11T17:07:44.686936+04:00,16.3
3875,7780,15017167539000,994.0,1.00,107646.066,108410.203,1789132064700.829,2026-09-11T17:07:44.700829+04:00,16.3
3876,7784,15017223116000,994.0,1.00,107701.643,108465.780,1789132064756.406,2026-09-11T17:07:44.756406+04:00,16.2
3877,7785,15017237006000,994.0,1.00,107715.533,108479.670,1789132064770.296,2026-09-11T17:07:44.770296+04:00,16.2
3878,7786,15017250900000,994.0,1.00,107729.427,108493.564,1789132064784.190,2026-09-11T17:07:44.784190+04:00,16.2
3879,7790,15017306477000,994.0,1.00,107785.004,108549.141,1789132064839.767,2026-09-11T17:07:44.839767+04:00,16.2
3880,7791,15017320366000,994.0,1.00,107798.893,108563.030,1789132064853.656,2026-09-11T17:07:44.853656+04:00,16.1
3881,7792,15017334261000,994.0,1.00,107812.788,108576.925,1789132064867.551,2026-09-11T17:07:44.867551+04:00,16.1
3882,7796,15017389834000,994.0,1.00,107868.361,108632.498,1789132064923.124,2026-09-11T17:07:44.923124+04:00,16.1
3883,7797,15017403727000,994.0,1.00,107882.254,108646.391,1789132064937.017,2026-09-11T17:07:44.937017+04:00,16.1
3884,7798,15017417621000,994.0,1.00,107896.148,108660.285,1789132064950.911,2026-09-11T17:07:44.950911+04:00,16.1
3885,7802,15017473194000,994.0,1.00,107951.721,108715.858,1789132065006.484,2026-09-11T17:07:45.006484+04:00,16.0
3886,7803,15017487087000,994.0,1.00,107965.614,108729.751,1789132065020.377,2026-09-11T17:07:45.020377+04:00,16.0
3887,7804,15017500982000,994.0,1.00,107979.509,108743.646,1789132065034.272,2026-09-11T17:07:45.034272+04:00,16.0
3888,7808,15017556554000,994.0,1.00,108035.081,108799.218,1789132065089.844,2026-09-11T17:07:45.089844+04:00,16.0
3889,7809,15017570448000,994.0,1.00,108048.975,108813.112,1789132065103.738,2026-09-11T17:07:45.103738+04:00,16.0
3890,7810,15017584338000,994.0,1.00,108062.865,108827.002,1789132065117.628,2026-09-11T17:07:45.117628+04:00,16.0
3891,7814,15017639915000,994.0,1.00,108118.442,108882.579,1789132065173.205,2026-09-11T17:07:45.173205+04:00,16.0
3892,7815,15017653810000,994.0,1.00,108132.337,108896.474,1789132065187.100,2026-09-11T17:07:45.187100+04:00,16.0
3893,7816,15017667701000,994.0,1.00,108146.228,108910.365,1789132065200.991,2026-09-11T17:07:45.200991+04:00,16.0
3894,7820,15017723278000,994.0,1.00,108201.805,108965.942,1789132065256.568,2026-09-11T17:07:45.256568+04:00,16.0
3895,7821,15017737168000,994.0,1.00,108215.695,108979.832,1789132065270.458,2026-09-11T17:07:45.270458+04:00,16.0
3896,7822,15017751060000,994.0,1.00,108229.587,108993.724,1789132065284.350,2026-09-11T17:07:45.284350+04:00,16.0
3897,7826,15017806639000,994.0,1.00,108285.166,109049.303,1789132065339.929,2026-09-11T17:07:45.339929+04:00,16.0
3898,7827,15017820529000,994.0,1.00,108299.056,109063.193,1789132065353.819,2026-09-11T17:07:45.353819+04:00,16.0
3899,7828,15017834422000,994.0,1.00,108312.949,109077.086,1789132065367.712,2026-09-11T17:07:45.367712+04:00,16.0
3900,7832,15017889995000,994.0,1.00,108368.522,109132.659,1789132065423.285,2026-09-11T17:07:45.423285+04:00,16.0
3901,7833,15017903892000,994.0,1.00,108382.419,109146.556,1789132065437.182,2026-09-11T17:07:45.437182+04:00,16.0
3902,7834,15017917782000,994.0,1.00,108396.309,109160.446,1789132065451.072,2026-09-11T17:07:45.451072+04:00,16.0
3903,7838,15017973355000,994.0,1.00,108451.882,109216.019,1789132065506.645,2026-09-11T17:07:45.506645+04:00,16.0
3904,7839,15017987250000,994.0,1.00,108465.777,109229.914,1789132065520.540,2026-09-11T17:07:45.520540+04:00,16.0
3905,7840,15018001144000,994.0,1.00,108479.671,109243.808,1789132065534.434,2026-09-11T17:07:45.534434+04:00,16.0
3906,7844,15018056715000,994.0,1.00,108535.242,109299.379,1789132065590.005,2026-09-11T17:07:45.590005+04:00,15.9
3907,7845,15018070612000,994.0,1.00,108549.139,109313.276,1789132065603.902,2026-09-11T17:07:45.603902+04:00,15.9
3908,7846,15018084503000,994.0,1.00,108563.030,109327.167,1789132065617.793,2026-09-11T17:07:45.617793+04:00,15.9
3909,7850,15018140077000,994.0,1.00,108618.604,109382.741,1789132065673.367,2026-09-11T17:07:45.673367+04:00,15.9
3910,7851,15018153971000,994.0,1.00,108632.498,109396.635,1789132065687.261,2026-09-11T17:07:45.687261+04:00,15.9
3911,7852,15018167862000,994.0,1.00,108646.389,109410.526,1789132065701.152,2026-09-11T17:07:45.701152+04:00,15.9
3912,7856,15018223441000,994.0,1.00,108701.968,109466.105,1789132065756.731,2026-09-11T17:07:45.756731+04:00,15.9
3913,7857,15018237331000,994.0,1.00,108715.858,109479.995,1789132065770.621,2026-09-11T17:07:45.770621+04:00,15.9
3914,7858,15018251224000,994.0,1.00,108729.751,109493.888,1789132065784.514,2026-09-11T17:07:45.784514+04:00,15.9
3915,7862,15018306802000,994.0,1.00,108785.329,109549.466,1789132065840.092,2026-09-11T17:07:45.840092+04:00,15.9
3916,7863,15018320691000,994.0,1.00,108799.218,109563.355,1789132065853.981,2026-09-11T17:07:45.853981+04:00,15.9
3917,7864,15018334584000,994.0,1.00,108813.111,109577.248,1789132065867.874,2026-09-11T17:07:45.867874+04:00,15.9
3918,7868,15018390163000,994.0,1.00,108868.690,109632.827,1789132065923.453,2026-09-11T17:07:45.923453+04:00,15.9
3919,7869,15018404051000,994.0,1.00,108882.578,109646.715,1789132065937.341,2026-09-11T17:07:45.937341+04:00,15.9
3920,7870,15018417946000,994.0,1.00,108896.473,109660.610,1789132065951.236,2026-09-11T17:07:45.951236+04:00,15.9
3921,7874,15018473518000,994.0,1.00,108952.045,109716.182,1789132066006.808,2026-09-11T17:07:46.006808+04:00,15.9
3922,7875,15018487413000,994.0,1.00,108965.940,109730.077,1789132066020.703,2026-09-11T17:07:46.020703+04:00,15.9
3923,7876,15018501306000,994.0,1.00,108979.833,109743.970,1789132066034.596,2026-09-11T17:07:46.034596+04:00,15.9
3924,7880,15018556878000,994.0,1.00,109035.405,109799.542,1789132066090.168,2026-09-11T17:07:46.090168+04:00,15.9
3925,7881,15018570775000,994.0,1.00,109049.302,109813.439,1789132066104.065,2026-09-11T17:07:46.104065+04:00,15.9
3926,7882,15018584665000,994.0,1.00,109063.192,109827.329,1789132066117.955,2026-09-11T17:07:46.117955+04:00,15.9
3927,7886,15018640241000,994.0,1.00,109118.768,109882.905,1789132066173.531,2026-09-11T17:07:46.173531+04:00,15.9
3928,7887,15018654134000,994.0,1.00,109132.661,109896.798,1789132066187.424,2026-09-11T17:07:46.187424+04:00,15.9
3929,7888,15018668028000,994.0,1.00,109146.555,109910.692,1789132066201.318,2026-09-11T17:07:46.201318+04:00,15.9
3930,7892,15018723601000,994.0,1.00,109202.128,109966.265,1789132066256.891,2026-09-11T17:07:46.256891+04:00,15.9
3931,7893,15018737493000,994.0,1.00,109216.020,109980.157,1789132066270.783,2026-09-11T17:07:46.270783+04:00,15.9
3932,7894,15018751386000,994.0,1.00,109229.913,109994.050,1789132066284.676,2026-09-11T17:07:46.284676+04:00,15.9
3933,7898,15018806963000,994.0,1.00,109285.490,110049.627,1789132066340.253,2026-09-11T17:07:46.340253+04:00,15.9
3934,7899,15018820852000,994.0,1.00,109299.379,110063.516,1789132066354.142,2026-09-11T17:07:46.354142+04:00,15.9
3935,7900,15018834746000,994.0,1.00,109313.273,110077.410,1789132066368.036,2026-09-11T17:07:46.368036+04:00,15.9
3936,7904,15018890324000,994.0,1.00,109368.851,110132.988,1789132066423.614,2026-09-11T17:07:46.423614+04:00,15.9
3937,7905,15018904213000,994.0,1.00,109382.740,110146.877,1789132066437.503,2026-09-11T17:07:46.437503+04:00,15.9
3938,7906,15018918107000,994.0,1.00,109396.634,110160.771,1789132066451.397,2026-09-11T17:07:46.451397+04:00,15.9
3939,7910,15018973680000,994.0,1.00,109452.207,110216.344,1789132066506.970,2026-09-11T17:07:46.506970+04:00,15.9
3940,7911,15018987575000,994.0,1.00,109466.102,110230.239,1789132066520.865,2026-09-11T17:07:46.520865+04:00,15.9
3941,7912,15019001468000,994.0,1.00,109479.995,110244.132,1789132066534.758,2026-09-11T17:07:46.534758+04:00,15.9
3942,7916,15019057041000,994.0,1.00,109535.568,110299.705,1789132066590.331,2026-09-11T17:07:46.590331+04:00,15.9
3943,7917,15019070935000,994.0,1.00,109549.462,110313.599,1789132066604.225,2026-09-11T17:07:46.604225+04:00,15.9
3944,7918,15019084828000,994.0,1.00,109563.355,110327.492,1789132066618.118,2026-09-11T17:07:46.618118+04:00,15.9
3945,7922,15019140402000,994.0,1.00,109618.929,110383.066,1789132066673.692,2026-09-11T17:07:46.673692+04:00,15.8
3946,7923,15019154296000,994.0,1.00,109632.823,110396.960,1789132066687.586,2026-09-11T17:07:46.687586+04:00,15.8
3947,7924,15019168188000,994.0,1.00,109646.715,110410.852,1789132066701.478,2026-09-11T17:07:46.701478+04:00,15.8
3948,7928,15019223763000,994.0,1.00,109702.290,110466.427,1789132066757.053,2026-09-11T17:07:46.757053+04:00,15.8
3949,7929,15019237656000,994.0,1.00,109716.183,110480.320,1789132066770.946,2026-09-11T17:07:46.770946+04:00,15.8
3950,7930,15019251548000,994.0,1.00,109730.075,110494.212,1789132066784.838,2026-09-11T17:07:46.784838+04:00,15.8
3951,7934,15019307124000,994.0,1.00,109785.651,110549.788,1789132066840.414,2026-09-11T17:07:46.840414+04:00,15.8
3952,7935,15019321015000,994.0,1.00,109799.542,110563.679,1789132066854.305,2026-09-11T17:07:46.854305+04:00,15.8
3953,7936,15019334908000,994.0,1.00,109813.435,110577.572,1789132066868.198,2026-09-11T17:07:46.868198+04:00,15.8
3954,7940,15019390487000,994.0,1.00,109869.014,110633.151,1789132066923.777,2026-09-11T17:07:46.923777+04:00,15.8
3955,7941,15019404376000,994.0,1.00,109882.903,110647.040,1789132066937.666,2026-09-11T17:07:46.937666+04:00,15.8
3956,7942,15019418269000,994.0,1.00,109896.796,110660.933,1789132066951.559,2026-09-11T17:07:46.951559+04:00,15.8
3957,7946,15019473848000,994.0,1.00,109952.375,110716.512,1789132067007.138,2026-09-11T17:07:47.007138+04:00,15.8
3958,7947,15019487735000,994.0,1.00,109966.262,110730.399,1789132067021.025,2026-09-11T17:07:47.021025+04:00,15.8
3959,7948,15019501630000,994.0,1.00,109980.157,110744.294,1789132067034.920,2026-09-11T17:07:47.034920+04:00,15.8
3960,7952,15019557203000,994.0,1.00,110035.730,110799.867,1789132067090.493,2026-09-11T17:07:47.090493+04:00,15.8
3961,7953,15019571097000,994.0,1.00,110049.624,110813.761,1789132067104.387,2026-09-11T17:07:47.104387+04:00,15.8
3962,7954,15019584990000,994.0,1.00,110063.517,110827.654,1789132067118.280,2026-09-11T17:07:47.118280+04:00,15.8
3963,7958,15019640564000,994.0,1.00,110119.091,110883.228,1789132067173.854,2026-09-11T17:07:47.173854+04:00,15.8
3964,7959,15019654458000,994.0,1.00,110132.985,110897.122,1789132067187.748,2026-09-11T17:07:47.187748+04:00,15.8
3965,7960,15019668351000,994.0,1.00,110146.878,110911.015,1789132067201.641,2026-09-11T17:07:47.201641+04:00,15.8
3966,7964,15019723924000,994.0,1.00,110202.451,110966.588,1789132067257.214,2026-09-11T17:07:47.257214+04:00,15.8
3967,7965,15019737818000,994.0,1.00,110216.345,110980.482,1789132067271.108,2026-09-11T17:07:47.271108+04:00,15.8
3968,7966,15019751710000,994.0,1.00,110230.237,110994.374,1789132067285.000,2026-09-11T17:07:47.285000+04:00,15.8
3969,7970,15019807287000,994.0,1.00,110285.814,111049.951,1789132067340.577,2026-09-11T17:07:47.340577+04:00,15.8
3970,7971,15019821178000,994.0,1.00,110299.705,111063.842,1789132067354.468,2026-09-11T17:07:47.354468+04:00,15.8
3971,7972,15019835072000,994.0,1.00,110313.599,111077.736,1789132067368.362,2026-09-11T17:07:47.368362+04:00,15.8
3972,7976,15019890647000,994.0,1.00,110369.174,111133.311,1789132067423.937,2026-09-11T17:07:47.423937+04:00,15.8
3973,7977,15019904539000,994.0,1.00,110383.066,111147.203,1789132067437.829,2026-09-11T17:07:47.437829+04:00,15.8
3974,7978,15019918431000,994.0,1.00,110396.958,111161.095,1789132067451.721,2026-09-11T17:07:47.451721+04:00,15.8
3975,7982,15019974006000,994.0,1.00,110452.533,111216.670,1789132067507.296,2026-09-11T17:07:47.507296+04:00,15.8
3976,7983,15019987899000,994.0,1.00,110466.426,111230.563,1789132067521.189,2026-09-11T17:07:47.521189+04:00,15.8
3977,7984,15020001792000,994.0,1.00,110480.319,111244.456,1789132067535.082,2026-09-11T17:07:47.535082+04:00,15.8
3978,7988,15020057365000,994.0,1.00,110535.892,111300.029,1789132067590.655,2026-09-11T17:07:47.590655+04:00,15.8
3979,7989,15020071259000,994.0,1.00,110549.786,111313.923,1789132067604.549,2026-09-11T17:07:47.604549+04:00,15.8
3980,7990,15020085152000,994.0,1.00,110563.679,111327.816,1789132067618.442,2026-09-11T17:07:47.618442+04:00,15.8
3981,7994,15020140726000,994.0,1.00,110619.253,111383.390,1789132067674.016,2026-09-11T17:07:47.674016+04:00,15.8
3982,7995,15020154621000,994.0,1.00,110633.148,111397.285,1789132067687.911,2026-09-11T17:07:47.687911+04:00,15.8
3983,7996,15020168513000,994.0,1.00,110647.040,111411.177,1789132067701.803,2026-09-11T17:07:47.701803+04:00,15.8
3984,8000,15020224087000,994.0,1.00,110702.614,111466.751,1789132067757.377,2026-09-11T17:07:47.757377+04:00,15.8
3985,8001,15020237980000,994.0,1.00,110716.507,111480.644,1789132067771.270,2026-09-11T17:07:47.771270+04:00,15.8
3986,8002,15020251872000,994.0,1.00,110730.399,111494.536,1789132067785.162,2026-09-11T17:07:47.785162+04:00,15.8
3987,8006,15020307449000,994.0,1.00,110785.976,111550.113,1789132067840.739,2026-09-11T17:07:47.840739+04:00,15.8
3988,8007,15020321340000,994.0,1.00,110799.867,111564.004,1789132067854.630,2026-09-11T17:07:47.854630+04:00,15.8
3989,8008,15020335233000,994.0,1.00,110813.760,111577.897,1789132067868.523,2026-09-11T17:07:47.868523+04:00,15.8
3990,8012,15020390809000,994.0,1.00,110869.336,111633.473,1789132067924.099,2026-09-11T17:07:47.924099+04:00,15.8
3991,8013,15020404701000,994.0,1.00,110883.228,111647.365,1789132067937.991,2026-09-11T17:07:47.937991+04:00,15.8
3992,8014,15020418594000,994.0,1.00,110897.121,111661.258,1789132067951.884,2026-09-11T17:07:47.951884+04:00,15.8
3993,8018,15020474167000,994.0,1.00,110952.694,111716.831,1789132068007.457,2026-09-11T17:07:48.007457+04:00,15.8
3994,8019,15020488061000,994.0,1.00,110966.588,111730.725,1789132068021.351,2026-09-11T17:07:48.021351+04:00,15.8
3995,8020,15020501955000,994.0,1.00,110980.482,111744.619,1789132068035.245,2026-09-11T17:07:48.035245+04:00,15.8
3996,8024,15020557527000,994.0,1.00,111036.054,111800.191,1789132068090.817,2026-09-11T17:07:48.090817+04:00,15.8
3997,8025,15020571422000,994.0,1.00,111049.949,111814.086,1789132068104.712,2026-09-11T17:07:48.104712+04:00,15.8
3998,8026,15020585318000,994.0,1.00,111063.845,111827.982,1789132068118.608,2026-09-11T17:07:48.118608+04:00,15.8
3999,8030,15020640888000,994.0,1.00,111119.415,111883.552,1789132068174.178,2026-09-11T17:07:48.174178+04:00,15.8
4000,8031,15020654782000,994.0,1.00,111133.309,111897.446,1789132068188.072,2026-09-11T17:07:48.188072+04:00,15.8
4001,8032,15020668675000,994.0,1.00,111147.202,111911.339,1789132068201.965,2026-09-11T17:07:48.201965+04:00,15.8
4002,8036,15020724249000,994.0,1.00,111202.776,111966.913,1789132068257.539,2026-09-11T17:07:48.257539+04:00,15.8
4003,8037,15020738142000,994.0,1.00,111216.669,111980.806,1789132068271.432,2026-09-11T17:07:48.271432+04:00,15.8
4004,8038,15020752035000,994.0,1.00,111230.562,111994.699,1789132068285.325,2026-09-11T17:07:48.285325+04:00,15.8
4005,8042,15020807610000,994.0,1.00,111286.137,112050.274,1789132068340.900,2026-09-11T17:07:48.340900+04:00,15.8
4006,8043,15020821505000,994.0,1.00,111300.032,112064.169,1789132068354.795,2026-09-11T17:07:48.354795+04:00,15.8
4007,8044,15020835397000,994.0,1.00,111313.924,112078.061,1789132068368.687,2026-09-11T17:07:48.368687+04:00,15.8
4008,8048,15020890975000,994.0,1.00,111369.502,112133.639,1789132068424.265,2026-09-11T17:07:48.424265+04:00,15.8
4009,8049,15020904865000,994.0,1.00,111383.392,112147.529,1789132068438.155,2026-09-11T17:07:48.438155+04:00,15.8
4010,8050,15020918759000,994.0,1.00,111397.286,112161.423,1789132068452.049,2026-09-11T17:07:48.452049+04:00,15.8
4011,8054,15020974337000,994.0,1.00,111452.864,112217.001,1789132068507.627,2026-09-11T17:07:48.507627+04:00,15.8
4012,8055,15020988232000,994.0,1.00,111466.759,112230.896,1789132068521.522,2026-09-11T17:07:48.521522+04:00,15.8
4013,8056,15021002120000,994.0,1.00,111480.647,112244.784,1789132068535.410,2026-09-11T17:07:48.535410+04:00,15.8
4014,8060,15021057694000,994.0,1.00,111536.221,112300.358,1789132068590.984,2026-09-11T17:07:48.590984+04:00,15.8
4015,8061,15021071587000,994.0,1.00,111550.114,112314.251,1789132068604.877,2026-09-11T17:07:48.604877+04:00,15.8
4016,8062,15021085480000,994.0,1.00,111564.007,112328.144,1789132068618.770,2026-09-11T17:07:48.618770+04:00,15.8
4017,8066,15021141055000,994.0,1.00,111619.582,112383.719,1789132068674.345,2026-09-11T17:07:48.674345+04:00,15.8
4018,8067,15021154947000,994.0,1.00,111633.474,112397.611,1789132068688.237,2026-09-11T17:07:48.688237+04:00,15.8
4019,8068,15021168842000,994.0,1.00,111647.369,112411.506,1789132068702.132,2026-09-11T17:07:48.702132+04:00,15.8
4020,8072,15021224415000,994.0,1.00,111702.942,112467.079,1789132068757.705,2026-09-11T17:07:48.757705+04:00,15.8
4021,8073,15021238307000,994.0,1.00,111716.834,112480.971,1789132068771.597,2026-09-11T17:07:48.771597+04:00,15.8
4022,8074,15021252201000,994.0,1.00,111730.728,112494.865,1789132068785.491,2026-09-11T17:07:48.785491+04:00,15.8
4023,8078,15021307778000,994.0,1.00,111786.305,112550.442,1789132068841.068,2026-09-11T17:07:48.841068+04:00,15.8
4024,8079,15021321668000,994.0,1.00,111800.195,112564.332,1789132068854.958,2026-09-11T17:07:48.854958+04:00,15.8
4025,8080,15021335561000,994.0,1.00,111814.088,112578.225,1789132068868.851,2026-09-11T17:07:48.868851+04:00,15.8
4026,8084,15021391139000,994.0,1.00,111869.666,112633.803,1789132068924.429,2026-09-11T17:07:48.924429+04:00,15.8
4027,8085,15021405028000,994.0,1.00,111883.555,112647.692,1789132068938.318,2026-09-11T17:07:48.938318+04:00,15.8
4028,8086,15021418922000,994.0,1.00,111897.449,112661.586,1789132068952.212,2026-09-11T17:07:48.952212+04:00,15.8
4029,8090,15021474498000,994.0,1.00,111953.025,112717.162,1789132069007.788,2026-09-11T17:07:49.007788+04:00,15.8
4030,8091,15021488388000,994.0,1.00,111966.915,112731.052,1789132069021.678,2026-09-11T17:07:49.021678+04:00,15.8
4031,8092,15021502281000,994.0,1.00,111980.808,112744.945,1789132069035.571,2026-09-11T17:07:49.035571+04:00,15.8
4032,8096,15021557857000,994.0,1.00,112036.384,112800.521,1789132069091.147,2026-09-11T17:07:49.091147+04:00,15.8
4033,8097,15021571749000,994.0,1.00,112050.276,112814.413,1789132069105.039,2026-09-11T17:07:49.105039+04:00,15.8
4034,8098,15021585642000,994.0,1.00,112064.169,112828.306,1789132069118.932,2026-09-11T17:07:49.118932+04:00,15.8
4035,8102,15021641217000,994.0,1.00,112119.744,112883.881,1789132069174.507,2026-09-11T17:07:49.174507+04:00,15.8
4036,8103,15021655110000,994.0,1.00,112133.637,112897.774,1789132069188.400,2026-09-11T17:07:49.188400+04:00,15.8
4037,8104,15021669005000,994.0,1.00,112147.532,112911.669,1789132069202.295,2026-09-11T17:07:49.202295+04:00,15.8
4038,8108,15021724577000,994.0,1.00,112203.104,112967.241,1789132069257.867,2026-09-11T17:07:49.257867+04:00,15.8
4039,8109,15021738471000,994.0,1.00,112216.998,112981.135,1789132069271.761,2026-09-11T17:07:49.271761+04:00,15.8
4040,8110,15021752364000,994.0,1.00,112230.891,112995.028,1789132069285.654,2026-09-11T17:07:49.285654+04:00,15.8
4041,8114,15021807941000,994.0,1.00,112286.468,113050.605,1789132069341.231,2026-09-11T17:07:49.341231+04:00,15.8
4042,8115,15021821831000,994.0,1.00,112300.358,113064.495,1789132069355.121,2026-09-11T17:07:49.355121+04:00,15.8
4043,8116,15021835725000,994.0,1.00,112314.252,113078.389,1789132069369.015,2026-09-11T17:07:49.369015+04:00,15.8
4044,8120,15021891299000,994.0,1.00,112369.826,113133.963,1789132069424.589,2026-09-11T17:07:49.424589+04:00,15.8
4045,8121,15021905190000,994.0,1.00,112383.717,113147.854,1789132069438.480,2026-09-11T17:07:49.438480+04:00,15.8
4046,8122,15021919084000,994.0,1.00,112397.611,113161.748,1789132069452.374,2026-09-11T17:07:49.452374+04:00,15.8
4047,8126,15021974660000,994.0,1.00,112453.187,113217.324,1789132069507.950,2026-09-11T17:07:49.507950+04:00,15.8
4048,8127,15021988551000,994.0,1.00,112467.078,113231.215,1789132069521.841,2026-09-11T17:07:49.521841+04:00,15.8
4049,8128,15022002445000,994.0,1.00,112480.972,113245.109,1789132069535.735,2026-09-11T17:07:49.535735+04:00,15.8
4050,8132,15022058020000,994.0,1.00,112536.547,113300.684,1789132069591.310,2026-09-11T17:07:49.591310+04:00,15.8
4051,8133,15022071912000,994.0,1.00,112550.439,113314.576,1789132069605.202,2026-09-11T17:07:49.605202+04:00,15.8
4052,8134,15022085805000,994.0,1.00,112564.332,113328.469,1789132069619.095,2026-09-11T17:07:49.619095+04:00,15.8
4053,8138,15022141379000,994.0,1.00,112619.906,113384.043,1789132069674.669,2026-09-11T17:07:49.674669+04:00,15.8
4054,8139,15022155273000,994.0,1.00,112633.800,113397.937,1789132069688.563,2026-09-11T17:07:49.688563+04:00,15.8
4055,8140,15022169166000,994.0,1.00,112647.693,113411.830,1789132069702.456,2026-09-11T17:07:49.702456+04:00,15.8
4056,8144,15022224739000,994.0,1.00,112703.266,113467.403,1789132069758.029,2026-09-11T17:07:49.758029+04:00,15.8
4057,8145,15022238633000,994.0,1.00,112717.160,113481.297,1789132069771.923,2026-09-11T17:07:49.771923+04:00,15.8
4058,8146,15022252527000,994.0,1.00,112731.054,113495.191,1789132069785.817,2026-09-11T17:07:49.785817+04:00,15.8
4059,8150,15022308100000,994.0,1.00,112786.627,113550.764,1789132069841.390,2026-09-11T17:07:49.841390+04:00,15.8
4060,8151,15022321993000,994.0,1.00,112800.520,113564.657,1789132069855.283,2026-09-11T17:07:49.855283+04:00,15.8
4061,8152,15022335887000,994.0,1.00,112814.414,113578.551,1789132069869.177,2026-09-11T17:07:49.869177+04:00,15.8
4062,8156,15022391461000,994.0,1.00,112869.988,113634.125,1789132069924.751,2026-09-11T17:07:49.924751+04:00,15.8
4063,8157,15022405353000,994.0,1.00,112883.880,113648.017,1789132069938.643,2026-09-11T17:07:49.938643+04:00,15.8
4064,8158,15022419247000,994.0,1.00,112897.774,113661.911,1789132069952.537,2026-09-11T17:07:49.952537+04:00,15.8
4065,8162,15022474822000,994.0,1.00,112953.349,113717.486,1789132070008.112,2026-09-11T17:07:50.008112+04:00,15.8
4066,8163,15022488716000,994.0,1.00,112967.243,113731.380,1789132070022.006,2026-09-11T17:07:50.022006+04:00,15.8
4067,8164,15022502607000,994.0,1.00,112981.134,113745.271,1789132070035.897,2026-09-11T17:07:50.035897+04:00,15.8
4068,8168,15022558183000,994.0,1.00,113036.710,113800.847,1789132070091.473,2026-09-11T17:07:50.091473+04:00,15.8
4069,8169,15022572074000,994.0,1.00,113050.601,113814.738,1789132070105.364,2026-09-11T17:07:50.105364+04:00,15.8
4070,8170,15022585967000,994.0,1.00,113064.494,113828.631,1789132070119.257,2026-09-11T17:07:50.119257+04:00,15.8
4071,8174,15022641543000,994.0,1.00,113120.070,113884.207,1789132070174.833,2026-09-11T17:07:50.174833+04:00,15.8
4072,8175,15022655433000,994.0,1.00,113133.960,113898.097,1789132070188.723,2026-09-11T17:07:50.188723+04:00,15.8
4073,8176,15022669327000,994.0,1.00,113147.854,113911.991,1789132070202.617,2026-09-11T17:07:50.202617+04:00,15.8
4074,8180,15022724902000,994.0,1.00,113203.429,113967.566,1789132070258.192,2026-09-11T17:07:50.258192+04:00,15.8
4075,8181,15022738793000,994.0,1.00,113217.320,113981.457,1789132070272.083,2026-09-11T17:07:50.272083+04:00,15.8
4076,8182,15022752689000,994.0,1.00,113231.216,113995.353,1789132070285.979,2026-09-11T17:07:50.285979+04:00,15.8
4077,8186,15022808261000,994.0,1.00,113286.788,114050.925,1789132070341.551,2026-09-11T17:07:50.341551+04:00,15.8
4078,8187,15022822154000,994.0,1.00,113300.681,114064.818,1789132070355.444,2026-09-11T17:07:50.355444+04:00,15.8
4079,8188,15022836047000,994.0,1.00,113314.574,114078.711,1789132070369.337,2026-09-11T17:07:50.369337+04:00,15.8
4080,8192,15022891623000,994.0,1.00,113370.150,114134.287,1789132070424.913,2026-09-11T17:07:50.424913+04:00,15.8
4081,8193,15022905515000,994.0,1.00,113384.042,114148.179,1789132070438.805,2026-09-11T17:07:50.438805+04:00,15.8
4082,8194,15022919409000,994.0,1.00,113397.936,114162.073,1789132070452.699,2026-09-11T17:07:50.452699+04:00,15.8
4083,8198,15022974982000,994.0,1.00,113453.509,114217.646,1789132070508.272,2026-09-11T17:07:50.508272+04:00,15.8
4084,8199,15022988876000,994.0,1.00,113467.403,114231.540,1789132070522.166,2026-09-11T17:07:50.522166+04:00,15.8
4085,8200,15023002769000,994.0,1.00,113481.296,114245.433,1789132070536.059,2026-09-11T17:07:50.536059+04:00,15.8
4086,8204,15023058342000,994.0,1.00,113536.869,114301.006,1789132070591.632,2026-09-11T17:07:50.591632+04:00,15.8
4087,8205,15023072235000,994.0,1.00,113550.762,114314.899,1789132070605.525,2026-09-11T17:07:50.605525+04:00,15.8
4088,8206,15023086129000,994.0,1.00,113564.656,114328.793,1789132070619.419,2026-09-11T17:07:50.619419+04:00,15.8
4089,8210,15023141703000,994.0,1.00,113620.230,114384.367,1789132070674.993,2026-09-11T17:07:50.674993+04:00,15.8
4090,8211,15023155597000,994.0,1.00,113634.124,114398.261,1789132070688.887,2026-09-11T17:07:50.688887+04:00,15.8
4091,8212,15023169489000,994.0,1.00,113648.016,114412.153,1789132070702.779,2026-09-11T17:07:50.702779+04:00,15.8
4092,8216,15023225063000,994.0,1.00,113703.590,114467.727,1789132070758.353,2026-09-11T17:07:50.758353+04:00,15.8
4093,8217,15023238957000,994.0,1.00,113717.484,114481.621,1789132070772.247,2026-09-11T17:07:50.772247+04:00,15.8
4094,8218,15023252850000,994.0,1.00,113731.377,114495.514,1789132070786.140,2026-09-11T17:07:50.786140+04:00,15.8
4095,8222,15023308426000,994.0,1.00,113786.953,114551.090,1789132070841.716,2026-09-11T17:07:50.841716+04:00,15.8
4096,8223,15023322316000,994.0,1.00,113800.843,114564.980,1789132070855.606,2026-09-11T17:07:50.855606+04:00,15.8
4097,8224,15023336210000,994.0,1.00,113814.737,114578.874,1789132070869.500,2026-09-11T17:07:50.869500+04:00,15.8
4098,8228,15023391786000,994.0,1.00,113870.313,114634.450,1789132070925.076,2026-09-11T17:07:50.925076+04:00,15.8
4099,8229,15023405677000,994.0,1.00,113884.204,114648.341,1789132070938.967,2026-09-11T17:07:50.938967+04:00,15.8
4100,8230,15023419571000,994.0,1.00,113898.098,114662.235,1789132070952.861,2026-09-11T17:07:50.952861+04:00,15.8
4101,8234,15023475145000,994.0,1.00,113953.672,114717.809,1789132071008.435,2026-09-11T17:07:51.008435+04:00,15.8
4102,8235,15023489039000,994.0,1.00,113967.566,114731.703,1789132071022.329,2026-09-11T17:07:51.022329+04:00,15.8
4103,8236,15023502931000,994.0,1.00,113981.458,114745.595,1789132071036.221,2026-09-11T17:07:51.036221+04:00,15.8
4104,8240,15023558506000,994.0,1.00,114037.033,114801.170,1789132071091.796,2026-09-11T17:07:51.091796+04:00,15.8
4105,8241,15023572398000,994.0,1.00,114050.925,114815.062,1789132071105.688,2026-09-11T17:07:51.105688+04:00,15.8
4106,8242,15023586291000,994.0,1.00,114064.818,114828.955,1789132071119.581,2026-09-11T17:07:51.119581+04:00,15.8
4107,8246,15023641865000,994.0,1.00,114120.392,114884.529,1789132071175.155,2026-09-11T17:07:51.175155+04:00,15.8
4108,8247,15023655759000,994.0,1.00,114134.286,114898.423,1789132071189.049,2026-09-11T17:07:51.189049+04:00,15.8
4109,8248,15023669655000,994.0,1.00,114148.182,114912.319,1789132071202.945,2026-09-11T17:07:51.202945+04:00,15.8
4110,8252,15023725226000,994.0,1.00,114203.753,114967.890,1789132071258.516,2026-09-11T17:07:51.258516+04:00,15.8
4111,8253,15023739119000,994.0,1.00,114217.646,114981.783,1789132071272.409,2026-09-11T17:07:51.272409+04:00,15.8
4112,8254,15023753012000,994.0,1.00,114231.539,114995.676,1789132071286.302,2026-09-11T17:07:51.286302+04:00,15.8
4113,8258,15023808587000,994.0,1.00,114287.114,115051.251,1789132071341.877,2026-09-11T17:07:51.341877+04:00,15.8
4114,8259,15023822479000,994.0,1.00,114301.006,115065.143,1789132071355.769,2026-09-11T17:07:51.355769+04:00,15.8
4115,8260,15023836373000,994.0,1.00,114314.900,115079.037,1789132071369.663,2026-09-11T17:07:51.369663+04:00,15.8
4116,8264,15023891949000,994.0,1.00,114370.476,115134.613,1789132071425.239,2026-09-11T17:07:51.425239+04:00,15.8
4117,8265,15023905843000,994.0,1.00,114384.370,115148.507,1789132071439.133,2026-09-11T17:07:51.439133+04:00,15.8
4118,8266,15023919733000,994.0,1.00,114398.260,115162.397,1789132071453.023,2026-09-11T17:07:51.453023+04:00,15.8
4119,8270,15023975308000,994.0,1.00,114453.835,115217.972,1789132071508.598,2026-09-11T17:07:51.508598+04:00,15.8
4120,8271,15023989202000,994.0,1.00,114467.729,115231.866,1789132071522.492,2026-09-11T17:07:51.522492+04:00,15.8
4121,8272,15024003093000,994.0,1.00,114481.620,115245.757,1789132071536.383,2026-09-11T17:07:51.536383+04:00,15.8
4122,8276,15024058670000,994.0,1.00,114537.197,115301.334,1789132071591.960,2026-09-11T17:07:51.591960+04:00,15.8
4123,8277,15024072560000,994.0,1.00,114551.087,115315.224,1789132071605.850,2026-09-11T17:07:51.605850+04:00,15.8
4124,8278,15024086454000,994.0,1.00,114564.981,115329.118,1789132071619.744,2026-09-11T17:07:51.619744+04:00,15.8
4125,8282,15024142032000,994.0,1.00,114620.559,115384.696,1789132071675.322,2026-09-11T17:07:51.675322+04:00,15.8
4126,8283,15024155920000,994.0,1.00,114634.447,115398.584,1789132071689.210,2026-09-11T17:07:51.689210+04:00,15.8
4127,8284,15024169814000,994.0,1.00,114648.341,115412.478,1789132071703.104,2026-09-11T17:07:51.703104+04:00,15.8
4128,8288,15024225389000,994.0,1.00,114703.916,115468.053,1789132071758.679,2026-09-11T17:07:51.758679+04:00,15.8
4129,8289,15024239281000,994.0,1.00,114717.808,115481.945,1789132071772.571,2026-09-11T17:07:51.772571+04:00,15.8
4130,8290,15024253174000,994.0,1.00,114731.701,115495.838,1789132071786.464,2026-09-11T17:07:51.786464+04:00,15.8
4131,8294,15024308749000,994.0,1.00,114787.276,115551.413,1789132071842.039,2026-09-11T17:07:51.842039+04:00,15.8
4132,8295,15024322642000,994.0,1.00,114801.169,115565.306,1789132071855.932,2026-09-11T17:07:51.855932+04:00,15.8
4133,8296,15024336536000,994.0,1.00,114815.063,115579.200,1789132071869.826,2026-09-11T17:07:51.869826+04:00,15.8
4134,8300,15024392111000,994.0,1.00,114870.638,115634.775,1789132071925.401,2026-09-11T17:07:51.925401+04:00,15.8
4135,8301,15024406002000,994.0,1.00,114884.529,115648.666,1789132071939.292,2026-09-11T17:07:51.939292+04:00,15.8
4136,8302,15024419898000,994.0,1.00,114898.425,115662.562,1789132071953.188,2026-09-11T17:07:51.953188+04:00,15.8
4137,8306,15024475470000,994.0,1.00,114953.997,115718.134,1789132072008.760,2026-09-11T17:07:52.008760+04:00,15.8
4138,8307,15024489364000,994.0,1.00,114967.891,115732.028,1789132072022.654,2026-09-11T17:07:52.022654+04:00,15.8
4139,8308,15024503256000,994.0,1.00,114981.783,115745.920,1789132072036.546,2026-09-11T17:07:52.036546+04:00,15.8
4140,8312,15024558831000,994.0,1.00,115037.358,115801.495,1789132072092.121,2026-09-11T17:07:52.092121+04:00,15.8
4141,8313,15024572723000,994.0,1.00,115051.250,115815.387,1789132072106.013,2026-09-11T17:07:52.106013+04:00,15.8
4142,8314,15024586617000,994.0,1.00,115065.144,115829.281,1789132072119.907,2026-09-11T17:07:52.119907+04:00,15.8
4143,8318,15024642192000,994.0,1.00,115120.719,115884.856,1789132072175.482,2026-09-11T17:07:52.175482+04:00,15.8
4144,8319,15024656085000,994.0,1.00,115134.612,115898.749,1789132072189.375,2026-09-11T17:07:52.189375+04:00,15.8
4145,8320,15024669978000,994.0,1.00,115148.505,115912.642,1789132072203.268,2026-09-11T17:07:52.203268+04:00,15.8
4146,8324,15024725553000,994.0,1.00,115204.080,115968.217,1789132072258.843,2026-09-11T17:07:52.258843+04:00,15.8
4147,8325,15024739444000,994.0,1.00,115217.971,115982.108,1789132072272.734,2026-09-11T17:07:52.272734+04:00,15.8
4148,8326,15024753337000,994.0,1.00,115231.864,115996.001,1789132072286.627,2026-09-11T17:07:52.286627+04:00,15.8
4149,8330,15024808914000,994.0,1.00,115287.441,116051.578,1789132072342.204,2026-09-11T17:07:52.342204+04:00,15.8
4150,8331,15024822804000,994.0,1.00,115301.331,116065.468,1789132072356.094,2026-09-11T17:07:52.356094+04:00,15.8
4151,8332,15024836698000,994.0,1.00,115315.225,116079.362,1789132072369.988,2026-09-11T17:07:52.369988+04:00,15.8
4152,8336,15024892273000,994.0,1.00,115370.800,116134.937,1789132072425.563,2026-09-11T17:07:52.425563+04:00,15.8
4153,8337,15024906165000,994.0,1.00,115384.692,116148.829,1789132072439.455,2026-09-11T17:07:52.439455+04:00,15.8
4154,8338,15024920059000,994.0,1.00,115398.586,116162.723,1789132072453.349,2026-09-11T17:07:52.453349+04:00,15.8
4155,8342,15024975634000,994.0,1.00,115454.161,116218.298,1789132072508.924,2026-09-11T17:07:52.508924+04:00,15.8
4156,8343,15024989526000,994.0,1.00,115468.053,116232.190,1789132072522.816,2026-09-11T17:07:52.522816+04:00,15.8
4157,8344,15025003419000,994.0,1.00,115481.946,116246.083,1789132072536.709,2026-09-11T17:07:52.536709+04:00,15.8
4158,8348,15025058994000,994.0,1.00,115537.521,116301.658,1789132072592.284,2026-09-11T17:07:52.592284+04:00,15.8
4159,8349,15025072886000,994.0,1.00,115551.413,116315.550,1789132072606.176,2026-09-11T17:07:52.606176+04:00,15.8
4160,8350,15025086783000,994.0,1.00,115565.310,116329.447,1789132072620.073,2026-09-11T17:07:52.620073+04:00,15.8
4161,8354,15025142354000,994.0,1.00,115620.881,116385.018,1789132072675.644,2026-09-11T17:07:52.675644+04:00,15.8
4162,8355,15025156247000,994.0,1.00,115634.774,116398.911,1789132072689.537,2026-09-11T17:07:52.689537+04:00,15.8
4163,8356,15025170142000,994.0,1.00,115648.669,116412.806,1789132072703.432,2026-09-11T17:07:52.703432+04:00,15.8
4164,8360,15025225714000,994.0,1.00,115704.241,116468.378,1789132072759.004,2026-09-11T17:07:52.759004+04:00,15.8
4165,8361,15025239607000,994.0,1.00,115718.134,116482.271,1789132072772.897,2026-09-11T17:07:52.772897+04:00,15.8
4166,8362,15025253502000,994.0,1.00,115732.029,116496.166,1789132072786.792,2026-09-11T17:07:52.786792+04:00,15.8
4167,8366,15025309075000,994.0,1.00,115787.602,116551.739,1789132072842.365,2026-09-11T17:07:52.842365+04:00,15.8
4168,8367,15025322969000,994.0,1.00,115801.496,116565.633,1789132072856.259,2026-09-11T17:07:52.856259+04:00,15.8
4169,8368,15025336862000,994.0,1.00,115815.389,116579.526,1789132072870.152,2026-09-11T17:07:52.870152+04:00,15.8
4170,8372,15025392437000,994.0,1.00,115870.964,116635.101,1789132072925.727,2026-09-11T17:07:52.925727+04:00,15.8
4171,8373,15025406327000,994.0,1.00,115884.854,116648.991,1789132072939.617,2026-09-11T17:07:52.939617+04:00,15.8
4172,8374,15025420222000,994.0,1.00,115898.749,116662.886,1789132072953.512,2026-09-11T17:07:52.953512+04:00,15.8
4173,8378,15025475797000,994.0,1.00,115954.324,116718.461,1789132073009.087,2026-09-11T17:07:53.009087+04:00,15.8
4174,8379,15025489687000,994.0,1.00,115968.214,116732.351,1789132073022.977,2026-09-11T17:07:53.022977+04:00,15.8
4175,8380,15025503583000,994.0,1.00,115982.110,116746.247,1789132073036.873,2026-09-11T17:07:53.036873+04:00,15.8
4176,8384,15025559154000,994.0,1.00,116037.681,116801.818,1789132073092.444,2026-09-11T17:07:53.092444+04:00,15.8
4177,8385,15025573048000,994.0,1.00,116051.575,116815.712,1789132073106.338,2026-09-11T17:07:53.106338+04:00,15.8
4178,8386,15025586943000,994.0,1.00,116065.470,116829.607,1789132073120.233,2026-09-11T17:07:53.120233+04:00,15.8
4179,8390,15025642514000,994.0,1.00,116121.041,116885.178,1789132073175.804,2026-09-11T17:07:53.175804+04:00,15.8
4180,8391,15025656409000,994.0,1.00,116134.936,116899.073,1789132073189.699,2026-09-11T17:07:53.189699+04:00,15.8
4181,8392,15025670304000,994.0,1.00,116148.831,116912.968,1789132073203.594,2026-09-11T17:07:53.203594+04:00,15.8
4182,8396,15025725876000,994.0,1.00,116204.403,116968.540,1789132073259.166,2026-09-11T17:07:53.259166+04:00,15.8
4183,8397,15025739769000,994.0,1.00,116218.296,116982.433,1789132073273.059,2026-09-11T17:07:53.273059+04:00,15.8
4184,8398,15025753665000,994.0,1.00,116232.192,116996.329,1789132073286.955,2026-09-11T17:07:53.286955+04:00,15.8
4185,8402,15025809236000,994.0,1.00,116287.763,117051.900,1789132073342.526,2026-09-11T17:07:53.342526+04:00,15.8
4186,8403,15025823130000,994.0,1.00,116301.657,117065.794,1789132073356.420,2026-09-11T17:07:53.356420+04:00,15.8
4187,8404,15025837024000,994.0,1.00,116315.551,117079.688,1789132073370.314,2026-09-11T17:07:53.370314+04:00,15.8
4188,8408,15025892599000,994.0,1.00,116371.126,117135.263,1789132073425.889,2026-09-11T17:07:53.425889+04:00,15.8
4189,8409,15025906490000,994.0,1.00,116385.017,117149.154,1789132073439.780,2026-09-11T17:07:53.439780+04:00,15.8
4190,8410,15025920385000,994.0,1.00,116398.912,117163.049,1789132073453.675,2026-09-11T17:07:53.453675+04:00,15.8
4191,8414,15025975958000,994.0,1.00,116454.485,117218.622,1789132073509.248,2026-09-11T17:07:53.509248+04:00,15.8
4192,8415,15025989852000,994.0,1.00,116468.379,117232.516,1789132073523.142,2026-09-11T17:07:53.523142+04:00,15.8
4193,8416,15026003745000,994.0,1.00,116482.272,117246.409,1789132073537.035,2026-09-11T17:07:53.537035+04:00,15.8
4194,8420,15026059319000,994.0,1.00,116537.846,117301.983,1789132073592.609,2026-09-11T17:07:53.592609+04:00,15.8
4195,8421,15026073213000,994.0,1.00,116551.740,117315.877,1789132073606.503,2026-09-11T17:07:53.606503+04:00,15.8
4196,8422,15026087105000,994.0,1.00,116565.632,117329.769,1789132073620.395,2026-09-11T17:07:53.620395+04:00,15.8
4197,8426,15026142680000,994.0,1.00,116621.207,117385.344,1789132073675.970,2026-09-11T17:07:53.675970+04:00,15.8
4198,8427,15026156571000,994.0,1.00,116635.098,117399.235,1789132073689.861,2026-09-11T17:07:53.689861+04:00,15.8
4199,8428,15026170467000,994.0,1.00,116648.994,117413.131,1789132073703.757,2026-09-11T17:07:53.703757+04:00,15.8
4200,8432,15026226038000,994.0,1.00,116704.565,117468.702,1789132073759.328,2026-09-11T17:07:53.759328+04:00,15.8
4201,8433,15026239931000,994.0,1.00,116718.458,117482.595,1789132073773.221,2026-09-11T17:07:53.773221+04:00,15.8
4202,8434,15026253827000,994.0,1.00,116732.354,117496.491,1789132073787.117,2026-09-11T17:07:53.787117+04:00,15.8
4203,8438,15026309399000,994.0,1.00,116787.926,117552.063,1789132073842.689,2026-09-11T17:07:53.842689+04:00,15.8
4204,8439,15026323293000,994.0,1.00,116801.820,117565.957,1789132073856.583,2026-09-11T17:07:53.856583+04:00,15.8
4205,8440,15026337188000,994.0,1.00,116815.715,117579.852,1789132073870.478,2026-09-11T17:07:53.870478+04:00,15.8
4206,8444,15026392762000,994.0,1.00,116871.289,117635.426,1789132073926.052,2026-09-11T17:07:53.926052+04:00,15.8
4207,8445,15026406653000,994.0,1.00,116885.180,117649.317,1789132073939.943,2026-09-11T17:07:53.939943+04:00,15.8
4208,8446,15026420547000,994.0,1.00,116899.074,117663.211,1789132073953.837,2026-09-11T17:07:53.953837+04:00,15.8
4209,8450,15026476119000,994.0,1.00,116954.646,117718.783,1789132074009.409,2026-09-11T17:07:54.009409+04:00,15.8
4210,8451,15026490013000,994.0,1.00,116968.540,117732.677,1789132074023.303,2026-09-11T17:07:54.023303+04:00,15.8
4211,8452,15026503909000,994.0,1.00,116982.436,117746.573,1789132074037.199,2026-09-11T17:07:54.037199+04:00,15.8
4212,8456,15026559482000,994.0,1.00,117038.009,117802.146,1789132074092.772,2026-09-11T17:07:54.092772+04:00,15.8
4213,8457,15026573375000,994.0,1.00,117051.902,117816.039,1789132074106.665,2026-09-11T17:07:54.106665+04:00,15.8
4214,8458,15026587269000,994.0,1.00,117065.796,117829.933,1789132074120.559,2026-09-11T17:07:54.120559+04:00,15.8
4215,8462,15026642843000,994.0,1.00,117121.370,117885.507,1789132074176.133,2026-09-11T17:07:54.176133+04:00,15.8
4216,8463,15026656733000,994.0,1.00,117135.260,117899.397,1789132074190.023,2026-09-11T17:07:54.190023+04:00,15.8
4217,8464,15026670626000,994.0,1.00,117149.153,117913.290,1789132074203.916,2026-09-11T17:07:54.203916+04:00,15.8
4218,8468,15026726204000,994.0,1.00,117204.731,117968.868,1789132074259.494,2026-09-11T17:07:54.259494+04:00,15.8
4219,8469,15026740093000,994.0,1.00,117218.620,117982.757,1789132074273.383,2026-09-11T17:07:54.273383+04:00,15.8
4220,8470,15026753989000,994.0,1.00,117232.516,117996.653,1789132074287.279,2026-09-11T17:07:54.287279+04:00,15.8
4221,8474,15026809564000,994.0,1.00,117288.091,118052.228,1789132074342.854,2026-09-11T17:07:54.342854+04:00,15.8
4222,8475,15026823456000,994.0,1.00,117301.983,118066.120,1789132074356.746,2026-09-11T17:07:54.356746+04:00,15.8
4223,8476,15026837354000,994.0,1.00,117315.881,118080.018,1789132074370.644,2026-09-11T17:07:54.370644+04:00,15.8
4224,8480,15026892923000,994.0,1.00,117371.450,118135.587,1789132074426.213,2026-09-11T17:07:54.426213+04:00,15.8
4225,8481,15026906814000,994.0,1.00,117385.341,118149.478,1789132074440.104,2026-09-11T17:07:54.440104+04:00,15.8
4226,8482,15026920711000,994.0,1.00,117399.238,118163.375,1789132074454.001,2026-09-11T17:07:54.454001+04:00,15.8
4227,8486,15026976281000,994.0,1.00,117454.808,118218.945,1789132074509.571,2026-09-11T17:07:54.509571+04:00,15.8
4228,8487,15026990176000,994.0,1.00,117468.703,118232.840,1789132074523.466,2026-09-11T17:07:54.523466+04:00,15.8
4229,8488,15027004071000,994.0,1.00,117482.598,118246.735,1789132074537.361,2026-09-11T17:07:54.537361+04:00,15.8
4230,8492,15027059642000,994.0,1.00,117538.169,118302.306,1789132074592.932,2026-09-11T17:07:54.592932+04:00,15.8
4231,8493,15027073536000,994.0,1.00,117552.063,118316.200,1789132074606.826,2026-09-11T17:07:54.606826+04:00,15.8
4232,8494,15027087431000,994.0,1.00,117565.958,118330.095,1789132074620.721,2026-09-11T17:07:54.620721+04:00,15.8
4233,8498,15027143003000,994.0,1.00,117621.530,118385.667,1789132074676.293,2026-09-11T17:07:54.676293+04:00,15.8
4234,8499,15027156898000,994.0,1.00,117635.425,118399.562,1789132074690.188,2026-09-11T17:07:54.690188+04:00,15.8
4235,8500,15027170790000,994.0,1.00,117649.317,118413.454,1789132074704.080,2026-09-11T17:07:54.704080+04:00,15.8
4236,8504,15027226365000,994.0,1.00,117704.892,118469.029,1789132074759.655,2026-09-11T17:07:54.759655+04:00,15.8
4237,8505,15027240259000,994.0,1.00,117718.786,118482.923,1789132074773.549,2026-09-11T17:07:54.773549+04:00,15.8
4238,8506,15027254150000,994.0,1.00,117732.677,118496.814,1789132074787.440,2026-09-11T17:07:54.787440+04:00,15.8
4239,8510,15027309727000,994.0,1.00,117788.254,118552.391,1789132074843.017,2026-09-11T17:07:54.843017+04:00,15.8
4240,8511,15027323617000,994.0,1.00,117802.144,118566.281,1789132074856.907,2026-09-11T17:07:54.856907+04:00,15.8
4241,8512,15027337512000,994.0,1.00,117816.039,118580.176,1789132074870.802,2026-09-11T17:07:54.870802+04:00,15.8
4242,8516,15027393086000,994.0,1.00,117871.613,118635.750,1789132074926.376,2026-09-11T17:07:54.926376+04:00,15.8
4243,8517,15027406977000,994.0,1.00,117885.504,118649.641,1789132074940.267,2026-09-11T17:07:54.940267+04:00,15.8
4244,8518,15027420875000,994.0,1.00,117899.402,118663.539,1789132074954.165,2026-09-11T17:07:54.954165+04:00,15.8
4245,8522,15027476447000,994.0,1.00,117954.974,118719.111,1789132075009.737,2026-09-11T17:07:55.009737+04:00,15.8
4246,8523,15027490339000,994.0,1.00,117968.866,118733.003,1789132075023.629,2026-09-11T17:07:55.023629+04:00,15.8
4247,8524,15027504234000,994.0,1.00,117982.761,118746.898,1789132075037.524,2026-09-11T17:07:55.037524+04:00,15.8
4248,8528,15027559805000,994.0,1.00,118038.332,118802.469,1789132075093.095,2026-09-11T17:07:55.093095+04:00,15.8
4249,8529,15027573699000,994.0,1.00,118052.226,118816.363,1789132075106.989,2026-09-11T17:07:55.106989+04:00,15.8
4250,8530,15027587595000,994.0,1.00,118066.122,118830.259,1789132075120.885,2026-09-11T17:07:55.120885+04:00,15.8
4251,8534,15027643168000,994.0,1.00,118121.695,118885.832,1789132075176.458,2026-09-11T17:07:55.176458+04:00,15.8
4252,8535,15027657060000,994.0,1.00,118135.587,118899.724,1789132075190.350,2026-09-11T17:07:55.190350+04:00,15.8
4253,8536,15027670955000,994.0,1.00,118149.482,118913.619,1789132075204.245,2026-09-11T17:07:55.204245+04:00,15.8
4254,8540,15027726526000,994.0,1.00,118205.053,118969.190,1789132075259.816,2026-09-11T17:07:55.259816+04:00,15.8
4255,8541,15027740420000,994.0,1.00,118218.947,118983.084,1789132075273.710,2026-09-11T17:07:55.273710+04:00,15.8
4256,8542,15027754316000,994.0,1.00,118232.843,118996.980,1789132075287.606,2026-09-11T17:07:55.287606+04:00,15.8
4257,8546,15027809887000,994.0,1.00,118288.414,119052.551,1789132075343.177,2026-09-11T17:07:55.343177+04:00,15.8
4258,8547,15027823780000,994.0,1.00,118302.307,119066.444,1789132075357.070,2026-09-11T17:07:55.357070+04:00,15.8
4259,8548,15027837675000,994.0,1.00,118316.202,119080.339,1789132075370.965,2026-09-11T17:07:55.370965+04:00,15.8
